srun python train.py experiment=general_fm seed=34 hydra.run.dir=/scratch-shared/$USER/outputs/runs/gtg/poincare/norm/poi_d2_c1_s34 general.manifold=poincare general.dim=2 general.curvature=1.0 general.std_x0=0.3 general.std_x1=0.3 general.mean_x0=[0.00000000,0.00000000] general.mean_x1=[0.35355339,0.35355339] general.normalize_tangent_distributions=True
srun python train.py experiment=general_fm seed=34 hydra.run.dir=/scratch-shared/$USER/outputs/runs/gtg/poincare/norm/poi_d2_c2_s34 general.manifold=poincare general.dim=2 general.curvature=2.0 general.std_x0=0.3 general.std_x1=0.3 general.mean_x0=[0.00000000,0.00000000] general.mean_x1=[0.35355339,0.35355339] general.normalize_tangent_distributions=True
srun python train.py experiment=general_fm seed=34 hydra.run.dir=/scratch-shared/$USER/outputs/runs/gtg/poincare/norm/poi_d2_c3_s34 general.manifold=poincare general.dim=2 general.curvature=3.0 general.std_x0=0.3 general.std_x1=0.3 general.mean_x0=[0.00000000,0.00000000] general.mean_x1=[0.35355339,0.35355339] general.normalize_tangent_distributions=True
srun python train.py experiment=general_fm seed=34 hydra.run.dir=/scratch-shared/$USER/outputs/runs/gtg/poincare/norm/poi_d2_c5_s34 general.manifold=poincare general.dim=2 general.curvature=5.0 general.std_x0=0.3 general.std_x1=0.3 general.mean_x0=[0.00000000,0.00000000] general.mean_x1=[0.35355339,0.35355339] general.normalize_tangent_distributions=True
srun python train.py experiment=general_fm seed=34 hydra.run.dir=/scratch-shared/$USER/outputs/runs/gtg/poincare/norm/poi_d2_c10_s34 general.manifold=poincare general.dim=2 general.curvature=10.0 general.std_x0=0.3 general.std_x1=0.3 general.mean_x0=[0.00000000,0.00000000] general.mean_x1=[0.35355339,0.35355339] general.normalize_tangent_distributions=True
srun python train.py experiment=general_fm seed=34 hydra.run.dir=/scratch-shared/$USER/outputs/runs/gtg/poincare/norm/poi_d3_c1_s34 general.manifold=poincare general.dim=3 general.curvature=1.0 general.std_x0=0.3 general.std_x1=0.3 general.mean_x0=[0.00000000,0.00000000,0.00000000] general.mean_x1=[0.28867513,0.28867513,0.28867513] general.normalize_tangent_distributions=True
srun python train.py experiment=general_fm seed=34 hydra.run.dir=/scratch-shared/$USER/outputs/runs/gtg/poincare/norm/poi_d3_c2_s34 general.manifold=poincare general.dim=3 general.curvature=2.0 general.std_x0=0.3 general.std_x1=0.3 general.mean_x0=[0.00000000,0.00000000,0.00000000] general.mean_x1=[0.28867513,0.28867513,0.28867513] general.normalize_tangent_distributions=True
srun python train.py experiment=general_fm seed=34 hydra.run.dir=/scratch-shared/$USER/outputs/runs/gtg/poincare/norm/poi_d3_c3_s34 general.manifold=poincare general.dim=3 general.curvature=3.0 general.std_x0=0.3 general.std_x1=0.3 general.mean_x0=[0.00000000,0.00000000,0.00000000] general.mean_x1=[0.28867513,0.28867513,0.28867513] general.normalize_tangent_distributions=True
srun python train.py experiment=general_fm seed=34 hydra.run.dir=/scratch-shared/$USER/outputs/runs/gtg/poincare/norm/poi_d3_c5_s34 general.manifold=poincare general.dim=3 general.curvature=5.0 general.std_x0=0.3 general.std_x1=0.3 general.mean_x0=[0.00000000,0.00000000,0.00000000] general.mean_x1=[0.28867513,0.28867513,0.28867513] general.normalize_tangent_distributions=True
srun python train.py experiment=general_fm seed=34 hydra.run.dir=/scratch-shared/$USER/outputs/runs/gtg/poincare/norm/poi_d3_c10_s34 general.manifold=poincare general.dim=3 general.curvature=10.0 general.std_x0=0.3 general.std_x1=0.3 general.mean_x0=[0.00000000,0.00000000,0.00000000] general.mean_x1=[0.28867513,0.28867513,0.28867513] general.normalize_tangent_distributions=True
srun python train.py experiment=general_fm seed=34 hydra.run.dir=/scratch-shared/$USER/outputs/runs/gtg/poincare/norm/poi_d4_c1_s34 general.manifold=poincare general.dim=4 general.curvature=1.0 general.std_x0=0.3 general.std_x1=0.3 general.mean_x0=[0.00000000,0.00000000,0.00000000,0.00000000] general.mean_x1=[0.25000000,0.25000000,0.25000000,0.25000000] general.normalize_tangent_distributions=True
srun python train.py experiment=general_fm seed=34 hydra.run.dir=/scratch-shared/$USER/outputs/runs/gtg/poincare/norm/poi_d4_c2_s34 general.manifold=poincare general.dim=4 general.curvature=2.0 general.std_x0=0.3 general.std_x1=0.3 general.mean_x0=[0.00000000,0.00000000,0.00000000,0.00000000] general.mean_x1=[0.25000000,0.25000000,0.25000000,0.25000000] general.normalize_tangent_distributions=True
srun python train.py experiment=general_fm seed=34 hydra.run.dir=/scratch-shared/$USER/outputs/runs/gtg/poincare/norm/poi_d4_c3_s34 general.manifold=poincare general.dim=4 general.curvature=3.0 general.std_x0=0.3 general.std_x1=0.3 general.mean_x0=[0.00000000,0.00000000,0.00000000,0.00000000] general.mean_x1=[0.25000000,0.25000000,0.25000000,0.25000000] general.normalize_tangent_distributions=True
srun python train.py experiment=general_fm seed=34 hydra.run.dir=/scratch-shared/$USER/outputs/runs/gtg/poincare/norm/poi_d4_c5_s34 general.manifold=poincare general.dim=4 general.curvature=5.0 general.std_x0=0.3 general.std_x1=0.3 general.mean_x0=[0.00000000,0.00000000,0.00000000,0.00000000] general.mean_x1=[0.25000000,0.25000000,0.25000000,0.25000000] general.normalize_tangent_distributions=True
srun python train.py experiment=general_fm seed=34 hydra.run.dir=/scratch-shared/$USER/outputs/runs/gtg/poincare/norm/poi_d4_c10_s34 general.manifold=poincare general.dim=4 general.curvature=10.0 general.std_x0=0.3 general.std_x1=0.3 general.mean_x0=[0.00000000,0.00000000,0.00000000,0.00000000] general.mean_x1=[0.25000000,0.25000000,0.25000000,0.25000000] general.normalize_tangent_distributions=True
srun python train.py experiment=general_fm seed=34 hydra.run.dir=/scratch-shared/$USER/outputs/runs/gtg/poincare/norm/poi_d8_c1_s34 general.manifold=poincare general.dim=8 general.curvature=1.0 general.std_x0=0.3 general.std_x1=0.3 general.mean_x0=[0.00000000,0.00000000,0.00000000,0.00000000,0.00000000,0.00000000,0.00000000,0.00000000] general.mean_x1=[0.17677670,0.17677670,0.17677670,0.17677670,0.17677670,0.17677670,0.17677670,0.17677670] general.normalize_tangent_distributions=True
srun python train.py experiment=general_fm seed=34 hydra.run.dir=/scratch-shared/$USER/outputs/runs/gtg/poincare/norm/poi_d8_c2_s34 general.manifold=poincare general.dim=8 general.curvature=2.0 general.std_x0=0.3 general.std_x1=0.3 general.mean_x0=[0.00000000,0.00000000,0.00000000,0.00000000,0.00000000,0.00000000,0.00000000,0.00000000] general.mean_x1=[0.17677670,0.17677670,0.17677670,0.17677670,0.17677670,0.17677670,0.17677670,0.17677670] general.normalize_tangent_distributions=True
srun python train.py experiment=general_fm seed=34 hydra.run.dir=/scratch-shared/$USER/outputs/runs/gtg/poincare/norm/poi_d8_c3_s34 general.manifold=poincare general.dim=8 general.curvature=3.0 general.std_x0=0.3 general.std_x1=0.3 general.mean_x0=[0.00000000,0.00000000,0.00000000,0.00000000,0.00000000,0.00000000,0.00000000,0.00000000] general.mean_x1=[0.17677670,0.17677670,0.17677670,0.17677670,0.17677670,0.17677670,0.17677670,0.17677670] general.normalize_tangent_distributions=True
srun python train.py experiment=general_fm seed=34 hydra.run.dir=/scratch-shared/$USER/outputs/runs/gtg/poincare/norm/poi_d8_c5_s34 general.manifold=poincare general.dim=8 general.curvature=5.0 general.std_x0=0.3 general.std_x1=0.3 general.mean_x0=[0.00000000,0.00000000,0.00000000,0.00000000,0.00000000,0.00000000,0.00000000,0.00000000] general.mean_x1=[0.17677670,0.17677670,0.17677670,0.17677670,0.17677670,0.17677670,0.17677670,0.17677670] general.normalize_tangent_distributions=True
srun python train.py experiment=general_fm seed=34 hydra.run.dir=/scratch-shared/$USER/outputs/runs/gtg/poincare/norm/poi_d8_c10_s34 general.manifold=poincare general.dim=8 general.curvature=10.0 general.std_x0=0.3 general.std_x1=0.3 general.mean_x0=[0.00000000,0.00000000,0.00000000,0.00000000,0.00000000,0.00000000,0.00000000,0.00000000] general.mean_x1=[0.17677670,0.17677670,0.17677670,0.17677670,0.17677670,0.17677670,0.17677670,0.17677670] general.normalize_tangent_distributions=True
srun python train.py experiment=general_fm seed=34 hydra.run.dir=/scratch-shared/$USER/outputs/runs/gtg/poincare/norm/poi_d16_c1_s34 general.manifold=poincare general.dim=16 general.curvature=1.0 general.std_x0=0.3 general.std_x1=0.3 general.mean_x0=[0.00000000,0.00000000,0.00000000,0.00000000,0.00000000,0.00000000,0.00000000,0.00000000,0.00000000,0.00000000,0.00000000,0.00000000,0.00000000,0.00000000,0.00000000,0.00000000] general.mean_x1=[0.12500000,0.12500000,0.12500000,0.12500000,0.12500000,0.12500000,0.12500000,0.12500000,0.12500000,0.12500000,0.12500000,0.12500000,0.12500000,0.12500000,0.12500000,0.12500000] general.normalize_tangent_distributions=True
srun python train.py experiment=general_fm seed=34 hydra.run.dir=/scratch-shared/$USER/outputs/runs/gtg/poincare/norm/poi_d16_c2_s34 general.manifold=poincare general.dim=16 general.curvature=2.0 general.std_x0=0.3 general.std_x1=0.3 general.mean_x0=[0.00000000,0.00000000,0.00000000,0.00000000,0.00000000,0.00000000,0.00000000,0.00000000,0.00000000,0.00000000,0.00000000,0.00000000,0.00000000,0.00000000,0.00000000,0.00000000] general.mean_x1=[0.12500000,0.12500000,0.12500000,0.12500000,0.12500000,0.12500000,0.12500000,0.12500000,0.12500000,0.12500000,0.12500000,0.12500000,0.12500000,0.12500000,0.12500000,0.12500000] general.normalize_tangent_distributions=True
srun python train.py experiment=general_fm seed=34 hydra.run.dir=/scratch-shared/$USER/outputs/runs/gtg/poincare/norm/poi_d16_c3_s34 general.manifold=poincare general.dim=16 general.curvature=3.0 general.std_x0=0.3 general.std_x1=0.3 general.mean_x0=[0.00000000,0.00000000,0.00000000,0.00000000,0.00000000,0.00000000,0.00000000,0.00000000,0.00000000,0.00000000,0.00000000,0.00000000,0.00000000,0.00000000,0.00000000,0.00000000] general.mean_x1=[0.12500000,0.12500000,0.12500000,0.12500000,0.12500000,0.12500000,0.12500000,0.12500000,0.12500000,0.12500000,0.12500000,0.12500000,0.12500000,0.12500000,0.12500000,0.12500000] general.normalize_tangent_distributions=True
srun python train.py experiment=general_fm seed=34 hydra.run.dir=/scratch-shared/$USER/outputs/runs/gtg/poincare/norm/poi_d16_c5_s34 general.manifold=poincare general.dim=16 general.curvature=5.0 general.std_x0=0.3 general.std_x1=0.3 general.mean_x0=[0.00000000,0.00000000,0.00000000,0.00000000,0.00000000,0.00000000,0.00000000,0.00000000,0.00000000,0.00000000,0.00000000,0.00000000,0.00000000,0.00000000,0.00000000,0.00000000] general.mean_x1=[0.12500000,0.12500000,0.12500000,0.12500000,0.12500000,0.12500000,0.12500000,0.12500000,0.12500000,0.12500000,0.12500000,0.12500000,0.12500000,0.12500000,0.12500000,0.12500000] general.normalize_tangent_distributions=True
srun python train.py experiment=general_fm seed=34 hydra.run.dir=/scratch-shared/$USER/outputs/runs/gtg/poincare/norm/poi_d16_c10_s34 general.manifold=poincare general.dim=16 general.curvature=10.0 general.std_x0=0.3 general.std_x1=0.3 general.mean_x0=[0.00000000,0.00000000,0.00000000,0.00000000,0.00000000,0.00000000,0.00000000,0.00000000,0.00000000,0.00000000,0.00000000,0.00000000,0.00000000,0.00000000,0.00000000,0.00000000] general.mean_x1=[0.12500000,0.12500000,0.12500000,0.12500000,0.12500000,0.12500000,0.12500000,0.12500000,0.12500000,0.12500000,0.12500000,0.12500000,0.12500000,0.12500000,0.12500000,0.12500000] general.normalize_tangent_distributions=True
srun python train.py experiment=general_fm seed=34 hydra.run.dir=/scratch-shared/$USER/outputs/runs/gtg/poincare/norm/poi_d64_c1_s34 general.manifold=poincare general.dim=64 general.curvature=1.0 general.std_x0=0.3 general.std_x1=0.3 general.mean_x0=[0.00000000,0.00000000,0.00000000,0.00000000,0.00000000,0.00000000,0.00000000,0.00000000,0.00000000,0.00000000,0.00000000,0.00000000,0.00000000,0.00000000,0.00000000,0.00000000,0.00000000,0.00000000,0.00000000,0.00000000,0.00000000,0.00000000,0.00000000,0.00000000,0.00000000,0.00000000,0.00000000,0.00000000,0.00000000,0.00000000,0.00000000,0.00000000,0.00000000,0.00000000,0.00000000,0.00000000,0.00000000,0.00000000,0.00000000,0.00000000,0.00000000,0.00000000,0.00000000,0.00000000,0.00000000,0.00000000,0.00000000,0.00000000,0.00000000,0.00000000,0.00000000,0.00000000,0.00000000,0.00000000,0.00000000,0.00000000,0.00000000,0.00000000,0.00000000,0.00000000,0.00000000,0.00000000,0.00000000,0.00000000] general.mean_x1=[0.06250000,0.06250000,0.06250000,0.06250000,0.06250000,0.06250000,0.06250000,0.06250000,0.06250000,0.06250000,0.06250000,0.06250000,0.06250000,0.06250000,0.06250000,0.06250000,0.06250000,0.06250000,0.06250000,0.06250000,0.06250000,0.06250000,0.06250000,0.06250000,0.06250000,0.06250000,0.06250000,0.06250000,0.06250000,0.06250000,0.06250000,0.06250000,0.06250000,0.06250000,0.06250000,0.06250000,0.06250000,0.06250000,0.06250000,0.06250000,0.06250000,0.06250000,0.06250000,0.06250000,0.06250000,0.06250000,0.06250000,0.06250000,0.06250000,0.06250000,0.06250000,0.06250000,0.06250000,0.06250000,0.06250000,0.06250000,0.06250000,0.06250000,0.06250000,0.06250000,0.06250000,0.06250000,0.06250000,0.06250000] general.normalize_tangent_distributions=True
srun python train.py experiment=general_fm seed=34 hydra.run.dir=/scratch-shared/$USER/outputs/runs/gtg/poincare/norm/poi_d64_c2_s34 general.manifold=poincare general.dim=64 general.curvature=2.0 general.std_x0=0.3 general.std_x1=0.3 general.mean_x0=[0.00000000,0.00000000,0.00000000,0.00000000,0.00000000,0.00000000,0.00000000,0.00000000,0.00000000,0.00000000,0.00000000,0.00000000,0.00000000,0.00000000,0.00000000,0.00000000,0.00000000,0.00000000,0.00000000,0.00000000,0.00000000,0.00000000,0.00000000,0.00000000,0.00000000,0.00000000,0.00000000,0.00000000,0.00000000,0.00000000,0.00000000,0.00000000,0.00000000,0.00000000,0.00000000,0.00000000,0.00000000,0.00000000,0.00000000,0.00000000,0.00000000,0.00000000,0.00000000,0.00000000,0.00000000,0.00000000,0.00000000,0.00000000,0.00000000,0.00000000,0.00000000,0.00000000,0.00000000,0.00000000,0.00000000,0.00000000,0.00000000,0.00000000,0.00000000,0.00000000,0.00000000,0.00000000,0.00000000,0.00000000] general.mean_x1=[0.06250000,0.06250000,0.06250000,0.06250000,0.06250000,0.06250000,0.06250000,0.06250000,0.06250000,0.06250000,0.06250000,0.06250000,0.06250000,0.06250000,0.06250000,0.06250000,0.06250000,0.06250000,0.06250000,0.06250000,0.06250000,0.06250000,0.06250000,0.06250000,0.06250000,0.06250000,0.06250000,0.06250000,0.06250000,0.06250000,0.06250000,0.06250000,0.06250000,0.06250000,0.06250000,0.06250000,0.06250000,0.06250000,0.06250000,0.06250000,0.06250000,0.06250000,0.06250000,0.06250000,0.06250000,0.06250000,0.06250000,0.06250000,0.06250000,0.06250000,0.06250000,0.06250000,0.06250000,0.06250000,0.06250000,0.06250000,0.06250000,0.06250000,0.06250000,0.06250000,0.06250000,0.06250000,0.06250000,0.06250000] general.normalize_tangent_distributions=True
srun python train.py experiment=general_fm seed=34 hydra.run.dir=/scratch-shared/$USER/outputs/runs/gtg/poincare/norm/poi_d64_c3_s34 general.manifold=poincare general.dim=64 general.curvature=3.0 general.std_x0=0.3 general.std_x1=0.3 general.mean_x0=[0.00000000,0.00000000,0.00000000,0.00000000,0.00000000,0.00000000,0.00000000,0.00000000,0.00000000,0.00000000,0.00000000,0.00000000,0.00000000,0.00000000,0.00000000,0.00000000,0.00000000,0.00000000,0.00000000,0.00000000,0.00000000,0.00000000,0.00000000,0.00000000,0.00000000,0.00000000,0.00000000,0.00000000,0.00000000,0.00000000,0.00000000,0.00000000,0.00000000,0.00000000,0.00000000,0.00000000,0.00000000,0.00000000,0.00000000,0.00000000,0.00000000,0.00000000,0.00000000,0.00000000,0.00000000,0.00000000,0.00000000,0.00000000,0.00000000,0.00000000,0.00000000,0.00000000,0.00000000,0.00000000,0.00000000,0.00000000,0.00000000,0.00000000,0.00000000,0.00000000,0.00000000,0.00000000,0.00000000,0.00000000] general.mean_x1=[0.06250000,0.06250000,0.06250000,0.06250000,0.06250000,0.06250000,0.06250000,0.06250000,0.06250000,0.06250000,0.06250000,0.06250000,0.06250000,0.06250000,0.06250000,0.06250000,0.06250000,0.06250000,0.06250000,0.06250000,0.06250000,0.06250000,0.06250000,0.06250000,0.06250000,0.06250000,0.06250000,0.06250000,0.06250000,0.06250000,0.06250000,0.06250000,0.06250000,0.06250000,0.06250000,0.06250000,0.06250000,0.06250000,0.06250000,0.06250000,0.06250000,0.06250000,0.06250000,0.06250000,0.06250000,0.06250000,0.06250000,0.06250000,0.06250000,0.06250000,0.06250000,0.06250000,0.06250000,0.06250000,0.06250000,0.06250000,0.06250000,0.06250000,0.06250000,0.06250000,0.06250000,0.06250000,0.06250000,0.06250000] general.normalize_tangent_distributions=True
srun python train.py experiment=general_fm seed=34 hydra.run.dir=/scratch-shared/$USER/outputs/runs/gtg/poincare/norm/poi_d64_c5_s34 general.manifold=poincare general.dim=64 general.curvature=5.0 general.std_x0=0.3 general.std_x1=0.3 general.mean_x0=[0.00000000,0.00000000,0.00000000,0.00000000,0.00000000,0.00000000,0.00000000,0.00000000,0.00000000,0.00000000,0.00000000,0.00000000,0.00000000,0.00000000,0.00000000,0.00000000,0.00000000,0.00000000,0.00000000,0.00000000,0.00000000,0.00000000,0.00000000,0.00000000,0.00000000,0.00000000,0.00000000,0.00000000,0.00000000,0.00000000,0.00000000,0.00000000,0.00000000,0.00000000,0.00000000,0.00000000,0.00000000,0.00000000,0.00000000,0.00000000,0.00000000,0.00000000,0.00000000,0.00000000,0.00000000,0.00000000,0.00000000,0.00000000,0.00000000,0.00000000,0.00000000,0.00000000,0.00000000,0.00000000,0.00000000,0.00000000,0.00000000,0.00000000,0.00000000,0.00000000,0.00000000,0.00000000,0.00000000,0.00000000] general.mean_x1=[0.06250000,0.06250000,0.06250000,0.06250000,0.06250000,0.06250000,0.06250000,0.06250000,0.06250000,0.06250000,0.06250000,0.06250000,0.06250000,0.06250000,0.06250000,0.06250000,0.06250000,0.06250000,0.06250000,0.06250000,0.06250000,0.06250000,0.06250000,0.06250000,0.06250000,0.06250000,0.06250000,0.06250000,0.06250000,0.06250000,0.06250000,0.06250000,0.06250000,0.06250000,0.06250000,0.06250000,0.06250000,0.06250000,0.06250000,0.06250000,0.06250000,0.06250000,0.06250000,0.06250000,0.06250000,0.06250000,0.06250000,0.06250000,0.06250000,0.06250000,0.06250000,0.06250000,0.06250000,0.06250000,0.06250000,0.06250000,0.06250000,0.06250000,0.06250000,0.06250000,0.06250000,0.06250000,0.06250000,0.06250000] general.normalize_tangent_distributions=True
srun python train.py experiment=general_fm seed=34 hydra.run.dir=/scratch-shared/$USER/outputs/runs/gtg/poincare/norm/poi_d64_c10_s34 general.manifold=poincare general.dim=64 general.curvature=10.0 general.std_x0=0.3 general.std_x1=0.3 general.mean_x0=[0.00000000,0.00000000,0.00000000,0.00000000,0.00000000,0.00000000,0.00000000,0.00000000,0.00000000,0.00000000,0.00000000,0.00000000,0.00000000,0.00000000,0.00000000,0.00000000,0.00000000,0.00000000,0.00000000,0.00000000,0.00000000,0.00000000,0.00000000,0.00000000,0.00000000,0.00000000,0.00000000,0.00000000,0.00000000,0.00000000,0.00000000,0.00000000,0.00000000,0.00000000,0.00000000,0.00000000,0.00000000,0.00000000,0.00000000,0.00000000,0.00000000,0.00000000,0.00000000,0.00000000,0.00000000,0.00000000,0.00000000,0.00000000,0.00000000,0.00000000,0.00000000,0.00000000,0.00000000,0.00000000,0.00000000,0.00000000,0.00000000,0.00000000,0.00000000,0.00000000,0.00000000,0.00000000,0.00000000,0.00000000] general.mean_x1=[0.06250000,0.06250000,0.06250000,0.06250000,0.06250000,0.06250000,0.06250000,0.06250000,0.06250000,0.06250000,0.06250000,0.06250000,0.06250000,0.06250000,0.06250000,0.06250000,0.06250000,0.06250000,0.06250000,0.06250000,0.06250000,0.06250000,0.06250000,0.06250000,0.06250000,0.06250000,0.06250000,0.06250000,0.06250000,0.06250000,0.06250000,0.06250000,0.06250000,0.06250000,0.06250000,0.06250000,0.06250000,0.06250000,0.06250000,0.06250000,0.06250000,0.06250000,0.06250000,0.06250000,0.06250000,0.06250000,0.06250000,0.06250000,0.06250000,0.06250000,0.06250000,0.06250000,0.06250000,0.06250000,0.06250000,0.06250000,0.06250000,0.06250000,0.06250000,0.06250000,0.06250000,0.06250000,0.06250000,0.06250000] general.normalize_tangent_distributions=True
srun python train.py experiment=general_fm seed=34 hydra.run.dir=/scratch-shared/$USER/outputs/runs/gtg/poincare/norm/poi_d256_c1_s34 general.manifold=poincare general.dim=256 general.curvature=1.0 general.std_x0=0.3 general.std_x1=0.3 general.mean_x0=[0.00000000,0.00000000,0.00000000,0.00000000,0.00000000,0.00000000,0.00000000,0.00000000,0.00000000,0.00000000,0.00000000,0.00000000,0.00000000,0.00000000,0.00000000,0.00000000,0.00000000,0.00000000,0.00000000,0.00000000,0.00000000,0.00000000,0.00000000,0.00000000,0.00000000,0.00000000,0.00000000,0.00000000,0.00000000,0.00000000,0.00000000,0.00000000,0.00000000,0.00000000,0.00000000,0.00000000,0.00000000,0.00000000,0.00000000,0.00000000,0.00000000,0.00000000,0.00000000,0.00000000,0.00000000,0.00000000,0.00000000,0.00000000,0.00000000,0.00000000,0.00000000,0.00000000,0.00000000,0.00000000,0.00000000,0.00000000,0.00000000,0.00000000,0.00000000,0.00000000,0.00000000,0.00000000,0.00000000,0.00000000,0.00000000,0.00000000,0.00000000,0.00000000,0.00000000,0.00000000,0.00000000,0.00000000,0.00000000,0.00000000,0.00000000,0.00000000,0.00000000,0.00000000,0.00000000,0.00000000,0.00000000,0.00000000,0.00000000,0.00000000,0.00000000,0.00000000,0.00000000,0.00000000,0.00000000,0.00000000,0.00000000,0.00000000,0.00000000,0.00000000,0.00000000,0.00000000,0.00000000,0.00000000,0.00000000,0.00000000,0.00000000,0.00000000,0.00000000,0.00000000,0.00000000,0.00000000,0.00000000,0.00000000,0.00000000,0.00000000,0.00000000,0.00000000,0.00000000,0.00000000,0.00000000,0.00000000,0.00000000,0.00000000,0.00000000,0.00000000,0.00000000,0.00000000,0.00000000,0.00000000,0.00000000,0.00000000,0.00000000,0.00000000,0.00000000,0.00000000,0.00000000,0.00000000,0.00000000,0.00000000,0.00000000,0.00000000,0.00000000,0.00000000,0.00000000,0.00000000,0.00000000,0.00000000,0.00000000,0.00000000,0.00000000,0.00000000,0.00000000,0.00000000,0.00000000,0.00000000,0.00000000,0.00000000,0.00000000,0.00000000,0.00000000,0.00000000,0.00000000,0.00000000,0.00000000,0.00000000,0.00000000,0.00000000,0.00000000,0.00000000,0.00000000,0.00000000,0.00000000,0.00000000,0.00000000,0.00000000,0.00000000,0.00000000,0.00000000,0.00000000,0.00000000,0.00000000,0.00000000,0.00000000,0.00000000,0.00000000,0.00000000,0.00000000,0.00000000,0.00000000,0.00000000,0.00000000,0.00000000,0.00000000,0.00000000,0.00000000,0.00000000,0.00000000,0.00000000,0.00000000,0.00000000,0.00000000,0.00000000,0.00000000,0.00000000,0.00000000,0.00000000,0.00000000,0.00000000,0.00000000,0.00000000,0.00000000,0.00000000,0.00000000,0.00000000,0.00000000,0.00000000,0.00000000,0.00000000,0.00000000,0.00000000,0.00000000,0.00000000,0.00000000,0.00000000,0.00000000,0.00000000,0.00000000,0.00000000,0.00000000,0.00000000,0.00000000,0.00000000,0.00000000,0.00000000,0.00000000,0.00000000,0.00000000,0.00000000,0.00000000,0.00000000,0.00000000,0.00000000,0.00000000,0.00000000,0.00000000,0.00000000,0.00000000,0.00000000,0.00000000,0.00000000,0.00000000,0.00000000,0.00000000,0.00000000,0.00000000,0.00000000,0.00000000,0.00000000,0.00000000,0.00000000,0.00000000] general.mean_x1=[0.03125000,0.03125000,0.03125000,0.03125000,0.03125000,0.03125000,0.03125000,0.03125000,0.03125000,0.03125000,0.03125000,0.03125000,0.03125000,0.03125000,0.03125000,0.03125000,0.03125000,0.03125000,0.03125000,0.03125000,0.03125000,0.03125000,0.03125000,0.03125000,0.03125000,0.03125000,0.03125000,0.03125000,0.03125000,0.03125000,0.03125000,0.03125000,0.03125000,0.03125000,0.03125000,0.03125000,0.03125000,0.03125000,0.03125000,0.03125000,0.03125000,0.03125000,0.03125000,0.03125000,0.03125000,0.03125000,0.03125000,0.03125000,0.03125000,0.03125000,0.03125000,0.03125000,0.03125000,0.03125000,0.03125000,0.03125000,0.03125000,0.03125000,0.03125000,0.03125000,0.03125000,0.03125000,0.03125000,0.03125000,0.03125000,0.03125000,0.03125000,0.03125000,0.03125000,0.03125000,0.03125000,0.03125000,0.03125000,0.03125000,0.03125000,0.03125000,0.03125000,0.03125000,0.03125000,0.03125000,0.03125000,0.03125000,0.03125000,0.03125000,0.03125000,0.03125000,0.03125000,0.03125000,0.03125000,0.03125000,0.03125000,0.03125000,0.03125000,0.03125000,0.03125000,0.03125000,0.03125000,0.03125000,0.03125000,0.03125000,0.03125000,0.03125000,0.03125000,0.03125000,0.03125000,0.03125000,0.03125000,0.03125000,0.03125000,0.03125000,0.03125000,0.03125000,0.03125000,0.03125000,0.03125000,0.03125000,0.03125000,0.03125000,0.03125000,0.03125000,0.03125000,0.03125000,0.03125000,0.03125000,0.03125000,0.03125000,0.03125000,0.03125000,0.03125000,0.03125000,0.03125000,0.03125000,0.03125000,0.03125000,0.03125000,0.03125000,0.03125000,0.03125000,0.03125000,0.03125000,0.03125000,0.03125000,0.03125000,0.03125000,0.03125000,0.03125000,0.03125000,0.03125000,0.03125000,0.03125000,0.03125000,0.03125000,0.03125000,0.03125000,0.03125000,0.03125000,0.03125000,0.03125000,0.03125000,0.03125000,0.03125000,0.03125000,0.03125000,0.03125000,0.03125000,0.03125000,0.03125000,0.03125000,0.03125000,0.03125000,0.03125000,0.03125000,0.03125000,0.03125000,0.03125000,0.03125000,0.03125000,0.03125000,0.03125000,0.03125000,0.03125000,0.03125000,0.03125000,0.03125000,0.03125000,0.03125000,0.03125000,0.03125000,0.03125000,0.03125000,0.03125000,0.03125000,0.03125000,0.03125000,0.03125000,0.03125000,0.03125000,0.03125000,0.03125000,0.03125000,0.03125000,0.03125000,0.03125000,0.03125000,0.03125000,0.03125000,0.03125000,0.03125000,0.03125000,0.03125000,0.03125000,0.03125000,0.03125000,0.03125000,0.03125000,0.03125000,0.03125000,0.03125000,0.03125000,0.03125000,0.03125000,0.03125000,0.03125000,0.03125000,0.03125000,0.03125000,0.03125000,0.03125000,0.03125000,0.03125000,0.03125000,0.03125000,0.03125000,0.03125000,0.03125000,0.03125000,0.03125000,0.03125000,0.03125000,0.03125000,0.03125000,0.03125000,0.03125000,0.03125000,0.03125000,0.03125000,0.03125000,0.03125000,0.03125000,0.03125000,0.03125000,0.03125000,0.03125000,0.03125000,0.03125000,0.03125000] general.normalize_tangent_distributions=True
srun python train.py experiment=general_fm seed=34 hydra.run.dir=/scratch-shared/$USER/outputs/runs/gtg/poincare/norm/poi_d256_c2_s34 general.manifold=poincare general.dim=256 general.curvature=2.0 general.std_x0=0.3 general.std_x1=0.3 general.mean_x0=[0.00000000,0.00000000,0.00000000,0.00000000,0.00000000,0.00000000,0.00000000,0.00000000,0.00000000,0.00000000,0.00000000,0.00000000,0.00000000,0.00000000,0.00000000,0.00000000,0.00000000,0.00000000,0.00000000,0.00000000,0.00000000,0.00000000,0.00000000,0.00000000,0.00000000,0.00000000,0.00000000,0.00000000,0.00000000,0.00000000,0.00000000,0.00000000,0.00000000,0.00000000,0.00000000,0.00000000,0.00000000,0.00000000,0.00000000,0.00000000,0.00000000,0.00000000,0.00000000,0.00000000,0.00000000,0.00000000,0.00000000,0.00000000,0.00000000,0.00000000,0.00000000,0.00000000,0.00000000,0.00000000,0.00000000,0.00000000,0.00000000,0.00000000,0.00000000,0.00000000,0.00000000,0.00000000,0.00000000,0.00000000,0.00000000,0.00000000,0.00000000,0.00000000,0.00000000,0.00000000,0.00000000,0.00000000,0.00000000,0.00000000,0.00000000,0.00000000,0.00000000,0.00000000,0.00000000,0.00000000,0.00000000,0.00000000,0.00000000,0.00000000,0.00000000,0.00000000,0.00000000,0.00000000,0.00000000,0.00000000,0.00000000,0.00000000,0.00000000,0.00000000,0.00000000,0.00000000,0.00000000,0.00000000,0.00000000,0.00000000,0.00000000,0.00000000,0.00000000,0.00000000,0.00000000,0.00000000,0.00000000,0.00000000,0.00000000,0.00000000,0.00000000,0.00000000,0.00000000,0.00000000,0.00000000,0.00000000,0.00000000,0.00000000,0.00000000,0.00000000,0.00000000,0.00000000,0.00000000,0.00000000,0.00000000,0.00000000,0.00000000,0.00000000,0.00000000,0.00000000,0.00000000,0.00000000,0.00000000,0.00000000,0.00000000,0.00000000,0.00000000,0.00000000,0.00000000,0.00000000,0.00000000,0.00000000,0.00000000,0.00000000,0.00000000,0.00000000,0.00000000,0.00000000,0.00000000,0.00000000,0.00000000,0.00000000,0.00000000,0.00000000,0.00000000,0.00000000,0.00000000,0.00000000,0.00000000,0.00000000,0.00000000,0.00000000,0.00000000,0.00000000,0.00000000,0.00000000,0.00000000,0.00000000,0.00000000,0.00000000,0.00000000,0.00000000,0.00000000,0.00000000,0.00000000,0.00000000,0.00000000,0.00000000,0.00000000,0.00000000,0.00000000,0.00000000,0.00000000,0.00000000,0.00000000,0.00000000,0.00000000,0.00000000,0.00000000,0.00000000,0.00000000,0.00000000,0.00000000,0.00000000,0.00000000,0.00000000,0.00000000,0.00000000,0.00000000,0.00000000,0.00000000,0.00000000,0.00000000,0.00000000,0.00000000,0.00000000,0.00000000,0.00000000,0.00000000,0.00000000,0.00000000,0.00000000,0.00000000,0.00000000,0.00000000,0.00000000,0.00000000,0.00000000,0.00000000,0.00000000,0.00000000,0.00000000,0.00000000,0.00000000,0.00000000,0.00000000,0.00000000,0.00000000,0.00000000,0.00000000,0.00000000,0.00000000,0.00000000,0.00000000,0.00000000,0.00000000,0.00000000,0.00000000,0.00000000,0.00000000,0.00000000,0.00000000,0.00000000,0.00000000,0.00000000,0.00000000,0.00000000,0.00000000,0.00000000,0.00000000,0.00000000,0.00000000,0.00000000,0.00000000,0.00000000,0.00000000] general.mean_x1=[0.03125000,0.03125000,0.03125000,0.03125000,0.03125000,0.03125000,0.03125000,0.03125000,0.03125000,0.03125000,0.03125000,0.03125000,0.03125000,0.03125000,0.03125000,0.03125000,0.03125000,0.03125000,0.03125000,0.03125000,0.03125000,0.03125000,0.03125000,0.03125000,0.03125000,0.03125000,0.03125000,0.03125000,0.03125000,0.03125000,0.03125000,0.03125000,0.03125000,0.03125000,0.03125000,0.03125000,0.03125000,0.03125000,0.03125000,0.03125000,0.03125000,0.03125000,0.03125000,0.03125000,0.03125000,0.03125000,0.03125000,0.03125000,0.03125000,0.03125000,0.03125000,0.03125000,0.03125000,0.03125000,0.03125000,0.03125000,0.03125000,0.03125000,0.03125000,0.03125000,0.03125000,0.03125000,0.03125000,0.03125000,0.03125000,0.03125000,0.03125000,0.03125000,0.03125000,0.03125000,0.03125000,0.03125000,0.03125000,0.03125000,0.03125000,0.03125000,0.03125000,0.03125000,0.03125000,0.03125000,0.03125000,0.03125000,0.03125000,0.03125000,0.03125000,0.03125000,0.03125000,0.03125000,0.03125000,0.03125000,0.03125000,0.03125000,0.03125000,0.03125000,0.03125000,0.03125000,0.03125000,0.03125000,0.03125000,0.03125000,0.03125000,0.03125000,0.03125000,0.03125000,0.03125000,0.03125000,0.03125000,0.03125000,0.03125000,0.03125000,0.03125000,0.03125000,0.03125000,0.03125000,0.03125000,0.03125000,0.03125000,0.03125000,0.03125000,0.03125000,0.03125000,0.03125000,0.03125000,0.03125000,0.03125000,0.03125000,0.03125000,0.03125000,0.03125000,0.03125000,0.03125000,0.03125000,0.03125000,0.03125000,0.03125000,0.03125000,0.03125000,0.03125000,0.03125000,0.03125000,0.03125000,0.03125000,0.03125000,0.03125000,0.03125000,0.03125000,0.03125000,0.03125000,0.03125000,0.03125000,0.03125000,0.03125000,0.03125000,0.03125000,0.03125000,0.03125000,0.03125000,0.03125000,0.03125000,0.03125000,0.03125000,0.03125000,0.03125000,0.03125000,0.03125000,0.03125000,0.03125000,0.03125000,0.03125000,0.03125000,0.03125000,0.03125000,0.03125000,0.03125000,0.03125000,0.03125000,0.03125000,0.03125000,0.03125000,0.03125000,0.03125000,0.03125000,0.03125000,0.03125000,0.03125000,0.03125000,0.03125000,0.03125000,0.03125000,0.03125000,0.03125000,0.03125000,0.03125000,0.03125000,0.03125000,0.03125000,0.03125000,0.03125000,0.03125000,0.03125000,0.03125000,0.03125000,0.03125000,0.03125000,0.03125000,0.03125000,0.03125000,0.03125000,0.03125000,0.03125000,0.03125000,0.03125000,0.03125000,0.03125000,0.03125000,0.03125000,0.03125000,0.03125000,0.03125000,0.03125000,0.03125000,0.03125000,0.03125000,0.03125000,0.03125000,0.03125000,0.03125000,0.03125000,0.03125000,0.03125000,0.03125000,0.03125000,0.03125000,0.03125000,0.03125000,0.03125000,0.03125000,0.03125000,0.03125000,0.03125000,0.03125000,0.03125000,0.03125000,0.03125000,0.03125000,0.03125000,0.03125000,0.03125000,0.03125000,0.03125000,0.03125000,0.03125000,0.03125000,0.03125000,0.03125000,0.03125000] general.normalize_tangent_distributions=True
srun python train.py experiment=general_fm seed=34 hydra.run.dir=/scratch-shared/$USER/outputs/runs/gtg/poincare/norm/poi_d256_c3_s34 general.manifold=poincare general.dim=256 general.curvature=3.0 general.std_x0=0.3 general.std_x1=0.3 general.mean_x0=[0.00000000,0.00000000,0.00000000,0.00000000,0.00000000,0.00000000,0.00000000,0.00000000,0.00000000,0.00000000,0.00000000,0.00000000,0.00000000,0.00000000,0.00000000,0.00000000,0.00000000,0.00000000,0.00000000,0.00000000,0.00000000,0.00000000,0.00000000,0.00000000,0.00000000,0.00000000,0.00000000,0.00000000,0.00000000,0.00000000,0.00000000,0.00000000,0.00000000,0.00000000,0.00000000,0.00000000,0.00000000,0.00000000,0.00000000,0.00000000,0.00000000,0.00000000,0.00000000,0.00000000,0.00000000,0.00000000,0.00000000,0.00000000,0.00000000,0.00000000,0.00000000,0.00000000,0.00000000,0.00000000,0.00000000,0.00000000,0.00000000,0.00000000,0.00000000,0.00000000,0.00000000,0.00000000,0.00000000,0.00000000,0.00000000,0.00000000,0.00000000,0.00000000,0.00000000,0.00000000,0.00000000,0.00000000,0.00000000,0.00000000,0.00000000,0.00000000,0.00000000,0.00000000,0.00000000,0.00000000,0.00000000,0.00000000,0.00000000,0.00000000,0.00000000,0.00000000,0.00000000,0.00000000,0.00000000,0.00000000,0.00000000,0.00000000,0.00000000,0.00000000,0.00000000,0.00000000,0.00000000,0.00000000,0.00000000,0.00000000,0.00000000,0.00000000,0.00000000,0.00000000,0.00000000,0.00000000,0.00000000,0.00000000,0.00000000,0.00000000,0.00000000,0.00000000,0.00000000,0.00000000,0.00000000,0.00000000,0.00000000,0.00000000,0.00000000,0.00000000,0.00000000,0.00000000,0.00000000,0.00000000,0.00000000,0.00000000,0.00000000,0.00000000,0.00000000,0.00000000,0.00000000,0.00000000,0.00000000,0.00000000,0.00000000,0.00000000,0.00000000,0.00000000,0.00000000,0.00000000,0.00000000,0.00000000,0.00000000,0.00000000,0.00000000,0.00000000,0.00000000,0.00000000,0.00000000,0.00000000,0.00000000,0.00000000,0.00000000,0.00000000,0.00000000,0.00000000,0.00000000,0.00000000,0.00000000,0.00000000,0.00000000,0.00000000,0.00000000,0.00000000,0.00000000,0.00000000,0.00000000,0.00000000,0.00000000,0.00000000,0.00000000,0.00000000,0.00000000,0.00000000,0.00000000,0.00000000,0.00000000,0.00000000,0.00000000,0.00000000,0.00000000,0.00000000,0.00000000,0.00000000,0.00000000,0.00000000,0.00000000,0.00000000,0.00000000,0.00000000,0.00000000,0.00000000,0.00000000,0.00000000,0.00000000,0.00000000,0.00000000,0.00000000,0.00000000,0.00000000,0.00000000,0.00000000,0.00000000,0.00000000,0.00000000,0.00000000,0.00000000,0.00000000,0.00000000,0.00000000,0.00000000,0.00000000,0.00000000,0.00000000,0.00000000,0.00000000,0.00000000,0.00000000,0.00000000,0.00000000,0.00000000,0.00000000,0.00000000,0.00000000,0.00000000,0.00000000,0.00000000,0.00000000,0.00000000,0.00000000,0.00000000,0.00000000,0.00000000,0.00000000,0.00000000,0.00000000,0.00000000,0.00000000,0.00000000,0.00000000,0.00000000,0.00000000,0.00000000,0.00000000,0.00000000,0.00000000,0.00000000,0.00000000,0.00000000,0.00000000,0.00000000,0.00000000,0.00000000,0.00000000,0.00000000,0.00000000] general.mean_x1=[0.03125000,0.03125000,0.03125000,0.03125000,0.03125000,0.03125000,0.03125000,0.03125000,0.03125000,0.03125000,0.03125000,0.03125000,0.03125000,0.03125000,0.03125000,0.03125000,0.03125000,0.03125000,0.03125000,0.03125000,0.03125000,0.03125000,0.03125000,0.03125000,0.03125000,0.03125000,0.03125000,0.03125000,0.03125000,0.03125000,0.03125000,0.03125000,0.03125000,0.03125000,0.03125000,0.03125000,0.03125000,0.03125000,0.03125000,0.03125000,0.03125000,0.03125000,0.03125000,0.03125000,0.03125000,0.03125000,0.03125000,0.03125000,0.03125000,0.03125000,0.03125000,0.03125000,0.03125000,0.03125000,0.03125000,0.03125000,0.03125000,0.03125000,0.03125000,0.03125000,0.03125000,0.03125000,0.03125000,0.03125000,0.03125000,0.03125000,0.03125000,0.03125000,0.03125000,0.03125000,0.03125000,0.03125000,0.03125000,0.03125000,0.03125000,0.03125000,0.03125000,0.03125000,0.03125000,0.03125000,0.03125000,0.03125000,0.03125000,0.03125000,0.03125000,0.03125000,0.03125000,0.03125000,0.03125000,0.03125000,0.03125000,0.03125000,0.03125000,0.03125000,0.03125000,0.03125000,0.03125000,0.03125000,0.03125000,0.03125000,0.03125000,0.03125000,0.03125000,0.03125000,0.03125000,0.03125000,0.03125000,0.03125000,0.03125000,0.03125000,0.03125000,0.03125000,0.03125000,0.03125000,0.03125000,0.03125000,0.03125000,0.03125000,0.03125000,0.03125000,0.03125000,0.03125000,0.03125000,0.03125000,0.03125000,0.03125000,0.03125000,0.03125000,0.03125000,0.03125000,0.03125000,0.03125000,0.03125000,0.03125000,0.03125000,0.03125000,0.03125000,0.03125000,0.03125000,0.03125000,0.03125000,0.03125000,0.03125000,0.03125000,0.03125000,0.03125000,0.03125000,0.03125000,0.03125000,0.03125000,0.03125000,0.03125000,0.03125000,0.03125000,0.03125000,0.03125000,0.03125000,0.03125000,0.03125000,0.03125000,0.03125000,0.03125000,0.03125000,0.03125000,0.03125000,0.03125000,0.03125000,0.03125000,0.03125000,0.03125000,0.03125000,0.03125000,0.03125000,0.03125000,0.03125000,0.03125000,0.03125000,0.03125000,0.03125000,0.03125000,0.03125000,0.03125000,0.03125000,0.03125000,0.03125000,0.03125000,0.03125000,0.03125000,0.03125000,0.03125000,0.03125000,0.03125000,0.03125000,0.03125000,0.03125000,0.03125000,0.03125000,0.03125000,0.03125000,0.03125000,0.03125000,0.03125000,0.03125000,0.03125000,0.03125000,0.03125000,0.03125000,0.03125000,0.03125000,0.03125000,0.03125000,0.03125000,0.03125000,0.03125000,0.03125000,0.03125000,0.03125000,0.03125000,0.03125000,0.03125000,0.03125000,0.03125000,0.03125000,0.03125000,0.03125000,0.03125000,0.03125000,0.03125000,0.03125000,0.03125000,0.03125000,0.03125000,0.03125000,0.03125000,0.03125000,0.03125000,0.03125000,0.03125000,0.03125000,0.03125000,0.03125000,0.03125000,0.03125000,0.03125000,0.03125000,0.03125000,0.03125000,0.03125000,0.03125000,0.03125000,0.03125000,0.03125000,0.03125000,0.03125000,0.03125000,0.03125000] general.normalize_tangent_distributions=True
srun python train.py experiment=general_fm seed=34 hydra.run.dir=/scratch-shared/$USER/outputs/runs/gtg/poincare/norm/poi_d256_c5_s34 general.manifold=poincare general.dim=256 general.curvature=5.0 general.std_x0=0.3 general.std_x1=0.3 general.mean_x0=[0.00000000,0.00000000,0.00000000,0.00000000,0.00000000,0.00000000,0.00000000,0.00000000,0.00000000,0.00000000,0.00000000,0.00000000,0.00000000,0.00000000,0.00000000,0.00000000,0.00000000,0.00000000,0.00000000,0.00000000,0.00000000,0.00000000,0.00000000,0.00000000,0.00000000,0.00000000,0.00000000,0.00000000,0.00000000,0.00000000,0.00000000,0.00000000,0.00000000,0.00000000,0.00000000,0.00000000,0.00000000,0.00000000,0.00000000,0.00000000,0.00000000,0.00000000,0.00000000,0.00000000,0.00000000,0.00000000,0.00000000,0.00000000,0.00000000,0.00000000,0.00000000,0.00000000,0.00000000,0.00000000,0.00000000,0.00000000,0.00000000,0.00000000,0.00000000,0.00000000,0.00000000,0.00000000,0.00000000,0.00000000,0.00000000,0.00000000,0.00000000,0.00000000,0.00000000,0.00000000,0.00000000,0.00000000,0.00000000,0.00000000,0.00000000,0.00000000,0.00000000,0.00000000,0.00000000,0.00000000,0.00000000,0.00000000,0.00000000,0.00000000,0.00000000,0.00000000,0.00000000,0.00000000,0.00000000,0.00000000,0.00000000,0.00000000,0.00000000,0.00000000,0.00000000,0.00000000,0.00000000,0.00000000,0.00000000,0.00000000,0.00000000,0.00000000,0.00000000,0.00000000,0.00000000,0.00000000,0.00000000,0.00000000,0.00000000,0.00000000,0.00000000,0.00000000,0.00000000,0.00000000,0.00000000,0.00000000,0.00000000,0.00000000,0.00000000,0.00000000,0.00000000,0.00000000,0.00000000,0.00000000,0.00000000,0.00000000,0.00000000,0.00000000,0.00000000,0.00000000,0.00000000,0.00000000,0.00000000,0.00000000,0.00000000,0.00000000,0.00000000,0.00000000,0.00000000,0.00000000,0.00000000,0.00000000,0.00000000,0.00000000,0.00000000,0.00000000,0.00000000,0.00000000,0.00000000,0.00000000,0.00000000,0.00000000,0.00000000,0.00000000,0.00000000,0.00000000,0.00000000,0.00000000,0.00000000,0.00000000,0.00000000,0.00000000,0.00000000,0.00000000,0.00000000,0.00000000,0.00000000,0.00000000,0.00000000,0.00000000,0.00000000,0.00000000,0.00000000,0.00000000,0.00000000,0.00000000,0.00000000,0.00000000,0.00000000,0.00000000,0.00000000,0.00000000,0.00000000,0.00000000,0.00000000,0.00000000,0.00000000,0.00000000,0.00000000,0.00000000,0.00000000,0.00000000,0.00000000,0.00000000,0.00000000,0.00000000,0.00000000,0.00000000,0.00000000,0.00000000,0.00000000,0.00000000,0.00000000,0.00000000,0.00000000,0.00000000,0.00000000,0.00000000,0.00000000,0.00000000,0.00000000,0.00000000,0.00000000,0.00000000,0.00000000,0.00000000,0.00000000,0.00000000,0.00000000,0.00000000,0.00000000,0.00000000,0.00000000,0.00000000,0.00000000,0.00000000,0.00000000,0.00000000,0.00000000,0.00000000,0.00000000,0.00000000,0.00000000,0.00000000,0.00000000,0.00000000,0.00000000,0.00000000,0.00000000,0.00000000,0.00000000,0.00000000,0.00000000,0.00000000,0.00000000,0.00000000,0.00000000,0.00000000,0.00000000,0.00000000,0.00000000,0.00000000,0.00000000,0.00000000,0.00000000,0.00000000] general.mean_x1=[0.03125000,0.03125000,0.03125000,0.03125000,0.03125000,0.03125000,0.03125000,0.03125000,0.03125000,0.03125000,0.03125000,0.03125000,0.03125000,0.03125000,0.03125000,0.03125000,0.03125000,0.03125000,0.03125000,0.03125000,0.03125000,0.03125000,0.03125000,0.03125000,0.03125000,0.03125000,0.03125000,0.03125000,0.03125000,0.03125000,0.03125000,0.03125000,0.03125000,0.03125000,0.03125000,0.03125000,0.03125000,0.03125000,0.03125000,0.03125000,0.03125000,0.03125000,0.03125000,0.03125000,0.03125000,0.03125000,0.03125000,0.03125000,0.03125000,0.03125000,0.03125000,0.03125000,0.03125000,0.03125000,0.03125000,0.03125000,0.03125000,0.03125000,0.03125000,0.03125000,0.03125000,0.03125000,0.03125000,0.03125000,0.03125000,0.03125000,0.03125000,0.03125000,0.03125000,0.03125000,0.03125000,0.03125000,0.03125000,0.03125000,0.03125000,0.03125000,0.03125000,0.03125000,0.03125000,0.03125000,0.03125000,0.03125000,0.03125000,0.03125000,0.03125000,0.03125000,0.03125000,0.03125000,0.03125000,0.03125000,0.03125000,0.03125000,0.03125000,0.03125000,0.03125000,0.03125000,0.03125000,0.03125000,0.03125000,0.03125000,0.03125000,0.03125000,0.03125000,0.03125000,0.03125000,0.03125000,0.03125000,0.03125000,0.03125000,0.03125000,0.03125000,0.03125000,0.03125000,0.03125000,0.03125000,0.03125000,0.03125000,0.03125000,0.03125000,0.03125000,0.03125000,0.03125000,0.03125000,0.03125000,0.03125000,0.03125000,0.03125000,0.03125000,0.03125000,0.03125000,0.03125000,0.03125000,0.03125000,0.03125000,0.03125000,0.03125000,0.03125000,0.03125000,0.03125000,0.03125000,0.03125000,0.03125000,0.03125000,0.03125000,0.03125000,0.03125000,0.03125000,0.03125000,0.03125000,0.03125000,0.03125000,0.03125000,0.03125000,0.03125000,0.03125000,0.03125000,0.03125000,0.03125000,0.03125000,0.03125000,0.03125000,0.03125000,0.03125000,0.03125000,0.03125000,0.03125000,0.03125000,0.03125000,0.03125000,0.03125000,0.03125000,0.03125000,0.03125000,0.03125000,0.03125000,0.03125000,0.03125000,0.03125000,0.03125000,0.03125000,0.03125000,0.03125000,0.03125000,0.03125000,0.03125000,0.03125000,0.03125000,0.03125000,0.03125000,0.03125000,0.03125000,0.03125000,0.03125000,0.03125000,0.03125000,0.03125000,0.03125000,0.03125000,0.03125000,0.03125000,0.03125000,0.03125000,0.03125000,0.03125000,0.03125000,0.03125000,0.03125000,0.03125000,0.03125000,0.03125000,0.03125000,0.03125000,0.03125000,0.03125000,0.03125000,0.03125000,0.03125000,0.03125000,0.03125000,0.03125000,0.03125000,0.03125000,0.03125000,0.03125000,0.03125000,0.03125000,0.03125000,0.03125000,0.03125000,0.03125000,0.03125000,0.03125000,0.03125000,0.03125000,0.03125000,0.03125000,0.03125000,0.03125000,0.03125000,0.03125000,0.03125000,0.03125000,0.03125000,0.03125000,0.03125000,0.03125000,0.03125000,0.03125000,0.03125000,0.03125000,0.03125000,0.03125000,0.03125000,0.03125000,0.03125000,0.03125000] general.normalize_tangent_distributions=True
srun python train.py experiment=general_fm seed=34 hydra.run.dir=/scratch-shared/$USER/outputs/runs/gtg/poincare/norm/poi_d256_c10_s34 general.manifold=poincare general.dim=256 general.curvature=10.0 general.std_x0=0.3 general.std_x1=0.3 general.mean_x0=[0.00000000,0.00000000,0.00000000,0.00000000,0.00000000,0.00000000,0.00000000,0.00000000,0.00000000,0.00000000,0.00000000,0.00000000,0.00000000,0.00000000,0.00000000,0.00000000,0.00000000,0.00000000,0.00000000,0.00000000,0.00000000,0.00000000,0.00000000,0.00000000,0.00000000,0.00000000,0.00000000,0.00000000,0.00000000,0.00000000,0.00000000,0.00000000,0.00000000,0.00000000,0.00000000,0.00000000,0.00000000,0.00000000,0.00000000,0.00000000,0.00000000,0.00000000,0.00000000,0.00000000,0.00000000,0.00000000,0.00000000,0.00000000,0.00000000,0.00000000,0.00000000,0.00000000,0.00000000,0.00000000,0.00000000,0.00000000,0.00000000,0.00000000,0.00000000,0.00000000,0.00000000,0.00000000,0.00000000,0.00000000,0.00000000,0.00000000,0.00000000,0.00000000,0.00000000,0.00000000,0.00000000,0.00000000,0.00000000,0.00000000,0.00000000,0.00000000,0.00000000,0.00000000,0.00000000,0.00000000,0.00000000,0.00000000,0.00000000,0.00000000,0.00000000,0.00000000,0.00000000,0.00000000,0.00000000,0.00000000,0.00000000,0.00000000,0.00000000,0.00000000,0.00000000,0.00000000,0.00000000,0.00000000,0.00000000,0.00000000,0.00000000,0.00000000,0.00000000,0.00000000,0.00000000,0.00000000,0.00000000,0.00000000,0.00000000,0.00000000,0.00000000,0.00000000,0.00000000,0.00000000,0.00000000,0.00000000,0.00000000,0.00000000,0.00000000,0.00000000,0.00000000,0.00000000,0.00000000,0.00000000,0.00000000,0.00000000,0.00000000,0.00000000,0.00000000,0.00000000,0.00000000,0.00000000,0.00000000,0.00000000,0.00000000,0.00000000,0.00000000,0.00000000,0.00000000,0.00000000,0.00000000,0.00000000,0.00000000,0.00000000,0.00000000,0.00000000,0.00000000,0.00000000,0.00000000,0.00000000,0.00000000,0.00000000,0.00000000,0.00000000,0.00000000,0.00000000,0.00000000,0.00000000,0.00000000,0.00000000,0.00000000,0.00000000,0.00000000,0.00000000,0.00000000,0.00000000,0.00000000,0.00000000,0.00000000,0.00000000,0.00000000,0.00000000,0.00000000,0.00000000,0.00000000,0.00000000,0.00000000,0.00000000,0.00000000,0.00000000,0.00000000,0.00000000,0.00000000,0.00000000,0.00000000,0.00000000,0.00000000,0.00000000,0.00000000,0.00000000,0.00000000,0.00000000,0.00000000,0.00000000,0.00000000,0.00000000,0.00000000,0.00000000,0.00000000,0.00000000,0.00000000,0.00000000,0.00000000,0.00000000,0.00000000,0.00000000,0.00000000,0.00000000,0.00000000,0.00000000,0.00000000,0.00000000,0.00000000,0.00000000,0.00000000,0.00000000,0.00000000,0.00000000,0.00000000,0.00000000,0.00000000,0.00000000,0.00000000,0.00000000,0.00000000,0.00000000,0.00000000,0.00000000,0.00000000,0.00000000,0.00000000,0.00000000,0.00000000,0.00000000,0.00000000,0.00000000,0.00000000,0.00000000,0.00000000,0.00000000,0.00000000,0.00000000,0.00000000,0.00000000,0.00000000,0.00000000,0.00000000,0.00000000,0.00000000,0.00000000,0.00000000,0.00000000,0.00000000,0.00000000,0.00000000,0.00000000] general.mean_x1=[0.03125000,0.03125000,0.03125000,0.03125000,0.03125000,0.03125000,0.03125000,0.03125000,0.03125000,0.03125000,0.03125000,0.03125000,0.03125000,0.03125000,0.03125000,0.03125000,0.03125000,0.03125000,0.03125000,0.03125000,0.03125000,0.03125000,0.03125000,0.03125000,0.03125000,0.03125000,0.03125000,0.03125000,0.03125000,0.03125000,0.03125000,0.03125000,0.03125000,0.03125000,0.03125000,0.03125000,0.03125000,0.03125000,0.03125000,0.03125000,0.03125000,0.03125000,0.03125000,0.03125000,0.03125000,0.03125000,0.03125000,0.03125000,0.03125000,0.03125000,0.03125000,0.03125000,0.03125000,0.03125000,0.03125000,0.03125000,0.03125000,0.03125000,0.03125000,0.03125000,0.03125000,0.03125000,0.03125000,0.03125000,0.03125000,0.03125000,0.03125000,0.03125000,0.03125000,0.03125000,0.03125000,0.03125000,0.03125000,0.03125000,0.03125000,0.03125000,0.03125000,0.03125000,0.03125000,0.03125000,0.03125000,0.03125000,0.03125000,0.03125000,0.03125000,0.03125000,0.03125000,0.03125000,0.03125000,0.03125000,0.03125000,0.03125000,0.03125000,0.03125000,0.03125000,0.03125000,0.03125000,0.03125000,0.03125000,0.03125000,0.03125000,0.03125000,0.03125000,0.03125000,0.03125000,0.03125000,0.03125000,0.03125000,0.03125000,0.03125000,0.03125000,0.03125000,0.03125000,0.03125000,0.03125000,0.03125000,0.03125000,0.03125000,0.03125000,0.03125000,0.03125000,0.03125000,0.03125000,0.03125000,0.03125000,0.03125000,0.03125000,0.03125000,0.03125000,0.03125000,0.03125000,0.03125000,0.03125000,0.03125000,0.03125000,0.03125000,0.03125000,0.03125000,0.03125000,0.03125000,0.03125000,0.03125000,0.03125000,0.03125000,0.03125000,0.03125000,0.03125000,0.03125000,0.03125000,0.03125000,0.03125000,0.03125000,0.03125000,0.03125000,0.03125000,0.03125000,0.03125000,0.03125000,0.03125000,0.03125000,0.03125000,0.03125000,0.03125000,0.03125000,0.03125000,0.03125000,0.03125000,0.03125000,0.03125000,0.03125000,0.03125000,0.03125000,0.03125000,0.03125000,0.03125000,0.03125000,0.03125000,0.03125000,0.03125000,0.03125000,0.03125000,0.03125000,0.03125000,0.03125000,0.03125000,0.03125000,0.03125000,0.03125000,0.03125000,0.03125000,0.03125000,0.03125000,0.03125000,0.03125000,0.03125000,0.03125000,0.03125000,0.03125000,0.03125000,0.03125000,0.03125000,0.03125000,0.03125000,0.03125000,0.03125000,0.03125000,0.03125000,0.03125000,0.03125000,0.03125000,0.03125000,0.03125000,0.03125000,0.03125000,0.03125000,0.03125000,0.03125000,0.03125000,0.03125000,0.03125000,0.03125000,0.03125000,0.03125000,0.03125000,0.03125000,0.03125000,0.03125000,0.03125000,0.03125000,0.03125000,0.03125000,0.03125000,0.03125000,0.03125000,0.03125000,0.03125000,0.03125000,0.03125000,0.03125000,0.03125000,0.03125000,0.03125000,0.03125000,0.03125000,0.03125000,0.03125000,0.03125000,0.03125000,0.03125000,0.03125000,0.03125000,0.03125000,0.03125000,0.03125000,0.03125000,0.03125000] general.normalize_tangent_distributions=True
srun python train.py experiment=general_fm seed=34 hydra.run.dir=/scratch-shared/$USER/outputs/runs/gtg/poincare/norm/poi_d512_c1_s34 general.manifold=poincare general.dim=512 general.curvature=1.0 general.std_x0=0.3 general.std_x1=0.3 general.mean_x0=[0.00000000,0.00000000,0.00000000,0.00000000,0.00000000,0.00000000,0.00000000,0.00000000,0.00000000,0.00000000,0.00000000,0.00000000,0.00000000,0.00000000,0.00000000,0.00000000,0.00000000,0.00000000,0.00000000,0.00000000,0.00000000,0.00000000,0.00000000,0.00000000,0.00000000,0.00000000,0.00000000,0.00000000,0.00000000,0.00000000,0.00000000,0.00000000,0.00000000,0.00000000,0.00000000,0.00000000,0.00000000,0.00000000,0.00000000,0.00000000,0.00000000,0.00000000,0.00000000,0.00000000,0.00000000,0.00000000,0.00000000,0.00000000,0.00000000,0.00000000,0.00000000,0.00000000,0.00000000,0.00000000,0.00000000,0.00000000,0.00000000,0.00000000,0.00000000,0.00000000,0.00000000,0.00000000,0.00000000,0.00000000,0.00000000,0.00000000,0.00000000,0.00000000,0.00000000,0.00000000,0.00000000,0.00000000,0.00000000,0.00000000,0.00000000,0.00000000,0.00000000,0.00000000,0.00000000,0.00000000,0.00000000,0.00000000,0.00000000,0.00000000,0.00000000,0.00000000,0.00000000,0.00000000,0.00000000,0.00000000,0.00000000,0.00000000,0.00000000,0.00000000,0.00000000,0.00000000,0.00000000,0.00000000,0.00000000,0.00000000,0.00000000,0.00000000,0.00000000,0.00000000,0.00000000,0.00000000,0.00000000,0.00000000,0.00000000,0.00000000,0.00000000,0.00000000,0.00000000,0.00000000,0.00000000,0.00000000,0.00000000,0.00000000,0.00000000,0.00000000,0.00000000,0.00000000,0.00000000,0.00000000,0.00000000,0.00000000,0.00000000,0.00000000,0.00000000,0.00000000,0.00000000,0.00000000,0.00000000,0.00000000,0.00000000,0.00000000,0.00000000,0.00000000,0.00000000,0.00000000,0.00000000,0.00000000,0.00000000,0.00000000,0.00000000,0.00000000,0.00000000,0.00000000,0.00000000,0.00000000,0.00000000,0.00000000,0.00000000,0.00000000,0.00000000,0.00000000,0.00000000,0.00000000,0.00000000,0.00000000,0.00000000,0.00000000,0.00000000,0.00000000,0.00000000,0.00000000,0.00000000,0.00000000,0.00000000,0.00000000,0.00000000,0.00000000,0.00000000,0.00000000,0.00000000,0.00000000,0.00000000,0.00000000,0.00000000,0.00000000,0.00000000,0.00000000,0.00000000,0.00000000,0.00000000,0.00000000,0.00000000,0.00000000,0.00000000,0.00000000,0.00000000,0.00000000,0.00000000,0.00000000,0.00000000,0.00000000,0.00000000,0.00000000,0.00000000,0.00000000,0.00000000,0.00000000,0.00000000,0.00000000,0.00000000,0.00000000,0.00000000,0.00000000,0.00000000,0.00000000,0.00000000,0.00000000,0.00000000,0.00000000,0.00000000,0.00000000,0.00000000,0.00000000,0.00000000,0.00000000,0.00000000,0.00000000,0.00000000,0.00000000,0.00000000,0.00000000,0.00000000,0.00000000,0.00000000,0.00000000,0.00000000,0.00000000,0.00000000,0.00000000,0.00000000,0.00000000,0.00000000,0.00000000,0.00000000,0.00000000,0.00000000,0.00000000,0.00000000,0.00000000,0.00000000,0.00000000,0.00000000,0.00000000,0.00000000,0.00000000,0.00000000,0.00000000,0.00000000,0.00000000,0.00000000,0.00000000,0.00000000,0.00000000,0.00000000,0.00000000,0.00000000,0.00000000,0.00000000,0.00000000,0.00000000,0.00000000,0.00000000,0.00000000,0.00000000,0.00000000,0.00000000,0.00000000,0.00000000,0.00000000,0.00000000,0.00000000,0.00000000,0.00000000,0.00000000,0.00000000,0.00000000,0.00000000,0.00000000,0.00000000,0.00000000,0.00000000,0.00000000,0.00000000,0.00000000,0.00000000,0.00000000,0.00000000,0.00000000,0.00000000,0.00000000,0.00000000,0.00000000,0.00000000,0.00000000,0.00000000,0.00000000,0.00000000,0.00000000,0.00000000,0.00000000,0.00000000,0.00000000,0.00000000,0.00000000,0.00000000,0.00000000,0.00000000,0.00000000,0.00000000,0.00000000,0.00000000,0.00000000,0.00000000,0.00000000,0.00000000,0.00000000,0.00000000,0.00000000,0.00000000,0.00000000,0.00000000,0.00000000,0.00000000,0.00000000,0.00000000,0.00000000,0.00000000,0.00000000,0.00000000,0.00000000,0.00000000,0.00000000,0.00000000,0.00000000,0.00000000,0.00000000,0.00000000,0.00000000,0.00000000,0.00000000,0.00000000,0.00000000,0.00000000,0.00000000,0.00000000,0.00000000,0.00000000,0.00000000,0.00000000,0.00000000,0.00000000,0.00000000,0.00000000,0.00000000,0.00000000,0.00000000,0.00000000,0.00000000,0.00000000,0.00000000,0.00000000,0.00000000,0.00000000,0.00000000,0.00000000,0.00000000,0.00000000,0.00000000,0.00000000,0.00000000,0.00000000,0.00000000,0.00000000,0.00000000,0.00000000,0.00000000,0.00000000,0.00000000,0.00000000,0.00000000,0.00000000,0.00000000,0.00000000,0.00000000,0.00000000,0.00000000,0.00000000,0.00000000,0.00000000,0.00000000,0.00000000,0.00000000,0.00000000,0.00000000,0.00000000,0.00000000,0.00000000,0.00000000,0.00000000,0.00000000,0.00000000,0.00000000,0.00000000,0.00000000,0.00000000,0.00000000,0.00000000,0.00000000,0.00000000,0.00000000,0.00000000,0.00000000,0.00000000,0.00000000,0.00000000,0.00000000,0.00000000,0.00000000,0.00000000,0.00000000,0.00000000,0.00000000,0.00000000,0.00000000,0.00000000,0.00000000,0.00000000,0.00000000,0.00000000,0.00000000,0.00000000,0.00000000,0.00000000,0.00000000,0.00000000,0.00000000,0.00000000,0.00000000,0.00000000,0.00000000,0.00000000,0.00000000,0.00000000,0.00000000,0.00000000,0.00000000,0.00000000,0.00000000,0.00000000,0.00000000,0.00000000,0.00000000,0.00000000,0.00000000,0.00000000,0.00000000,0.00000000,0.00000000,0.00000000,0.00000000,0.00000000,0.00000000,0.00000000,0.00000000,0.00000000,0.00000000,0.00000000,0.00000000,0.00000000,0.00000000,0.00000000,0.00000000,0.00000000,0.00000000,0.00000000,0.00000000,0.00000000,0.00000000,0.00000000,0.00000000,0.00000000,0.00000000,0.00000000,0.00000000,0.00000000,0.00000000,0.00000000,0.00000000,0.00000000,0.00000000,0.00000000,0.00000000,0.00000000,0.00000000,0.00000000,0.00000000,0.00000000,0.00000000,0.00000000,0.00000000,0.00000000,0.00000000,0.00000000,0.00000000,0.00000000,0.00000000,0.00000000] general.mean_x1=[0.02209709,0.02209709,0.02209709,0.02209709,0.02209709,0.02209709,0.02209709,0.02209709,0.02209709,0.02209709,0.02209709,0.02209709,0.02209709,0.02209709,0.02209709,0.02209709,0.02209709,0.02209709,0.02209709,0.02209709,0.02209709,0.02209709,0.02209709,0.02209709,0.02209709,0.02209709,0.02209709,0.02209709,0.02209709,0.02209709,0.02209709,0.02209709,0.02209709,0.02209709,0.02209709,0.02209709,0.02209709,0.02209709,0.02209709,0.02209709,0.02209709,0.02209709,0.02209709,0.02209709,0.02209709,0.02209709,0.02209709,0.02209709,0.02209709,0.02209709,0.02209709,0.02209709,0.02209709,0.02209709,0.02209709,0.02209709,0.02209709,0.02209709,0.02209709,0.02209709,0.02209709,0.02209709,0.02209709,0.02209709,0.02209709,0.02209709,0.02209709,0.02209709,0.02209709,0.02209709,0.02209709,0.02209709,0.02209709,0.02209709,0.02209709,0.02209709,0.02209709,0.02209709,0.02209709,0.02209709,0.02209709,0.02209709,0.02209709,0.02209709,0.02209709,0.02209709,0.02209709,0.02209709,0.02209709,0.02209709,0.02209709,0.02209709,0.02209709,0.02209709,0.02209709,0.02209709,0.02209709,0.02209709,0.02209709,0.02209709,0.02209709,0.02209709,0.02209709,0.02209709,0.02209709,0.02209709,0.02209709,0.02209709,0.02209709,0.02209709,0.02209709,0.02209709,0.02209709,0.02209709,0.02209709,0.02209709,0.02209709,0.02209709,0.02209709,0.02209709,0.02209709,0.02209709,0.02209709,0.02209709,0.02209709,0.02209709,0.02209709,0.02209709,0.02209709,0.02209709,0.02209709,0.02209709,0.02209709,0.02209709,0.02209709,0.02209709,0.02209709,0.02209709,0.02209709,0.02209709,0.02209709,0.02209709,0.02209709,0.02209709,0.02209709,0.02209709,0.02209709,0.02209709,0.02209709,0.02209709,0.02209709,0.02209709,0.02209709,0.02209709,0.02209709,0.02209709,0.02209709,0.02209709,0.02209709,0.02209709,0.02209709,0.02209709,0.02209709,0.02209709,0.02209709,0.02209709,0.02209709,0.02209709,0.02209709,0.02209709,0.02209709,0.02209709,0.02209709,0.02209709,0.02209709,0.02209709,0.02209709,0.02209709,0.02209709,0.02209709,0.02209709,0.02209709,0.02209709,0.02209709,0.02209709,0.02209709,0.02209709,0.02209709,0.02209709,0.02209709,0.02209709,0.02209709,0.02209709,0.02209709,0.02209709,0.02209709,0.02209709,0.02209709,0.02209709,0.02209709,0.02209709,0.02209709,0.02209709,0.02209709,0.02209709,0.02209709,0.02209709,0.02209709,0.02209709,0.02209709,0.02209709,0.02209709,0.02209709,0.02209709,0.02209709,0.02209709,0.02209709,0.02209709,0.02209709,0.02209709,0.02209709,0.02209709,0.02209709,0.02209709,0.02209709,0.02209709,0.02209709,0.02209709,0.02209709,0.02209709,0.02209709,0.02209709,0.02209709,0.02209709,0.02209709,0.02209709,0.02209709,0.02209709,0.02209709,0.02209709,0.02209709,0.02209709,0.02209709,0.02209709,0.02209709,0.02209709,0.02209709,0.02209709,0.02209709,0.02209709,0.02209709,0.02209709,0.02209709,0.02209709,0.02209709,0.02209709,0.02209709,0.02209709,0.02209709,0.02209709,0.02209709,0.02209709,0.02209709,0.02209709,0.02209709,0.02209709,0.02209709,0.02209709,0.02209709,0.02209709,0.02209709,0.02209709,0.02209709,0.02209709,0.02209709,0.02209709,0.02209709,0.02209709,0.02209709,0.02209709,0.02209709,0.02209709,0.02209709,0.02209709,0.02209709,0.02209709,0.02209709,0.02209709,0.02209709,0.02209709,0.02209709,0.02209709,0.02209709,0.02209709,0.02209709,0.02209709,0.02209709,0.02209709,0.02209709,0.02209709,0.02209709,0.02209709,0.02209709,0.02209709,0.02209709,0.02209709,0.02209709,0.02209709,0.02209709,0.02209709,0.02209709,0.02209709,0.02209709,0.02209709,0.02209709,0.02209709,0.02209709,0.02209709,0.02209709,0.02209709,0.02209709,0.02209709,0.02209709,0.02209709,0.02209709,0.02209709,0.02209709,0.02209709,0.02209709,0.02209709,0.02209709,0.02209709,0.02209709,0.02209709,0.02209709,0.02209709,0.02209709,0.02209709,0.02209709,0.02209709,0.02209709,0.02209709,0.02209709,0.02209709,0.02209709,0.02209709,0.02209709,0.02209709,0.02209709,0.02209709,0.02209709,0.02209709,0.02209709,0.02209709,0.02209709,0.02209709,0.02209709,0.02209709,0.02209709,0.02209709,0.02209709,0.02209709,0.02209709,0.02209709,0.02209709,0.02209709,0.02209709,0.02209709,0.02209709,0.02209709,0.02209709,0.02209709,0.02209709,0.02209709,0.02209709,0.02209709,0.02209709,0.02209709,0.02209709,0.02209709,0.02209709,0.02209709,0.02209709,0.02209709,0.02209709,0.02209709,0.02209709,0.02209709,0.02209709,0.02209709,0.02209709,0.02209709,0.02209709,0.02209709,0.02209709,0.02209709,0.02209709,0.02209709,0.02209709,0.02209709,0.02209709,0.02209709,0.02209709,0.02209709,0.02209709,0.02209709,0.02209709,0.02209709,0.02209709,0.02209709,0.02209709,0.02209709,0.02209709,0.02209709,0.02209709,0.02209709,0.02209709,0.02209709,0.02209709,0.02209709,0.02209709,0.02209709,0.02209709,0.02209709,0.02209709,0.02209709,0.02209709,0.02209709,0.02209709,0.02209709,0.02209709,0.02209709,0.02209709,0.02209709,0.02209709,0.02209709,0.02209709,0.02209709,0.02209709,0.02209709,0.02209709,0.02209709,0.02209709,0.02209709,0.02209709,0.02209709,0.02209709,0.02209709,0.02209709,0.02209709,0.02209709,0.02209709,0.02209709,0.02209709,0.02209709,0.02209709,0.02209709,0.02209709,0.02209709,0.02209709,0.02209709,0.02209709,0.02209709,0.02209709,0.02209709,0.02209709,0.02209709,0.02209709,0.02209709,0.02209709,0.02209709,0.02209709,0.02209709,0.02209709,0.02209709,0.02209709,0.02209709,0.02209709,0.02209709,0.02209709,0.02209709,0.02209709,0.02209709,0.02209709,0.02209709,0.02209709,0.02209709,0.02209709,0.02209709,0.02209709,0.02209709,0.02209709,0.02209709,0.02209709,0.02209709,0.02209709,0.02209709,0.02209709,0.02209709,0.02209709,0.02209709,0.02209709,0.02209709,0.02209709,0.02209709,0.02209709,0.02209709,0.02209709,0.02209709,0.02209709,0.02209709,0.02209709] general.normalize_tangent_distributions=True
srun python train.py experiment=general_fm seed=34 hydra.run.dir=/scratch-shared/$USER/outputs/runs/gtg/poincare/norm/poi_d512_c2_s34 general.manifold=poincare general.dim=512 general.curvature=2.0 general.std_x0=0.3 general.std_x1=0.3 general.mean_x0=[0.00000000,0.00000000,0.00000000,0.00000000,0.00000000,0.00000000,0.00000000,0.00000000,0.00000000,0.00000000,0.00000000,0.00000000,0.00000000,0.00000000,0.00000000,0.00000000,0.00000000,0.00000000,0.00000000,0.00000000,0.00000000,0.00000000,0.00000000,0.00000000,0.00000000,0.00000000,0.00000000,0.00000000,0.00000000,0.00000000,0.00000000,0.00000000,0.00000000,0.00000000,0.00000000,0.00000000,0.00000000,0.00000000,0.00000000,0.00000000,0.00000000,0.00000000,0.00000000,0.00000000,0.00000000,0.00000000,0.00000000,0.00000000,0.00000000,0.00000000,0.00000000,0.00000000,0.00000000,0.00000000,0.00000000,0.00000000,0.00000000,0.00000000,0.00000000,0.00000000,0.00000000,0.00000000,0.00000000,0.00000000,0.00000000,0.00000000,0.00000000,0.00000000,0.00000000,0.00000000,0.00000000,0.00000000,0.00000000,0.00000000,0.00000000,0.00000000,0.00000000,0.00000000,0.00000000,0.00000000,0.00000000,0.00000000,0.00000000,0.00000000,0.00000000,0.00000000,0.00000000,0.00000000,0.00000000,0.00000000,0.00000000,0.00000000,0.00000000,0.00000000,0.00000000,0.00000000,0.00000000,0.00000000,0.00000000,0.00000000,0.00000000,0.00000000,0.00000000,0.00000000,0.00000000,0.00000000,0.00000000,0.00000000,0.00000000,0.00000000,0.00000000,0.00000000,0.00000000,0.00000000,0.00000000,0.00000000,0.00000000,0.00000000,0.00000000,0.00000000,0.00000000,0.00000000,0.00000000,0.00000000,0.00000000,0.00000000,0.00000000,0.00000000,0.00000000,0.00000000,0.00000000,0.00000000,0.00000000,0.00000000,0.00000000,0.00000000,0.00000000,0.00000000,0.00000000,0.00000000,0.00000000,0.00000000,0.00000000,0.00000000,0.00000000,0.00000000,0.00000000,0.00000000,0.00000000,0.00000000,0.00000000,0.00000000,0.00000000,0.00000000,0.00000000,0.00000000,0.00000000,0.00000000,0.00000000,0.00000000,0.00000000,0.00000000,0.00000000,0.00000000,0.00000000,0.00000000,0.00000000,0.00000000,0.00000000,0.00000000,0.00000000,0.00000000,0.00000000,0.00000000,0.00000000,0.00000000,0.00000000,0.00000000,0.00000000,0.00000000,0.00000000,0.00000000,0.00000000,0.00000000,0.00000000,0.00000000,0.00000000,0.00000000,0.00000000,0.00000000,0.00000000,0.00000000,0.00000000,0.00000000,0.00000000,0.00000000,0.00000000,0.00000000,0.00000000,0.00000000,0.00000000,0.00000000,0.00000000,0.00000000,0.00000000,0.00000000,0.00000000,0.00000000,0.00000000,0.00000000,0.00000000,0.00000000,0.00000000,0.00000000,0.00000000,0.00000000,0.00000000,0.00000000,0.00000000,0.00000000,0.00000000,0.00000000,0.00000000,0.00000000,0.00000000,0.00000000,0.00000000,0.00000000,0.00000000,0.00000000,0.00000000,0.00000000,0.00000000,0.00000000,0.00000000,0.00000000,0.00000000,0.00000000,0.00000000,0.00000000,0.00000000,0.00000000,0.00000000,0.00000000,0.00000000,0.00000000,0.00000000,0.00000000,0.00000000,0.00000000,0.00000000,0.00000000,0.00000000,0.00000000,0.00000000,0.00000000,0.00000000,0.00000000,0.00000000,0.00000000,0.00000000,0.00000000,0.00000000,0.00000000,0.00000000,0.00000000,0.00000000,0.00000000,0.00000000,0.00000000,0.00000000,0.00000000,0.00000000,0.00000000,0.00000000,0.00000000,0.00000000,0.00000000,0.00000000,0.00000000,0.00000000,0.00000000,0.00000000,0.00000000,0.00000000,0.00000000,0.00000000,0.00000000,0.00000000,0.00000000,0.00000000,0.00000000,0.00000000,0.00000000,0.00000000,0.00000000,0.00000000,0.00000000,0.00000000,0.00000000,0.00000000,0.00000000,0.00000000,0.00000000,0.00000000,0.00000000,0.00000000,0.00000000,0.00000000,0.00000000,0.00000000,0.00000000,0.00000000,0.00000000,0.00000000,0.00000000,0.00000000,0.00000000,0.00000000,0.00000000,0.00000000,0.00000000,0.00000000,0.00000000,0.00000000,0.00000000,0.00000000,0.00000000,0.00000000,0.00000000,0.00000000,0.00000000,0.00000000,0.00000000,0.00000000,0.00000000,0.00000000,0.00000000,0.00000000,0.00000000,0.00000000,0.00000000,0.00000000,0.00000000,0.00000000,0.00000000,0.00000000,0.00000000,0.00000000,0.00000000,0.00000000,0.00000000,0.00000000,0.00000000,0.00000000,0.00000000,0.00000000,0.00000000,0.00000000,0.00000000,0.00000000,0.00000000,0.00000000,0.00000000,0.00000000,0.00000000,0.00000000,0.00000000,0.00000000,0.00000000,0.00000000,0.00000000,0.00000000,0.00000000,0.00000000,0.00000000,0.00000000,0.00000000,0.00000000,0.00000000,0.00000000,0.00000000,0.00000000,0.00000000,0.00000000,0.00000000,0.00000000,0.00000000,0.00000000,0.00000000,0.00000000,0.00000000,0.00000000,0.00000000,0.00000000,0.00000000,0.00000000,0.00000000,0.00000000,0.00000000,0.00000000,0.00000000,0.00000000,0.00000000,0.00000000,0.00000000,0.00000000,0.00000000,0.00000000,0.00000000,0.00000000,0.00000000,0.00000000,0.00000000,0.00000000,0.00000000,0.00000000,0.00000000,0.00000000,0.00000000,0.00000000,0.00000000,0.00000000,0.00000000,0.00000000,0.00000000,0.00000000,0.00000000,0.00000000,0.00000000,0.00000000,0.00000000,0.00000000,0.00000000,0.00000000,0.00000000,0.00000000,0.00000000,0.00000000,0.00000000,0.00000000,0.00000000,0.00000000,0.00000000,0.00000000,0.00000000,0.00000000,0.00000000,0.00000000,0.00000000,0.00000000,0.00000000,0.00000000,0.00000000,0.00000000,0.00000000,0.00000000,0.00000000,0.00000000,0.00000000,0.00000000,0.00000000,0.00000000,0.00000000,0.00000000,0.00000000,0.00000000,0.00000000,0.00000000,0.00000000,0.00000000,0.00000000,0.00000000,0.00000000,0.00000000,0.00000000,0.00000000,0.00000000,0.00000000,0.00000000,0.00000000,0.00000000,0.00000000,0.00000000,0.00000000,0.00000000,0.00000000,0.00000000,0.00000000,0.00000000,0.00000000,0.00000000,0.00000000,0.00000000,0.00000000,0.00000000,0.00000000,0.00000000,0.00000000,0.00000000,0.00000000,0.00000000,0.00000000,0.00000000,0.00000000,0.00000000,0.00000000,0.00000000,0.00000000,0.00000000,0.00000000,0.00000000] general.mean_x1=[0.02209709,0.02209709,0.02209709,0.02209709,0.02209709,0.02209709,0.02209709,0.02209709,0.02209709,0.02209709,0.02209709,0.02209709,0.02209709,0.02209709,0.02209709,0.02209709,0.02209709,0.02209709,0.02209709,0.02209709,0.02209709,0.02209709,0.02209709,0.02209709,0.02209709,0.02209709,0.02209709,0.02209709,0.02209709,0.02209709,0.02209709,0.02209709,0.02209709,0.02209709,0.02209709,0.02209709,0.02209709,0.02209709,0.02209709,0.02209709,0.02209709,0.02209709,0.02209709,0.02209709,0.02209709,0.02209709,0.02209709,0.02209709,0.02209709,0.02209709,0.02209709,0.02209709,0.02209709,0.02209709,0.02209709,0.02209709,0.02209709,0.02209709,0.02209709,0.02209709,0.02209709,0.02209709,0.02209709,0.02209709,0.02209709,0.02209709,0.02209709,0.02209709,0.02209709,0.02209709,0.02209709,0.02209709,0.02209709,0.02209709,0.02209709,0.02209709,0.02209709,0.02209709,0.02209709,0.02209709,0.02209709,0.02209709,0.02209709,0.02209709,0.02209709,0.02209709,0.02209709,0.02209709,0.02209709,0.02209709,0.02209709,0.02209709,0.02209709,0.02209709,0.02209709,0.02209709,0.02209709,0.02209709,0.02209709,0.02209709,0.02209709,0.02209709,0.02209709,0.02209709,0.02209709,0.02209709,0.02209709,0.02209709,0.02209709,0.02209709,0.02209709,0.02209709,0.02209709,0.02209709,0.02209709,0.02209709,0.02209709,0.02209709,0.02209709,0.02209709,0.02209709,0.02209709,0.02209709,0.02209709,0.02209709,0.02209709,0.02209709,0.02209709,0.02209709,0.02209709,0.02209709,0.02209709,0.02209709,0.02209709,0.02209709,0.02209709,0.02209709,0.02209709,0.02209709,0.02209709,0.02209709,0.02209709,0.02209709,0.02209709,0.02209709,0.02209709,0.02209709,0.02209709,0.02209709,0.02209709,0.02209709,0.02209709,0.02209709,0.02209709,0.02209709,0.02209709,0.02209709,0.02209709,0.02209709,0.02209709,0.02209709,0.02209709,0.02209709,0.02209709,0.02209709,0.02209709,0.02209709,0.02209709,0.02209709,0.02209709,0.02209709,0.02209709,0.02209709,0.02209709,0.02209709,0.02209709,0.02209709,0.02209709,0.02209709,0.02209709,0.02209709,0.02209709,0.02209709,0.02209709,0.02209709,0.02209709,0.02209709,0.02209709,0.02209709,0.02209709,0.02209709,0.02209709,0.02209709,0.02209709,0.02209709,0.02209709,0.02209709,0.02209709,0.02209709,0.02209709,0.02209709,0.02209709,0.02209709,0.02209709,0.02209709,0.02209709,0.02209709,0.02209709,0.02209709,0.02209709,0.02209709,0.02209709,0.02209709,0.02209709,0.02209709,0.02209709,0.02209709,0.02209709,0.02209709,0.02209709,0.02209709,0.02209709,0.02209709,0.02209709,0.02209709,0.02209709,0.02209709,0.02209709,0.02209709,0.02209709,0.02209709,0.02209709,0.02209709,0.02209709,0.02209709,0.02209709,0.02209709,0.02209709,0.02209709,0.02209709,0.02209709,0.02209709,0.02209709,0.02209709,0.02209709,0.02209709,0.02209709,0.02209709,0.02209709,0.02209709,0.02209709,0.02209709,0.02209709,0.02209709,0.02209709,0.02209709,0.02209709,0.02209709,0.02209709,0.02209709,0.02209709,0.02209709,0.02209709,0.02209709,0.02209709,0.02209709,0.02209709,0.02209709,0.02209709,0.02209709,0.02209709,0.02209709,0.02209709,0.02209709,0.02209709,0.02209709,0.02209709,0.02209709,0.02209709,0.02209709,0.02209709,0.02209709,0.02209709,0.02209709,0.02209709,0.02209709,0.02209709,0.02209709,0.02209709,0.02209709,0.02209709,0.02209709,0.02209709,0.02209709,0.02209709,0.02209709,0.02209709,0.02209709,0.02209709,0.02209709,0.02209709,0.02209709,0.02209709,0.02209709,0.02209709,0.02209709,0.02209709,0.02209709,0.02209709,0.02209709,0.02209709,0.02209709,0.02209709,0.02209709,0.02209709,0.02209709,0.02209709,0.02209709,0.02209709,0.02209709,0.02209709,0.02209709,0.02209709,0.02209709,0.02209709,0.02209709,0.02209709,0.02209709,0.02209709,0.02209709,0.02209709,0.02209709,0.02209709,0.02209709,0.02209709,0.02209709,0.02209709,0.02209709,0.02209709,0.02209709,0.02209709,0.02209709,0.02209709,0.02209709,0.02209709,0.02209709,0.02209709,0.02209709,0.02209709,0.02209709,0.02209709,0.02209709,0.02209709,0.02209709,0.02209709,0.02209709,0.02209709,0.02209709,0.02209709,0.02209709,0.02209709,0.02209709,0.02209709,0.02209709,0.02209709,0.02209709,0.02209709,0.02209709,0.02209709,0.02209709,0.02209709,0.02209709,0.02209709,0.02209709,0.02209709,0.02209709,0.02209709,0.02209709,0.02209709,0.02209709,0.02209709,0.02209709,0.02209709,0.02209709,0.02209709,0.02209709,0.02209709,0.02209709,0.02209709,0.02209709,0.02209709,0.02209709,0.02209709,0.02209709,0.02209709,0.02209709,0.02209709,0.02209709,0.02209709,0.02209709,0.02209709,0.02209709,0.02209709,0.02209709,0.02209709,0.02209709,0.02209709,0.02209709,0.02209709,0.02209709,0.02209709,0.02209709,0.02209709,0.02209709,0.02209709,0.02209709,0.02209709,0.02209709,0.02209709,0.02209709,0.02209709,0.02209709,0.02209709,0.02209709,0.02209709,0.02209709,0.02209709,0.02209709,0.02209709,0.02209709,0.02209709,0.02209709,0.02209709,0.02209709,0.02209709,0.02209709,0.02209709,0.02209709,0.02209709,0.02209709,0.02209709,0.02209709,0.02209709,0.02209709,0.02209709,0.02209709,0.02209709,0.02209709,0.02209709,0.02209709,0.02209709,0.02209709,0.02209709,0.02209709,0.02209709,0.02209709,0.02209709,0.02209709,0.02209709,0.02209709,0.02209709,0.02209709,0.02209709,0.02209709,0.02209709,0.02209709,0.02209709,0.02209709,0.02209709,0.02209709,0.02209709,0.02209709,0.02209709,0.02209709,0.02209709,0.02209709,0.02209709,0.02209709,0.02209709,0.02209709,0.02209709,0.02209709,0.02209709,0.02209709,0.02209709,0.02209709,0.02209709,0.02209709,0.02209709,0.02209709,0.02209709,0.02209709,0.02209709,0.02209709,0.02209709,0.02209709,0.02209709,0.02209709,0.02209709,0.02209709,0.02209709,0.02209709,0.02209709,0.02209709,0.02209709,0.02209709,0.02209709,0.02209709,0.02209709,0.02209709,0.02209709,0.02209709] general.normalize_tangent_distributions=True
srun python train.py experiment=general_fm seed=34 hydra.run.dir=/scratch-shared/$USER/outputs/runs/gtg/poincare/norm/poi_d512_c3_s34 general.manifold=poincare general.dim=512 general.curvature=3.0 general.std_x0=0.3 general.std_x1=0.3 general.mean_x0=[0.00000000,0.00000000,0.00000000,0.00000000,0.00000000,0.00000000,0.00000000,0.00000000,0.00000000,0.00000000,0.00000000,0.00000000,0.00000000,0.00000000,0.00000000,0.00000000,0.00000000,0.00000000,0.00000000,0.00000000,0.00000000,0.00000000,0.00000000,0.00000000,0.00000000,0.00000000,0.00000000,0.00000000,0.00000000,0.00000000,0.00000000,0.00000000,0.00000000,0.00000000,0.00000000,0.00000000,0.00000000,0.00000000,0.00000000,0.00000000,0.00000000,0.00000000,0.00000000,0.00000000,0.00000000,0.00000000,0.00000000,0.00000000,0.00000000,0.00000000,0.00000000,0.00000000,0.00000000,0.00000000,0.00000000,0.00000000,0.00000000,0.00000000,0.00000000,0.00000000,0.00000000,0.00000000,0.00000000,0.00000000,0.00000000,0.00000000,0.00000000,0.00000000,0.00000000,0.00000000,0.00000000,0.00000000,0.00000000,0.00000000,0.00000000,0.00000000,0.00000000,0.00000000,0.00000000,0.00000000,0.00000000,0.00000000,0.00000000,0.00000000,0.00000000,0.00000000,0.00000000,0.00000000,0.00000000,0.00000000,0.00000000,0.00000000,0.00000000,0.00000000,0.00000000,0.00000000,0.00000000,0.00000000,0.00000000,0.00000000,0.00000000,0.00000000,0.00000000,0.00000000,0.00000000,0.00000000,0.00000000,0.00000000,0.00000000,0.00000000,0.00000000,0.00000000,0.00000000,0.00000000,0.00000000,0.00000000,0.00000000,0.00000000,0.00000000,0.00000000,0.00000000,0.00000000,0.00000000,0.00000000,0.00000000,0.00000000,0.00000000,0.00000000,0.00000000,0.00000000,0.00000000,0.00000000,0.00000000,0.00000000,0.00000000,0.00000000,0.00000000,0.00000000,0.00000000,0.00000000,0.00000000,0.00000000,0.00000000,0.00000000,0.00000000,0.00000000,0.00000000,0.00000000,0.00000000,0.00000000,0.00000000,0.00000000,0.00000000,0.00000000,0.00000000,0.00000000,0.00000000,0.00000000,0.00000000,0.00000000,0.00000000,0.00000000,0.00000000,0.00000000,0.00000000,0.00000000,0.00000000,0.00000000,0.00000000,0.00000000,0.00000000,0.00000000,0.00000000,0.00000000,0.00000000,0.00000000,0.00000000,0.00000000,0.00000000,0.00000000,0.00000000,0.00000000,0.00000000,0.00000000,0.00000000,0.00000000,0.00000000,0.00000000,0.00000000,0.00000000,0.00000000,0.00000000,0.00000000,0.00000000,0.00000000,0.00000000,0.00000000,0.00000000,0.00000000,0.00000000,0.00000000,0.00000000,0.00000000,0.00000000,0.00000000,0.00000000,0.00000000,0.00000000,0.00000000,0.00000000,0.00000000,0.00000000,0.00000000,0.00000000,0.00000000,0.00000000,0.00000000,0.00000000,0.00000000,0.00000000,0.00000000,0.00000000,0.00000000,0.00000000,0.00000000,0.00000000,0.00000000,0.00000000,0.00000000,0.00000000,0.00000000,0.00000000,0.00000000,0.00000000,0.00000000,0.00000000,0.00000000,0.00000000,0.00000000,0.00000000,0.00000000,0.00000000,0.00000000,0.00000000,0.00000000,0.00000000,0.00000000,0.00000000,0.00000000,0.00000000,0.00000000,0.00000000,0.00000000,0.00000000,0.00000000,0.00000000,0.00000000,0.00000000,0.00000000,0.00000000,0.00000000,0.00000000,0.00000000,0.00000000,0.00000000,0.00000000,0.00000000,0.00000000,0.00000000,0.00000000,0.00000000,0.00000000,0.00000000,0.00000000,0.00000000,0.00000000,0.00000000,0.00000000,0.00000000,0.00000000,0.00000000,0.00000000,0.00000000,0.00000000,0.00000000,0.00000000,0.00000000,0.00000000,0.00000000,0.00000000,0.00000000,0.00000000,0.00000000,0.00000000,0.00000000,0.00000000,0.00000000,0.00000000,0.00000000,0.00000000,0.00000000,0.00000000,0.00000000,0.00000000,0.00000000,0.00000000,0.00000000,0.00000000,0.00000000,0.00000000,0.00000000,0.00000000,0.00000000,0.00000000,0.00000000,0.00000000,0.00000000,0.00000000,0.00000000,0.00000000,0.00000000,0.00000000,0.00000000,0.00000000,0.00000000,0.00000000,0.00000000,0.00000000,0.00000000,0.00000000,0.00000000,0.00000000,0.00000000,0.00000000,0.00000000,0.00000000,0.00000000,0.00000000,0.00000000,0.00000000,0.00000000,0.00000000,0.00000000,0.00000000,0.00000000,0.00000000,0.00000000,0.00000000,0.00000000,0.00000000,0.00000000,0.00000000,0.00000000,0.00000000,0.00000000,0.00000000,0.00000000,0.00000000,0.00000000,0.00000000,0.00000000,0.00000000,0.00000000,0.00000000,0.00000000,0.00000000,0.00000000,0.00000000,0.00000000,0.00000000,0.00000000,0.00000000,0.00000000,0.00000000,0.00000000,0.00000000,0.00000000,0.00000000,0.00000000,0.00000000,0.00000000,0.00000000,0.00000000,0.00000000,0.00000000,0.00000000,0.00000000,0.00000000,0.00000000,0.00000000,0.00000000,0.00000000,0.00000000,0.00000000,0.00000000,0.00000000,0.00000000,0.00000000,0.00000000,0.00000000,0.00000000,0.00000000,0.00000000,0.00000000,0.00000000,0.00000000,0.00000000,0.00000000,0.00000000,0.00000000,0.00000000,0.00000000,0.00000000,0.00000000,0.00000000,0.00000000,0.00000000,0.00000000,0.00000000,0.00000000,0.00000000,0.00000000,0.00000000,0.00000000,0.00000000,0.00000000,0.00000000,0.00000000,0.00000000,0.00000000,0.00000000,0.00000000,0.00000000,0.00000000,0.00000000,0.00000000,0.00000000,0.00000000,0.00000000,0.00000000,0.00000000,0.00000000,0.00000000,0.00000000,0.00000000,0.00000000,0.00000000,0.00000000,0.00000000,0.00000000,0.00000000,0.00000000,0.00000000,0.00000000,0.00000000,0.00000000,0.00000000,0.00000000,0.00000000,0.00000000,0.00000000,0.00000000,0.00000000,0.00000000,0.00000000,0.00000000,0.00000000,0.00000000,0.00000000,0.00000000,0.00000000,0.00000000,0.00000000,0.00000000,0.00000000,0.00000000,0.00000000,0.00000000,0.00000000,0.00000000,0.00000000,0.00000000,0.00000000,0.00000000,0.00000000,0.00000000,0.00000000,0.00000000,0.00000000,0.00000000,0.00000000,0.00000000,0.00000000,0.00000000,0.00000000,0.00000000,0.00000000,0.00000000,0.00000000,0.00000000,0.00000000,0.00000000,0.00000000,0.00000000,0.00000000,0.00000000,0.00000000,0.00000000,0.00000000,0.00000000,0.00000000,0.00000000] general.mean_x1=[0.02209709,0.02209709,0.02209709,0.02209709,0.02209709,0.02209709,0.02209709,0.02209709,0.02209709,0.02209709,0.02209709,0.02209709,0.02209709,0.02209709,0.02209709,0.02209709,0.02209709,0.02209709,0.02209709,0.02209709,0.02209709,0.02209709,0.02209709,0.02209709,0.02209709,0.02209709,0.02209709,0.02209709,0.02209709,0.02209709,0.02209709,0.02209709,0.02209709,0.02209709,0.02209709,0.02209709,0.02209709,0.02209709,0.02209709,0.02209709,0.02209709,0.02209709,0.02209709,0.02209709,0.02209709,0.02209709,0.02209709,0.02209709,0.02209709,0.02209709,0.02209709,0.02209709,0.02209709,0.02209709,0.02209709,0.02209709,0.02209709,0.02209709,0.02209709,0.02209709,0.02209709,0.02209709,0.02209709,0.02209709,0.02209709,0.02209709,0.02209709,0.02209709,0.02209709,0.02209709,0.02209709,0.02209709,0.02209709,0.02209709,0.02209709,0.02209709,0.02209709,0.02209709,0.02209709,0.02209709,0.02209709,0.02209709,0.02209709,0.02209709,0.02209709,0.02209709,0.02209709,0.02209709,0.02209709,0.02209709,0.02209709,0.02209709,0.02209709,0.02209709,0.02209709,0.02209709,0.02209709,0.02209709,0.02209709,0.02209709,0.02209709,0.02209709,0.02209709,0.02209709,0.02209709,0.02209709,0.02209709,0.02209709,0.02209709,0.02209709,0.02209709,0.02209709,0.02209709,0.02209709,0.02209709,0.02209709,0.02209709,0.02209709,0.02209709,0.02209709,0.02209709,0.02209709,0.02209709,0.02209709,0.02209709,0.02209709,0.02209709,0.02209709,0.02209709,0.02209709,0.02209709,0.02209709,0.02209709,0.02209709,0.02209709,0.02209709,0.02209709,0.02209709,0.02209709,0.02209709,0.02209709,0.02209709,0.02209709,0.02209709,0.02209709,0.02209709,0.02209709,0.02209709,0.02209709,0.02209709,0.02209709,0.02209709,0.02209709,0.02209709,0.02209709,0.02209709,0.02209709,0.02209709,0.02209709,0.02209709,0.02209709,0.02209709,0.02209709,0.02209709,0.02209709,0.02209709,0.02209709,0.02209709,0.02209709,0.02209709,0.02209709,0.02209709,0.02209709,0.02209709,0.02209709,0.02209709,0.02209709,0.02209709,0.02209709,0.02209709,0.02209709,0.02209709,0.02209709,0.02209709,0.02209709,0.02209709,0.02209709,0.02209709,0.02209709,0.02209709,0.02209709,0.02209709,0.02209709,0.02209709,0.02209709,0.02209709,0.02209709,0.02209709,0.02209709,0.02209709,0.02209709,0.02209709,0.02209709,0.02209709,0.02209709,0.02209709,0.02209709,0.02209709,0.02209709,0.02209709,0.02209709,0.02209709,0.02209709,0.02209709,0.02209709,0.02209709,0.02209709,0.02209709,0.02209709,0.02209709,0.02209709,0.02209709,0.02209709,0.02209709,0.02209709,0.02209709,0.02209709,0.02209709,0.02209709,0.02209709,0.02209709,0.02209709,0.02209709,0.02209709,0.02209709,0.02209709,0.02209709,0.02209709,0.02209709,0.02209709,0.02209709,0.02209709,0.02209709,0.02209709,0.02209709,0.02209709,0.02209709,0.02209709,0.02209709,0.02209709,0.02209709,0.02209709,0.02209709,0.02209709,0.02209709,0.02209709,0.02209709,0.02209709,0.02209709,0.02209709,0.02209709,0.02209709,0.02209709,0.02209709,0.02209709,0.02209709,0.02209709,0.02209709,0.02209709,0.02209709,0.02209709,0.02209709,0.02209709,0.02209709,0.02209709,0.02209709,0.02209709,0.02209709,0.02209709,0.02209709,0.02209709,0.02209709,0.02209709,0.02209709,0.02209709,0.02209709,0.02209709,0.02209709,0.02209709,0.02209709,0.02209709,0.02209709,0.02209709,0.02209709,0.02209709,0.02209709,0.02209709,0.02209709,0.02209709,0.02209709,0.02209709,0.02209709,0.02209709,0.02209709,0.02209709,0.02209709,0.02209709,0.02209709,0.02209709,0.02209709,0.02209709,0.02209709,0.02209709,0.02209709,0.02209709,0.02209709,0.02209709,0.02209709,0.02209709,0.02209709,0.02209709,0.02209709,0.02209709,0.02209709,0.02209709,0.02209709,0.02209709,0.02209709,0.02209709,0.02209709,0.02209709,0.02209709,0.02209709,0.02209709,0.02209709,0.02209709,0.02209709,0.02209709,0.02209709,0.02209709,0.02209709,0.02209709,0.02209709,0.02209709,0.02209709,0.02209709,0.02209709,0.02209709,0.02209709,0.02209709,0.02209709,0.02209709,0.02209709,0.02209709,0.02209709,0.02209709,0.02209709,0.02209709,0.02209709,0.02209709,0.02209709,0.02209709,0.02209709,0.02209709,0.02209709,0.02209709,0.02209709,0.02209709,0.02209709,0.02209709,0.02209709,0.02209709,0.02209709,0.02209709,0.02209709,0.02209709,0.02209709,0.02209709,0.02209709,0.02209709,0.02209709,0.02209709,0.02209709,0.02209709,0.02209709,0.02209709,0.02209709,0.02209709,0.02209709,0.02209709,0.02209709,0.02209709,0.02209709,0.02209709,0.02209709,0.02209709,0.02209709,0.02209709,0.02209709,0.02209709,0.02209709,0.02209709,0.02209709,0.02209709,0.02209709,0.02209709,0.02209709,0.02209709,0.02209709,0.02209709,0.02209709,0.02209709,0.02209709,0.02209709,0.02209709,0.02209709,0.02209709,0.02209709,0.02209709,0.02209709,0.02209709,0.02209709,0.02209709,0.02209709,0.02209709,0.02209709,0.02209709,0.02209709,0.02209709,0.02209709,0.02209709,0.02209709,0.02209709,0.02209709,0.02209709,0.02209709,0.02209709,0.02209709,0.02209709,0.02209709,0.02209709,0.02209709,0.02209709,0.02209709,0.02209709,0.02209709,0.02209709,0.02209709,0.02209709,0.02209709,0.02209709,0.02209709,0.02209709,0.02209709,0.02209709,0.02209709,0.02209709,0.02209709,0.02209709,0.02209709,0.02209709,0.02209709,0.02209709,0.02209709,0.02209709,0.02209709,0.02209709,0.02209709,0.02209709,0.02209709,0.02209709,0.02209709,0.02209709,0.02209709,0.02209709,0.02209709,0.02209709,0.02209709,0.02209709,0.02209709,0.02209709,0.02209709,0.02209709,0.02209709,0.02209709,0.02209709,0.02209709,0.02209709,0.02209709,0.02209709,0.02209709,0.02209709,0.02209709,0.02209709,0.02209709,0.02209709,0.02209709,0.02209709,0.02209709,0.02209709,0.02209709,0.02209709,0.02209709,0.02209709,0.02209709,0.02209709,0.02209709,0.02209709,0.02209709,0.02209709,0.02209709,0.02209709] general.normalize_tangent_distributions=True
srun python train.py experiment=general_fm seed=34 hydra.run.dir=/scratch-shared/$USER/outputs/runs/gtg/poincare/norm/poi_d512_c5_s34 general.manifold=poincare general.dim=512 general.curvature=5.0 general.std_x0=0.3 general.std_x1=0.3 general.mean_x0=[0.00000000,0.00000000,0.00000000,0.00000000,0.00000000,0.00000000,0.00000000,0.00000000,0.00000000,0.00000000,0.00000000,0.00000000,0.00000000,0.00000000,0.00000000,0.00000000,0.00000000,0.00000000,0.00000000,0.00000000,0.00000000,0.00000000,0.00000000,0.00000000,0.00000000,0.00000000,0.00000000,0.00000000,0.00000000,0.00000000,0.00000000,0.00000000,0.00000000,0.00000000,0.00000000,0.00000000,0.00000000,0.00000000,0.00000000,0.00000000,0.00000000,0.00000000,0.00000000,0.00000000,0.00000000,0.00000000,0.00000000,0.00000000,0.00000000,0.00000000,0.00000000,0.00000000,0.00000000,0.00000000,0.00000000,0.00000000,0.00000000,0.00000000,0.00000000,0.00000000,0.00000000,0.00000000,0.00000000,0.00000000,0.00000000,0.00000000,0.00000000,0.00000000,0.00000000,0.00000000,0.00000000,0.00000000,0.00000000,0.00000000,0.00000000,0.00000000,0.00000000,0.00000000,0.00000000,0.00000000,0.00000000,0.00000000,0.00000000,0.00000000,0.00000000,0.00000000,0.00000000,0.00000000,0.00000000,0.00000000,0.00000000,0.00000000,0.00000000,0.00000000,0.00000000,0.00000000,0.00000000,0.00000000,0.00000000,0.00000000,0.00000000,0.00000000,0.00000000,0.00000000,0.00000000,0.00000000,0.00000000,0.00000000,0.00000000,0.00000000,0.00000000,0.00000000,0.00000000,0.00000000,0.00000000,0.00000000,0.00000000,0.00000000,0.00000000,0.00000000,0.00000000,0.00000000,0.00000000,0.00000000,0.00000000,0.00000000,0.00000000,0.00000000,0.00000000,0.00000000,0.00000000,0.00000000,0.00000000,0.00000000,0.00000000,0.00000000,0.00000000,0.00000000,0.00000000,0.00000000,0.00000000,0.00000000,0.00000000,0.00000000,0.00000000,0.00000000,0.00000000,0.00000000,0.00000000,0.00000000,0.00000000,0.00000000,0.00000000,0.00000000,0.00000000,0.00000000,0.00000000,0.00000000,0.00000000,0.00000000,0.00000000,0.00000000,0.00000000,0.00000000,0.00000000,0.00000000,0.00000000,0.00000000,0.00000000,0.00000000,0.00000000,0.00000000,0.00000000,0.00000000,0.00000000,0.00000000,0.00000000,0.00000000,0.00000000,0.00000000,0.00000000,0.00000000,0.00000000,0.00000000,0.00000000,0.00000000,0.00000000,0.00000000,0.00000000,0.00000000,0.00000000,0.00000000,0.00000000,0.00000000,0.00000000,0.00000000,0.00000000,0.00000000,0.00000000,0.00000000,0.00000000,0.00000000,0.00000000,0.00000000,0.00000000,0.00000000,0.00000000,0.00000000,0.00000000,0.00000000,0.00000000,0.00000000,0.00000000,0.00000000,0.00000000,0.00000000,0.00000000,0.00000000,0.00000000,0.00000000,0.00000000,0.00000000,0.00000000,0.00000000,0.00000000,0.00000000,0.00000000,0.00000000,0.00000000,0.00000000,0.00000000,0.00000000,0.00000000,0.00000000,0.00000000,0.00000000,0.00000000,0.00000000,0.00000000,0.00000000,0.00000000,0.00000000,0.00000000,0.00000000,0.00000000,0.00000000,0.00000000,0.00000000,0.00000000,0.00000000,0.00000000,0.00000000,0.00000000,0.00000000,0.00000000,0.00000000,0.00000000,0.00000000,0.00000000,0.00000000,0.00000000,0.00000000,0.00000000,0.00000000,0.00000000,0.00000000,0.00000000,0.00000000,0.00000000,0.00000000,0.00000000,0.00000000,0.00000000,0.00000000,0.00000000,0.00000000,0.00000000,0.00000000,0.00000000,0.00000000,0.00000000,0.00000000,0.00000000,0.00000000,0.00000000,0.00000000,0.00000000,0.00000000,0.00000000,0.00000000,0.00000000,0.00000000,0.00000000,0.00000000,0.00000000,0.00000000,0.00000000,0.00000000,0.00000000,0.00000000,0.00000000,0.00000000,0.00000000,0.00000000,0.00000000,0.00000000,0.00000000,0.00000000,0.00000000,0.00000000,0.00000000,0.00000000,0.00000000,0.00000000,0.00000000,0.00000000,0.00000000,0.00000000,0.00000000,0.00000000,0.00000000,0.00000000,0.00000000,0.00000000,0.00000000,0.00000000,0.00000000,0.00000000,0.00000000,0.00000000,0.00000000,0.00000000,0.00000000,0.00000000,0.00000000,0.00000000,0.00000000,0.00000000,0.00000000,0.00000000,0.00000000,0.00000000,0.00000000,0.00000000,0.00000000,0.00000000,0.00000000,0.00000000,0.00000000,0.00000000,0.00000000,0.00000000,0.00000000,0.00000000,0.00000000,0.00000000,0.00000000,0.00000000,0.00000000,0.00000000,0.00000000,0.00000000,0.00000000,0.00000000,0.00000000,0.00000000,0.00000000,0.00000000,0.00000000,0.00000000,0.00000000,0.00000000,0.00000000,0.00000000,0.00000000,0.00000000,0.00000000,0.00000000,0.00000000,0.00000000,0.00000000,0.00000000,0.00000000,0.00000000,0.00000000,0.00000000,0.00000000,0.00000000,0.00000000,0.00000000,0.00000000,0.00000000,0.00000000,0.00000000,0.00000000,0.00000000,0.00000000,0.00000000,0.00000000,0.00000000,0.00000000,0.00000000,0.00000000,0.00000000,0.00000000,0.00000000,0.00000000,0.00000000,0.00000000,0.00000000,0.00000000,0.00000000,0.00000000,0.00000000,0.00000000,0.00000000,0.00000000,0.00000000,0.00000000,0.00000000,0.00000000,0.00000000,0.00000000,0.00000000,0.00000000,0.00000000,0.00000000,0.00000000,0.00000000,0.00000000,0.00000000,0.00000000,0.00000000,0.00000000,0.00000000,0.00000000,0.00000000,0.00000000,0.00000000,0.00000000,0.00000000,0.00000000,0.00000000,0.00000000,0.00000000,0.00000000,0.00000000,0.00000000,0.00000000,0.00000000,0.00000000,0.00000000,0.00000000,0.00000000,0.00000000,0.00000000,0.00000000,0.00000000,0.00000000,0.00000000,0.00000000,0.00000000,0.00000000,0.00000000,0.00000000,0.00000000,0.00000000,0.00000000,0.00000000,0.00000000,0.00000000,0.00000000,0.00000000,0.00000000,0.00000000,0.00000000,0.00000000,0.00000000,0.00000000,0.00000000,0.00000000,0.00000000,0.00000000,0.00000000,0.00000000,0.00000000,0.00000000,0.00000000,0.00000000,0.00000000,0.00000000,0.00000000,0.00000000,0.00000000,0.00000000,0.00000000,0.00000000,0.00000000,0.00000000,0.00000000,0.00000000,0.00000000,0.00000000,0.00000000,0.00000000,0.00000000,0.00000000,0.00000000,0.00000000,0.00000000,0.00000000,0.00000000] general.mean_x1=[0.02209709,0.02209709,0.02209709,0.02209709,0.02209709,0.02209709,0.02209709,0.02209709,0.02209709,0.02209709,0.02209709,0.02209709,0.02209709,0.02209709,0.02209709,0.02209709,0.02209709,0.02209709,0.02209709,0.02209709,0.02209709,0.02209709,0.02209709,0.02209709,0.02209709,0.02209709,0.02209709,0.02209709,0.02209709,0.02209709,0.02209709,0.02209709,0.02209709,0.02209709,0.02209709,0.02209709,0.02209709,0.02209709,0.02209709,0.02209709,0.02209709,0.02209709,0.02209709,0.02209709,0.02209709,0.02209709,0.02209709,0.02209709,0.02209709,0.02209709,0.02209709,0.02209709,0.02209709,0.02209709,0.02209709,0.02209709,0.02209709,0.02209709,0.02209709,0.02209709,0.02209709,0.02209709,0.02209709,0.02209709,0.02209709,0.02209709,0.02209709,0.02209709,0.02209709,0.02209709,0.02209709,0.02209709,0.02209709,0.02209709,0.02209709,0.02209709,0.02209709,0.02209709,0.02209709,0.02209709,0.02209709,0.02209709,0.02209709,0.02209709,0.02209709,0.02209709,0.02209709,0.02209709,0.02209709,0.02209709,0.02209709,0.02209709,0.02209709,0.02209709,0.02209709,0.02209709,0.02209709,0.02209709,0.02209709,0.02209709,0.02209709,0.02209709,0.02209709,0.02209709,0.02209709,0.02209709,0.02209709,0.02209709,0.02209709,0.02209709,0.02209709,0.02209709,0.02209709,0.02209709,0.02209709,0.02209709,0.02209709,0.02209709,0.02209709,0.02209709,0.02209709,0.02209709,0.02209709,0.02209709,0.02209709,0.02209709,0.02209709,0.02209709,0.02209709,0.02209709,0.02209709,0.02209709,0.02209709,0.02209709,0.02209709,0.02209709,0.02209709,0.02209709,0.02209709,0.02209709,0.02209709,0.02209709,0.02209709,0.02209709,0.02209709,0.02209709,0.02209709,0.02209709,0.02209709,0.02209709,0.02209709,0.02209709,0.02209709,0.02209709,0.02209709,0.02209709,0.02209709,0.02209709,0.02209709,0.02209709,0.02209709,0.02209709,0.02209709,0.02209709,0.02209709,0.02209709,0.02209709,0.02209709,0.02209709,0.02209709,0.02209709,0.02209709,0.02209709,0.02209709,0.02209709,0.02209709,0.02209709,0.02209709,0.02209709,0.02209709,0.02209709,0.02209709,0.02209709,0.02209709,0.02209709,0.02209709,0.02209709,0.02209709,0.02209709,0.02209709,0.02209709,0.02209709,0.02209709,0.02209709,0.02209709,0.02209709,0.02209709,0.02209709,0.02209709,0.02209709,0.02209709,0.02209709,0.02209709,0.02209709,0.02209709,0.02209709,0.02209709,0.02209709,0.02209709,0.02209709,0.02209709,0.02209709,0.02209709,0.02209709,0.02209709,0.02209709,0.02209709,0.02209709,0.02209709,0.02209709,0.02209709,0.02209709,0.02209709,0.02209709,0.02209709,0.02209709,0.02209709,0.02209709,0.02209709,0.02209709,0.02209709,0.02209709,0.02209709,0.02209709,0.02209709,0.02209709,0.02209709,0.02209709,0.02209709,0.02209709,0.02209709,0.02209709,0.02209709,0.02209709,0.02209709,0.02209709,0.02209709,0.02209709,0.02209709,0.02209709,0.02209709,0.02209709,0.02209709,0.02209709,0.02209709,0.02209709,0.02209709,0.02209709,0.02209709,0.02209709,0.02209709,0.02209709,0.02209709,0.02209709,0.02209709,0.02209709,0.02209709,0.02209709,0.02209709,0.02209709,0.02209709,0.02209709,0.02209709,0.02209709,0.02209709,0.02209709,0.02209709,0.02209709,0.02209709,0.02209709,0.02209709,0.02209709,0.02209709,0.02209709,0.02209709,0.02209709,0.02209709,0.02209709,0.02209709,0.02209709,0.02209709,0.02209709,0.02209709,0.02209709,0.02209709,0.02209709,0.02209709,0.02209709,0.02209709,0.02209709,0.02209709,0.02209709,0.02209709,0.02209709,0.02209709,0.02209709,0.02209709,0.02209709,0.02209709,0.02209709,0.02209709,0.02209709,0.02209709,0.02209709,0.02209709,0.02209709,0.02209709,0.02209709,0.02209709,0.02209709,0.02209709,0.02209709,0.02209709,0.02209709,0.02209709,0.02209709,0.02209709,0.02209709,0.02209709,0.02209709,0.02209709,0.02209709,0.02209709,0.02209709,0.02209709,0.02209709,0.02209709,0.02209709,0.02209709,0.02209709,0.02209709,0.02209709,0.02209709,0.02209709,0.02209709,0.02209709,0.02209709,0.02209709,0.02209709,0.02209709,0.02209709,0.02209709,0.02209709,0.02209709,0.02209709,0.02209709,0.02209709,0.02209709,0.02209709,0.02209709,0.02209709,0.02209709,0.02209709,0.02209709,0.02209709,0.02209709,0.02209709,0.02209709,0.02209709,0.02209709,0.02209709,0.02209709,0.02209709,0.02209709,0.02209709,0.02209709,0.02209709,0.02209709,0.02209709,0.02209709,0.02209709,0.02209709,0.02209709,0.02209709,0.02209709,0.02209709,0.02209709,0.02209709,0.02209709,0.02209709,0.02209709,0.02209709,0.02209709,0.02209709,0.02209709,0.02209709,0.02209709,0.02209709,0.02209709,0.02209709,0.02209709,0.02209709,0.02209709,0.02209709,0.02209709,0.02209709,0.02209709,0.02209709,0.02209709,0.02209709,0.02209709,0.02209709,0.02209709,0.02209709,0.02209709,0.02209709,0.02209709,0.02209709,0.02209709,0.02209709,0.02209709,0.02209709,0.02209709,0.02209709,0.02209709,0.02209709,0.02209709,0.02209709,0.02209709,0.02209709,0.02209709,0.02209709,0.02209709,0.02209709,0.02209709,0.02209709,0.02209709,0.02209709,0.02209709,0.02209709,0.02209709,0.02209709,0.02209709,0.02209709,0.02209709,0.02209709,0.02209709,0.02209709,0.02209709,0.02209709,0.02209709,0.02209709,0.02209709,0.02209709,0.02209709,0.02209709,0.02209709,0.02209709,0.02209709,0.02209709,0.02209709,0.02209709,0.02209709,0.02209709,0.02209709,0.02209709,0.02209709,0.02209709,0.02209709,0.02209709,0.02209709,0.02209709,0.02209709,0.02209709,0.02209709,0.02209709,0.02209709,0.02209709,0.02209709,0.02209709,0.02209709,0.02209709,0.02209709,0.02209709,0.02209709,0.02209709,0.02209709,0.02209709,0.02209709,0.02209709,0.02209709,0.02209709,0.02209709,0.02209709,0.02209709,0.02209709,0.02209709,0.02209709,0.02209709,0.02209709,0.02209709,0.02209709,0.02209709,0.02209709,0.02209709,0.02209709,0.02209709,0.02209709,0.02209709,0.02209709,0.02209709,0.02209709] general.normalize_tangent_distributions=True
srun python train.py experiment=general_fm seed=34 hydra.run.dir=/scratch-shared/$USER/outputs/runs/gtg/poincare/norm/poi_d512_c10_s34 general.manifold=poincare general.dim=512 general.curvature=10.0 general.std_x0=0.3 general.std_x1=0.3 general.mean_x0=[0.00000000,0.00000000,0.00000000,0.00000000,0.00000000,0.00000000,0.00000000,0.00000000,0.00000000,0.00000000,0.00000000,0.00000000,0.00000000,0.00000000,0.00000000,0.00000000,0.00000000,0.00000000,0.00000000,0.00000000,0.00000000,0.00000000,0.00000000,0.00000000,0.00000000,0.00000000,0.00000000,0.00000000,0.00000000,0.00000000,0.00000000,0.00000000,0.00000000,0.00000000,0.00000000,0.00000000,0.00000000,0.00000000,0.00000000,0.00000000,0.00000000,0.00000000,0.00000000,0.00000000,0.00000000,0.00000000,0.00000000,0.00000000,0.00000000,0.00000000,0.00000000,0.00000000,0.00000000,0.00000000,0.00000000,0.00000000,0.00000000,0.00000000,0.00000000,0.00000000,0.00000000,0.00000000,0.00000000,0.00000000,0.00000000,0.00000000,0.00000000,0.00000000,0.00000000,0.00000000,0.00000000,0.00000000,0.00000000,0.00000000,0.00000000,0.00000000,0.00000000,0.00000000,0.00000000,0.00000000,0.00000000,0.00000000,0.00000000,0.00000000,0.00000000,0.00000000,0.00000000,0.00000000,0.00000000,0.00000000,0.00000000,0.00000000,0.00000000,0.00000000,0.00000000,0.00000000,0.00000000,0.00000000,0.00000000,0.00000000,0.00000000,0.00000000,0.00000000,0.00000000,0.00000000,0.00000000,0.00000000,0.00000000,0.00000000,0.00000000,0.00000000,0.00000000,0.00000000,0.00000000,0.00000000,0.00000000,0.00000000,0.00000000,0.00000000,0.00000000,0.00000000,0.00000000,0.00000000,0.00000000,0.00000000,0.00000000,0.00000000,0.00000000,0.00000000,0.00000000,0.00000000,0.00000000,0.00000000,0.00000000,0.00000000,0.00000000,0.00000000,0.00000000,0.00000000,0.00000000,0.00000000,0.00000000,0.00000000,0.00000000,0.00000000,0.00000000,0.00000000,0.00000000,0.00000000,0.00000000,0.00000000,0.00000000,0.00000000,0.00000000,0.00000000,0.00000000,0.00000000,0.00000000,0.00000000,0.00000000,0.00000000,0.00000000,0.00000000,0.00000000,0.00000000,0.00000000,0.00000000,0.00000000,0.00000000,0.00000000,0.00000000,0.00000000,0.00000000,0.00000000,0.00000000,0.00000000,0.00000000,0.00000000,0.00000000,0.00000000,0.00000000,0.00000000,0.00000000,0.00000000,0.00000000,0.00000000,0.00000000,0.00000000,0.00000000,0.00000000,0.00000000,0.00000000,0.00000000,0.00000000,0.00000000,0.00000000,0.00000000,0.00000000,0.00000000,0.00000000,0.00000000,0.00000000,0.00000000,0.00000000,0.00000000,0.00000000,0.00000000,0.00000000,0.00000000,0.00000000,0.00000000,0.00000000,0.00000000,0.00000000,0.00000000,0.00000000,0.00000000,0.00000000,0.00000000,0.00000000,0.00000000,0.00000000,0.00000000,0.00000000,0.00000000,0.00000000,0.00000000,0.00000000,0.00000000,0.00000000,0.00000000,0.00000000,0.00000000,0.00000000,0.00000000,0.00000000,0.00000000,0.00000000,0.00000000,0.00000000,0.00000000,0.00000000,0.00000000,0.00000000,0.00000000,0.00000000,0.00000000,0.00000000,0.00000000,0.00000000,0.00000000,0.00000000,0.00000000,0.00000000,0.00000000,0.00000000,0.00000000,0.00000000,0.00000000,0.00000000,0.00000000,0.00000000,0.00000000,0.00000000,0.00000000,0.00000000,0.00000000,0.00000000,0.00000000,0.00000000,0.00000000,0.00000000,0.00000000,0.00000000,0.00000000,0.00000000,0.00000000,0.00000000,0.00000000,0.00000000,0.00000000,0.00000000,0.00000000,0.00000000,0.00000000,0.00000000,0.00000000,0.00000000,0.00000000,0.00000000,0.00000000,0.00000000,0.00000000,0.00000000,0.00000000,0.00000000,0.00000000,0.00000000,0.00000000,0.00000000,0.00000000,0.00000000,0.00000000,0.00000000,0.00000000,0.00000000,0.00000000,0.00000000,0.00000000,0.00000000,0.00000000,0.00000000,0.00000000,0.00000000,0.00000000,0.00000000,0.00000000,0.00000000,0.00000000,0.00000000,0.00000000,0.00000000,0.00000000,0.00000000,0.00000000,0.00000000,0.00000000,0.00000000,0.00000000,0.00000000,0.00000000,0.00000000,0.00000000,0.00000000,0.00000000,0.00000000,0.00000000,0.00000000,0.00000000,0.00000000,0.00000000,0.00000000,0.00000000,0.00000000,0.00000000,0.00000000,0.00000000,0.00000000,0.00000000,0.00000000,0.00000000,0.00000000,0.00000000,0.00000000,0.00000000,0.00000000,0.00000000,0.00000000,0.00000000,0.00000000,0.00000000,0.00000000,0.00000000,0.00000000,0.00000000,0.00000000,0.00000000,0.00000000,0.00000000,0.00000000,0.00000000,0.00000000,0.00000000,0.00000000,0.00000000,0.00000000,0.00000000,0.00000000,0.00000000,0.00000000,0.00000000,0.00000000,0.00000000,0.00000000,0.00000000,0.00000000,0.00000000,0.00000000,0.00000000,0.00000000,0.00000000,0.00000000,0.00000000,0.00000000,0.00000000,0.00000000,0.00000000,0.00000000,0.00000000,0.00000000,0.00000000,0.00000000,0.00000000,0.00000000,0.00000000,0.00000000,0.00000000,0.00000000,0.00000000,0.00000000,0.00000000,0.00000000,0.00000000,0.00000000,0.00000000,0.00000000,0.00000000,0.00000000,0.00000000,0.00000000,0.00000000,0.00000000,0.00000000,0.00000000,0.00000000,0.00000000,0.00000000,0.00000000,0.00000000,0.00000000,0.00000000,0.00000000,0.00000000,0.00000000,0.00000000,0.00000000,0.00000000,0.00000000,0.00000000,0.00000000,0.00000000,0.00000000,0.00000000,0.00000000,0.00000000,0.00000000,0.00000000,0.00000000,0.00000000,0.00000000,0.00000000,0.00000000,0.00000000,0.00000000,0.00000000,0.00000000,0.00000000,0.00000000,0.00000000,0.00000000,0.00000000,0.00000000,0.00000000,0.00000000,0.00000000,0.00000000,0.00000000,0.00000000,0.00000000,0.00000000,0.00000000,0.00000000,0.00000000,0.00000000,0.00000000,0.00000000,0.00000000,0.00000000,0.00000000,0.00000000,0.00000000,0.00000000,0.00000000,0.00000000,0.00000000,0.00000000,0.00000000,0.00000000,0.00000000,0.00000000,0.00000000,0.00000000,0.00000000,0.00000000,0.00000000,0.00000000,0.00000000,0.00000000,0.00000000,0.00000000,0.00000000,0.00000000,0.00000000,0.00000000,0.00000000,0.00000000,0.00000000,0.00000000,0.00000000,0.00000000,0.00000000,0.00000000] general.mean_x1=[0.02209709,0.02209709,0.02209709,0.02209709,0.02209709,0.02209709,0.02209709,0.02209709,0.02209709,0.02209709,0.02209709,0.02209709,0.02209709,0.02209709,0.02209709,0.02209709,0.02209709,0.02209709,0.02209709,0.02209709,0.02209709,0.02209709,0.02209709,0.02209709,0.02209709,0.02209709,0.02209709,0.02209709,0.02209709,0.02209709,0.02209709,0.02209709,0.02209709,0.02209709,0.02209709,0.02209709,0.02209709,0.02209709,0.02209709,0.02209709,0.02209709,0.02209709,0.02209709,0.02209709,0.02209709,0.02209709,0.02209709,0.02209709,0.02209709,0.02209709,0.02209709,0.02209709,0.02209709,0.02209709,0.02209709,0.02209709,0.02209709,0.02209709,0.02209709,0.02209709,0.02209709,0.02209709,0.02209709,0.02209709,0.02209709,0.02209709,0.02209709,0.02209709,0.02209709,0.02209709,0.02209709,0.02209709,0.02209709,0.02209709,0.02209709,0.02209709,0.02209709,0.02209709,0.02209709,0.02209709,0.02209709,0.02209709,0.02209709,0.02209709,0.02209709,0.02209709,0.02209709,0.02209709,0.02209709,0.02209709,0.02209709,0.02209709,0.02209709,0.02209709,0.02209709,0.02209709,0.02209709,0.02209709,0.02209709,0.02209709,0.02209709,0.02209709,0.02209709,0.02209709,0.02209709,0.02209709,0.02209709,0.02209709,0.02209709,0.02209709,0.02209709,0.02209709,0.02209709,0.02209709,0.02209709,0.02209709,0.02209709,0.02209709,0.02209709,0.02209709,0.02209709,0.02209709,0.02209709,0.02209709,0.02209709,0.02209709,0.02209709,0.02209709,0.02209709,0.02209709,0.02209709,0.02209709,0.02209709,0.02209709,0.02209709,0.02209709,0.02209709,0.02209709,0.02209709,0.02209709,0.02209709,0.02209709,0.02209709,0.02209709,0.02209709,0.02209709,0.02209709,0.02209709,0.02209709,0.02209709,0.02209709,0.02209709,0.02209709,0.02209709,0.02209709,0.02209709,0.02209709,0.02209709,0.02209709,0.02209709,0.02209709,0.02209709,0.02209709,0.02209709,0.02209709,0.02209709,0.02209709,0.02209709,0.02209709,0.02209709,0.02209709,0.02209709,0.02209709,0.02209709,0.02209709,0.02209709,0.02209709,0.02209709,0.02209709,0.02209709,0.02209709,0.02209709,0.02209709,0.02209709,0.02209709,0.02209709,0.02209709,0.02209709,0.02209709,0.02209709,0.02209709,0.02209709,0.02209709,0.02209709,0.02209709,0.02209709,0.02209709,0.02209709,0.02209709,0.02209709,0.02209709,0.02209709,0.02209709,0.02209709,0.02209709,0.02209709,0.02209709,0.02209709,0.02209709,0.02209709,0.02209709,0.02209709,0.02209709,0.02209709,0.02209709,0.02209709,0.02209709,0.02209709,0.02209709,0.02209709,0.02209709,0.02209709,0.02209709,0.02209709,0.02209709,0.02209709,0.02209709,0.02209709,0.02209709,0.02209709,0.02209709,0.02209709,0.02209709,0.02209709,0.02209709,0.02209709,0.02209709,0.02209709,0.02209709,0.02209709,0.02209709,0.02209709,0.02209709,0.02209709,0.02209709,0.02209709,0.02209709,0.02209709,0.02209709,0.02209709,0.02209709,0.02209709,0.02209709,0.02209709,0.02209709,0.02209709,0.02209709,0.02209709,0.02209709,0.02209709,0.02209709,0.02209709,0.02209709,0.02209709,0.02209709,0.02209709,0.02209709,0.02209709,0.02209709,0.02209709,0.02209709,0.02209709,0.02209709,0.02209709,0.02209709,0.02209709,0.02209709,0.02209709,0.02209709,0.02209709,0.02209709,0.02209709,0.02209709,0.02209709,0.02209709,0.02209709,0.02209709,0.02209709,0.02209709,0.02209709,0.02209709,0.02209709,0.02209709,0.02209709,0.02209709,0.02209709,0.02209709,0.02209709,0.02209709,0.02209709,0.02209709,0.02209709,0.02209709,0.02209709,0.02209709,0.02209709,0.02209709,0.02209709,0.02209709,0.02209709,0.02209709,0.02209709,0.02209709,0.02209709,0.02209709,0.02209709,0.02209709,0.02209709,0.02209709,0.02209709,0.02209709,0.02209709,0.02209709,0.02209709,0.02209709,0.02209709,0.02209709,0.02209709,0.02209709,0.02209709,0.02209709,0.02209709,0.02209709,0.02209709,0.02209709,0.02209709,0.02209709,0.02209709,0.02209709,0.02209709,0.02209709,0.02209709,0.02209709,0.02209709,0.02209709,0.02209709,0.02209709,0.02209709,0.02209709,0.02209709,0.02209709,0.02209709,0.02209709,0.02209709,0.02209709,0.02209709,0.02209709,0.02209709,0.02209709,0.02209709,0.02209709,0.02209709,0.02209709,0.02209709,0.02209709,0.02209709,0.02209709,0.02209709,0.02209709,0.02209709,0.02209709,0.02209709,0.02209709,0.02209709,0.02209709,0.02209709,0.02209709,0.02209709,0.02209709,0.02209709,0.02209709,0.02209709,0.02209709,0.02209709,0.02209709,0.02209709,0.02209709,0.02209709,0.02209709,0.02209709,0.02209709,0.02209709,0.02209709,0.02209709,0.02209709,0.02209709,0.02209709,0.02209709,0.02209709,0.02209709,0.02209709,0.02209709,0.02209709,0.02209709,0.02209709,0.02209709,0.02209709,0.02209709,0.02209709,0.02209709,0.02209709,0.02209709,0.02209709,0.02209709,0.02209709,0.02209709,0.02209709,0.02209709,0.02209709,0.02209709,0.02209709,0.02209709,0.02209709,0.02209709,0.02209709,0.02209709,0.02209709,0.02209709,0.02209709,0.02209709,0.02209709,0.02209709,0.02209709,0.02209709,0.02209709,0.02209709,0.02209709,0.02209709,0.02209709,0.02209709,0.02209709,0.02209709,0.02209709,0.02209709,0.02209709,0.02209709,0.02209709,0.02209709,0.02209709,0.02209709,0.02209709,0.02209709,0.02209709,0.02209709,0.02209709,0.02209709,0.02209709,0.02209709,0.02209709,0.02209709,0.02209709,0.02209709,0.02209709,0.02209709,0.02209709,0.02209709,0.02209709,0.02209709,0.02209709,0.02209709,0.02209709,0.02209709,0.02209709,0.02209709,0.02209709,0.02209709,0.02209709,0.02209709,0.02209709,0.02209709,0.02209709,0.02209709,0.02209709,0.02209709,0.02209709,0.02209709,0.02209709,0.02209709,0.02209709,0.02209709,0.02209709,0.02209709,0.02209709,0.02209709,0.02209709,0.02209709,0.02209709,0.02209709,0.02209709,0.02209709,0.02209709,0.02209709,0.02209709,0.02209709,0.02209709,0.02209709,0.02209709,0.02209709,0.02209709,0.02209709,0.02209709,0.02209709] general.normalize_tangent_distributions=True
srun python train.py experiment=general_fm seed=42 hydra.run.dir=/scratch-shared/$USER/outputs/runs/gtg/poincare/norm/poi_d2_c1_s42 general.manifold=poincare general.dim=2 general.curvature=1.0 general.std_x0=0.3 general.std_x1=0.3 general.mean_x0=[0.00000000,0.00000000] general.mean_x1=[0.35355339,0.35355339] general.normalize_tangent_distributions=True
srun python train.py experiment=general_fm seed=42 hydra.run.dir=/scratch-shared/$USER/outputs/runs/gtg/poincare/norm/poi_d2_c2_s42 general.manifold=poincare general.dim=2 general.curvature=2.0 general.std_x0=0.3 general.std_x1=0.3 general.mean_x0=[0.00000000,0.00000000] general.mean_x1=[0.35355339,0.35355339] general.normalize_tangent_distributions=True
srun python train.py experiment=general_fm seed=42 hydra.run.dir=/scratch-shared/$USER/outputs/runs/gtg/poincare/norm/poi_d2_c3_s42 general.manifold=poincare general.dim=2 general.curvature=3.0 general.std_x0=0.3 general.std_x1=0.3 general.mean_x0=[0.00000000,0.00000000] general.mean_x1=[0.35355339,0.35355339] general.normalize_tangent_distributions=True
srun python train.py experiment=general_fm seed=42 hydra.run.dir=/scratch-shared/$USER/outputs/runs/gtg/poincare/norm/poi_d2_c5_s42 general.manifold=poincare general.dim=2 general.curvature=5.0 general.std_x0=0.3 general.std_x1=0.3 general.mean_x0=[0.00000000,0.00000000] general.mean_x1=[0.35355339,0.35355339] general.normalize_tangent_distributions=True
srun python train.py experiment=general_fm seed=42 hydra.run.dir=/scratch-shared/$USER/outputs/runs/gtg/poincare/norm/poi_d2_c10_s42 general.manifold=poincare general.dim=2 general.curvature=10.0 general.std_x0=0.3 general.std_x1=0.3 general.mean_x0=[0.00000000,0.00000000] general.mean_x1=[0.35355339,0.35355339] general.normalize_tangent_distributions=True
srun python train.py experiment=general_fm seed=42 hydra.run.dir=/scratch-shared/$USER/outputs/runs/gtg/poincare/norm/poi_d3_c1_s42 general.manifold=poincare general.dim=3 general.curvature=1.0 general.std_x0=0.3 general.std_x1=0.3 general.mean_x0=[0.00000000,0.00000000,0.00000000] general.mean_x1=[0.28867513,0.28867513,0.28867513] general.normalize_tangent_distributions=True
srun python train.py experiment=general_fm seed=42 hydra.run.dir=/scratch-shared/$USER/outputs/runs/gtg/poincare/norm/poi_d3_c2_s42 general.manifold=poincare general.dim=3 general.curvature=2.0 general.std_x0=0.3 general.std_x1=0.3 general.mean_x0=[0.00000000,0.00000000,0.00000000] general.mean_x1=[0.28867513,0.28867513,0.28867513] general.normalize_tangent_distributions=True
srun python train.py experiment=general_fm seed=42 hydra.run.dir=/scratch-shared/$USER/outputs/runs/gtg/poincare/norm/poi_d3_c3_s42 general.manifold=poincare general.dim=3 general.curvature=3.0 general.std_x0=0.3 general.std_x1=0.3 general.mean_x0=[0.00000000,0.00000000,0.00000000] general.mean_x1=[0.28867513,0.28867513,0.28867513] general.normalize_tangent_distributions=True
srun python train.py experiment=general_fm seed=42 hydra.run.dir=/scratch-shared/$USER/outputs/runs/gtg/poincare/norm/poi_d3_c5_s42 general.manifold=poincare general.dim=3 general.curvature=5.0 general.std_x0=0.3 general.std_x1=0.3 general.mean_x0=[0.00000000,0.00000000,0.00000000] general.mean_x1=[0.28867513,0.28867513,0.28867513] general.normalize_tangent_distributions=True
srun python train.py experiment=general_fm seed=42 hydra.run.dir=/scratch-shared/$USER/outputs/runs/gtg/poincare/norm/poi_d3_c10_s42 general.manifold=poincare general.dim=3 general.curvature=10.0 general.std_x0=0.3 general.std_x1=0.3 general.mean_x0=[0.00000000,0.00000000,0.00000000] general.mean_x1=[0.28867513,0.28867513,0.28867513] general.normalize_tangent_distributions=True
srun python train.py experiment=general_fm seed=42 hydra.run.dir=/scratch-shared/$USER/outputs/runs/gtg/poincare/norm/poi_d4_c1_s42 general.manifold=poincare general.dim=4 general.curvature=1.0 general.std_x0=0.3 general.std_x1=0.3 general.mean_x0=[0.00000000,0.00000000,0.00000000,0.00000000] general.mean_x1=[0.25000000,0.25000000,0.25000000,0.25000000] general.normalize_tangent_distributions=True
srun python train.py experiment=general_fm seed=42 hydra.run.dir=/scratch-shared/$USER/outputs/runs/gtg/poincare/norm/poi_d4_c2_s42 general.manifold=poincare general.dim=4 general.curvature=2.0 general.std_x0=0.3 general.std_x1=0.3 general.mean_x0=[0.00000000,0.00000000,0.00000000,0.00000000] general.mean_x1=[0.25000000,0.25000000,0.25000000,0.25000000] general.normalize_tangent_distributions=True
srun python train.py experiment=general_fm seed=42 hydra.run.dir=/scratch-shared/$USER/outputs/runs/gtg/poincare/norm/poi_d4_c3_s42 general.manifold=poincare general.dim=4 general.curvature=3.0 general.std_x0=0.3 general.std_x1=0.3 general.mean_x0=[0.00000000,0.00000000,0.00000000,0.00000000] general.mean_x1=[0.25000000,0.25000000,0.25000000,0.25000000] general.normalize_tangent_distributions=True
srun python train.py experiment=general_fm seed=42 hydra.run.dir=/scratch-shared/$USER/outputs/runs/gtg/poincare/norm/poi_d4_c5_s42 general.manifold=poincare general.dim=4 general.curvature=5.0 general.std_x0=0.3 general.std_x1=0.3 general.mean_x0=[0.00000000,0.00000000,0.00000000,0.00000000] general.mean_x1=[0.25000000,0.25000000,0.25000000,0.25000000] general.normalize_tangent_distributions=True
srun python train.py experiment=general_fm seed=42 hydra.run.dir=/scratch-shared/$USER/outputs/runs/gtg/poincare/norm/poi_d4_c10_s42 general.manifold=poincare general.dim=4 general.curvature=10.0 general.std_x0=0.3 general.std_x1=0.3 general.mean_x0=[0.00000000,0.00000000,0.00000000,0.00000000] general.mean_x1=[0.25000000,0.25000000,0.25000000,0.25000000] general.normalize_tangent_distributions=True
srun python train.py experiment=general_fm seed=42 hydra.run.dir=/scratch-shared/$USER/outputs/runs/gtg/poincare/norm/poi_d8_c1_s42 general.manifold=poincare general.dim=8 general.curvature=1.0 general.std_x0=0.3 general.std_x1=0.3 general.mean_x0=[0.00000000,0.00000000,0.00000000,0.00000000,0.00000000,0.00000000,0.00000000,0.00000000] general.mean_x1=[0.17677670,0.17677670,0.17677670,0.17677670,0.17677670,0.17677670,0.17677670,0.17677670] general.normalize_tangent_distributions=True
srun python train.py experiment=general_fm seed=42 hydra.run.dir=/scratch-shared/$USER/outputs/runs/gtg/poincare/norm/poi_d8_c2_s42 general.manifold=poincare general.dim=8 general.curvature=2.0 general.std_x0=0.3 general.std_x1=0.3 general.mean_x0=[0.00000000,0.00000000,0.00000000,0.00000000,0.00000000,0.00000000,0.00000000,0.00000000] general.mean_x1=[0.17677670,0.17677670,0.17677670,0.17677670,0.17677670,0.17677670,0.17677670,0.17677670] general.normalize_tangent_distributions=True
srun python train.py experiment=general_fm seed=42 hydra.run.dir=/scratch-shared/$USER/outputs/runs/gtg/poincare/norm/poi_d8_c3_s42 general.manifold=poincare general.dim=8 general.curvature=3.0 general.std_x0=0.3 general.std_x1=0.3 general.mean_x0=[0.00000000,0.00000000,0.00000000,0.00000000,0.00000000,0.00000000,0.00000000,0.00000000] general.mean_x1=[0.17677670,0.17677670,0.17677670,0.17677670,0.17677670,0.17677670,0.17677670,0.17677670] general.normalize_tangent_distributions=True
srun python train.py experiment=general_fm seed=42 hydra.run.dir=/scratch-shared/$USER/outputs/runs/gtg/poincare/norm/poi_d8_c5_s42 general.manifold=poincare general.dim=8 general.curvature=5.0 general.std_x0=0.3 general.std_x1=0.3 general.mean_x0=[0.00000000,0.00000000,0.00000000,0.00000000,0.00000000,0.00000000,0.00000000,0.00000000] general.mean_x1=[0.17677670,0.17677670,0.17677670,0.17677670,0.17677670,0.17677670,0.17677670,0.17677670] general.normalize_tangent_distributions=True
srun python train.py experiment=general_fm seed=42 hydra.run.dir=/scratch-shared/$USER/outputs/runs/gtg/poincare/norm/poi_d8_c10_s42 general.manifold=poincare general.dim=8 general.curvature=10.0 general.std_x0=0.3 general.std_x1=0.3 general.mean_x0=[0.00000000,0.00000000,0.00000000,0.00000000,0.00000000,0.00000000,0.00000000,0.00000000] general.mean_x1=[0.17677670,0.17677670,0.17677670,0.17677670,0.17677670,0.17677670,0.17677670,0.17677670] general.normalize_tangent_distributions=True
srun python train.py experiment=general_fm seed=42 hydra.run.dir=/scratch-shared/$USER/outputs/runs/gtg/poincare/norm/poi_d16_c1_s42 general.manifold=poincare general.dim=16 general.curvature=1.0 general.std_x0=0.3 general.std_x1=0.3 general.mean_x0=[0.00000000,0.00000000,0.00000000,0.00000000,0.00000000,0.00000000,0.00000000,0.00000000,0.00000000,0.00000000,0.00000000,0.00000000,0.00000000,0.00000000,0.00000000,0.00000000] general.mean_x1=[0.12500000,0.12500000,0.12500000,0.12500000,0.12500000,0.12500000,0.12500000,0.12500000,0.12500000,0.12500000,0.12500000,0.12500000,0.12500000,0.12500000,0.12500000,0.12500000] general.normalize_tangent_distributions=True
srun python train.py experiment=general_fm seed=42 hydra.run.dir=/scratch-shared/$USER/outputs/runs/gtg/poincare/norm/poi_d16_c2_s42 general.manifold=poincare general.dim=16 general.curvature=2.0 general.std_x0=0.3 general.std_x1=0.3 general.mean_x0=[0.00000000,0.00000000,0.00000000,0.00000000,0.00000000,0.00000000,0.00000000,0.00000000,0.00000000,0.00000000,0.00000000,0.00000000,0.00000000,0.00000000,0.00000000,0.00000000] general.mean_x1=[0.12500000,0.12500000,0.12500000,0.12500000,0.12500000,0.12500000,0.12500000,0.12500000,0.12500000,0.12500000,0.12500000,0.12500000,0.12500000,0.12500000,0.12500000,0.12500000] general.normalize_tangent_distributions=True
srun python train.py experiment=general_fm seed=42 hydra.run.dir=/scratch-shared/$USER/outputs/runs/gtg/poincare/norm/poi_d16_c3_s42 general.manifold=poincare general.dim=16 general.curvature=3.0 general.std_x0=0.3 general.std_x1=0.3 general.mean_x0=[0.00000000,0.00000000,0.00000000,0.00000000,0.00000000,0.00000000,0.00000000,0.00000000,0.00000000,0.00000000,0.00000000,0.00000000,0.00000000,0.00000000,0.00000000,0.00000000] general.mean_x1=[0.12500000,0.12500000,0.12500000,0.12500000,0.12500000,0.12500000,0.12500000,0.12500000,0.12500000,0.12500000,0.12500000,0.12500000,0.12500000,0.12500000,0.12500000,0.12500000] general.normalize_tangent_distributions=True
srun python train.py experiment=general_fm seed=42 hydra.run.dir=/scratch-shared/$USER/outputs/runs/gtg/poincare/norm/poi_d16_c5_s42 general.manifold=poincare general.dim=16 general.curvature=5.0 general.std_x0=0.3 general.std_x1=0.3 general.mean_x0=[0.00000000,0.00000000,0.00000000,0.00000000,0.00000000,0.00000000,0.00000000,0.00000000,0.00000000,0.00000000,0.00000000,0.00000000,0.00000000,0.00000000,0.00000000,0.00000000] general.mean_x1=[0.12500000,0.12500000,0.12500000,0.12500000,0.12500000,0.12500000,0.12500000,0.12500000,0.12500000,0.12500000,0.12500000,0.12500000,0.12500000,0.12500000,0.12500000,0.12500000] general.normalize_tangent_distributions=True
srun python train.py experiment=general_fm seed=42 hydra.run.dir=/scratch-shared/$USER/outputs/runs/gtg/poincare/norm/poi_d16_c10_s42 general.manifold=poincare general.dim=16 general.curvature=10.0 general.std_x0=0.3 general.std_x1=0.3 general.mean_x0=[0.00000000,0.00000000,0.00000000,0.00000000,0.00000000,0.00000000,0.00000000,0.00000000,0.00000000,0.00000000,0.00000000,0.00000000,0.00000000,0.00000000,0.00000000,0.00000000] general.mean_x1=[0.12500000,0.12500000,0.12500000,0.12500000,0.12500000,0.12500000,0.12500000,0.12500000,0.12500000,0.12500000,0.12500000,0.12500000,0.12500000,0.12500000,0.12500000,0.12500000] general.normalize_tangent_distributions=True
srun python train.py experiment=general_fm seed=42 hydra.run.dir=/scratch-shared/$USER/outputs/runs/gtg/poincare/norm/poi_d64_c1_s42 general.manifold=poincare general.dim=64 general.curvature=1.0 general.std_x0=0.3 general.std_x1=0.3 general.mean_x0=[0.00000000,0.00000000,0.00000000,0.00000000,0.00000000,0.00000000,0.00000000,0.00000000,0.00000000,0.00000000,0.00000000,0.00000000,0.00000000,0.00000000,0.00000000,0.00000000,0.00000000,0.00000000,0.00000000,0.00000000,0.00000000,0.00000000,0.00000000,0.00000000,0.00000000,0.00000000,0.00000000,0.00000000,0.00000000,0.00000000,0.00000000,0.00000000,0.00000000,0.00000000,0.00000000,0.00000000,0.00000000,0.00000000,0.00000000,0.00000000,0.00000000,0.00000000,0.00000000,0.00000000,0.00000000,0.00000000,0.00000000,0.00000000,0.00000000,0.00000000,0.00000000,0.00000000,0.00000000,0.00000000,0.00000000,0.00000000,0.00000000,0.00000000,0.00000000,0.00000000,0.00000000,0.00000000,0.00000000,0.00000000] general.mean_x1=[0.06250000,0.06250000,0.06250000,0.06250000,0.06250000,0.06250000,0.06250000,0.06250000,0.06250000,0.06250000,0.06250000,0.06250000,0.06250000,0.06250000,0.06250000,0.06250000,0.06250000,0.06250000,0.06250000,0.06250000,0.06250000,0.06250000,0.06250000,0.06250000,0.06250000,0.06250000,0.06250000,0.06250000,0.06250000,0.06250000,0.06250000,0.06250000,0.06250000,0.06250000,0.06250000,0.06250000,0.06250000,0.06250000,0.06250000,0.06250000,0.06250000,0.06250000,0.06250000,0.06250000,0.06250000,0.06250000,0.06250000,0.06250000,0.06250000,0.06250000,0.06250000,0.06250000,0.06250000,0.06250000,0.06250000,0.06250000,0.06250000,0.06250000,0.06250000,0.06250000,0.06250000,0.06250000,0.06250000,0.06250000] general.normalize_tangent_distributions=True
srun python train.py experiment=general_fm seed=42 hydra.run.dir=/scratch-shared/$USER/outputs/runs/gtg/poincare/norm/poi_d64_c2_s42 general.manifold=poincare general.dim=64 general.curvature=2.0 general.std_x0=0.3 general.std_x1=0.3 general.mean_x0=[0.00000000,0.00000000,0.00000000,0.00000000,0.00000000,0.00000000,0.00000000,0.00000000,0.00000000,0.00000000,0.00000000,0.00000000,0.00000000,0.00000000,0.00000000,0.00000000,0.00000000,0.00000000,0.00000000,0.00000000,0.00000000,0.00000000,0.00000000,0.00000000,0.00000000,0.00000000,0.00000000,0.00000000,0.00000000,0.00000000,0.00000000,0.00000000,0.00000000,0.00000000,0.00000000,0.00000000,0.00000000,0.00000000,0.00000000,0.00000000,0.00000000,0.00000000,0.00000000,0.00000000,0.00000000,0.00000000,0.00000000,0.00000000,0.00000000,0.00000000,0.00000000,0.00000000,0.00000000,0.00000000,0.00000000,0.00000000,0.00000000,0.00000000,0.00000000,0.00000000,0.00000000,0.00000000,0.00000000,0.00000000] general.mean_x1=[0.06250000,0.06250000,0.06250000,0.06250000,0.06250000,0.06250000,0.06250000,0.06250000,0.06250000,0.06250000,0.06250000,0.06250000,0.06250000,0.06250000,0.06250000,0.06250000,0.06250000,0.06250000,0.06250000,0.06250000,0.06250000,0.06250000,0.06250000,0.06250000,0.06250000,0.06250000,0.06250000,0.06250000,0.06250000,0.06250000,0.06250000,0.06250000,0.06250000,0.06250000,0.06250000,0.06250000,0.06250000,0.06250000,0.06250000,0.06250000,0.06250000,0.06250000,0.06250000,0.06250000,0.06250000,0.06250000,0.06250000,0.06250000,0.06250000,0.06250000,0.06250000,0.06250000,0.06250000,0.06250000,0.06250000,0.06250000,0.06250000,0.06250000,0.06250000,0.06250000,0.06250000,0.06250000,0.06250000,0.06250000] general.normalize_tangent_distributions=True
srun python train.py experiment=general_fm seed=42 hydra.run.dir=/scratch-shared/$USER/outputs/runs/gtg/poincare/norm/poi_d64_c3_s42 general.manifold=poincare general.dim=64 general.curvature=3.0 general.std_x0=0.3 general.std_x1=0.3 general.mean_x0=[0.00000000,0.00000000,0.00000000,0.00000000,0.00000000,0.00000000,0.00000000,0.00000000,0.00000000,0.00000000,0.00000000,0.00000000,0.00000000,0.00000000,0.00000000,0.00000000,0.00000000,0.00000000,0.00000000,0.00000000,0.00000000,0.00000000,0.00000000,0.00000000,0.00000000,0.00000000,0.00000000,0.00000000,0.00000000,0.00000000,0.00000000,0.00000000,0.00000000,0.00000000,0.00000000,0.00000000,0.00000000,0.00000000,0.00000000,0.00000000,0.00000000,0.00000000,0.00000000,0.00000000,0.00000000,0.00000000,0.00000000,0.00000000,0.00000000,0.00000000,0.00000000,0.00000000,0.00000000,0.00000000,0.00000000,0.00000000,0.00000000,0.00000000,0.00000000,0.00000000,0.00000000,0.00000000,0.00000000,0.00000000] general.mean_x1=[0.06250000,0.06250000,0.06250000,0.06250000,0.06250000,0.06250000,0.06250000,0.06250000,0.06250000,0.06250000,0.06250000,0.06250000,0.06250000,0.06250000,0.06250000,0.06250000,0.06250000,0.06250000,0.06250000,0.06250000,0.06250000,0.06250000,0.06250000,0.06250000,0.06250000,0.06250000,0.06250000,0.06250000,0.06250000,0.06250000,0.06250000,0.06250000,0.06250000,0.06250000,0.06250000,0.06250000,0.06250000,0.06250000,0.06250000,0.06250000,0.06250000,0.06250000,0.06250000,0.06250000,0.06250000,0.06250000,0.06250000,0.06250000,0.06250000,0.06250000,0.06250000,0.06250000,0.06250000,0.06250000,0.06250000,0.06250000,0.06250000,0.06250000,0.06250000,0.06250000,0.06250000,0.06250000,0.06250000,0.06250000] general.normalize_tangent_distributions=True
srun python train.py experiment=general_fm seed=42 hydra.run.dir=/scratch-shared/$USER/outputs/runs/gtg/poincare/norm/poi_d64_c5_s42 general.manifold=poincare general.dim=64 general.curvature=5.0 general.std_x0=0.3 general.std_x1=0.3 general.mean_x0=[0.00000000,0.00000000,0.00000000,0.00000000,0.00000000,0.00000000,0.00000000,0.00000000,0.00000000,0.00000000,0.00000000,0.00000000,0.00000000,0.00000000,0.00000000,0.00000000,0.00000000,0.00000000,0.00000000,0.00000000,0.00000000,0.00000000,0.00000000,0.00000000,0.00000000,0.00000000,0.00000000,0.00000000,0.00000000,0.00000000,0.00000000,0.00000000,0.00000000,0.00000000,0.00000000,0.00000000,0.00000000,0.00000000,0.00000000,0.00000000,0.00000000,0.00000000,0.00000000,0.00000000,0.00000000,0.00000000,0.00000000,0.00000000,0.00000000,0.00000000,0.00000000,0.00000000,0.00000000,0.00000000,0.00000000,0.00000000,0.00000000,0.00000000,0.00000000,0.00000000,0.00000000,0.00000000,0.00000000,0.00000000] general.mean_x1=[0.06250000,0.06250000,0.06250000,0.06250000,0.06250000,0.06250000,0.06250000,0.06250000,0.06250000,0.06250000,0.06250000,0.06250000,0.06250000,0.06250000,0.06250000,0.06250000,0.06250000,0.06250000,0.06250000,0.06250000,0.06250000,0.06250000,0.06250000,0.06250000,0.06250000,0.06250000,0.06250000,0.06250000,0.06250000,0.06250000,0.06250000,0.06250000,0.06250000,0.06250000,0.06250000,0.06250000,0.06250000,0.06250000,0.06250000,0.06250000,0.06250000,0.06250000,0.06250000,0.06250000,0.06250000,0.06250000,0.06250000,0.06250000,0.06250000,0.06250000,0.06250000,0.06250000,0.06250000,0.06250000,0.06250000,0.06250000,0.06250000,0.06250000,0.06250000,0.06250000,0.06250000,0.06250000,0.06250000,0.06250000] general.normalize_tangent_distributions=True
srun python train.py experiment=general_fm seed=42 hydra.run.dir=/scratch-shared/$USER/outputs/runs/gtg/poincare/norm/poi_d64_c10_s42 general.manifold=poincare general.dim=64 general.curvature=10.0 general.std_x0=0.3 general.std_x1=0.3 general.mean_x0=[0.00000000,0.00000000,0.00000000,0.00000000,0.00000000,0.00000000,0.00000000,0.00000000,0.00000000,0.00000000,0.00000000,0.00000000,0.00000000,0.00000000,0.00000000,0.00000000,0.00000000,0.00000000,0.00000000,0.00000000,0.00000000,0.00000000,0.00000000,0.00000000,0.00000000,0.00000000,0.00000000,0.00000000,0.00000000,0.00000000,0.00000000,0.00000000,0.00000000,0.00000000,0.00000000,0.00000000,0.00000000,0.00000000,0.00000000,0.00000000,0.00000000,0.00000000,0.00000000,0.00000000,0.00000000,0.00000000,0.00000000,0.00000000,0.00000000,0.00000000,0.00000000,0.00000000,0.00000000,0.00000000,0.00000000,0.00000000,0.00000000,0.00000000,0.00000000,0.00000000,0.00000000,0.00000000,0.00000000,0.00000000] general.mean_x1=[0.06250000,0.06250000,0.06250000,0.06250000,0.06250000,0.06250000,0.06250000,0.06250000,0.06250000,0.06250000,0.06250000,0.06250000,0.06250000,0.06250000,0.06250000,0.06250000,0.06250000,0.06250000,0.06250000,0.06250000,0.06250000,0.06250000,0.06250000,0.06250000,0.06250000,0.06250000,0.06250000,0.06250000,0.06250000,0.06250000,0.06250000,0.06250000,0.06250000,0.06250000,0.06250000,0.06250000,0.06250000,0.06250000,0.06250000,0.06250000,0.06250000,0.06250000,0.06250000,0.06250000,0.06250000,0.06250000,0.06250000,0.06250000,0.06250000,0.06250000,0.06250000,0.06250000,0.06250000,0.06250000,0.06250000,0.06250000,0.06250000,0.06250000,0.06250000,0.06250000,0.06250000,0.06250000,0.06250000,0.06250000] general.normalize_tangent_distributions=True
srun python train.py experiment=general_fm seed=42 hydra.run.dir=/scratch-shared/$USER/outputs/runs/gtg/poincare/norm/poi_d256_c1_s42 general.manifold=poincare general.dim=256 general.curvature=1.0 general.std_x0=0.3 general.std_x1=0.3 general.mean_x0=[0.00000000,0.00000000,0.00000000,0.00000000,0.00000000,0.00000000,0.00000000,0.00000000,0.00000000,0.00000000,0.00000000,0.00000000,0.00000000,0.00000000,0.00000000,0.00000000,0.00000000,0.00000000,0.00000000,0.00000000,0.00000000,0.00000000,0.00000000,0.00000000,0.00000000,0.00000000,0.00000000,0.00000000,0.00000000,0.00000000,0.00000000,0.00000000,0.00000000,0.00000000,0.00000000,0.00000000,0.00000000,0.00000000,0.00000000,0.00000000,0.00000000,0.00000000,0.00000000,0.00000000,0.00000000,0.00000000,0.00000000,0.00000000,0.00000000,0.00000000,0.00000000,0.00000000,0.00000000,0.00000000,0.00000000,0.00000000,0.00000000,0.00000000,0.00000000,0.00000000,0.00000000,0.00000000,0.00000000,0.00000000,0.00000000,0.00000000,0.00000000,0.00000000,0.00000000,0.00000000,0.00000000,0.00000000,0.00000000,0.00000000,0.00000000,0.00000000,0.00000000,0.00000000,0.00000000,0.00000000,0.00000000,0.00000000,0.00000000,0.00000000,0.00000000,0.00000000,0.00000000,0.00000000,0.00000000,0.00000000,0.00000000,0.00000000,0.00000000,0.00000000,0.00000000,0.00000000,0.00000000,0.00000000,0.00000000,0.00000000,0.00000000,0.00000000,0.00000000,0.00000000,0.00000000,0.00000000,0.00000000,0.00000000,0.00000000,0.00000000,0.00000000,0.00000000,0.00000000,0.00000000,0.00000000,0.00000000,0.00000000,0.00000000,0.00000000,0.00000000,0.00000000,0.00000000,0.00000000,0.00000000,0.00000000,0.00000000,0.00000000,0.00000000,0.00000000,0.00000000,0.00000000,0.00000000,0.00000000,0.00000000,0.00000000,0.00000000,0.00000000,0.00000000,0.00000000,0.00000000,0.00000000,0.00000000,0.00000000,0.00000000,0.00000000,0.00000000,0.00000000,0.00000000,0.00000000,0.00000000,0.00000000,0.00000000,0.00000000,0.00000000,0.00000000,0.00000000,0.00000000,0.00000000,0.00000000,0.00000000,0.00000000,0.00000000,0.00000000,0.00000000,0.00000000,0.00000000,0.00000000,0.00000000,0.00000000,0.00000000,0.00000000,0.00000000,0.00000000,0.00000000,0.00000000,0.00000000,0.00000000,0.00000000,0.00000000,0.00000000,0.00000000,0.00000000,0.00000000,0.00000000,0.00000000,0.00000000,0.00000000,0.00000000,0.00000000,0.00000000,0.00000000,0.00000000,0.00000000,0.00000000,0.00000000,0.00000000,0.00000000,0.00000000,0.00000000,0.00000000,0.00000000,0.00000000,0.00000000,0.00000000,0.00000000,0.00000000,0.00000000,0.00000000,0.00000000,0.00000000,0.00000000,0.00000000,0.00000000,0.00000000,0.00000000,0.00000000,0.00000000,0.00000000,0.00000000,0.00000000,0.00000000,0.00000000,0.00000000,0.00000000,0.00000000,0.00000000,0.00000000,0.00000000,0.00000000,0.00000000,0.00000000,0.00000000,0.00000000,0.00000000,0.00000000,0.00000000,0.00000000,0.00000000,0.00000000,0.00000000,0.00000000,0.00000000,0.00000000,0.00000000,0.00000000,0.00000000,0.00000000,0.00000000,0.00000000,0.00000000,0.00000000,0.00000000,0.00000000,0.00000000,0.00000000,0.00000000] general.mean_x1=[0.03125000,0.03125000,0.03125000,0.03125000,0.03125000,0.03125000,0.03125000,0.03125000,0.03125000,0.03125000,0.03125000,0.03125000,0.03125000,0.03125000,0.03125000,0.03125000,0.03125000,0.03125000,0.03125000,0.03125000,0.03125000,0.03125000,0.03125000,0.03125000,0.03125000,0.03125000,0.03125000,0.03125000,0.03125000,0.03125000,0.03125000,0.03125000,0.03125000,0.03125000,0.03125000,0.03125000,0.03125000,0.03125000,0.03125000,0.03125000,0.03125000,0.03125000,0.03125000,0.03125000,0.03125000,0.03125000,0.03125000,0.03125000,0.03125000,0.03125000,0.03125000,0.03125000,0.03125000,0.03125000,0.03125000,0.03125000,0.03125000,0.03125000,0.03125000,0.03125000,0.03125000,0.03125000,0.03125000,0.03125000,0.03125000,0.03125000,0.03125000,0.03125000,0.03125000,0.03125000,0.03125000,0.03125000,0.03125000,0.03125000,0.03125000,0.03125000,0.03125000,0.03125000,0.03125000,0.03125000,0.03125000,0.03125000,0.03125000,0.03125000,0.03125000,0.03125000,0.03125000,0.03125000,0.03125000,0.03125000,0.03125000,0.03125000,0.03125000,0.03125000,0.03125000,0.03125000,0.03125000,0.03125000,0.03125000,0.03125000,0.03125000,0.03125000,0.03125000,0.03125000,0.03125000,0.03125000,0.03125000,0.03125000,0.03125000,0.03125000,0.03125000,0.03125000,0.03125000,0.03125000,0.03125000,0.03125000,0.03125000,0.03125000,0.03125000,0.03125000,0.03125000,0.03125000,0.03125000,0.03125000,0.03125000,0.03125000,0.03125000,0.03125000,0.03125000,0.03125000,0.03125000,0.03125000,0.03125000,0.03125000,0.03125000,0.03125000,0.03125000,0.03125000,0.03125000,0.03125000,0.03125000,0.03125000,0.03125000,0.03125000,0.03125000,0.03125000,0.03125000,0.03125000,0.03125000,0.03125000,0.03125000,0.03125000,0.03125000,0.03125000,0.03125000,0.03125000,0.03125000,0.03125000,0.03125000,0.03125000,0.03125000,0.03125000,0.03125000,0.03125000,0.03125000,0.03125000,0.03125000,0.03125000,0.03125000,0.03125000,0.03125000,0.03125000,0.03125000,0.03125000,0.03125000,0.03125000,0.03125000,0.03125000,0.03125000,0.03125000,0.03125000,0.03125000,0.03125000,0.03125000,0.03125000,0.03125000,0.03125000,0.03125000,0.03125000,0.03125000,0.03125000,0.03125000,0.03125000,0.03125000,0.03125000,0.03125000,0.03125000,0.03125000,0.03125000,0.03125000,0.03125000,0.03125000,0.03125000,0.03125000,0.03125000,0.03125000,0.03125000,0.03125000,0.03125000,0.03125000,0.03125000,0.03125000,0.03125000,0.03125000,0.03125000,0.03125000,0.03125000,0.03125000,0.03125000,0.03125000,0.03125000,0.03125000,0.03125000,0.03125000,0.03125000,0.03125000,0.03125000,0.03125000,0.03125000,0.03125000,0.03125000,0.03125000,0.03125000,0.03125000,0.03125000,0.03125000,0.03125000,0.03125000,0.03125000,0.03125000,0.03125000,0.03125000,0.03125000,0.03125000,0.03125000,0.03125000,0.03125000,0.03125000,0.03125000,0.03125000,0.03125000,0.03125000,0.03125000,0.03125000,0.03125000,0.03125000] general.normalize_tangent_distributions=True
srun python train.py experiment=general_fm seed=42 hydra.run.dir=/scratch-shared/$USER/outputs/runs/gtg/poincare/norm/poi_d256_c2_s42 general.manifold=poincare general.dim=256 general.curvature=2.0 general.std_x0=0.3 general.std_x1=0.3 general.mean_x0=[0.00000000,0.00000000,0.00000000,0.00000000,0.00000000,0.00000000,0.00000000,0.00000000,0.00000000,0.00000000,0.00000000,0.00000000,0.00000000,0.00000000,0.00000000,0.00000000,0.00000000,0.00000000,0.00000000,0.00000000,0.00000000,0.00000000,0.00000000,0.00000000,0.00000000,0.00000000,0.00000000,0.00000000,0.00000000,0.00000000,0.00000000,0.00000000,0.00000000,0.00000000,0.00000000,0.00000000,0.00000000,0.00000000,0.00000000,0.00000000,0.00000000,0.00000000,0.00000000,0.00000000,0.00000000,0.00000000,0.00000000,0.00000000,0.00000000,0.00000000,0.00000000,0.00000000,0.00000000,0.00000000,0.00000000,0.00000000,0.00000000,0.00000000,0.00000000,0.00000000,0.00000000,0.00000000,0.00000000,0.00000000,0.00000000,0.00000000,0.00000000,0.00000000,0.00000000,0.00000000,0.00000000,0.00000000,0.00000000,0.00000000,0.00000000,0.00000000,0.00000000,0.00000000,0.00000000,0.00000000,0.00000000,0.00000000,0.00000000,0.00000000,0.00000000,0.00000000,0.00000000,0.00000000,0.00000000,0.00000000,0.00000000,0.00000000,0.00000000,0.00000000,0.00000000,0.00000000,0.00000000,0.00000000,0.00000000,0.00000000,0.00000000,0.00000000,0.00000000,0.00000000,0.00000000,0.00000000,0.00000000,0.00000000,0.00000000,0.00000000,0.00000000,0.00000000,0.00000000,0.00000000,0.00000000,0.00000000,0.00000000,0.00000000,0.00000000,0.00000000,0.00000000,0.00000000,0.00000000,0.00000000,0.00000000,0.00000000,0.00000000,0.00000000,0.00000000,0.00000000,0.00000000,0.00000000,0.00000000,0.00000000,0.00000000,0.00000000,0.00000000,0.00000000,0.00000000,0.00000000,0.00000000,0.00000000,0.00000000,0.00000000,0.00000000,0.00000000,0.00000000,0.00000000,0.00000000,0.00000000,0.00000000,0.00000000,0.00000000,0.00000000,0.00000000,0.00000000,0.00000000,0.00000000,0.00000000,0.00000000,0.00000000,0.00000000,0.00000000,0.00000000,0.00000000,0.00000000,0.00000000,0.00000000,0.00000000,0.00000000,0.00000000,0.00000000,0.00000000,0.00000000,0.00000000,0.00000000,0.00000000,0.00000000,0.00000000,0.00000000,0.00000000,0.00000000,0.00000000,0.00000000,0.00000000,0.00000000,0.00000000,0.00000000,0.00000000,0.00000000,0.00000000,0.00000000,0.00000000,0.00000000,0.00000000,0.00000000,0.00000000,0.00000000,0.00000000,0.00000000,0.00000000,0.00000000,0.00000000,0.00000000,0.00000000,0.00000000,0.00000000,0.00000000,0.00000000,0.00000000,0.00000000,0.00000000,0.00000000,0.00000000,0.00000000,0.00000000,0.00000000,0.00000000,0.00000000,0.00000000,0.00000000,0.00000000,0.00000000,0.00000000,0.00000000,0.00000000,0.00000000,0.00000000,0.00000000,0.00000000,0.00000000,0.00000000,0.00000000,0.00000000,0.00000000,0.00000000,0.00000000,0.00000000,0.00000000,0.00000000,0.00000000,0.00000000,0.00000000,0.00000000,0.00000000,0.00000000,0.00000000,0.00000000,0.00000000,0.00000000,0.00000000,0.00000000,0.00000000,0.00000000,0.00000000,0.00000000] general.mean_x1=[0.03125000,0.03125000,0.03125000,0.03125000,0.03125000,0.03125000,0.03125000,0.03125000,0.03125000,0.03125000,0.03125000,0.03125000,0.03125000,0.03125000,0.03125000,0.03125000,0.03125000,0.03125000,0.03125000,0.03125000,0.03125000,0.03125000,0.03125000,0.03125000,0.03125000,0.03125000,0.03125000,0.03125000,0.03125000,0.03125000,0.03125000,0.03125000,0.03125000,0.03125000,0.03125000,0.03125000,0.03125000,0.03125000,0.03125000,0.03125000,0.03125000,0.03125000,0.03125000,0.03125000,0.03125000,0.03125000,0.03125000,0.03125000,0.03125000,0.03125000,0.03125000,0.03125000,0.03125000,0.03125000,0.03125000,0.03125000,0.03125000,0.03125000,0.03125000,0.03125000,0.03125000,0.03125000,0.03125000,0.03125000,0.03125000,0.03125000,0.03125000,0.03125000,0.03125000,0.03125000,0.03125000,0.03125000,0.03125000,0.03125000,0.03125000,0.03125000,0.03125000,0.03125000,0.03125000,0.03125000,0.03125000,0.03125000,0.03125000,0.03125000,0.03125000,0.03125000,0.03125000,0.03125000,0.03125000,0.03125000,0.03125000,0.03125000,0.03125000,0.03125000,0.03125000,0.03125000,0.03125000,0.03125000,0.03125000,0.03125000,0.03125000,0.03125000,0.03125000,0.03125000,0.03125000,0.03125000,0.03125000,0.03125000,0.03125000,0.03125000,0.03125000,0.03125000,0.03125000,0.03125000,0.03125000,0.03125000,0.03125000,0.03125000,0.03125000,0.03125000,0.03125000,0.03125000,0.03125000,0.03125000,0.03125000,0.03125000,0.03125000,0.03125000,0.03125000,0.03125000,0.03125000,0.03125000,0.03125000,0.03125000,0.03125000,0.03125000,0.03125000,0.03125000,0.03125000,0.03125000,0.03125000,0.03125000,0.03125000,0.03125000,0.03125000,0.03125000,0.03125000,0.03125000,0.03125000,0.03125000,0.03125000,0.03125000,0.03125000,0.03125000,0.03125000,0.03125000,0.03125000,0.03125000,0.03125000,0.03125000,0.03125000,0.03125000,0.03125000,0.03125000,0.03125000,0.03125000,0.03125000,0.03125000,0.03125000,0.03125000,0.03125000,0.03125000,0.03125000,0.03125000,0.03125000,0.03125000,0.03125000,0.03125000,0.03125000,0.03125000,0.03125000,0.03125000,0.03125000,0.03125000,0.03125000,0.03125000,0.03125000,0.03125000,0.03125000,0.03125000,0.03125000,0.03125000,0.03125000,0.03125000,0.03125000,0.03125000,0.03125000,0.03125000,0.03125000,0.03125000,0.03125000,0.03125000,0.03125000,0.03125000,0.03125000,0.03125000,0.03125000,0.03125000,0.03125000,0.03125000,0.03125000,0.03125000,0.03125000,0.03125000,0.03125000,0.03125000,0.03125000,0.03125000,0.03125000,0.03125000,0.03125000,0.03125000,0.03125000,0.03125000,0.03125000,0.03125000,0.03125000,0.03125000,0.03125000,0.03125000,0.03125000,0.03125000,0.03125000,0.03125000,0.03125000,0.03125000,0.03125000,0.03125000,0.03125000,0.03125000,0.03125000,0.03125000,0.03125000,0.03125000,0.03125000,0.03125000,0.03125000,0.03125000,0.03125000,0.03125000,0.03125000,0.03125000,0.03125000,0.03125000,0.03125000,0.03125000] general.normalize_tangent_distributions=True
srun python train.py experiment=general_fm seed=42 hydra.run.dir=/scratch-shared/$USER/outputs/runs/gtg/poincare/norm/poi_d256_c3_s42 general.manifold=poincare general.dim=256 general.curvature=3.0 general.std_x0=0.3 general.std_x1=0.3 general.mean_x0=[0.00000000,0.00000000,0.00000000,0.00000000,0.00000000,0.00000000,0.00000000,0.00000000,0.00000000,0.00000000,0.00000000,0.00000000,0.00000000,0.00000000,0.00000000,0.00000000,0.00000000,0.00000000,0.00000000,0.00000000,0.00000000,0.00000000,0.00000000,0.00000000,0.00000000,0.00000000,0.00000000,0.00000000,0.00000000,0.00000000,0.00000000,0.00000000,0.00000000,0.00000000,0.00000000,0.00000000,0.00000000,0.00000000,0.00000000,0.00000000,0.00000000,0.00000000,0.00000000,0.00000000,0.00000000,0.00000000,0.00000000,0.00000000,0.00000000,0.00000000,0.00000000,0.00000000,0.00000000,0.00000000,0.00000000,0.00000000,0.00000000,0.00000000,0.00000000,0.00000000,0.00000000,0.00000000,0.00000000,0.00000000,0.00000000,0.00000000,0.00000000,0.00000000,0.00000000,0.00000000,0.00000000,0.00000000,0.00000000,0.00000000,0.00000000,0.00000000,0.00000000,0.00000000,0.00000000,0.00000000,0.00000000,0.00000000,0.00000000,0.00000000,0.00000000,0.00000000,0.00000000,0.00000000,0.00000000,0.00000000,0.00000000,0.00000000,0.00000000,0.00000000,0.00000000,0.00000000,0.00000000,0.00000000,0.00000000,0.00000000,0.00000000,0.00000000,0.00000000,0.00000000,0.00000000,0.00000000,0.00000000,0.00000000,0.00000000,0.00000000,0.00000000,0.00000000,0.00000000,0.00000000,0.00000000,0.00000000,0.00000000,0.00000000,0.00000000,0.00000000,0.00000000,0.00000000,0.00000000,0.00000000,0.00000000,0.00000000,0.00000000,0.00000000,0.00000000,0.00000000,0.00000000,0.00000000,0.00000000,0.00000000,0.00000000,0.00000000,0.00000000,0.00000000,0.00000000,0.00000000,0.00000000,0.00000000,0.00000000,0.00000000,0.00000000,0.00000000,0.00000000,0.00000000,0.00000000,0.00000000,0.00000000,0.00000000,0.00000000,0.00000000,0.00000000,0.00000000,0.00000000,0.00000000,0.00000000,0.00000000,0.00000000,0.00000000,0.00000000,0.00000000,0.00000000,0.00000000,0.00000000,0.00000000,0.00000000,0.00000000,0.00000000,0.00000000,0.00000000,0.00000000,0.00000000,0.00000000,0.00000000,0.00000000,0.00000000,0.00000000,0.00000000,0.00000000,0.00000000,0.00000000,0.00000000,0.00000000,0.00000000,0.00000000,0.00000000,0.00000000,0.00000000,0.00000000,0.00000000,0.00000000,0.00000000,0.00000000,0.00000000,0.00000000,0.00000000,0.00000000,0.00000000,0.00000000,0.00000000,0.00000000,0.00000000,0.00000000,0.00000000,0.00000000,0.00000000,0.00000000,0.00000000,0.00000000,0.00000000,0.00000000,0.00000000,0.00000000,0.00000000,0.00000000,0.00000000,0.00000000,0.00000000,0.00000000,0.00000000,0.00000000,0.00000000,0.00000000,0.00000000,0.00000000,0.00000000,0.00000000,0.00000000,0.00000000,0.00000000,0.00000000,0.00000000,0.00000000,0.00000000,0.00000000,0.00000000,0.00000000,0.00000000,0.00000000,0.00000000,0.00000000,0.00000000,0.00000000,0.00000000,0.00000000,0.00000000,0.00000000,0.00000000,0.00000000,0.00000000,0.00000000,0.00000000,0.00000000] general.mean_x1=[0.03125000,0.03125000,0.03125000,0.03125000,0.03125000,0.03125000,0.03125000,0.03125000,0.03125000,0.03125000,0.03125000,0.03125000,0.03125000,0.03125000,0.03125000,0.03125000,0.03125000,0.03125000,0.03125000,0.03125000,0.03125000,0.03125000,0.03125000,0.03125000,0.03125000,0.03125000,0.03125000,0.03125000,0.03125000,0.03125000,0.03125000,0.03125000,0.03125000,0.03125000,0.03125000,0.03125000,0.03125000,0.03125000,0.03125000,0.03125000,0.03125000,0.03125000,0.03125000,0.03125000,0.03125000,0.03125000,0.03125000,0.03125000,0.03125000,0.03125000,0.03125000,0.03125000,0.03125000,0.03125000,0.03125000,0.03125000,0.03125000,0.03125000,0.03125000,0.03125000,0.03125000,0.03125000,0.03125000,0.03125000,0.03125000,0.03125000,0.03125000,0.03125000,0.03125000,0.03125000,0.03125000,0.03125000,0.03125000,0.03125000,0.03125000,0.03125000,0.03125000,0.03125000,0.03125000,0.03125000,0.03125000,0.03125000,0.03125000,0.03125000,0.03125000,0.03125000,0.03125000,0.03125000,0.03125000,0.03125000,0.03125000,0.03125000,0.03125000,0.03125000,0.03125000,0.03125000,0.03125000,0.03125000,0.03125000,0.03125000,0.03125000,0.03125000,0.03125000,0.03125000,0.03125000,0.03125000,0.03125000,0.03125000,0.03125000,0.03125000,0.03125000,0.03125000,0.03125000,0.03125000,0.03125000,0.03125000,0.03125000,0.03125000,0.03125000,0.03125000,0.03125000,0.03125000,0.03125000,0.03125000,0.03125000,0.03125000,0.03125000,0.03125000,0.03125000,0.03125000,0.03125000,0.03125000,0.03125000,0.03125000,0.03125000,0.03125000,0.03125000,0.03125000,0.03125000,0.03125000,0.03125000,0.03125000,0.03125000,0.03125000,0.03125000,0.03125000,0.03125000,0.03125000,0.03125000,0.03125000,0.03125000,0.03125000,0.03125000,0.03125000,0.03125000,0.03125000,0.03125000,0.03125000,0.03125000,0.03125000,0.03125000,0.03125000,0.03125000,0.03125000,0.03125000,0.03125000,0.03125000,0.03125000,0.03125000,0.03125000,0.03125000,0.03125000,0.03125000,0.03125000,0.03125000,0.03125000,0.03125000,0.03125000,0.03125000,0.03125000,0.03125000,0.03125000,0.03125000,0.03125000,0.03125000,0.03125000,0.03125000,0.03125000,0.03125000,0.03125000,0.03125000,0.03125000,0.03125000,0.03125000,0.03125000,0.03125000,0.03125000,0.03125000,0.03125000,0.03125000,0.03125000,0.03125000,0.03125000,0.03125000,0.03125000,0.03125000,0.03125000,0.03125000,0.03125000,0.03125000,0.03125000,0.03125000,0.03125000,0.03125000,0.03125000,0.03125000,0.03125000,0.03125000,0.03125000,0.03125000,0.03125000,0.03125000,0.03125000,0.03125000,0.03125000,0.03125000,0.03125000,0.03125000,0.03125000,0.03125000,0.03125000,0.03125000,0.03125000,0.03125000,0.03125000,0.03125000,0.03125000,0.03125000,0.03125000,0.03125000,0.03125000,0.03125000,0.03125000,0.03125000,0.03125000,0.03125000,0.03125000,0.03125000,0.03125000,0.03125000,0.03125000,0.03125000,0.03125000,0.03125000,0.03125000,0.03125000] general.normalize_tangent_distributions=True
srun python train.py experiment=general_fm seed=42 hydra.run.dir=/scratch-shared/$USER/outputs/runs/gtg/poincare/norm/poi_d256_c5_s42 general.manifold=poincare general.dim=256 general.curvature=5.0 general.std_x0=0.3 general.std_x1=0.3 general.mean_x0=[0.00000000,0.00000000,0.00000000,0.00000000,0.00000000,0.00000000,0.00000000,0.00000000,0.00000000,0.00000000,0.00000000,0.00000000,0.00000000,0.00000000,0.00000000,0.00000000,0.00000000,0.00000000,0.00000000,0.00000000,0.00000000,0.00000000,0.00000000,0.00000000,0.00000000,0.00000000,0.00000000,0.00000000,0.00000000,0.00000000,0.00000000,0.00000000,0.00000000,0.00000000,0.00000000,0.00000000,0.00000000,0.00000000,0.00000000,0.00000000,0.00000000,0.00000000,0.00000000,0.00000000,0.00000000,0.00000000,0.00000000,0.00000000,0.00000000,0.00000000,0.00000000,0.00000000,0.00000000,0.00000000,0.00000000,0.00000000,0.00000000,0.00000000,0.00000000,0.00000000,0.00000000,0.00000000,0.00000000,0.00000000,0.00000000,0.00000000,0.00000000,0.00000000,0.00000000,0.00000000,0.00000000,0.00000000,0.00000000,0.00000000,0.00000000,0.00000000,0.00000000,0.00000000,0.00000000,0.00000000,0.00000000,0.00000000,0.00000000,0.00000000,0.00000000,0.00000000,0.00000000,0.00000000,0.00000000,0.00000000,0.00000000,0.00000000,0.00000000,0.00000000,0.00000000,0.00000000,0.00000000,0.00000000,0.00000000,0.00000000,0.00000000,0.00000000,0.00000000,0.00000000,0.00000000,0.00000000,0.00000000,0.00000000,0.00000000,0.00000000,0.00000000,0.00000000,0.00000000,0.00000000,0.00000000,0.00000000,0.00000000,0.00000000,0.00000000,0.00000000,0.00000000,0.00000000,0.00000000,0.00000000,0.00000000,0.00000000,0.00000000,0.00000000,0.00000000,0.00000000,0.00000000,0.00000000,0.00000000,0.00000000,0.00000000,0.00000000,0.00000000,0.00000000,0.00000000,0.00000000,0.00000000,0.00000000,0.00000000,0.00000000,0.00000000,0.00000000,0.00000000,0.00000000,0.00000000,0.00000000,0.00000000,0.00000000,0.00000000,0.00000000,0.00000000,0.00000000,0.00000000,0.00000000,0.00000000,0.00000000,0.00000000,0.00000000,0.00000000,0.00000000,0.00000000,0.00000000,0.00000000,0.00000000,0.00000000,0.00000000,0.00000000,0.00000000,0.00000000,0.00000000,0.00000000,0.00000000,0.00000000,0.00000000,0.00000000,0.00000000,0.00000000,0.00000000,0.00000000,0.00000000,0.00000000,0.00000000,0.00000000,0.00000000,0.00000000,0.00000000,0.00000000,0.00000000,0.00000000,0.00000000,0.00000000,0.00000000,0.00000000,0.00000000,0.00000000,0.00000000,0.00000000,0.00000000,0.00000000,0.00000000,0.00000000,0.00000000,0.00000000,0.00000000,0.00000000,0.00000000,0.00000000,0.00000000,0.00000000,0.00000000,0.00000000,0.00000000,0.00000000,0.00000000,0.00000000,0.00000000,0.00000000,0.00000000,0.00000000,0.00000000,0.00000000,0.00000000,0.00000000,0.00000000,0.00000000,0.00000000,0.00000000,0.00000000,0.00000000,0.00000000,0.00000000,0.00000000,0.00000000,0.00000000,0.00000000,0.00000000,0.00000000,0.00000000,0.00000000,0.00000000,0.00000000,0.00000000,0.00000000,0.00000000,0.00000000,0.00000000,0.00000000,0.00000000,0.00000000,0.00000000,0.00000000,0.00000000] general.mean_x1=[0.03125000,0.03125000,0.03125000,0.03125000,0.03125000,0.03125000,0.03125000,0.03125000,0.03125000,0.03125000,0.03125000,0.03125000,0.03125000,0.03125000,0.03125000,0.03125000,0.03125000,0.03125000,0.03125000,0.03125000,0.03125000,0.03125000,0.03125000,0.03125000,0.03125000,0.03125000,0.03125000,0.03125000,0.03125000,0.03125000,0.03125000,0.03125000,0.03125000,0.03125000,0.03125000,0.03125000,0.03125000,0.03125000,0.03125000,0.03125000,0.03125000,0.03125000,0.03125000,0.03125000,0.03125000,0.03125000,0.03125000,0.03125000,0.03125000,0.03125000,0.03125000,0.03125000,0.03125000,0.03125000,0.03125000,0.03125000,0.03125000,0.03125000,0.03125000,0.03125000,0.03125000,0.03125000,0.03125000,0.03125000,0.03125000,0.03125000,0.03125000,0.03125000,0.03125000,0.03125000,0.03125000,0.03125000,0.03125000,0.03125000,0.03125000,0.03125000,0.03125000,0.03125000,0.03125000,0.03125000,0.03125000,0.03125000,0.03125000,0.03125000,0.03125000,0.03125000,0.03125000,0.03125000,0.03125000,0.03125000,0.03125000,0.03125000,0.03125000,0.03125000,0.03125000,0.03125000,0.03125000,0.03125000,0.03125000,0.03125000,0.03125000,0.03125000,0.03125000,0.03125000,0.03125000,0.03125000,0.03125000,0.03125000,0.03125000,0.03125000,0.03125000,0.03125000,0.03125000,0.03125000,0.03125000,0.03125000,0.03125000,0.03125000,0.03125000,0.03125000,0.03125000,0.03125000,0.03125000,0.03125000,0.03125000,0.03125000,0.03125000,0.03125000,0.03125000,0.03125000,0.03125000,0.03125000,0.03125000,0.03125000,0.03125000,0.03125000,0.03125000,0.03125000,0.03125000,0.03125000,0.03125000,0.03125000,0.03125000,0.03125000,0.03125000,0.03125000,0.03125000,0.03125000,0.03125000,0.03125000,0.03125000,0.03125000,0.03125000,0.03125000,0.03125000,0.03125000,0.03125000,0.03125000,0.03125000,0.03125000,0.03125000,0.03125000,0.03125000,0.03125000,0.03125000,0.03125000,0.03125000,0.03125000,0.03125000,0.03125000,0.03125000,0.03125000,0.03125000,0.03125000,0.03125000,0.03125000,0.03125000,0.03125000,0.03125000,0.03125000,0.03125000,0.03125000,0.03125000,0.03125000,0.03125000,0.03125000,0.03125000,0.03125000,0.03125000,0.03125000,0.03125000,0.03125000,0.03125000,0.03125000,0.03125000,0.03125000,0.03125000,0.03125000,0.03125000,0.03125000,0.03125000,0.03125000,0.03125000,0.03125000,0.03125000,0.03125000,0.03125000,0.03125000,0.03125000,0.03125000,0.03125000,0.03125000,0.03125000,0.03125000,0.03125000,0.03125000,0.03125000,0.03125000,0.03125000,0.03125000,0.03125000,0.03125000,0.03125000,0.03125000,0.03125000,0.03125000,0.03125000,0.03125000,0.03125000,0.03125000,0.03125000,0.03125000,0.03125000,0.03125000,0.03125000,0.03125000,0.03125000,0.03125000,0.03125000,0.03125000,0.03125000,0.03125000,0.03125000,0.03125000,0.03125000,0.03125000,0.03125000,0.03125000,0.03125000,0.03125000,0.03125000,0.03125000,0.03125000,0.03125000,0.03125000,0.03125000] general.normalize_tangent_distributions=True
srun python train.py experiment=general_fm seed=42 hydra.run.dir=/scratch-shared/$USER/outputs/runs/gtg/poincare/norm/poi_d256_c10_s42 general.manifold=poincare general.dim=256 general.curvature=10.0 general.std_x0=0.3 general.std_x1=0.3 general.mean_x0=[0.00000000,0.00000000,0.00000000,0.00000000,0.00000000,0.00000000,0.00000000,0.00000000,0.00000000,0.00000000,0.00000000,0.00000000,0.00000000,0.00000000,0.00000000,0.00000000,0.00000000,0.00000000,0.00000000,0.00000000,0.00000000,0.00000000,0.00000000,0.00000000,0.00000000,0.00000000,0.00000000,0.00000000,0.00000000,0.00000000,0.00000000,0.00000000,0.00000000,0.00000000,0.00000000,0.00000000,0.00000000,0.00000000,0.00000000,0.00000000,0.00000000,0.00000000,0.00000000,0.00000000,0.00000000,0.00000000,0.00000000,0.00000000,0.00000000,0.00000000,0.00000000,0.00000000,0.00000000,0.00000000,0.00000000,0.00000000,0.00000000,0.00000000,0.00000000,0.00000000,0.00000000,0.00000000,0.00000000,0.00000000,0.00000000,0.00000000,0.00000000,0.00000000,0.00000000,0.00000000,0.00000000,0.00000000,0.00000000,0.00000000,0.00000000,0.00000000,0.00000000,0.00000000,0.00000000,0.00000000,0.00000000,0.00000000,0.00000000,0.00000000,0.00000000,0.00000000,0.00000000,0.00000000,0.00000000,0.00000000,0.00000000,0.00000000,0.00000000,0.00000000,0.00000000,0.00000000,0.00000000,0.00000000,0.00000000,0.00000000,0.00000000,0.00000000,0.00000000,0.00000000,0.00000000,0.00000000,0.00000000,0.00000000,0.00000000,0.00000000,0.00000000,0.00000000,0.00000000,0.00000000,0.00000000,0.00000000,0.00000000,0.00000000,0.00000000,0.00000000,0.00000000,0.00000000,0.00000000,0.00000000,0.00000000,0.00000000,0.00000000,0.00000000,0.00000000,0.00000000,0.00000000,0.00000000,0.00000000,0.00000000,0.00000000,0.00000000,0.00000000,0.00000000,0.00000000,0.00000000,0.00000000,0.00000000,0.00000000,0.00000000,0.00000000,0.00000000,0.00000000,0.00000000,0.00000000,0.00000000,0.00000000,0.00000000,0.00000000,0.00000000,0.00000000,0.00000000,0.00000000,0.00000000,0.00000000,0.00000000,0.00000000,0.00000000,0.00000000,0.00000000,0.00000000,0.00000000,0.00000000,0.00000000,0.00000000,0.00000000,0.00000000,0.00000000,0.00000000,0.00000000,0.00000000,0.00000000,0.00000000,0.00000000,0.00000000,0.00000000,0.00000000,0.00000000,0.00000000,0.00000000,0.00000000,0.00000000,0.00000000,0.00000000,0.00000000,0.00000000,0.00000000,0.00000000,0.00000000,0.00000000,0.00000000,0.00000000,0.00000000,0.00000000,0.00000000,0.00000000,0.00000000,0.00000000,0.00000000,0.00000000,0.00000000,0.00000000,0.00000000,0.00000000,0.00000000,0.00000000,0.00000000,0.00000000,0.00000000,0.00000000,0.00000000,0.00000000,0.00000000,0.00000000,0.00000000,0.00000000,0.00000000,0.00000000,0.00000000,0.00000000,0.00000000,0.00000000,0.00000000,0.00000000,0.00000000,0.00000000,0.00000000,0.00000000,0.00000000,0.00000000,0.00000000,0.00000000,0.00000000,0.00000000,0.00000000,0.00000000,0.00000000,0.00000000,0.00000000,0.00000000,0.00000000,0.00000000,0.00000000,0.00000000,0.00000000,0.00000000,0.00000000,0.00000000,0.00000000,0.00000000,0.00000000,0.00000000] general.mean_x1=[0.03125000,0.03125000,0.03125000,0.03125000,0.03125000,0.03125000,0.03125000,0.03125000,0.03125000,0.03125000,0.03125000,0.03125000,0.03125000,0.03125000,0.03125000,0.03125000,0.03125000,0.03125000,0.03125000,0.03125000,0.03125000,0.03125000,0.03125000,0.03125000,0.03125000,0.03125000,0.03125000,0.03125000,0.03125000,0.03125000,0.03125000,0.03125000,0.03125000,0.03125000,0.03125000,0.03125000,0.03125000,0.03125000,0.03125000,0.03125000,0.03125000,0.03125000,0.03125000,0.03125000,0.03125000,0.03125000,0.03125000,0.03125000,0.03125000,0.03125000,0.03125000,0.03125000,0.03125000,0.03125000,0.03125000,0.03125000,0.03125000,0.03125000,0.03125000,0.03125000,0.03125000,0.03125000,0.03125000,0.03125000,0.03125000,0.03125000,0.03125000,0.03125000,0.03125000,0.03125000,0.03125000,0.03125000,0.03125000,0.03125000,0.03125000,0.03125000,0.03125000,0.03125000,0.03125000,0.03125000,0.03125000,0.03125000,0.03125000,0.03125000,0.03125000,0.03125000,0.03125000,0.03125000,0.03125000,0.03125000,0.03125000,0.03125000,0.03125000,0.03125000,0.03125000,0.03125000,0.03125000,0.03125000,0.03125000,0.03125000,0.03125000,0.03125000,0.03125000,0.03125000,0.03125000,0.03125000,0.03125000,0.03125000,0.03125000,0.03125000,0.03125000,0.03125000,0.03125000,0.03125000,0.03125000,0.03125000,0.03125000,0.03125000,0.03125000,0.03125000,0.03125000,0.03125000,0.03125000,0.03125000,0.03125000,0.03125000,0.03125000,0.03125000,0.03125000,0.03125000,0.03125000,0.03125000,0.03125000,0.03125000,0.03125000,0.03125000,0.03125000,0.03125000,0.03125000,0.03125000,0.03125000,0.03125000,0.03125000,0.03125000,0.03125000,0.03125000,0.03125000,0.03125000,0.03125000,0.03125000,0.03125000,0.03125000,0.03125000,0.03125000,0.03125000,0.03125000,0.03125000,0.03125000,0.03125000,0.03125000,0.03125000,0.03125000,0.03125000,0.03125000,0.03125000,0.03125000,0.03125000,0.03125000,0.03125000,0.03125000,0.03125000,0.03125000,0.03125000,0.03125000,0.03125000,0.03125000,0.03125000,0.03125000,0.03125000,0.03125000,0.03125000,0.03125000,0.03125000,0.03125000,0.03125000,0.03125000,0.03125000,0.03125000,0.03125000,0.03125000,0.03125000,0.03125000,0.03125000,0.03125000,0.03125000,0.03125000,0.03125000,0.03125000,0.03125000,0.03125000,0.03125000,0.03125000,0.03125000,0.03125000,0.03125000,0.03125000,0.03125000,0.03125000,0.03125000,0.03125000,0.03125000,0.03125000,0.03125000,0.03125000,0.03125000,0.03125000,0.03125000,0.03125000,0.03125000,0.03125000,0.03125000,0.03125000,0.03125000,0.03125000,0.03125000,0.03125000,0.03125000,0.03125000,0.03125000,0.03125000,0.03125000,0.03125000,0.03125000,0.03125000,0.03125000,0.03125000,0.03125000,0.03125000,0.03125000,0.03125000,0.03125000,0.03125000,0.03125000,0.03125000,0.03125000,0.03125000,0.03125000,0.03125000,0.03125000,0.03125000,0.03125000,0.03125000,0.03125000,0.03125000,0.03125000,0.03125000] general.normalize_tangent_distributions=True
srun python train.py experiment=general_fm seed=42 hydra.run.dir=/scratch-shared/$USER/outputs/runs/gtg/poincare/norm/poi_d512_c1_s42 general.manifold=poincare general.dim=512 general.curvature=1.0 general.std_x0=0.3 general.std_x1=0.3 general.mean_x0=[0.00000000,0.00000000,0.00000000,0.00000000,0.00000000,0.00000000,0.00000000,0.00000000,0.00000000,0.00000000,0.00000000,0.00000000,0.00000000,0.00000000,0.00000000,0.00000000,0.00000000,0.00000000,0.00000000,0.00000000,0.00000000,0.00000000,0.00000000,0.00000000,0.00000000,0.00000000,0.00000000,0.00000000,0.00000000,0.00000000,0.00000000,0.00000000,0.00000000,0.00000000,0.00000000,0.00000000,0.00000000,0.00000000,0.00000000,0.00000000,0.00000000,0.00000000,0.00000000,0.00000000,0.00000000,0.00000000,0.00000000,0.00000000,0.00000000,0.00000000,0.00000000,0.00000000,0.00000000,0.00000000,0.00000000,0.00000000,0.00000000,0.00000000,0.00000000,0.00000000,0.00000000,0.00000000,0.00000000,0.00000000,0.00000000,0.00000000,0.00000000,0.00000000,0.00000000,0.00000000,0.00000000,0.00000000,0.00000000,0.00000000,0.00000000,0.00000000,0.00000000,0.00000000,0.00000000,0.00000000,0.00000000,0.00000000,0.00000000,0.00000000,0.00000000,0.00000000,0.00000000,0.00000000,0.00000000,0.00000000,0.00000000,0.00000000,0.00000000,0.00000000,0.00000000,0.00000000,0.00000000,0.00000000,0.00000000,0.00000000,0.00000000,0.00000000,0.00000000,0.00000000,0.00000000,0.00000000,0.00000000,0.00000000,0.00000000,0.00000000,0.00000000,0.00000000,0.00000000,0.00000000,0.00000000,0.00000000,0.00000000,0.00000000,0.00000000,0.00000000,0.00000000,0.00000000,0.00000000,0.00000000,0.00000000,0.00000000,0.00000000,0.00000000,0.00000000,0.00000000,0.00000000,0.00000000,0.00000000,0.00000000,0.00000000,0.00000000,0.00000000,0.00000000,0.00000000,0.00000000,0.00000000,0.00000000,0.00000000,0.00000000,0.00000000,0.00000000,0.00000000,0.00000000,0.00000000,0.00000000,0.00000000,0.00000000,0.00000000,0.00000000,0.00000000,0.00000000,0.00000000,0.00000000,0.00000000,0.00000000,0.00000000,0.00000000,0.00000000,0.00000000,0.00000000,0.00000000,0.00000000,0.00000000,0.00000000,0.00000000,0.00000000,0.00000000,0.00000000,0.00000000,0.00000000,0.00000000,0.00000000,0.00000000,0.00000000,0.00000000,0.00000000,0.00000000,0.00000000,0.00000000,0.00000000,0.00000000,0.00000000,0.00000000,0.00000000,0.00000000,0.00000000,0.00000000,0.00000000,0.00000000,0.00000000,0.00000000,0.00000000,0.00000000,0.00000000,0.00000000,0.00000000,0.00000000,0.00000000,0.00000000,0.00000000,0.00000000,0.00000000,0.00000000,0.00000000,0.00000000,0.00000000,0.00000000,0.00000000,0.00000000,0.00000000,0.00000000,0.00000000,0.00000000,0.00000000,0.00000000,0.00000000,0.00000000,0.00000000,0.00000000,0.00000000,0.00000000,0.00000000,0.00000000,0.00000000,0.00000000,0.00000000,0.00000000,0.00000000,0.00000000,0.00000000,0.00000000,0.00000000,0.00000000,0.00000000,0.00000000,0.00000000,0.00000000,0.00000000,0.00000000,0.00000000,0.00000000,0.00000000,0.00000000,0.00000000,0.00000000,0.00000000,0.00000000,0.00000000,0.00000000,0.00000000,0.00000000,0.00000000,0.00000000,0.00000000,0.00000000,0.00000000,0.00000000,0.00000000,0.00000000,0.00000000,0.00000000,0.00000000,0.00000000,0.00000000,0.00000000,0.00000000,0.00000000,0.00000000,0.00000000,0.00000000,0.00000000,0.00000000,0.00000000,0.00000000,0.00000000,0.00000000,0.00000000,0.00000000,0.00000000,0.00000000,0.00000000,0.00000000,0.00000000,0.00000000,0.00000000,0.00000000,0.00000000,0.00000000,0.00000000,0.00000000,0.00000000,0.00000000,0.00000000,0.00000000,0.00000000,0.00000000,0.00000000,0.00000000,0.00000000,0.00000000,0.00000000,0.00000000,0.00000000,0.00000000,0.00000000,0.00000000,0.00000000,0.00000000,0.00000000,0.00000000,0.00000000,0.00000000,0.00000000,0.00000000,0.00000000,0.00000000,0.00000000,0.00000000,0.00000000,0.00000000,0.00000000,0.00000000,0.00000000,0.00000000,0.00000000,0.00000000,0.00000000,0.00000000,0.00000000,0.00000000,0.00000000,0.00000000,0.00000000,0.00000000,0.00000000,0.00000000,0.00000000,0.00000000,0.00000000,0.00000000,0.00000000,0.00000000,0.00000000,0.00000000,0.00000000,0.00000000,0.00000000,0.00000000,0.00000000,0.00000000,0.00000000,0.00000000,0.00000000,0.00000000,0.00000000,0.00000000,0.00000000,0.00000000,0.00000000,0.00000000,0.00000000,0.00000000,0.00000000,0.00000000,0.00000000,0.00000000,0.00000000,0.00000000,0.00000000,0.00000000,0.00000000,0.00000000,0.00000000,0.00000000,0.00000000,0.00000000,0.00000000,0.00000000,0.00000000,0.00000000,0.00000000,0.00000000,0.00000000,0.00000000,0.00000000,0.00000000,0.00000000,0.00000000,0.00000000,0.00000000,0.00000000,0.00000000,0.00000000,0.00000000,0.00000000,0.00000000,0.00000000,0.00000000,0.00000000,0.00000000,0.00000000,0.00000000,0.00000000,0.00000000,0.00000000,0.00000000,0.00000000,0.00000000,0.00000000,0.00000000,0.00000000,0.00000000,0.00000000,0.00000000,0.00000000,0.00000000,0.00000000,0.00000000,0.00000000,0.00000000,0.00000000,0.00000000,0.00000000,0.00000000,0.00000000,0.00000000,0.00000000,0.00000000,0.00000000,0.00000000,0.00000000,0.00000000,0.00000000,0.00000000,0.00000000,0.00000000,0.00000000,0.00000000,0.00000000,0.00000000,0.00000000,0.00000000,0.00000000,0.00000000,0.00000000,0.00000000,0.00000000,0.00000000,0.00000000,0.00000000,0.00000000,0.00000000,0.00000000,0.00000000,0.00000000,0.00000000,0.00000000,0.00000000,0.00000000,0.00000000,0.00000000,0.00000000,0.00000000,0.00000000,0.00000000,0.00000000,0.00000000,0.00000000,0.00000000,0.00000000,0.00000000,0.00000000,0.00000000,0.00000000,0.00000000,0.00000000,0.00000000,0.00000000,0.00000000,0.00000000,0.00000000,0.00000000,0.00000000,0.00000000,0.00000000,0.00000000,0.00000000,0.00000000,0.00000000,0.00000000,0.00000000,0.00000000,0.00000000,0.00000000,0.00000000,0.00000000,0.00000000,0.00000000,0.00000000,0.00000000,0.00000000,0.00000000,0.00000000,0.00000000,0.00000000,0.00000000,0.00000000] general.mean_x1=[0.02209709,0.02209709,0.02209709,0.02209709,0.02209709,0.02209709,0.02209709,0.02209709,0.02209709,0.02209709,0.02209709,0.02209709,0.02209709,0.02209709,0.02209709,0.02209709,0.02209709,0.02209709,0.02209709,0.02209709,0.02209709,0.02209709,0.02209709,0.02209709,0.02209709,0.02209709,0.02209709,0.02209709,0.02209709,0.02209709,0.02209709,0.02209709,0.02209709,0.02209709,0.02209709,0.02209709,0.02209709,0.02209709,0.02209709,0.02209709,0.02209709,0.02209709,0.02209709,0.02209709,0.02209709,0.02209709,0.02209709,0.02209709,0.02209709,0.02209709,0.02209709,0.02209709,0.02209709,0.02209709,0.02209709,0.02209709,0.02209709,0.02209709,0.02209709,0.02209709,0.02209709,0.02209709,0.02209709,0.02209709,0.02209709,0.02209709,0.02209709,0.02209709,0.02209709,0.02209709,0.02209709,0.02209709,0.02209709,0.02209709,0.02209709,0.02209709,0.02209709,0.02209709,0.02209709,0.02209709,0.02209709,0.02209709,0.02209709,0.02209709,0.02209709,0.02209709,0.02209709,0.02209709,0.02209709,0.02209709,0.02209709,0.02209709,0.02209709,0.02209709,0.02209709,0.02209709,0.02209709,0.02209709,0.02209709,0.02209709,0.02209709,0.02209709,0.02209709,0.02209709,0.02209709,0.02209709,0.02209709,0.02209709,0.02209709,0.02209709,0.02209709,0.02209709,0.02209709,0.02209709,0.02209709,0.02209709,0.02209709,0.02209709,0.02209709,0.02209709,0.02209709,0.02209709,0.02209709,0.02209709,0.02209709,0.02209709,0.02209709,0.02209709,0.02209709,0.02209709,0.02209709,0.02209709,0.02209709,0.02209709,0.02209709,0.02209709,0.02209709,0.02209709,0.02209709,0.02209709,0.02209709,0.02209709,0.02209709,0.02209709,0.02209709,0.02209709,0.02209709,0.02209709,0.02209709,0.02209709,0.02209709,0.02209709,0.02209709,0.02209709,0.02209709,0.02209709,0.02209709,0.02209709,0.02209709,0.02209709,0.02209709,0.02209709,0.02209709,0.02209709,0.02209709,0.02209709,0.02209709,0.02209709,0.02209709,0.02209709,0.02209709,0.02209709,0.02209709,0.02209709,0.02209709,0.02209709,0.02209709,0.02209709,0.02209709,0.02209709,0.02209709,0.02209709,0.02209709,0.02209709,0.02209709,0.02209709,0.02209709,0.02209709,0.02209709,0.02209709,0.02209709,0.02209709,0.02209709,0.02209709,0.02209709,0.02209709,0.02209709,0.02209709,0.02209709,0.02209709,0.02209709,0.02209709,0.02209709,0.02209709,0.02209709,0.02209709,0.02209709,0.02209709,0.02209709,0.02209709,0.02209709,0.02209709,0.02209709,0.02209709,0.02209709,0.02209709,0.02209709,0.02209709,0.02209709,0.02209709,0.02209709,0.02209709,0.02209709,0.02209709,0.02209709,0.02209709,0.02209709,0.02209709,0.02209709,0.02209709,0.02209709,0.02209709,0.02209709,0.02209709,0.02209709,0.02209709,0.02209709,0.02209709,0.02209709,0.02209709,0.02209709,0.02209709,0.02209709,0.02209709,0.02209709,0.02209709,0.02209709,0.02209709,0.02209709,0.02209709,0.02209709,0.02209709,0.02209709,0.02209709,0.02209709,0.02209709,0.02209709,0.02209709,0.02209709,0.02209709,0.02209709,0.02209709,0.02209709,0.02209709,0.02209709,0.02209709,0.02209709,0.02209709,0.02209709,0.02209709,0.02209709,0.02209709,0.02209709,0.02209709,0.02209709,0.02209709,0.02209709,0.02209709,0.02209709,0.02209709,0.02209709,0.02209709,0.02209709,0.02209709,0.02209709,0.02209709,0.02209709,0.02209709,0.02209709,0.02209709,0.02209709,0.02209709,0.02209709,0.02209709,0.02209709,0.02209709,0.02209709,0.02209709,0.02209709,0.02209709,0.02209709,0.02209709,0.02209709,0.02209709,0.02209709,0.02209709,0.02209709,0.02209709,0.02209709,0.02209709,0.02209709,0.02209709,0.02209709,0.02209709,0.02209709,0.02209709,0.02209709,0.02209709,0.02209709,0.02209709,0.02209709,0.02209709,0.02209709,0.02209709,0.02209709,0.02209709,0.02209709,0.02209709,0.02209709,0.02209709,0.02209709,0.02209709,0.02209709,0.02209709,0.02209709,0.02209709,0.02209709,0.02209709,0.02209709,0.02209709,0.02209709,0.02209709,0.02209709,0.02209709,0.02209709,0.02209709,0.02209709,0.02209709,0.02209709,0.02209709,0.02209709,0.02209709,0.02209709,0.02209709,0.02209709,0.02209709,0.02209709,0.02209709,0.02209709,0.02209709,0.02209709,0.02209709,0.02209709,0.02209709,0.02209709,0.02209709,0.02209709,0.02209709,0.02209709,0.02209709,0.02209709,0.02209709,0.02209709,0.02209709,0.02209709,0.02209709,0.02209709,0.02209709,0.02209709,0.02209709,0.02209709,0.02209709,0.02209709,0.02209709,0.02209709,0.02209709,0.02209709,0.02209709,0.02209709,0.02209709,0.02209709,0.02209709,0.02209709,0.02209709,0.02209709,0.02209709,0.02209709,0.02209709,0.02209709,0.02209709,0.02209709,0.02209709,0.02209709,0.02209709,0.02209709,0.02209709,0.02209709,0.02209709,0.02209709,0.02209709,0.02209709,0.02209709,0.02209709,0.02209709,0.02209709,0.02209709,0.02209709,0.02209709,0.02209709,0.02209709,0.02209709,0.02209709,0.02209709,0.02209709,0.02209709,0.02209709,0.02209709,0.02209709,0.02209709,0.02209709,0.02209709,0.02209709,0.02209709,0.02209709,0.02209709,0.02209709,0.02209709,0.02209709,0.02209709,0.02209709,0.02209709,0.02209709,0.02209709,0.02209709,0.02209709,0.02209709,0.02209709,0.02209709,0.02209709,0.02209709,0.02209709,0.02209709,0.02209709,0.02209709,0.02209709,0.02209709,0.02209709,0.02209709,0.02209709,0.02209709,0.02209709,0.02209709,0.02209709,0.02209709,0.02209709,0.02209709,0.02209709,0.02209709,0.02209709,0.02209709,0.02209709,0.02209709,0.02209709,0.02209709,0.02209709,0.02209709,0.02209709,0.02209709,0.02209709,0.02209709,0.02209709,0.02209709,0.02209709,0.02209709,0.02209709,0.02209709,0.02209709,0.02209709,0.02209709,0.02209709,0.02209709,0.02209709,0.02209709,0.02209709,0.02209709,0.02209709,0.02209709,0.02209709,0.02209709,0.02209709,0.02209709,0.02209709,0.02209709,0.02209709,0.02209709,0.02209709,0.02209709,0.02209709,0.02209709,0.02209709,0.02209709,0.02209709] general.normalize_tangent_distributions=True
srun python train.py experiment=general_fm seed=42 hydra.run.dir=/scratch-shared/$USER/outputs/runs/gtg/poincare/norm/poi_d512_c2_s42 general.manifold=poincare general.dim=512 general.curvature=2.0 general.std_x0=0.3 general.std_x1=0.3 general.mean_x0=[0.00000000,0.00000000,0.00000000,0.00000000,0.00000000,0.00000000,0.00000000,0.00000000,0.00000000,0.00000000,0.00000000,0.00000000,0.00000000,0.00000000,0.00000000,0.00000000,0.00000000,0.00000000,0.00000000,0.00000000,0.00000000,0.00000000,0.00000000,0.00000000,0.00000000,0.00000000,0.00000000,0.00000000,0.00000000,0.00000000,0.00000000,0.00000000,0.00000000,0.00000000,0.00000000,0.00000000,0.00000000,0.00000000,0.00000000,0.00000000,0.00000000,0.00000000,0.00000000,0.00000000,0.00000000,0.00000000,0.00000000,0.00000000,0.00000000,0.00000000,0.00000000,0.00000000,0.00000000,0.00000000,0.00000000,0.00000000,0.00000000,0.00000000,0.00000000,0.00000000,0.00000000,0.00000000,0.00000000,0.00000000,0.00000000,0.00000000,0.00000000,0.00000000,0.00000000,0.00000000,0.00000000,0.00000000,0.00000000,0.00000000,0.00000000,0.00000000,0.00000000,0.00000000,0.00000000,0.00000000,0.00000000,0.00000000,0.00000000,0.00000000,0.00000000,0.00000000,0.00000000,0.00000000,0.00000000,0.00000000,0.00000000,0.00000000,0.00000000,0.00000000,0.00000000,0.00000000,0.00000000,0.00000000,0.00000000,0.00000000,0.00000000,0.00000000,0.00000000,0.00000000,0.00000000,0.00000000,0.00000000,0.00000000,0.00000000,0.00000000,0.00000000,0.00000000,0.00000000,0.00000000,0.00000000,0.00000000,0.00000000,0.00000000,0.00000000,0.00000000,0.00000000,0.00000000,0.00000000,0.00000000,0.00000000,0.00000000,0.00000000,0.00000000,0.00000000,0.00000000,0.00000000,0.00000000,0.00000000,0.00000000,0.00000000,0.00000000,0.00000000,0.00000000,0.00000000,0.00000000,0.00000000,0.00000000,0.00000000,0.00000000,0.00000000,0.00000000,0.00000000,0.00000000,0.00000000,0.00000000,0.00000000,0.00000000,0.00000000,0.00000000,0.00000000,0.00000000,0.00000000,0.00000000,0.00000000,0.00000000,0.00000000,0.00000000,0.00000000,0.00000000,0.00000000,0.00000000,0.00000000,0.00000000,0.00000000,0.00000000,0.00000000,0.00000000,0.00000000,0.00000000,0.00000000,0.00000000,0.00000000,0.00000000,0.00000000,0.00000000,0.00000000,0.00000000,0.00000000,0.00000000,0.00000000,0.00000000,0.00000000,0.00000000,0.00000000,0.00000000,0.00000000,0.00000000,0.00000000,0.00000000,0.00000000,0.00000000,0.00000000,0.00000000,0.00000000,0.00000000,0.00000000,0.00000000,0.00000000,0.00000000,0.00000000,0.00000000,0.00000000,0.00000000,0.00000000,0.00000000,0.00000000,0.00000000,0.00000000,0.00000000,0.00000000,0.00000000,0.00000000,0.00000000,0.00000000,0.00000000,0.00000000,0.00000000,0.00000000,0.00000000,0.00000000,0.00000000,0.00000000,0.00000000,0.00000000,0.00000000,0.00000000,0.00000000,0.00000000,0.00000000,0.00000000,0.00000000,0.00000000,0.00000000,0.00000000,0.00000000,0.00000000,0.00000000,0.00000000,0.00000000,0.00000000,0.00000000,0.00000000,0.00000000,0.00000000,0.00000000,0.00000000,0.00000000,0.00000000,0.00000000,0.00000000,0.00000000,0.00000000,0.00000000,0.00000000,0.00000000,0.00000000,0.00000000,0.00000000,0.00000000,0.00000000,0.00000000,0.00000000,0.00000000,0.00000000,0.00000000,0.00000000,0.00000000,0.00000000,0.00000000,0.00000000,0.00000000,0.00000000,0.00000000,0.00000000,0.00000000,0.00000000,0.00000000,0.00000000,0.00000000,0.00000000,0.00000000,0.00000000,0.00000000,0.00000000,0.00000000,0.00000000,0.00000000,0.00000000,0.00000000,0.00000000,0.00000000,0.00000000,0.00000000,0.00000000,0.00000000,0.00000000,0.00000000,0.00000000,0.00000000,0.00000000,0.00000000,0.00000000,0.00000000,0.00000000,0.00000000,0.00000000,0.00000000,0.00000000,0.00000000,0.00000000,0.00000000,0.00000000,0.00000000,0.00000000,0.00000000,0.00000000,0.00000000,0.00000000,0.00000000,0.00000000,0.00000000,0.00000000,0.00000000,0.00000000,0.00000000,0.00000000,0.00000000,0.00000000,0.00000000,0.00000000,0.00000000,0.00000000,0.00000000,0.00000000,0.00000000,0.00000000,0.00000000,0.00000000,0.00000000,0.00000000,0.00000000,0.00000000,0.00000000,0.00000000,0.00000000,0.00000000,0.00000000,0.00000000,0.00000000,0.00000000,0.00000000,0.00000000,0.00000000,0.00000000,0.00000000,0.00000000,0.00000000,0.00000000,0.00000000,0.00000000,0.00000000,0.00000000,0.00000000,0.00000000,0.00000000,0.00000000,0.00000000,0.00000000,0.00000000,0.00000000,0.00000000,0.00000000,0.00000000,0.00000000,0.00000000,0.00000000,0.00000000,0.00000000,0.00000000,0.00000000,0.00000000,0.00000000,0.00000000,0.00000000,0.00000000,0.00000000,0.00000000,0.00000000,0.00000000,0.00000000,0.00000000,0.00000000,0.00000000,0.00000000,0.00000000,0.00000000,0.00000000,0.00000000,0.00000000,0.00000000,0.00000000,0.00000000,0.00000000,0.00000000,0.00000000,0.00000000,0.00000000,0.00000000,0.00000000,0.00000000,0.00000000,0.00000000,0.00000000,0.00000000,0.00000000,0.00000000,0.00000000,0.00000000,0.00000000,0.00000000,0.00000000,0.00000000,0.00000000,0.00000000,0.00000000,0.00000000,0.00000000,0.00000000,0.00000000,0.00000000,0.00000000,0.00000000,0.00000000,0.00000000,0.00000000,0.00000000,0.00000000,0.00000000,0.00000000,0.00000000,0.00000000,0.00000000,0.00000000,0.00000000,0.00000000,0.00000000,0.00000000,0.00000000,0.00000000,0.00000000,0.00000000,0.00000000,0.00000000,0.00000000,0.00000000,0.00000000,0.00000000,0.00000000,0.00000000,0.00000000,0.00000000,0.00000000,0.00000000,0.00000000,0.00000000,0.00000000,0.00000000,0.00000000,0.00000000,0.00000000,0.00000000,0.00000000,0.00000000,0.00000000,0.00000000,0.00000000,0.00000000,0.00000000,0.00000000,0.00000000,0.00000000,0.00000000,0.00000000,0.00000000,0.00000000,0.00000000,0.00000000,0.00000000,0.00000000,0.00000000,0.00000000,0.00000000,0.00000000,0.00000000,0.00000000,0.00000000,0.00000000,0.00000000,0.00000000,0.00000000,0.00000000,0.00000000,0.00000000,0.00000000,0.00000000,0.00000000,0.00000000] general.mean_x1=[0.02209709,0.02209709,0.02209709,0.02209709,0.02209709,0.02209709,0.02209709,0.02209709,0.02209709,0.02209709,0.02209709,0.02209709,0.02209709,0.02209709,0.02209709,0.02209709,0.02209709,0.02209709,0.02209709,0.02209709,0.02209709,0.02209709,0.02209709,0.02209709,0.02209709,0.02209709,0.02209709,0.02209709,0.02209709,0.02209709,0.02209709,0.02209709,0.02209709,0.02209709,0.02209709,0.02209709,0.02209709,0.02209709,0.02209709,0.02209709,0.02209709,0.02209709,0.02209709,0.02209709,0.02209709,0.02209709,0.02209709,0.02209709,0.02209709,0.02209709,0.02209709,0.02209709,0.02209709,0.02209709,0.02209709,0.02209709,0.02209709,0.02209709,0.02209709,0.02209709,0.02209709,0.02209709,0.02209709,0.02209709,0.02209709,0.02209709,0.02209709,0.02209709,0.02209709,0.02209709,0.02209709,0.02209709,0.02209709,0.02209709,0.02209709,0.02209709,0.02209709,0.02209709,0.02209709,0.02209709,0.02209709,0.02209709,0.02209709,0.02209709,0.02209709,0.02209709,0.02209709,0.02209709,0.02209709,0.02209709,0.02209709,0.02209709,0.02209709,0.02209709,0.02209709,0.02209709,0.02209709,0.02209709,0.02209709,0.02209709,0.02209709,0.02209709,0.02209709,0.02209709,0.02209709,0.02209709,0.02209709,0.02209709,0.02209709,0.02209709,0.02209709,0.02209709,0.02209709,0.02209709,0.02209709,0.02209709,0.02209709,0.02209709,0.02209709,0.02209709,0.02209709,0.02209709,0.02209709,0.02209709,0.02209709,0.02209709,0.02209709,0.02209709,0.02209709,0.02209709,0.02209709,0.02209709,0.02209709,0.02209709,0.02209709,0.02209709,0.02209709,0.02209709,0.02209709,0.02209709,0.02209709,0.02209709,0.02209709,0.02209709,0.02209709,0.02209709,0.02209709,0.02209709,0.02209709,0.02209709,0.02209709,0.02209709,0.02209709,0.02209709,0.02209709,0.02209709,0.02209709,0.02209709,0.02209709,0.02209709,0.02209709,0.02209709,0.02209709,0.02209709,0.02209709,0.02209709,0.02209709,0.02209709,0.02209709,0.02209709,0.02209709,0.02209709,0.02209709,0.02209709,0.02209709,0.02209709,0.02209709,0.02209709,0.02209709,0.02209709,0.02209709,0.02209709,0.02209709,0.02209709,0.02209709,0.02209709,0.02209709,0.02209709,0.02209709,0.02209709,0.02209709,0.02209709,0.02209709,0.02209709,0.02209709,0.02209709,0.02209709,0.02209709,0.02209709,0.02209709,0.02209709,0.02209709,0.02209709,0.02209709,0.02209709,0.02209709,0.02209709,0.02209709,0.02209709,0.02209709,0.02209709,0.02209709,0.02209709,0.02209709,0.02209709,0.02209709,0.02209709,0.02209709,0.02209709,0.02209709,0.02209709,0.02209709,0.02209709,0.02209709,0.02209709,0.02209709,0.02209709,0.02209709,0.02209709,0.02209709,0.02209709,0.02209709,0.02209709,0.02209709,0.02209709,0.02209709,0.02209709,0.02209709,0.02209709,0.02209709,0.02209709,0.02209709,0.02209709,0.02209709,0.02209709,0.02209709,0.02209709,0.02209709,0.02209709,0.02209709,0.02209709,0.02209709,0.02209709,0.02209709,0.02209709,0.02209709,0.02209709,0.02209709,0.02209709,0.02209709,0.02209709,0.02209709,0.02209709,0.02209709,0.02209709,0.02209709,0.02209709,0.02209709,0.02209709,0.02209709,0.02209709,0.02209709,0.02209709,0.02209709,0.02209709,0.02209709,0.02209709,0.02209709,0.02209709,0.02209709,0.02209709,0.02209709,0.02209709,0.02209709,0.02209709,0.02209709,0.02209709,0.02209709,0.02209709,0.02209709,0.02209709,0.02209709,0.02209709,0.02209709,0.02209709,0.02209709,0.02209709,0.02209709,0.02209709,0.02209709,0.02209709,0.02209709,0.02209709,0.02209709,0.02209709,0.02209709,0.02209709,0.02209709,0.02209709,0.02209709,0.02209709,0.02209709,0.02209709,0.02209709,0.02209709,0.02209709,0.02209709,0.02209709,0.02209709,0.02209709,0.02209709,0.02209709,0.02209709,0.02209709,0.02209709,0.02209709,0.02209709,0.02209709,0.02209709,0.02209709,0.02209709,0.02209709,0.02209709,0.02209709,0.02209709,0.02209709,0.02209709,0.02209709,0.02209709,0.02209709,0.02209709,0.02209709,0.02209709,0.02209709,0.02209709,0.02209709,0.02209709,0.02209709,0.02209709,0.02209709,0.02209709,0.02209709,0.02209709,0.02209709,0.02209709,0.02209709,0.02209709,0.02209709,0.02209709,0.02209709,0.02209709,0.02209709,0.02209709,0.02209709,0.02209709,0.02209709,0.02209709,0.02209709,0.02209709,0.02209709,0.02209709,0.02209709,0.02209709,0.02209709,0.02209709,0.02209709,0.02209709,0.02209709,0.02209709,0.02209709,0.02209709,0.02209709,0.02209709,0.02209709,0.02209709,0.02209709,0.02209709,0.02209709,0.02209709,0.02209709,0.02209709,0.02209709,0.02209709,0.02209709,0.02209709,0.02209709,0.02209709,0.02209709,0.02209709,0.02209709,0.02209709,0.02209709,0.02209709,0.02209709,0.02209709,0.02209709,0.02209709,0.02209709,0.02209709,0.02209709,0.02209709,0.02209709,0.02209709,0.02209709,0.02209709,0.02209709,0.02209709,0.02209709,0.02209709,0.02209709,0.02209709,0.02209709,0.02209709,0.02209709,0.02209709,0.02209709,0.02209709,0.02209709,0.02209709,0.02209709,0.02209709,0.02209709,0.02209709,0.02209709,0.02209709,0.02209709,0.02209709,0.02209709,0.02209709,0.02209709,0.02209709,0.02209709,0.02209709,0.02209709,0.02209709,0.02209709,0.02209709,0.02209709,0.02209709,0.02209709,0.02209709,0.02209709,0.02209709,0.02209709,0.02209709,0.02209709,0.02209709,0.02209709,0.02209709,0.02209709,0.02209709,0.02209709,0.02209709,0.02209709,0.02209709,0.02209709,0.02209709,0.02209709,0.02209709,0.02209709,0.02209709,0.02209709,0.02209709,0.02209709,0.02209709,0.02209709,0.02209709,0.02209709,0.02209709,0.02209709,0.02209709,0.02209709,0.02209709,0.02209709,0.02209709,0.02209709,0.02209709,0.02209709,0.02209709,0.02209709,0.02209709,0.02209709,0.02209709,0.02209709,0.02209709,0.02209709,0.02209709,0.02209709,0.02209709,0.02209709,0.02209709,0.02209709,0.02209709,0.02209709,0.02209709,0.02209709,0.02209709,0.02209709,0.02209709,0.02209709,0.02209709,0.02209709] general.normalize_tangent_distributions=True
srun python train.py experiment=general_fm seed=42 hydra.run.dir=/scratch-shared/$USER/outputs/runs/gtg/poincare/norm/poi_d512_c3_s42 general.manifold=poincare general.dim=512 general.curvature=3.0 general.std_x0=0.3 general.std_x1=0.3 general.mean_x0=[0.00000000,0.00000000,0.00000000,0.00000000,0.00000000,0.00000000,0.00000000,0.00000000,0.00000000,0.00000000,0.00000000,0.00000000,0.00000000,0.00000000,0.00000000,0.00000000,0.00000000,0.00000000,0.00000000,0.00000000,0.00000000,0.00000000,0.00000000,0.00000000,0.00000000,0.00000000,0.00000000,0.00000000,0.00000000,0.00000000,0.00000000,0.00000000,0.00000000,0.00000000,0.00000000,0.00000000,0.00000000,0.00000000,0.00000000,0.00000000,0.00000000,0.00000000,0.00000000,0.00000000,0.00000000,0.00000000,0.00000000,0.00000000,0.00000000,0.00000000,0.00000000,0.00000000,0.00000000,0.00000000,0.00000000,0.00000000,0.00000000,0.00000000,0.00000000,0.00000000,0.00000000,0.00000000,0.00000000,0.00000000,0.00000000,0.00000000,0.00000000,0.00000000,0.00000000,0.00000000,0.00000000,0.00000000,0.00000000,0.00000000,0.00000000,0.00000000,0.00000000,0.00000000,0.00000000,0.00000000,0.00000000,0.00000000,0.00000000,0.00000000,0.00000000,0.00000000,0.00000000,0.00000000,0.00000000,0.00000000,0.00000000,0.00000000,0.00000000,0.00000000,0.00000000,0.00000000,0.00000000,0.00000000,0.00000000,0.00000000,0.00000000,0.00000000,0.00000000,0.00000000,0.00000000,0.00000000,0.00000000,0.00000000,0.00000000,0.00000000,0.00000000,0.00000000,0.00000000,0.00000000,0.00000000,0.00000000,0.00000000,0.00000000,0.00000000,0.00000000,0.00000000,0.00000000,0.00000000,0.00000000,0.00000000,0.00000000,0.00000000,0.00000000,0.00000000,0.00000000,0.00000000,0.00000000,0.00000000,0.00000000,0.00000000,0.00000000,0.00000000,0.00000000,0.00000000,0.00000000,0.00000000,0.00000000,0.00000000,0.00000000,0.00000000,0.00000000,0.00000000,0.00000000,0.00000000,0.00000000,0.00000000,0.00000000,0.00000000,0.00000000,0.00000000,0.00000000,0.00000000,0.00000000,0.00000000,0.00000000,0.00000000,0.00000000,0.00000000,0.00000000,0.00000000,0.00000000,0.00000000,0.00000000,0.00000000,0.00000000,0.00000000,0.00000000,0.00000000,0.00000000,0.00000000,0.00000000,0.00000000,0.00000000,0.00000000,0.00000000,0.00000000,0.00000000,0.00000000,0.00000000,0.00000000,0.00000000,0.00000000,0.00000000,0.00000000,0.00000000,0.00000000,0.00000000,0.00000000,0.00000000,0.00000000,0.00000000,0.00000000,0.00000000,0.00000000,0.00000000,0.00000000,0.00000000,0.00000000,0.00000000,0.00000000,0.00000000,0.00000000,0.00000000,0.00000000,0.00000000,0.00000000,0.00000000,0.00000000,0.00000000,0.00000000,0.00000000,0.00000000,0.00000000,0.00000000,0.00000000,0.00000000,0.00000000,0.00000000,0.00000000,0.00000000,0.00000000,0.00000000,0.00000000,0.00000000,0.00000000,0.00000000,0.00000000,0.00000000,0.00000000,0.00000000,0.00000000,0.00000000,0.00000000,0.00000000,0.00000000,0.00000000,0.00000000,0.00000000,0.00000000,0.00000000,0.00000000,0.00000000,0.00000000,0.00000000,0.00000000,0.00000000,0.00000000,0.00000000,0.00000000,0.00000000,0.00000000,0.00000000,0.00000000,0.00000000,0.00000000,0.00000000,0.00000000,0.00000000,0.00000000,0.00000000,0.00000000,0.00000000,0.00000000,0.00000000,0.00000000,0.00000000,0.00000000,0.00000000,0.00000000,0.00000000,0.00000000,0.00000000,0.00000000,0.00000000,0.00000000,0.00000000,0.00000000,0.00000000,0.00000000,0.00000000,0.00000000,0.00000000,0.00000000,0.00000000,0.00000000,0.00000000,0.00000000,0.00000000,0.00000000,0.00000000,0.00000000,0.00000000,0.00000000,0.00000000,0.00000000,0.00000000,0.00000000,0.00000000,0.00000000,0.00000000,0.00000000,0.00000000,0.00000000,0.00000000,0.00000000,0.00000000,0.00000000,0.00000000,0.00000000,0.00000000,0.00000000,0.00000000,0.00000000,0.00000000,0.00000000,0.00000000,0.00000000,0.00000000,0.00000000,0.00000000,0.00000000,0.00000000,0.00000000,0.00000000,0.00000000,0.00000000,0.00000000,0.00000000,0.00000000,0.00000000,0.00000000,0.00000000,0.00000000,0.00000000,0.00000000,0.00000000,0.00000000,0.00000000,0.00000000,0.00000000,0.00000000,0.00000000,0.00000000,0.00000000,0.00000000,0.00000000,0.00000000,0.00000000,0.00000000,0.00000000,0.00000000,0.00000000,0.00000000,0.00000000,0.00000000,0.00000000,0.00000000,0.00000000,0.00000000,0.00000000,0.00000000,0.00000000,0.00000000,0.00000000,0.00000000,0.00000000,0.00000000,0.00000000,0.00000000,0.00000000,0.00000000,0.00000000,0.00000000,0.00000000,0.00000000,0.00000000,0.00000000,0.00000000,0.00000000,0.00000000,0.00000000,0.00000000,0.00000000,0.00000000,0.00000000,0.00000000,0.00000000,0.00000000,0.00000000,0.00000000,0.00000000,0.00000000,0.00000000,0.00000000,0.00000000,0.00000000,0.00000000,0.00000000,0.00000000,0.00000000,0.00000000,0.00000000,0.00000000,0.00000000,0.00000000,0.00000000,0.00000000,0.00000000,0.00000000,0.00000000,0.00000000,0.00000000,0.00000000,0.00000000,0.00000000,0.00000000,0.00000000,0.00000000,0.00000000,0.00000000,0.00000000,0.00000000,0.00000000,0.00000000,0.00000000,0.00000000,0.00000000,0.00000000,0.00000000,0.00000000,0.00000000,0.00000000,0.00000000,0.00000000,0.00000000,0.00000000,0.00000000,0.00000000,0.00000000,0.00000000,0.00000000,0.00000000,0.00000000,0.00000000,0.00000000,0.00000000,0.00000000,0.00000000,0.00000000,0.00000000,0.00000000,0.00000000,0.00000000,0.00000000,0.00000000,0.00000000,0.00000000,0.00000000,0.00000000,0.00000000,0.00000000,0.00000000,0.00000000,0.00000000,0.00000000,0.00000000,0.00000000,0.00000000,0.00000000,0.00000000,0.00000000,0.00000000,0.00000000,0.00000000,0.00000000,0.00000000,0.00000000,0.00000000,0.00000000,0.00000000,0.00000000,0.00000000,0.00000000,0.00000000,0.00000000,0.00000000,0.00000000,0.00000000,0.00000000,0.00000000,0.00000000,0.00000000,0.00000000,0.00000000,0.00000000,0.00000000,0.00000000,0.00000000,0.00000000,0.00000000,0.00000000,0.00000000,0.00000000,0.00000000,0.00000000,0.00000000,0.00000000] general.mean_x1=[0.02209709,0.02209709,0.02209709,0.02209709,0.02209709,0.02209709,0.02209709,0.02209709,0.02209709,0.02209709,0.02209709,0.02209709,0.02209709,0.02209709,0.02209709,0.02209709,0.02209709,0.02209709,0.02209709,0.02209709,0.02209709,0.02209709,0.02209709,0.02209709,0.02209709,0.02209709,0.02209709,0.02209709,0.02209709,0.02209709,0.02209709,0.02209709,0.02209709,0.02209709,0.02209709,0.02209709,0.02209709,0.02209709,0.02209709,0.02209709,0.02209709,0.02209709,0.02209709,0.02209709,0.02209709,0.02209709,0.02209709,0.02209709,0.02209709,0.02209709,0.02209709,0.02209709,0.02209709,0.02209709,0.02209709,0.02209709,0.02209709,0.02209709,0.02209709,0.02209709,0.02209709,0.02209709,0.02209709,0.02209709,0.02209709,0.02209709,0.02209709,0.02209709,0.02209709,0.02209709,0.02209709,0.02209709,0.02209709,0.02209709,0.02209709,0.02209709,0.02209709,0.02209709,0.02209709,0.02209709,0.02209709,0.02209709,0.02209709,0.02209709,0.02209709,0.02209709,0.02209709,0.02209709,0.02209709,0.02209709,0.02209709,0.02209709,0.02209709,0.02209709,0.02209709,0.02209709,0.02209709,0.02209709,0.02209709,0.02209709,0.02209709,0.02209709,0.02209709,0.02209709,0.02209709,0.02209709,0.02209709,0.02209709,0.02209709,0.02209709,0.02209709,0.02209709,0.02209709,0.02209709,0.02209709,0.02209709,0.02209709,0.02209709,0.02209709,0.02209709,0.02209709,0.02209709,0.02209709,0.02209709,0.02209709,0.02209709,0.02209709,0.02209709,0.02209709,0.02209709,0.02209709,0.02209709,0.02209709,0.02209709,0.02209709,0.02209709,0.02209709,0.02209709,0.02209709,0.02209709,0.02209709,0.02209709,0.02209709,0.02209709,0.02209709,0.02209709,0.02209709,0.02209709,0.02209709,0.02209709,0.02209709,0.02209709,0.02209709,0.02209709,0.02209709,0.02209709,0.02209709,0.02209709,0.02209709,0.02209709,0.02209709,0.02209709,0.02209709,0.02209709,0.02209709,0.02209709,0.02209709,0.02209709,0.02209709,0.02209709,0.02209709,0.02209709,0.02209709,0.02209709,0.02209709,0.02209709,0.02209709,0.02209709,0.02209709,0.02209709,0.02209709,0.02209709,0.02209709,0.02209709,0.02209709,0.02209709,0.02209709,0.02209709,0.02209709,0.02209709,0.02209709,0.02209709,0.02209709,0.02209709,0.02209709,0.02209709,0.02209709,0.02209709,0.02209709,0.02209709,0.02209709,0.02209709,0.02209709,0.02209709,0.02209709,0.02209709,0.02209709,0.02209709,0.02209709,0.02209709,0.02209709,0.02209709,0.02209709,0.02209709,0.02209709,0.02209709,0.02209709,0.02209709,0.02209709,0.02209709,0.02209709,0.02209709,0.02209709,0.02209709,0.02209709,0.02209709,0.02209709,0.02209709,0.02209709,0.02209709,0.02209709,0.02209709,0.02209709,0.02209709,0.02209709,0.02209709,0.02209709,0.02209709,0.02209709,0.02209709,0.02209709,0.02209709,0.02209709,0.02209709,0.02209709,0.02209709,0.02209709,0.02209709,0.02209709,0.02209709,0.02209709,0.02209709,0.02209709,0.02209709,0.02209709,0.02209709,0.02209709,0.02209709,0.02209709,0.02209709,0.02209709,0.02209709,0.02209709,0.02209709,0.02209709,0.02209709,0.02209709,0.02209709,0.02209709,0.02209709,0.02209709,0.02209709,0.02209709,0.02209709,0.02209709,0.02209709,0.02209709,0.02209709,0.02209709,0.02209709,0.02209709,0.02209709,0.02209709,0.02209709,0.02209709,0.02209709,0.02209709,0.02209709,0.02209709,0.02209709,0.02209709,0.02209709,0.02209709,0.02209709,0.02209709,0.02209709,0.02209709,0.02209709,0.02209709,0.02209709,0.02209709,0.02209709,0.02209709,0.02209709,0.02209709,0.02209709,0.02209709,0.02209709,0.02209709,0.02209709,0.02209709,0.02209709,0.02209709,0.02209709,0.02209709,0.02209709,0.02209709,0.02209709,0.02209709,0.02209709,0.02209709,0.02209709,0.02209709,0.02209709,0.02209709,0.02209709,0.02209709,0.02209709,0.02209709,0.02209709,0.02209709,0.02209709,0.02209709,0.02209709,0.02209709,0.02209709,0.02209709,0.02209709,0.02209709,0.02209709,0.02209709,0.02209709,0.02209709,0.02209709,0.02209709,0.02209709,0.02209709,0.02209709,0.02209709,0.02209709,0.02209709,0.02209709,0.02209709,0.02209709,0.02209709,0.02209709,0.02209709,0.02209709,0.02209709,0.02209709,0.02209709,0.02209709,0.02209709,0.02209709,0.02209709,0.02209709,0.02209709,0.02209709,0.02209709,0.02209709,0.02209709,0.02209709,0.02209709,0.02209709,0.02209709,0.02209709,0.02209709,0.02209709,0.02209709,0.02209709,0.02209709,0.02209709,0.02209709,0.02209709,0.02209709,0.02209709,0.02209709,0.02209709,0.02209709,0.02209709,0.02209709,0.02209709,0.02209709,0.02209709,0.02209709,0.02209709,0.02209709,0.02209709,0.02209709,0.02209709,0.02209709,0.02209709,0.02209709,0.02209709,0.02209709,0.02209709,0.02209709,0.02209709,0.02209709,0.02209709,0.02209709,0.02209709,0.02209709,0.02209709,0.02209709,0.02209709,0.02209709,0.02209709,0.02209709,0.02209709,0.02209709,0.02209709,0.02209709,0.02209709,0.02209709,0.02209709,0.02209709,0.02209709,0.02209709,0.02209709,0.02209709,0.02209709,0.02209709,0.02209709,0.02209709,0.02209709,0.02209709,0.02209709,0.02209709,0.02209709,0.02209709,0.02209709,0.02209709,0.02209709,0.02209709,0.02209709,0.02209709,0.02209709,0.02209709,0.02209709,0.02209709,0.02209709,0.02209709,0.02209709,0.02209709,0.02209709,0.02209709,0.02209709,0.02209709,0.02209709,0.02209709,0.02209709,0.02209709,0.02209709,0.02209709,0.02209709,0.02209709,0.02209709,0.02209709,0.02209709,0.02209709,0.02209709,0.02209709,0.02209709,0.02209709,0.02209709,0.02209709,0.02209709,0.02209709,0.02209709,0.02209709,0.02209709,0.02209709,0.02209709,0.02209709,0.02209709,0.02209709,0.02209709,0.02209709,0.02209709,0.02209709,0.02209709,0.02209709,0.02209709,0.02209709,0.02209709,0.02209709,0.02209709,0.02209709,0.02209709,0.02209709,0.02209709,0.02209709,0.02209709,0.02209709,0.02209709,0.02209709,0.02209709,0.02209709,0.02209709,0.02209709,0.02209709] general.normalize_tangent_distributions=True
srun python train.py experiment=general_fm seed=42 hydra.run.dir=/scratch-shared/$USER/outputs/runs/gtg/poincare/norm/poi_d512_c5_s42 general.manifold=poincare general.dim=512 general.curvature=5.0 general.std_x0=0.3 general.std_x1=0.3 general.mean_x0=[0.00000000,0.00000000,0.00000000,0.00000000,0.00000000,0.00000000,0.00000000,0.00000000,0.00000000,0.00000000,0.00000000,0.00000000,0.00000000,0.00000000,0.00000000,0.00000000,0.00000000,0.00000000,0.00000000,0.00000000,0.00000000,0.00000000,0.00000000,0.00000000,0.00000000,0.00000000,0.00000000,0.00000000,0.00000000,0.00000000,0.00000000,0.00000000,0.00000000,0.00000000,0.00000000,0.00000000,0.00000000,0.00000000,0.00000000,0.00000000,0.00000000,0.00000000,0.00000000,0.00000000,0.00000000,0.00000000,0.00000000,0.00000000,0.00000000,0.00000000,0.00000000,0.00000000,0.00000000,0.00000000,0.00000000,0.00000000,0.00000000,0.00000000,0.00000000,0.00000000,0.00000000,0.00000000,0.00000000,0.00000000,0.00000000,0.00000000,0.00000000,0.00000000,0.00000000,0.00000000,0.00000000,0.00000000,0.00000000,0.00000000,0.00000000,0.00000000,0.00000000,0.00000000,0.00000000,0.00000000,0.00000000,0.00000000,0.00000000,0.00000000,0.00000000,0.00000000,0.00000000,0.00000000,0.00000000,0.00000000,0.00000000,0.00000000,0.00000000,0.00000000,0.00000000,0.00000000,0.00000000,0.00000000,0.00000000,0.00000000,0.00000000,0.00000000,0.00000000,0.00000000,0.00000000,0.00000000,0.00000000,0.00000000,0.00000000,0.00000000,0.00000000,0.00000000,0.00000000,0.00000000,0.00000000,0.00000000,0.00000000,0.00000000,0.00000000,0.00000000,0.00000000,0.00000000,0.00000000,0.00000000,0.00000000,0.00000000,0.00000000,0.00000000,0.00000000,0.00000000,0.00000000,0.00000000,0.00000000,0.00000000,0.00000000,0.00000000,0.00000000,0.00000000,0.00000000,0.00000000,0.00000000,0.00000000,0.00000000,0.00000000,0.00000000,0.00000000,0.00000000,0.00000000,0.00000000,0.00000000,0.00000000,0.00000000,0.00000000,0.00000000,0.00000000,0.00000000,0.00000000,0.00000000,0.00000000,0.00000000,0.00000000,0.00000000,0.00000000,0.00000000,0.00000000,0.00000000,0.00000000,0.00000000,0.00000000,0.00000000,0.00000000,0.00000000,0.00000000,0.00000000,0.00000000,0.00000000,0.00000000,0.00000000,0.00000000,0.00000000,0.00000000,0.00000000,0.00000000,0.00000000,0.00000000,0.00000000,0.00000000,0.00000000,0.00000000,0.00000000,0.00000000,0.00000000,0.00000000,0.00000000,0.00000000,0.00000000,0.00000000,0.00000000,0.00000000,0.00000000,0.00000000,0.00000000,0.00000000,0.00000000,0.00000000,0.00000000,0.00000000,0.00000000,0.00000000,0.00000000,0.00000000,0.00000000,0.00000000,0.00000000,0.00000000,0.00000000,0.00000000,0.00000000,0.00000000,0.00000000,0.00000000,0.00000000,0.00000000,0.00000000,0.00000000,0.00000000,0.00000000,0.00000000,0.00000000,0.00000000,0.00000000,0.00000000,0.00000000,0.00000000,0.00000000,0.00000000,0.00000000,0.00000000,0.00000000,0.00000000,0.00000000,0.00000000,0.00000000,0.00000000,0.00000000,0.00000000,0.00000000,0.00000000,0.00000000,0.00000000,0.00000000,0.00000000,0.00000000,0.00000000,0.00000000,0.00000000,0.00000000,0.00000000,0.00000000,0.00000000,0.00000000,0.00000000,0.00000000,0.00000000,0.00000000,0.00000000,0.00000000,0.00000000,0.00000000,0.00000000,0.00000000,0.00000000,0.00000000,0.00000000,0.00000000,0.00000000,0.00000000,0.00000000,0.00000000,0.00000000,0.00000000,0.00000000,0.00000000,0.00000000,0.00000000,0.00000000,0.00000000,0.00000000,0.00000000,0.00000000,0.00000000,0.00000000,0.00000000,0.00000000,0.00000000,0.00000000,0.00000000,0.00000000,0.00000000,0.00000000,0.00000000,0.00000000,0.00000000,0.00000000,0.00000000,0.00000000,0.00000000,0.00000000,0.00000000,0.00000000,0.00000000,0.00000000,0.00000000,0.00000000,0.00000000,0.00000000,0.00000000,0.00000000,0.00000000,0.00000000,0.00000000,0.00000000,0.00000000,0.00000000,0.00000000,0.00000000,0.00000000,0.00000000,0.00000000,0.00000000,0.00000000,0.00000000,0.00000000,0.00000000,0.00000000,0.00000000,0.00000000,0.00000000,0.00000000,0.00000000,0.00000000,0.00000000,0.00000000,0.00000000,0.00000000,0.00000000,0.00000000,0.00000000,0.00000000,0.00000000,0.00000000,0.00000000,0.00000000,0.00000000,0.00000000,0.00000000,0.00000000,0.00000000,0.00000000,0.00000000,0.00000000,0.00000000,0.00000000,0.00000000,0.00000000,0.00000000,0.00000000,0.00000000,0.00000000,0.00000000,0.00000000,0.00000000,0.00000000,0.00000000,0.00000000,0.00000000,0.00000000,0.00000000,0.00000000,0.00000000,0.00000000,0.00000000,0.00000000,0.00000000,0.00000000,0.00000000,0.00000000,0.00000000,0.00000000,0.00000000,0.00000000,0.00000000,0.00000000,0.00000000,0.00000000,0.00000000,0.00000000,0.00000000,0.00000000,0.00000000,0.00000000,0.00000000,0.00000000,0.00000000,0.00000000,0.00000000,0.00000000,0.00000000,0.00000000,0.00000000,0.00000000,0.00000000,0.00000000,0.00000000,0.00000000,0.00000000,0.00000000,0.00000000,0.00000000,0.00000000,0.00000000,0.00000000,0.00000000,0.00000000,0.00000000,0.00000000,0.00000000,0.00000000,0.00000000,0.00000000,0.00000000,0.00000000,0.00000000,0.00000000,0.00000000,0.00000000,0.00000000,0.00000000,0.00000000,0.00000000,0.00000000,0.00000000,0.00000000,0.00000000,0.00000000,0.00000000,0.00000000,0.00000000,0.00000000,0.00000000,0.00000000,0.00000000,0.00000000,0.00000000,0.00000000,0.00000000,0.00000000,0.00000000,0.00000000,0.00000000,0.00000000,0.00000000,0.00000000,0.00000000,0.00000000,0.00000000,0.00000000,0.00000000,0.00000000,0.00000000,0.00000000,0.00000000,0.00000000,0.00000000,0.00000000,0.00000000,0.00000000,0.00000000,0.00000000,0.00000000,0.00000000,0.00000000,0.00000000,0.00000000,0.00000000,0.00000000,0.00000000,0.00000000,0.00000000,0.00000000,0.00000000,0.00000000,0.00000000,0.00000000,0.00000000,0.00000000,0.00000000,0.00000000,0.00000000,0.00000000,0.00000000,0.00000000,0.00000000,0.00000000,0.00000000,0.00000000,0.00000000,0.00000000,0.00000000,0.00000000,0.00000000,0.00000000] general.mean_x1=[0.02209709,0.02209709,0.02209709,0.02209709,0.02209709,0.02209709,0.02209709,0.02209709,0.02209709,0.02209709,0.02209709,0.02209709,0.02209709,0.02209709,0.02209709,0.02209709,0.02209709,0.02209709,0.02209709,0.02209709,0.02209709,0.02209709,0.02209709,0.02209709,0.02209709,0.02209709,0.02209709,0.02209709,0.02209709,0.02209709,0.02209709,0.02209709,0.02209709,0.02209709,0.02209709,0.02209709,0.02209709,0.02209709,0.02209709,0.02209709,0.02209709,0.02209709,0.02209709,0.02209709,0.02209709,0.02209709,0.02209709,0.02209709,0.02209709,0.02209709,0.02209709,0.02209709,0.02209709,0.02209709,0.02209709,0.02209709,0.02209709,0.02209709,0.02209709,0.02209709,0.02209709,0.02209709,0.02209709,0.02209709,0.02209709,0.02209709,0.02209709,0.02209709,0.02209709,0.02209709,0.02209709,0.02209709,0.02209709,0.02209709,0.02209709,0.02209709,0.02209709,0.02209709,0.02209709,0.02209709,0.02209709,0.02209709,0.02209709,0.02209709,0.02209709,0.02209709,0.02209709,0.02209709,0.02209709,0.02209709,0.02209709,0.02209709,0.02209709,0.02209709,0.02209709,0.02209709,0.02209709,0.02209709,0.02209709,0.02209709,0.02209709,0.02209709,0.02209709,0.02209709,0.02209709,0.02209709,0.02209709,0.02209709,0.02209709,0.02209709,0.02209709,0.02209709,0.02209709,0.02209709,0.02209709,0.02209709,0.02209709,0.02209709,0.02209709,0.02209709,0.02209709,0.02209709,0.02209709,0.02209709,0.02209709,0.02209709,0.02209709,0.02209709,0.02209709,0.02209709,0.02209709,0.02209709,0.02209709,0.02209709,0.02209709,0.02209709,0.02209709,0.02209709,0.02209709,0.02209709,0.02209709,0.02209709,0.02209709,0.02209709,0.02209709,0.02209709,0.02209709,0.02209709,0.02209709,0.02209709,0.02209709,0.02209709,0.02209709,0.02209709,0.02209709,0.02209709,0.02209709,0.02209709,0.02209709,0.02209709,0.02209709,0.02209709,0.02209709,0.02209709,0.02209709,0.02209709,0.02209709,0.02209709,0.02209709,0.02209709,0.02209709,0.02209709,0.02209709,0.02209709,0.02209709,0.02209709,0.02209709,0.02209709,0.02209709,0.02209709,0.02209709,0.02209709,0.02209709,0.02209709,0.02209709,0.02209709,0.02209709,0.02209709,0.02209709,0.02209709,0.02209709,0.02209709,0.02209709,0.02209709,0.02209709,0.02209709,0.02209709,0.02209709,0.02209709,0.02209709,0.02209709,0.02209709,0.02209709,0.02209709,0.02209709,0.02209709,0.02209709,0.02209709,0.02209709,0.02209709,0.02209709,0.02209709,0.02209709,0.02209709,0.02209709,0.02209709,0.02209709,0.02209709,0.02209709,0.02209709,0.02209709,0.02209709,0.02209709,0.02209709,0.02209709,0.02209709,0.02209709,0.02209709,0.02209709,0.02209709,0.02209709,0.02209709,0.02209709,0.02209709,0.02209709,0.02209709,0.02209709,0.02209709,0.02209709,0.02209709,0.02209709,0.02209709,0.02209709,0.02209709,0.02209709,0.02209709,0.02209709,0.02209709,0.02209709,0.02209709,0.02209709,0.02209709,0.02209709,0.02209709,0.02209709,0.02209709,0.02209709,0.02209709,0.02209709,0.02209709,0.02209709,0.02209709,0.02209709,0.02209709,0.02209709,0.02209709,0.02209709,0.02209709,0.02209709,0.02209709,0.02209709,0.02209709,0.02209709,0.02209709,0.02209709,0.02209709,0.02209709,0.02209709,0.02209709,0.02209709,0.02209709,0.02209709,0.02209709,0.02209709,0.02209709,0.02209709,0.02209709,0.02209709,0.02209709,0.02209709,0.02209709,0.02209709,0.02209709,0.02209709,0.02209709,0.02209709,0.02209709,0.02209709,0.02209709,0.02209709,0.02209709,0.02209709,0.02209709,0.02209709,0.02209709,0.02209709,0.02209709,0.02209709,0.02209709,0.02209709,0.02209709,0.02209709,0.02209709,0.02209709,0.02209709,0.02209709,0.02209709,0.02209709,0.02209709,0.02209709,0.02209709,0.02209709,0.02209709,0.02209709,0.02209709,0.02209709,0.02209709,0.02209709,0.02209709,0.02209709,0.02209709,0.02209709,0.02209709,0.02209709,0.02209709,0.02209709,0.02209709,0.02209709,0.02209709,0.02209709,0.02209709,0.02209709,0.02209709,0.02209709,0.02209709,0.02209709,0.02209709,0.02209709,0.02209709,0.02209709,0.02209709,0.02209709,0.02209709,0.02209709,0.02209709,0.02209709,0.02209709,0.02209709,0.02209709,0.02209709,0.02209709,0.02209709,0.02209709,0.02209709,0.02209709,0.02209709,0.02209709,0.02209709,0.02209709,0.02209709,0.02209709,0.02209709,0.02209709,0.02209709,0.02209709,0.02209709,0.02209709,0.02209709,0.02209709,0.02209709,0.02209709,0.02209709,0.02209709,0.02209709,0.02209709,0.02209709,0.02209709,0.02209709,0.02209709,0.02209709,0.02209709,0.02209709,0.02209709,0.02209709,0.02209709,0.02209709,0.02209709,0.02209709,0.02209709,0.02209709,0.02209709,0.02209709,0.02209709,0.02209709,0.02209709,0.02209709,0.02209709,0.02209709,0.02209709,0.02209709,0.02209709,0.02209709,0.02209709,0.02209709,0.02209709,0.02209709,0.02209709,0.02209709,0.02209709,0.02209709,0.02209709,0.02209709,0.02209709,0.02209709,0.02209709,0.02209709,0.02209709,0.02209709,0.02209709,0.02209709,0.02209709,0.02209709,0.02209709,0.02209709,0.02209709,0.02209709,0.02209709,0.02209709,0.02209709,0.02209709,0.02209709,0.02209709,0.02209709,0.02209709,0.02209709,0.02209709,0.02209709,0.02209709,0.02209709,0.02209709,0.02209709,0.02209709,0.02209709,0.02209709,0.02209709,0.02209709,0.02209709,0.02209709,0.02209709,0.02209709,0.02209709,0.02209709,0.02209709,0.02209709,0.02209709,0.02209709,0.02209709,0.02209709,0.02209709,0.02209709,0.02209709,0.02209709,0.02209709,0.02209709,0.02209709,0.02209709,0.02209709,0.02209709,0.02209709,0.02209709,0.02209709,0.02209709,0.02209709,0.02209709,0.02209709,0.02209709,0.02209709,0.02209709,0.02209709,0.02209709,0.02209709,0.02209709,0.02209709,0.02209709,0.02209709,0.02209709,0.02209709,0.02209709,0.02209709,0.02209709,0.02209709,0.02209709,0.02209709,0.02209709,0.02209709,0.02209709,0.02209709,0.02209709,0.02209709,0.02209709,0.02209709,0.02209709] general.normalize_tangent_distributions=True
srun python train.py experiment=general_fm seed=42 hydra.run.dir=/scratch-shared/$USER/outputs/runs/gtg/poincare/norm/poi_d512_c10_s42 general.manifold=poincare general.dim=512 general.curvature=10.0 general.std_x0=0.3 general.std_x1=0.3 general.mean_x0=[0.00000000,0.00000000,0.00000000,0.00000000,0.00000000,0.00000000,0.00000000,0.00000000,0.00000000,0.00000000,0.00000000,0.00000000,0.00000000,0.00000000,0.00000000,0.00000000,0.00000000,0.00000000,0.00000000,0.00000000,0.00000000,0.00000000,0.00000000,0.00000000,0.00000000,0.00000000,0.00000000,0.00000000,0.00000000,0.00000000,0.00000000,0.00000000,0.00000000,0.00000000,0.00000000,0.00000000,0.00000000,0.00000000,0.00000000,0.00000000,0.00000000,0.00000000,0.00000000,0.00000000,0.00000000,0.00000000,0.00000000,0.00000000,0.00000000,0.00000000,0.00000000,0.00000000,0.00000000,0.00000000,0.00000000,0.00000000,0.00000000,0.00000000,0.00000000,0.00000000,0.00000000,0.00000000,0.00000000,0.00000000,0.00000000,0.00000000,0.00000000,0.00000000,0.00000000,0.00000000,0.00000000,0.00000000,0.00000000,0.00000000,0.00000000,0.00000000,0.00000000,0.00000000,0.00000000,0.00000000,0.00000000,0.00000000,0.00000000,0.00000000,0.00000000,0.00000000,0.00000000,0.00000000,0.00000000,0.00000000,0.00000000,0.00000000,0.00000000,0.00000000,0.00000000,0.00000000,0.00000000,0.00000000,0.00000000,0.00000000,0.00000000,0.00000000,0.00000000,0.00000000,0.00000000,0.00000000,0.00000000,0.00000000,0.00000000,0.00000000,0.00000000,0.00000000,0.00000000,0.00000000,0.00000000,0.00000000,0.00000000,0.00000000,0.00000000,0.00000000,0.00000000,0.00000000,0.00000000,0.00000000,0.00000000,0.00000000,0.00000000,0.00000000,0.00000000,0.00000000,0.00000000,0.00000000,0.00000000,0.00000000,0.00000000,0.00000000,0.00000000,0.00000000,0.00000000,0.00000000,0.00000000,0.00000000,0.00000000,0.00000000,0.00000000,0.00000000,0.00000000,0.00000000,0.00000000,0.00000000,0.00000000,0.00000000,0.00000000,0.00000000,0.00000000,0.00000000,0.00000000,0.00000000,0.00000000,0.00000000,0.00000000,0.00000000,0.00000000,0.00000000,0.00000000,0.00000000,0.00000000,0.00000000,0.00000000,0.00000000,0.00000000,0.00000000,0.00000000,0.00000000,0.00000000,0.00000000,0.00000000,0.00000000,0.00000000,0.00000000,0.00000000,0.00000000,0.00000000,0.00000000,0.00000000,0.00000000,0.00000000,0.00000000,0.00000000,0.00000000,0.00000000,0.00000000,0.00000000,0.00000000,0.00000000,0.00000000,0.00000000,0.00000000,0.00000000,0.00000000,0.00000000,0.00000000,0.00000000,0.00000000,0.00000000,0.00000000,0.00000000,0.00000000,0.00000000,0.00000000,0.00000000,0.00000000,0.00000000,0.00000000,0.00000000,0.00000000,0.00000000,0.00000000,0.00000000,0.00000000,0.00000000,0.00000000,0.00000000,0.00000000,0.00000000,0.00000000,0.00000000,0.00000000,0.00000000,0.00000000,0.00000000,0.00000000,0.00000000,0.00000000,0.00000000,0.00000000,0.00000000,0.00000000,0.00000000,0.00000000,0.00000000,0.00000000,0.00000000,0.00000000,0.00000000,0.00000000,0.00000000,0.00000000,0.00000000,0.00000000,0.00000000,0.00000000,0.00000000,0.00000000,0.00000000,0.00000000,0.00000000,0.00000000,0.00000000,0.00000000,0.00000000,0.00000000,0.00000000,0.00000000,0.00000000,0.00000000,0.00000000,0.00000000,0.00000000,0.00000000,0.00000000,0.00000000,0.00000000,0.00000000,0.00000000,0.00000000,0.00000000,0.00000000,0.00000000,0.00000000,0.00000000,0.00000000,0.00000000,0.00000000,0.00000000,0.00000000,0.00000000,0.00000000,0.00000000,0.00000000,0.00000000,0.00000000,0.00000000,0.00000000,0.00000000,0.00000000,0.00000000,0.00000000,0.00000000,0.00000000,0.00000000,0.00000000,0.00000000,0.00000000,0.00000000,0.00000000,0.00000000,0.00000000,0.00000000,0.00000000,0.00000000,0.00000000,0.00000000,0.00000000,0.00000000,0.00000000,0.00000000,0.00000000,0.00000000,0.00000000,0.00000000,0.00000000,0.00000000,0.00000000,0.00000000,0.00000000,0.00000000,0.00000000,0.00000000,0.00000000,0.00000000,0.00000000,0.00000000,0.00000000,0.00000000,0.00000000,0.00000000,0.00000000,0.00000000,0.00000000,0.00000000,0.00000000,0.00000000,0.00000000,0.00000000,0.00000000,0.00000000,0.00000000,0.00000000,0.00000000,0.00000000,0.00000000,0.00000000,0.00000000,0.00000000,0.00000000,0.00000000,0.00000000,0.00000000,0.00000000,0.00000000,0.00000000,0.00000000,0.00000000,0.00000000,0.00000000,0.00000000,0.00000000,0.00000000,0.00000000,0.00000000,0.00000000,0.00000000,0.00000000,0.00000000,0.00000000,0.00000000,0.00000000,0.00000000,0.00000000,0.00000000,0.00000000,0.00000000,0.00000000,0.00000000,0.00000000,0.00000000,0.00000000,0.00000000,0.00000000,0.00000000,0.00000000,0.00000000,0.00000000,0.00000000,0.00000000,0.00000000,0.00000000,0.00000000,0.00000000,0.00000000,0.00000000,0.00000000,0.00000000,0.00000000,0.00000000,0.00000000,0.00000000,0.00000000,0.00000000,0.00000000,0.00000000,0.00000000,0.00000000,0.00000000,0.00000000,0.00000000,0.00000000,0.00000000,0.00000000,0.00000000,0.00000000,0.00000000,0.00000000,0.00000000,0.00000000,0.00000000,0.00000000,0.00000000,0.00000000,0.00000000,0.00000000,0.00000000,0.00000000,0.00000000,0.00000000,0.00000000,0.00000000,0.00000000,0.00000000,0.00000000,0.00000000,0.00000000,0.00000000,0.00000000,0.00000000,0.00000000,0.00000000,0.00000000,0.00000000,0.00000000,0.00000000,0.00000000,0.00000000,0.00000000,0.00000000,0.00000000,0.00000000,0.00000000,0.00000000,0.00000000,0.00000000,0.00000000,0.00000000,0.00000000,0.00000000,0.00000000,0.00000000,0.00000000,0.00000000,0.00000000,0.00000000,0.00000000,0.00000000,0.00000000,0.00000000,0.00000000,0.00000000,0.00000000,0.00000000,0.00000000,0.00000000,0.00000000,0.00000000,0.00000000,0.00000000,0.00000000,0.00000000,0.00000000,0.00000000,0.00000000,0.00000000,0.00000000,0.00000000,0.00000000,0.00000000,0.00000000,0.00000000,0.00000000,0.00000000,0.00000000,0.00000000,0.00000000,0.00000000,0.00000000,0.00000000,0.00000000,0.00000000,0.00000000,0.00000000,0.00000000,0.00000000] general.mean_x1=[0.02209709,0.02209709,0.02209709,0.02209709,0.02209709,0.02209709,0.02209709,0.02209709,0.02209709,0.02209709,0.02209709,0.02209709,0.02209709,0.02209709,0.02209709,0.02209709,0.02209709,0.02209709,0.02209709,0.02209709,0.02209709,0.02209709,0.02209709,0.02209709,0.02209709,0.02209709,0.02209709,0.02209709,0.02209709,0.02209709,0.02209709,0.02209709,0.02209709,0.02209709,0.02209709,0.02209709,0.02209709,0.02209709,0.02209709,0.02209709,0.02209709,0.02209709,0.02209709,0.02209709,0.02209709,0.02209709,0.02209709,0.02209709,0.02209709,0.02209709,0.02209709,0.02209709,0.02209709,0.02209709,0.02209709,0.02209709,0.02209709,0.02209709,0.02209709,0.02209709,0.02209709,0.02209709,0.02209709,0.02209709,0.02209709,0.02209709,0.02209709,0.02209709,0.02209709,0.02209709,0.02209709,0.02209709,0.02209709,0.02209709,0.02209709,0.02209709,0.02209709,0.02209709,0.02209709,0.02209709,0.02209709,0.02209709,0.02209709,0.02209709,0.02209709,0.02209709,0.02209709,0.02209709,0.02209709,0.02209709,0.02209709,0.02209709,0.02209709,0.02209709,0.02209709,0.02209709,0.02209709,0.02209709,0.02209709,0.02209709,0.02209709,0.02209709,0.02209709,0.02209709,0.02209709,0.02209709,0.02209709,0.02209709,0.02209709,0.02209709,0.02209709,0.02209709,0.02209709,0.02209709,0.02209709,0.02209709,0.02209709,0.02209709,0.02209709,0.02209709,0.02209709,0.02209709,0.02209709,0.02209709,0.02209709,0.02209709,0.02209709,0.02209709,0.02209709,0.02209709,0.02209709,0.02209709,0.02209709,0.02209709,0.02209709,0.02209709,0.02209709,0.02209709,0.02209709,0.02209709,0.02209709,0.02209709,0.02209709,0.02209709,0.02209709,0.02209709,0.02209709,0.02209709,0.02209709,0.02209709,0.02209709,0.02209709,0.02209709,0.02209709,0.02209709,0.02209709,0.02209709,0.02209709,0.02209709,0.02209709,0.02209709,0.02209709,0.02209709,0.02209709,0.02209709,0.02209709,0.02209709,0.02209709,0.02209709,0.02209709,0.02209709,0.02209709,0.02209709,0.02209709,0.02209709,0.02209709,0.02209709,0.02209709,0.02209709,0.02209709,0.02209709,0.02209709,0.02209709,0.02209709,0.02209709,0.02209709,0.02209709,0.02209709,0.02209709,0.02209709,0.02209709,0.02209709,0.02209709,0.02209709,0.02209709,0.02209709,0.02209709,0.02209709,0.02209709,0.02209709,0.02209709,0.02209709,0.02209709,0.02209709,0.02209709,0.02209709,0.02209709,0.02209709,0.02209709,0.02209709,0.02209709,0.02209709,0.02209709,0.02209709,0.02209709,0.02209709,0.02209709,0.02209709,0.02209709,0.02209709,0.02209709,0.02209709,0.02209709,0.02209709,0.02209709,0.02209709,0.02209709,0.02209709,0.02209709,0.02209709,0.02209709,0.02209709,0.02209709,0.02209709,0.02209709,0.02209709,0.02209709,0.02209709,0.02209709,0.02209709,0.02209709,0.02209709,0.02209709,0.02209709,0.02209709,0.02209709,0.02209709,0.02209709,0.02209709,0.02209709,0.02209709,0.02209709,0.02209709,0.02209709,0.02209709,0.02209709,0.02209709,0.02209709,0.02209709,0.02209709,0.02209709,0.02209709,0.02209709,0.02209709,0.02209709,0.02209709,0.02209709,0.02209709,0.02209709,0.02209709,0.02209709,0.02209709,0.02209709,0.02209709,0.02209709,0.02209709,0.02209709,0.02209709,0.02209709,0.02209709,0.02209709,0.02209709,0.02209709,0.02209709,0.02209709,0.02209709,0.02209709,0.02209709,0.02209709,0.02209709,0.02209709,0.02209709,0.02209709,0.02209709,0.02209709,0.02209709,0.02209709,0.02209709,0.02209709,0.02209709,0.02209709,0.02209709,0.02209709,0.02209709,0.02209709,0.02209709,0.02209709,0.02209709,0.02209709,0.02209709,0.02209709,0.02209709,0.02209709,0.02209709,0.02209709,0.02209709,0.02209709,0.02209709,0.02209709,0.02209709,0.02209709,0.02209709,0.02209709,0.02209709,0.02209709,0.02209709,0.02209709,0.02209709,0.02209709,0.02209709,0.02209709,0.02209709,0.02209709,0.02209709,0.02209709,0.02209709,0.02209709,0.02209709,0.02209709,0.02209709,0.02209709,0.02209709,0.02209709,0.02209709,0.02209709,0.02209709,0.02209709,0.02209709,0.02209709,0.02209709,0.02209709,0.02209709,0.02209709,0.02209709,0.02209709,0.02209709,0.02209709,0.02209709,0.02209709,0.02209709,0.02209709,0.02209709,0.02209709,0.02209709,0.02209709,0.02209709,0.02209709,0.02209709,0.02209709,0.02209709,0.02209709,0.02209709,0.02209709,0.02209709,0.02209709,0.02209709,0.02209709,0.02209709,0.02209709,0.02209709,0.02209709,0.02209709,0.02209709,0.02209709,0.02209709,0.02209709,0.02209709,0.02209709,0.02209709,0.02209709,0.02209709,0.02209709,0.02209709,0.02209709,0.02209709,0.02209709,0.02209709,0.02209709,0.02209709,0.02209709,0.02209709,0.02209709,0.02209709,0.02209709,0.02209709,0.02209709,0.02209709,0.02209709,0.02209709,0.02209709,0.02209709,0.02209709,0.02209709,0.02209709,0.02209709,0.02209709,0.02209709,0.02209709,0.02209709,0.02209709,0.02209709,0.02209709,0.02209709,0.02209709,0.02209709,0.02209709,0.02209709,0.02209709,0.02209709,0.02209709,0.02209709,0.02209709,0.02209709,0.02209709,0.02209709,0.02209709,0.02209709,0.02209709,0.02209709,0.02209709,0.02209709,0.02209709,0.02209709,0.02209709,0.02209709,0.02209709,0.02209709,0.02209709,0.02209709,0.02209709,0.02209709,0.02209709,0.02209709,0.02209709,0.02209709,0.02209709,0.02209709,0.02209709,0.02209709,0.02209709,0.02209709,0.02209709,0.02209709,0.02209709,0.02209709,0.02209709,0.02209709,0.02209709,0.02209709,0.02209709,0.02209709,0.02209709,0.02209709,0.02209709,0.02209709,0.02209709,0.02209709,0.02209709,0.02209709,0.02209709,0.02209709,0.02209709,0.02209709,0.02209709,0.02209709,0.02209709,0.02209709,0.02209709,0.02209709,0.02209709,0.02209709,0.02209709,0.02209709,0.02209709,0.02209709,0.02209709,0.02209709,0.02209709,0.02209709,0.02209709,0.02209709,0.02209709,0.02209709,0.02209709,0.02209709,0.02209709,0.02209709,0.02209709,0.02209709,0.02209709,0.02209709,0.02209709] general.normalize_tangent_distributions=True
srun python train.py experiment=general_fm seed=50 hydra.run.dir=/scratch-shared/$USER/outputs/runs/gtg/poincare/norm/poi_d2_c1_s50 general.manifold=poincare general.dim=2 general.curvature=1.0 general.std_x0=0.3 general.std_x1=0.3 general.mean_x0=[0.00000000,0.00000000] general.mean_x1=[0.35355339,0.35355339] general.normalize_tangent_distributions=True
srun python train.py experiment=general_fm seed=50 hydra.run.dir=/scratch-shared/$USER/outputs/runs/gtg/poincare/norm/poi_d2_c2_s50 general.manifold=poincare general.dim=2 general.curvature=2.0 general.std_x0=0.3 general.std_x1=0.3 general.mean_x0=[0.00000000,0.00000000] general.mean_x1=[0.35355339,0.35355339] general.normalize_tangent_distributions=True
srun python train.py experiment=general_fm seed=50 hydra.run.dir=/scratch-shared/$USER/outputs/runs/gtg/poincare/norm/poi_d2_c3_s50 general.manifold=poincare general.dim=2 general.curvature=3.0 general.std_x0=0.3 general.std_x1=0.3 general.mean_x0=[0.00000000,0.00000000] general.mean_x1=[0.35355339,0.35355339] general.normalize_tangent_distributions=True
srun python train.py experiment=general_fm seed=50 hydra.run.dir=/scratch-shared/$USER/outputs/runs/gtg/poincare/norm/poi_d2_c5_s50 general.manifold=poincare general.dim=2 general.curvature=5.0 general.std_x0=0.3 general.std_x1=0.3 general.mean_x0=[0.00000000,0.00000000] general.mean_x1=[0.35355339,0.35355339] general.normalize_tangent_distributions=True
srun python train.py experiment=general_fm seed=50 hydra.run.dir=/scratch-shared/$USER/outputs/runs/gtg/poincare/norm/poi_d2_c10_s50 general.manifold=poincare general.dim=2 general.curvature=10.0 general.std_x0=0.3 general.std_x1=0.3 general.mean_x0=[0.00000000,0.00000000] general.mean_x1=[0.35355339,0.35355339] general.normalize_tangent_distributions=True
srun python train.py experiment=general_fm seed=50 hydra.run.dir=/scratch-shared/$USER/outputs/runs/gtg/poincare/norm/poi_d3_c1_s50 general.manifold=poincare general.dim=3 general.curvature=1.0 general.std_x0=0.3 general.std_x1=0.3 general.mean_x0=[0.00000000,0.00000000,0.00000000] general.mean_x1=[0.28867513,0.28867513,0.28867513] general.normalize_tangent_distributions=True
srun python train.py experiment=general_fm seed=50 hydra.run.dir=/scratch-shared/$USER/outputs/runs/gtg/poincare/norm/poi_d3_c2_s50 general.manifold=poincare general.dim=3 general.curvature=2.0 general.std_x0=0.3 general.std_x1=0.3 general.mean_x0=[0.00000000,0.00000000,0.00000000] general.mean_x1=[0.28867513,0.28867513,0.28867513] general.normalize_tangent_distributions=True
srun python train.py experiment=general_fm seed=50 hydra.run.dir=/scratch-shared/$USER/outputs/runs/gtg/poincare/norm/poi_d3_c3_s50 general.manifold=poincare general.dim=3 general.curvature=3.0 general.std_x0=0.3 general.std_x1=0.3 general.mean_x0=[0.00000000,0.00000000,0.00000000] general.mean_x1=[0.28867513,0.28867513,0.28867513] general.normalize_tangent_distributions=True
srun python train.py experiment=general_fm seed=50 hydra.run.dir=/scratch-shared/$USER/outputs/runs/gtg/poincare/norm/poi_d3_c5_s50 general.manifold=poincare general.dim=3 general.curvature=5.0 general.std_x0=0.3 general.std_x1=0.3 general.mean_x0=[0.00000000,0.00000000,0.00000000] general.mean_x1=[0.28867513,0.28867513,0.28867513] general.normalize_tangent_distributions=True
srun python train.py experiment=general_fm seed=50 hydra.run.dir=/scratch-shared/$USER/outputs/runs/gtg/poincare/norm/poi_d3_c10_s50 general.manifold=poincare general.dim=3 general.curvature=10.0 general.std_x0=0.3 general.std_x1=0.3 general.mean_x0=[0.00000000,0.00000000,0.00000000] general.mean_x1=[0.28867513,0.28867513,0.28867513] general.normalize_tangent_distributions=True
srun python train.py experiment=general_fm seed=50 hydra.run.dir=/scratch-shared/$USER/outputs/runs/gtg/poincare/norm/poi_d4_c1_s50 general.manifold=poincare general.dim=4 general.curvature=1.0 general.std_x0=0.3 general.std_x1=0.3 general.mean_x0=[0.00000000,0.00000000,0.00000000,0.00000000] general.mean_x1=[0.25000000,0.25000000,0.25000000,0.25000000] general.normalize_tangent_distributions=True
srun python train.py experiment=general_fm seed=50 hydra.run.dir=/scratch-shared/$USER/outputs/runs/gtg/poincare/norm/poi_d4_c2_s50 general.manifold=poincare general.dim=4 general.curvature=2.0 general.std_x0=0.3 general.std_x1=0.3 general.mean_x0=[0.00000000,0.00000000,0.00000000,0.00000000] general.mean_x1=[0.25000000,0.25000000,0.25000000,0.25000000] general.normalize_tangent_distributions=True
srun python train.py experiment=general_fm seed=50 hydra.run.dir=/scratch-shared/$USER/outputs/runs/gtg/poincare/norm/poi_d4_c3_s50 general.manifold=poincare general.dim=4 general.curvature=3.0 general.std_x0=0.3 general.std_x1=0.3 general.mean_x0=[0.00000000,0.00000000,0.00000000,0.00000000] general.mean_x1=[0.25000000,0.25000000,0.25000000,0.25000000] general.normalize_tangent_distributions=True
srun python train.py experiment=general_fm seed=50 hydra.run.dir=/scratch-shared/$USER/outputs/runs/gtg/poincare/norm/poi_d4_c5_s50 general.manifold=poincare general.dim=4 general.curvature=5.0 general.std_x0=0.3 general.std_x1=0.3 general.mean_x0=[0.00000000,0.00000000,0.00000000,0.00000000] general.mean_x1=[0.25000000,0.25000000,0.25000000,0.25000000] general.normalize_tangent_distributions=True
srun python train.py experiment=general_fm seed=50 hydra.run.dir=/scratch-shared/$USER/outputs/runs/gtg/poincare/norm/poi_d4_c10_s50 general.manifold=poincare general.dim=4 general.curvature=10.0 general.std_x0=0.3 general.std_x1=0.3 general.mean_x0=[0.00000000,0.00000000,0.00000000,0.00000000] general.mean_x1=[0.25000000,0.25000000,0.25000000,0.25000000] general.normalize_tangent_distributions=True
srun python train.py experiment=general_fm seed=50 hydra.run.dir=/scratch-shared/$USER/outputs/runs/gtg/poincare/norm/poi_d8_c1_s50 general.manifold=poincare general.dim=8 general.curvature=1.0 general.std_x0=0.3 general.std_x1=0.3 general.mean_x0=[0.00000000,0.00000000,0.00000000,0.00000000,0.00000000,0.00000000,0.00000000,0.00000000] general.mean_x1=[0.17677670,0.17677670,0.17677670,0.17677670,0.17677670,0.17677670,0.17677670,0.17677670] general.normalize_tangent_distributions=True
srun python train.py experiment=general_fm seed=50 hydra.run.dir=/scratch-shared/$USER/outputs/runs/gtg/poincare/norm/poi_d8_c2_s50 general.manifold=poincare general.dim=8 general.curvature=2.0 general.std_x0=0.3 general.std_x1=0.3 general.mean_x0=[0.00000000,0.00000000,0.00000000,0.00000000,0.00000000,0.00000000,0.00000000,0.00000000] general.mean_x1=[0.17677670,0.17677670,0.17677670,0.17677670,0.17677670,0.17677670,0.17677670,0.17677670] general.normalize_tangent_distributions=True
srun python train.py experiment=general_fm seed=50 hydra.run.dir=/scratch-shared/$USER/outputs/runs/gtg/poincare/norm/poi_d8_c3_s50 general.manifold=poincare general.dim=8 general.curvature=3.0 general.std_x0=0.3 general.std_x1=0.3 general.mean_x0=[0.00000000,0.00000000,0.00000000,0.00000000,0.00000000,0.00000000,0.00000000,0.00000000] general.mean_x1=[0.17677670,0.17677670,0.17677670,0.17677670,0.17677670,0.17677670,0.17677670,0.17677670] general.normalize_tangent_distributions=True
srun python train.py experiment=general_fm seed=50 hydra.run.dir=/scratch-shared/$USER/outputs/runs/gtg/poincare/norm/poi_d8_c5_s50 general.manifold=poincare general.dim=8 general.curvature=5.0 general.std_x0=0.3 general.std_x1=0.3 general.mean_x0=[0.00000000,0.00000000,0.00000000,0.00000000,0.00000000,0.00000000,0.00000000,0.00000000] general.mean_x1=[0.17677670,0.17677670,0.17677670,0.17677670,0.17677670,0.17677670,0.17677670,0.17677670] general.normalize_tangent_distributions=True
srun python train.py experiment=general_fm seed=50 hydra.run.dir=/scratch-shared/$USER/outputs/runs/gtg/poincare/norm/poi_d8_c10_s50 general.manifold=poincare general.dim=8 general.curvature=10.0 general.std_x0=0.3 general.std_x1=0.3 general.mean_x0=[0.00000000,0.00000000,0.00000000,0.00000000,0.00000000,0.00000000,0.00000000,0.00000000] general.mean_x1=[0.17677670,0.17677670,0.17677670,0.17677670,0.17677670,0.17677670,0.17677670,0.17677670] general.normalize_tangent_distributions=True
srun python train.py experiment=general_fm seed=50 hydra.run.dir=/scratch-shared/$USER/outputs/runs/gtg/poincare/norm/poi_d16_c1_s50 general.manifold=poincare general.dim=16 general.curvature=1.0 general.std_x0=0.3 general.std_x1=0.3 general.mean_x0=[0.00000000,0.00000000,0.00000000,0.00000000,0.00000000,0.00000000,0.00000000,0.00000000,0.00000000,0.00000000,0.00000000,0.00000000,0.00000000,0.00000000,0.00000000,0.00000000] general.mean_x1=[0.12500000,0.12500000,0.12500000,0.12500000,0.12500000,0.12500000,0.12500000,0.12500000,0.12500000,0.12500000,0.12500000,0.12500000,0.12500000,0.12500000,0.12500000,0.12500000] general.normalize_tangent_distributions=True
srun python train.py experiment=general_fm seed=50 hydra.run.dir=/scratch-shared/$USER/outputs/runs/gtg/poincare/norm/poi_d16_c2_s50 general.manifold=poincare general.dim=16 general.curvature=2.0 general.std_x0=0.3 general.std_x1=0.3 general.mean_x0=[0.00000000,0.00000000,0.00000000,0.00000000,0.00000000,0.00000000,0.00000000,0.00000000,0.00000000,0.00000000,0.00000000,0.00000000,0.00000000,0.00000000,0.00000000,0.00000000] general.mean_x1=[0.12500000,0.12500000,0.12500000,0.12500000,0.12500000,0.12500000,0.12500000,0.12500000,0.12500000,0.12500000,0.12500000,0.12500000,0.12500000,0.12500000,0.12500000,0.12500000] general.normalize_tangent_distributions=True
srun python train.py experiment=general_fm seed=50 hydra.run.dir=/scratch-shared/$USER/outputs/runs/gtg/poincare/norm/poi_d16_c3_s50 general.manifold=poincare general.dim=16 general.curvature=3.0 general.std_x0=0.3 general.std_x1=0.3 general.mean_x0=[0.00000000,0.00000000,0.00000000,0.00000000,0.00000000,0.00000000,0.00000000,0.00000000,0.00000000,0.00000000,0.00000000,0.00000000,0.00000000,0.00000000,0.00000000,0.00000000] general.mean_x1=[0.12500000,0.12500000,0.12500000,0.12500000,0.12500000,0.12500000,0.12500000,0.12500000,0.12500000,0.12500000,0.12500000,0.12500000,0.12500000,0.12500000,0.12500000,0.12500000] general.normalize_tangent_distributions=True
srun python train.py experiment=general_fm seed=50 hydra.run.dir=/scratch-shared/$USER/outputs/runs/gtg/poincare/norm/poi_d16_c5_s50 general.manifold=poincare general.dim=16 general.curvature=5.0 general.std_x0=0.3 general.std_x1=0.3 general.mean_x0=[0.00000000,0.00000000,0.00000000,0.00000000,0.00000000,0.00000000,0.00000000,0.00000000,0.00000000,0.00000000,0.00000000,0.00000000,0.00000000,0.00000000,0.00000000,0.00000000] general.mean_x1=[0.12500000,0.12500000,0.12500000,0.12500000,0.12500000,0.12500000,0.12500000,0.12500000,0.12500000,0.12500000,0.12500000,0.12500000,0.12500000,0.12500000,0.12500000,0.12500000] general.normalize_tangent_distributions=True
srun python train.py experiment=general_fm seed=50 hydra.run.dir=/scratch-shared/$USER/outputs/runs/gtg/poincare/norm/poi_d16_c10_s50 general.manifold=poincare general.dim=16 general.curvature=10.0 general.std_x0=0.3 general.std_x1=0.3 general.mean_x0=[0.00000000,0.00000000,0.00000000,0.00000000,0.00000000,0.00000000,0.00000000,0.00000000,0.00000000,0.00000000,0.00000000,0.00000000,0.00000000,0.00000000,0.00000000,0.00000000] general.mean_x1=[0.12500000,0.12500000,0.12500000,0.12500000,0.12500000,0.12500000,0.12500000,0.12500000,0.12500000,0.12500000,0.12500000,0.12500000,0.12500000,0.12500000,0.12500000,0.12500000] general.normalize_tangent_distributions=True
srun python train.py experiment=general_fm seed=50 hydra.run.dir=/scratch-shared/$USER/outputs/runs/gtg/poincare/norm/poi_d64_c1_s50 general.manifold=poincare general.dim=64 general.curvature=1.0 general.std_x0=0.3 general.std_x1=0.3 general.mean_x0=[0.00000000,0.00000000,0.00000000,0.00000000,0.00000000,0.00000000,0.00000000,0.00000000,0.00000000,0.00000000,0.00000000,0.00000000,0.00000000,0.00000000,0.00000000,0.00000000,0.00000000,0.00000000,0.00000000,0.00000000,0.00000000,0.00000000,0.00000000,0.00000000,0.00000000,0.00000000,0.00000000,0.00000000,0.00000000,0.00000000,0.00000000,0.00000000,0.00000000,0.00000000,0.00000000,0.00000000,0.00000000,0.00000000,0.00000000,0.00000000,0.00000000,0.00000000,0.00000000,0.00000000,0.00000000,0.00000000,0.00000000,0.00000000,0.00000000,0.00000000,0.00000000,0.00000000,0.00000000,0.00000000,0.00000000,0.00000000,0.00000000,0.00000000,0.00000000,0.00000000,0.00000000,0.00000000,0.00000000,0.00000000] general.mean_x1=[0.06250000,0.06250000,0.06250000,0.06250000,0.06250000,0.06250000,0.06250000,0.06250000,0.06250000,0.06250000,0.06250000,0.06250000,0.06250000,0.06250000,0.06250000,0.06250000,0.06250000,0.06250000,0.06250000,0.06250000,0.06250000,0.06250000,0.06250000,0.06250000,0.06250000,0.06250000,0.06250000,0.06250000,0.06250000,0.06250000,0.06250000,0.06250000,0.06250000,0.06250000,0.06250000,0.06250000,0.06250000,0.06250000,0.06250000,0.06250000,0.06250000,0.06250000,0.06250000,0.06250000,0.06250000,0.06250000,0.06250000,0.06250000,0.06250000,0.06250000,0.06250000,0.06250000,0.06250000,0.06250000,0.06250000,0.06250000,0.06250000,0.06250000,0.06250000,0.06250000,0.06250000,0.06250000,0.06250000,0.06250000] general.normalize_tangent_distributions=True
srun python train.py experiment=general_fm seed=50 hydra.run.dir=/scratch-shared/$USER/outputs/runs/gtg/poincare/norm/poi_d64_c2_s50 general.manifold=poincare general.dim=64 general.curvature=2.0 general.std_x0=0.3 general.std_x1=0.3 general.mean_x0=[0.00000000,0.00000000,0.00000000,0.00000000,0.00000000,0.00000000,0.00000000,0.00000000,0.00000000,0.00000000,0.00000000,0.00000000,0.00000000,0.00000000,0.00000000,0.00000000,0.00000000,0.00000000,0.00000000,0.00000000,0.00000000,0.00000000,0.00000000,0.00000000,0.00000000,0.00000000,0.00000000,0.00000000,0.00000000,0.00000000,0.00000000,0.00000000,0.00000000,0.00000000,0.00000000,0.00000000,0.00000000,0.00000000,0.00000000,0.00000000,0.00000000,0.00000000,0.00000000,0.00000000,0.00000000,0.00000000,0.00000000,0.00000000,0.00000000,0.00000000,0.00000000,0.00000000,0.00000000,0.00000000,0.00000000,0.00000000,0.00000000,0.00000000,0.00000000,0.00000000,0.00000000,0.00000000,0.00000000,0.00000000] general.mean_x1=[0.06250000,0.06250000,0.06250000,0.06250000,0.06250000,0.06250000,0.06250000,0.06250000,0.06250000,0.06250000,0.06250000,0.06250000,0.06250000,0.06250000,0.06250000,0.06250000,0.06250000,0.06250000,0.06250000,0.06250000,0.06250000,0.06250000,0.06250000,0.06250000,0.06250000,0.06250000,0.06250000,0.06250000,0.06250000,0.06250000,0.06250000,0.06250000,0.06250000,0.06250000,0.06250000,0.06250000,0.06250000,0.06250000,0.06250000,0.06250000,0.06250000,0.06250000,0.06250000,0.06250000,0.06250000,0.06250000,0.06250000,0.06250000,0.06250000,0.06250000,0.06250000,0.06250000,0.06250000,0.06250000,0.06250000,0.06250000,0.06250000,0.06250000,0.06250000,0.06250000,0.06250000,0.06250000,0.06250000,0.06250000] general.normalize_tangent_distributions=True
srun python train.py experiment=general_fm seed=50 hydra.run.dir=/scratch-shared/$USER/outputs/runs/gtg/poincare/norm/poi_d64_c3_s50 general.manifold=poincare general.dim=64 general.curvature=3.0 general.std_x0=0.3 general.std_x1=0.3 general.mean_x0=[0.00000000,0.00000000,0.00000000,0.00000000,0.00000000,0.00000000,0.00000000,0.00000000,0.00000000,0.00000000,0.00000000,0.00000000,0.00000000,0.00000000,0.00000000,0.00000000,0.00000000,0.00000000,0.00000000,0.00000000,0.00000000,0.00000000,0.00000000,0.00000000,0.00000000,0.00000000,0.00000000,0.00000000,0.00000000,0.00000000,0.00000000,0.00000000,0.00000000,0.00000000,0.00000000,0.00000000,0.00000000,0.00000000,0.00000000,0.00000000,0.00000000,0.00000000,0.00000000,0.00000000,0.00000000,0.00000000,0.00000000,0.00000000,0.00000000,0.00000000,0.00000000,0.00000000,0.00000000,0.00000000,0.00000000,0.00000000,0.00000000,0.00000000,0.00000000,0.00000000,0.00000000,0.00000000,0.00000000,0.00000000] general.mean_x1=[0.06250000,0.06250000,0.06250000,0.06250000,0.06250000,0.06250000,0.06250000,0.06250000,0.06250000,0.06250000,0.06250000,0.06250000,0.06250000,0.06250000,0.06250000,0.06250000,0.06250000,0.06250000,0.06250000,0.06250000,0.06250000,0.06250000,0.06250000,0.06250000,0.06250000,0.06250000,0.06250000,0.06250000,0.06250000,0.06250000,0.06250000,0.06250000,0.06250000,0.06250000,0.06250000,0.06250000,0.06250000,0.06250000,0.06250000,0.06250000,0.06250000,0.06250000,0.06250000,0.06250000,0.06250000,0.06250000,0.06250000,0.06250000,0.06250000,0.06250000,0.06250000,0.06250000,0.06250000,0.06250000,0.06250000,0.06250000,0.06250000,0.06250000,0.06250000,0.06250000,0.06250000,0.06250000,0.06250000,0.06250000] general.normalize_tangent_distributions=True
srun python train.py experiment=general_fm seed=50 hydra.run.dir=/scratch-shared/$USER/outputs/runs/gtg/poincare/norm/poi_d64_c5_s50 general.manifold=poincare general.dim=64 general.curvature=5.0 general.std_x0=0.3 general.std_x1=0.3 general.mean_x0=[0.00000000,0.00000000,0.00000000,0.00000000,0.00000000,0.00000000,0.00000000,0.00000000,0.00000000,0.00000000,0.00000000,0.00000000,0.00000000,0.00000000,0.00000000,0.00000000,0.00000000,0.00000000,0.00000000,0.00000000,0.00000000,0.00000000,0.00000000,0.00000000,0.00000000,0.00000000,0.00000000,0.00000000,0.00000000,0.00000000,0.00000000,0.00000000,0.00000000,0.00000000,0.00000000,0.00000000,0.00000000,0.00000000,0.00000000,0.00000000,0.00000000,0.00000000,0.00000000,0.00000000,0.00000000,0.00000000,0.00000000,0.00000000,0.00000000,0.00000000,0.00000000,0.00000000,0.00000000,0.00000000,0.00000000,0.00000000,0.00000000,0.00000000,0.00000000,0.00000000,0.00000000,0.00000000,0.00000000,0.00000000] general.mean_x1=[0.06250000,0.06250000,0.06250000,0.06250000,0.06250000,0.06250000,0.06250000,0.06250000,0.06250000,0.06250000,0.06250000,0.06250000,0.06250000,0.06250000,0.06250000,0.06250000,0.06250000,0.06250000,0.06250000,0.06250000,0.06250000,0.06250000,0.06250000,0.06250000,0.06250000,0.06250000,0.06250000,0.06250000,0.06250000,0.06250000,0.06250000,0.06250000,0.06250000,0.06250000,0.06250000,0.06250000,0.06250000,0.06250000,0.06250000,0.06250000,0.06250000,0.06250000,0.06250000,0.06250000,0.06250000,0.06250000,0.06250000,0.06250000,0.06250000,0.06250000,0.06250000,0.06250000,0.06250000,0.06250000,0.06250000,0.06250000,0.06250000,0.06250000,0.06250000,0.06250000,0.06250000,0.06250000,0.06250000,0.06250000] general.normalize_tangent_distributions=True
srun python train.py experiment=general_fm seed=50 hydra.run.dir=/scratch-shared/$USER/outputs/runs/gtg/poincare/norm/poi_d64_c10_s50 general.manifold=poincare general.dim=64 general.curvature=10.0 general.std_x0=0.3 general.std_x1=0.3 general.mean_x0=[0.00000000,0.00000000,0.00000000,0.00000000,0.00000000,0.00000000,0.00000000,0.00000000,0.00000000,0.00000000,0.00000000,0.00000000,0.00000000,0.00000000,0.00000000,0.00000000,0.00000000,0.00000000,0.00000000,0.00000000,0.00000000,0.00000000,0.00000000,0.00000000,0.00000000,0.00000000,0.00000000,0.00000000,0.00000000,0.00000000,0.00000000,0.00000000,0.00000000,0.00000000,0.00000000,0.00000000,0.00000000,0.00000000,0.00000000,0.00000000,0.00000000,0.00000000,0.00000000,0.00000000,0.00000000,0.00000000,0.00000000,0.00000000,0.00000000,0.00000000,0.00000000,0.00000000,0.00000000,0.00000000,0.00000000,0.00000000,0.00000000,0.00000000,0.00000000,0.00000000,0.00000000,0.00000000,0.00000000,0.00000000] general.mean_x1=[0.06250000,0.06250000,0.06250000,0.06250000,0.06250000,0.06250000,0.06250000,0.06250000,0.06250000,0.06250000,0.06250000,0.06250000,0.06250000,0.06250000,0.06250000,0.06250000,0.06250000,0.06250000,0.06250000,0.06250000,0.06250000,0.06250000,0.06250000,0.06250000,0.06250000,0.06250000,0.06250000,0.06250000,0.06250000,0.06250000,0.06250000,0.06250000,0.06250000,0.06250000,0.06250000,0.06250000,0.06250000,0.06250000,0.06250000,0.06250000,0.06250000,0.06250000,0.06250000,0.06250000,0.06250000,0.06250000,0.06250000,0.06250000,0.06250000,0.06250000,0.06250000,0.06250000,0.06250000,0.06250000,0.06250000,0.06250000,0.06250000,0.06250000,0.06250000,0.06250000,0.06250000,0.06250000,0.06250000,0.06250000] general.normalize_tangent_distributions=True
srun python train.py experiment=general_fm seed=50 hydra.run.dir=/scratch-shared/$USER/outputs/runs/gtg/poincare/norm/poi_d256_c1_s50 general.manifold=poincare general.dim=256 general.curvature=1.0 general.std_x0=0.3 general.std_x1=0.3 general.mean_x0=[0.00000000,0.00000000,0.00000000,0.00000000,0.00000000,0.00000000,0.00000000,0.00000000,0.00000000,0.00000000,0.00000000,0.00000000,0.00000000,0.00000000,0.00000000,0.00000000,0.00000000,0.00000000,0.00000000,0.00000000,0.00000000,0.00000000,0.00000000,0.00000000,0.00000000,0.00000000,0.00000000,0.00000000,0.00000000,0.00000000,0.00000000,0.00000000,0.00000000,0.00000000,0.00000000,0.00000000,0.00000000,0.00000000,0.00000000,0.00000000,0.00000000,0.00000000,0.00000000,0.00000000,0.00000000,0.00000000,0.00000000,0.00000000,0.00000000,0.00000000,0.00000000,0.00000000,0.00000000,0.00000000,0.00000000,0.00000000,0.00000000,0.00000000,0.00000000,0.00000000,0.00000000,0.00000000,0.00000000,0.00000000,0.00000000,0.00000000,0.00000000,0.00000000,0.00000000,0.00000000,0.00000000,0.00000000,0.00000000,0.00000000,0.00000000,0.00000000,0.00000000,0.00000000,0.00000000,0.00000000,0.00000000,0.00000000,0.00000000,0.00000000,0.00000000,0.00000000,0.00000000,0.00000000,0.00000000,0.00000000,0.00000000,0.00000000,0.00000000,0.00000000,0.00000000,0.00000000,0.00000000,0.00000000,0.00000000,0.00000000,0.00000000,0.00000000,0.00000000,0.00000000,0.00000000,0.00000000,0.00000000,0.00000000,0.00000000,0.00000000,0.00000000,0.00000000,0.00000000,0.00000000,0.00000000,0.00000000,0.00000000,0.00000000,0.00000000,0.00000000,0.00000000,0.00000000,0.00000000,0.00000000,0.00000000,0.00000000,0.00000000,0.00000000,0.00000000,0.00000000,0.00000000,0.00000000,0.00000000,0.00000000,0.00000000,0.00000000,0.00000000,0.00000000,0.00000000,0.00000000,0.00000000,0.00000000,0.00000000,0.00000000,0.00000000,0.00000000,0.00000000,0.00000000,0.00000000,0.00000000,0.00000000,0.00000000,0.00000000,0.00000000,0.00000000,0.00000000,0.00000000,0.00000000,0.00000000,0.00000000,0.00000000,0.00000000,0.00000000,0.00000000,0.00000000,0.00000000,0.00000000,0.00000000,0.00000000,0.00000000,0.00000000,0.00000000,0.00000000,0.00000000,0.00000000,0.00000000,0.00000000,0.00000000,0.00000000,0.00000000,0.00000000,0.00000000,0.00000000,0.00000000,0.00000000,0.00000000,0.00000000,0.00000000,0.00000000,0.00000000,0.00000000,0.00000000,0.00000000,0.00000000,0.00000000,0.00000000,0.00000000,0.00000000,0.00000000,0.00000000,0.00000000,0.00000000,0.00000000,0.00000000,0.00000000,0.00000000,0.00000000,0.00000000,0.00000000,0.00000000,0.00000000,0.00000000,0.00000000,0.00000000,0.00000000,0.00000000,0.00000000,0.00000000,0.00000000,0.00000000,0.00000000,0.00000000,0.00000000,0.00000000,0.00000000,0.00000000,0.00000000,0.00000000,0.00000000,0.00000000,0.00000000,0.00000000,0.00000000,0.00000000,0.00000000,0.00000000,0.00000000,0.00000000,0.00000000,0.00000000,0.00000000,0.00000000,0.00000000,0.00000000,0.00000000,0.00000000,0.00000000,0.00000000,0.00000000,0.00000000,0.00000000,0.00000000,0.00000000,0.00000000,0.00000000,0.00000000] general.mean_x1=[0.03125000,0.03125000,0.03125000,0.03125000,0.03125000,0.03125000,0.03125000,0.03125000,0.03125000,0.03125000,0.03125000,0.03125000,0.03125000,0.03125000,0.03125000,0.03125000,0.03125000,0.03125000,0.03125000,0.03125000,0.03125000,0.03125000,0.03125000,0.03125000,0.03125000,0.03125000,0.03125000,0.03125000,0.03125000,0.03125000,0.03125000,0.03125000,0.03125000,0.03125000,0.03125000,0.03125000,0.03125000,0.03125000,0.03125000,0.03125000,0.03125000,0.03125000,0.03125000,0.03125000,0.03125000,0.03125000,0.03125000,0.03125000,0.03125000,0.03125000,0.03125000,0.03125000,0.03125000,0.03125000,0.03125000,0.03125000,0.03125000,0.03125000,0.03125000,0.03125000,0.03125000,0.03125000,0.03125000,0.03125000,0.03125000,0.03125000,0.03125000,0.03125000,0.03125000,0.03125000,0.03125000,0.03125000,0.03125000,0.03125000,0.03125000,0.03125000,0.03125000,0.03125000,0.03125000,0.03125000,0.03125000,0.03125000,0.03125000,0.03125000,0.03125000,0.03125000,0.03125000,0.03125000,0.03125000,0.03125000,0.03125000,0.03125000,0.03125000,0.03125000,0.03125000,0.03125000,0.03125000,0.03125000,0.03125000,0.03125000,0.03125000,0.03125000,0.03125000,0.03125000,0.03125000,0.03125000,0.03125000,0.03125000,0.03125000,0.03125000,0.03125000,0.03125000,0.03125000,0.03125000,0.03125000,0.03125000,0.03125000,0.03125000,0.03125000,0.03125000,0.03125000,0.03125000,0.03125000,0.03125000,0.03125000,0.03125000,0.03125000,0.03125000,0.03125000,0.03125000,0.03125000,0.03125000,0.03125000,0.03125000,0.03125000,0.03125000,0.03125000,0.03125000,0.03125000,0.03125000,0.03125000,0.03125000,0.03125000,0.03125000,0.03125000,0.03125000,0.03125000,0.03125000,0.03125000,0.03125000,0.03125000,0.03125000,0.03125000,0.03125000,0.03125000,0.03125000,0.03125000,0.03125000,0.03125000,0.03125000,0.03125000,0.03125000,0.03125000,0.03125000,0.03125000,0.03125000,0.03125000,0.03125000,0.03125000,0.03125000,0.03125000,0.03125000,0.03125000,0.03125000,0.03125000,0.03125000,0.03125000,0.03125000,0.03125000,0.03125000,0.03125000,0.03125000,0.03125000,0.03125000,0.03125000,0.03125000,0.03125000,0.03125000,0.03125000,0.03125000,0.03125000,0.03125000,0.03125000,0.03125000,0.03125000,0.03125000,0.03125000,0.03125000,0.03125000,0.03125000,0.03125000,0.03125000,0.03125000,0.03125000,0.03125000,0.03125000,0.03125000,0.03125000,0.03125000,0.03125000,0.03125000,0.03125000,0.03125000,0.03125000,0.03125000,0.03125000,0.03125000,0.03125000,0.03125000,0.03125000,0.03125000,0.03125000,0.03125000,0.03125000,0.03125000,0.03125000,0.03125000,0.03125000,0.03125000,0.03125000,0.03125000,0.03125000,0.03125000,0.03125000,0.03125000,0.03125000,0.03125000,0.03125000,0.03125000,0.03125000,0.03125000,0.03125000,0.03125000,0.03125000,0.03125000,0.03125000,0.03125000,0.03125000,0.03125000,0.03125000,0.03125000,0.03125000,0.03125000,0.03125000,0.03125000,0.03125000] general.normalize_tangent_distributions=True
srun python train.py experiment=general_fm seed=50 hydra.run.dir=/scratch-shared/$USER/outputs/runs/gtg/poincare/norm/poi_d256_c2_s50 general.manifold=poincare general.dim=256 general.curvature=2.0 general.std_x0=0.3 general.std_x1=0.3 general.mean_x0=[0.00000000,0.00000000,0.00000000,0.00000000,0.00000000,0.00000000,0.00000000,0.00000000,0.00000000,0.00000000,0.00000000,0.00000000,0.00000000,0.00000000,0.00000000,0.00000000,0.00000000,0.00000000,0.00000000,0.00000000,0.00000000,0.00000000,0.00000000,0.00000000,0.00000000,0.00000000,0.00000000,0.00000000,0.00000000,0.00000000,0.00000000,0.00000000,0.00000000,0.00000000,0.00000000,0.00000000,0.00000000,0.00000000,0.00000000,0.00000000,0.00000000,0.00000000,0.00000000,0.00000000,0.00000000,0.00000000,0.00000000,0.00000000,0.00000000,0.00000000,0.00000000,0.00000000,0.00000000,0.00000000,0.00000000,0.00000000,0.00000000,0.00000000,0.00000000,0.00000000,0.00000000,0.00000000,0.00000000,0.00000000,0.00000000,0.00000000,0.00000000,0.00000000,0.00000000,0.00000000,0.00000000,0.00000000,0.00000000,0.00000000,0.00000000,0.00000000,0.00000000,0.00000000,0.00000000,0.00000000,0.00000000,0.00000000,0.00000000,0.00000000,0.00000000,0.00000000,0.00000000,0.00000000,0.00000000,0.00000000,0.00000000,0.00000000,0.00000000,0.00000000,0.00000000,0.00000000,0.00000000,0.00000000,0.00000000,0.00000000,0.00000000,0.00000000,0.00000000,0.00000000,0.00000000,0.00000000,0.00000000,0.00000000,0.00000000,0.00000000,0.00000000,0.00000000,0.00000000,0.00000000,0.00000000,0.00000000,0.00000000,0.00000000,0.00000000,0.00000000,0.00000000,0.00000000,0.00000000,0.00000000,0.00000000,0.00000000,0.00000000,0.00000000,0.00000000,0.00000000,0.00000000,0.00000000,0.00000000,0.00000000,0.00000000,0.00000000,0.00000000,0.00000000,0.00000000,0.00000000,0.00000000,0.00000000,0.00000000,0.00000000,0.00000000,0.00000000,0.00000000,0.00000000,0.00000000,0.00000000,0.00000000,0.00000000,0.00000000,0.00000000,0.00000000,0.00000000,0.00000000,0.00000000,0.00000000,0.00000000,0.00000000,0.00000000,0.00000000,0.00000000,0.00000000,0.00000000,0.00000000,0.00000000,0.00000000,0.00000000,0.00000000,0.00000000,0.00000000,0.00000000,0.00000000,0.00000000,0.00000000,0.00000000,0.00000000,0.00000000,0.00000000,0.00000000,0.00000000,0.00000000,0.00000000,0.00000000,0.00000000,0.00000000,0.00000000,0.00000000,0.00000000,0.00000000,0.00000000,0.00000000,0.00000000,0.00000000,0.00000000,0.00000000,0.00000000,0.00000000,0.00000000,0.00000000,0.00000000,0.00000000,0.00000000,0.00000000,0.00000000,0.00000000,0.00000000,0.00000000,0.00000000,0.00000000,0.00000000,0.00000000,0.00000000,0.00000000,0.00000000,0.00000000,0.00000000,0.00000000,0.00000000,0.00000000,0.00000000,0.00000000,0.00000000,0.00000000,0.00000000,0.00000000,0.00000000,0.00000000,0.00000000,0.00000000,0.00000000,0.00000000,0.00000000,0.00000000,0.00000000,0.00000000,0.00000000,0.00000000,0.00000000,0.00000000,0.00000000,0.00000000,0.00000000,0.00000000,0.00000000,0.00000000,0.00000000,0.00000000,0.00000000,0.00000000,0.00000000,0.00000000,0.00000000,0.00000000] general.mean_x1=[0.03125000,0.03125000,0.03125000,0.03125000,0.03125000,0.03125000,0.03125000,0.03125000,0.03125000,0.03125000,0.03125000,0.03125000,0.03125000,0.03125000,0.03125000,0.03125000,0.03125000,0.03125000,0.03125000,0.03125000,0.03125000,0.03125000,0.03125000,0.03125000,0.03125000,0.03125000,0.03125000,0.03125000,0.03125000,0.03125000,0.03125000,0.03125000,0.03125000,0.03125000,0.03125000,0.03125000,0.03125000,0.03125000,0.03125000,0.03125000,0.03125000,0.03125000,0.03125000,0.03125000,0.03125000,0.03125000,0.03125000,0.03125000,0.03125000,0.03125000,0.03125000,0.03125000,0.03125000,0.03125000,0.03125000,0.03125000,0.03125000,0.03125000,0.03125000,0.03125000,0.03125000,0.03125000,0.03125000,0.03125000,0.03125000,0.03125000,0.03125000,0.03125000,0.03125000,0.03125000,0.03125000,0.03125000,0.03125000,0.03125000,0.03125000,0.03125000,0.03125000,0.03125000,0.03125000,0.03125000,0.03125000,0.03125000,0.03125000,0.03125000,0.03125000,0.03125000,0.03125000,0.03125000,0.03125000,0.03125000,0.03125000,0.03125000,0.03125000,0.03125000,0.03125000,0.03125000,0.03125000,0.03125000,0.03125000,0.03125000,0.03125000,0.03125000,0.03125000,0.03125000,0.03125000,0.03125000,0.03125000,0.03125000,0.03125000,0.03125000,0.03125000,0.03125000,0.03125000,0.03125000,0.03125000,0.03125000,0.03125000,0.03125000,0.03125000,0.03125000,0.03125000,0.03125000,0.03125000,0.03125000,0.03125000,0.03125000,0.03125000,0.03125000,0.03125000,0.03125000,0.03125000,0.03125000,0.03125000,0.03125000,0.03125000,0.03125000,0.03125000,0.03125000,0.03125000,0.03125000,0.03125000,0.03125000,0.03125000,0.03125000,0.03125000,0.03125000,0.03125000,0.03125000,0.03125000,0.03125000,0.03125000,0.03125000,0.03125000,0.03125000,0.03125000,0.03125000,0.03125000,0.03125000,0.03125000,0.03125000,0.03125000,0.03125000,0.03125000,0.03125000,0.03125000,0.03125000,0.03125000,0.03125000,0.03125000,0.03125000,0.03125000,0.03125000,0.03125000,0.03125000,0.03125000,0.03125000,0.03125000,0.03125000,0.03125000,0.03125000,0.03125000,0.03125000,0.03125000,0.03125000,0.03125000,0.03125000,0.03125000,0.03125000,0.03125000,0.03125000,0.03125000,0.03125000,0.03125000,0.03125000,0.03125000,0.03125000,0.03125000,0.03125000,0.03125000,0.03125000,0.03125000,0.03125000,0.03125000,0.03125000,0.03125000,0.03125000,0.03125000,0.03125000,0.03125000,0.03125000,0.03125000,0.03125000,0.03125000,0.03125000,0.03125000,0.03125000,0.03125000,0.03125000,0.03125000,0.03125000,0.03125000,0.03125000,0.03125000,0.03125000,0.03125000,0.03125000,0.03125000,0.03125000,0.03125000,0.03125000,0.03125000,0.03125000,0.03125000,0.03125000,0.03125000,0.03125000,0.03125000,0.03125000,0.03125000,0.03125000,0.03125000,0.03125000,0.03125000,0.03125000,0.03125000,0.03125000,0.03125000,0.03125000,0.03125000,0.03125000,0.03125000,0.03125000,0.03125000,0.03125000,0.03125000,0.03125000] general.normalize_tangent_distributions=True
srun python train.py experiment=general_fm seed=50 hydra.run.dir=/scratch-shared/$USER/outputs/runs/gtg/poincare/norm/poi_d256_c3_s50 general.manifold=poincare general.dim=256 general.curvature=3.0 general.std_x0=0.3 general.std_x1=0.3 general.mean_x0=[0.00000000,0.00000000,0.00000000,0.00000000,0.00000000,0.00000000,0.00000000,0.00000000,0.00000000,0.00000000,0.00000000,0.00000000,0.00000000,0.00000000,0.00000000,0.00000000,0.00000000,0.00000000,0.00000000,0.00000000,0.00000000,0.00000000,0.00000000,0.00000000,0.00000000,0.00000000,0.00000000,0.00000000,0.00000000,0.00000000,0.00000000,0.00000000,0.00000000,0.00000000,0.00000000,0.00000000,0.00000000,0.00000000,0.00000000,0.00000000,0.00000000,0.00000000,0.00000000,0.00000000,0.00000000,0.00000000,0.00000000,0.00000000,0.00000000,0.00000000,0.00000000,0.00000000,0.00000000,0.00000000,0.00000000,0.00000000,0.00000000,0.00000000,0.00000000,0.00000000,0.00000000,0.00000000,0.00000000,0.00000000,0.00000000,0.00000000,0.00000000,0.00000000,0.00000000,0.00000000,0.00000000,0.00000000,0.00000000,0.00000000,0.00000000,0.00000000,0.00000000,0.00000000,0.00000000,0.00000000,0.00000000,0.00000000,0.00000000,0.00000000,0.00000000,0.00000000,0.00000000,0.00000000,0.00000000,0.00000000,0.00000000,0.00000000,0.00000000,0.00000000,0.00000000,0.00000000,0.00000000,0.00000000,0.00000000,0.00000000,0.00000000,0.00000000,0.00000000,0.00000000,0.00000000,0.00000000,0.00000000,0.00000000,0.00000000,0.00000000,0.00000000,0.00000000,0.00000000,0.00000000,0.00000000,0.00000000,0.00000000,0.00000000,0.00000000,0.00000000,0.00000000,0.00000000,0.00000000,0.00000000,0.00000000,0.00000000,0.00000000,0.00000000,0.00000000,0.00000000,0.00000000,0.00000000,0.00000000,0.00000000,0.00000000,0.00000000,0.00000000,0.00000000,0.00000000,0.00000000,0.00000000,0.00000000,0.00000000,0.00000000,0.00000000,0.00000000,0.00000000,0.00000000,0.00000000,0.00000000,0.00000000,0.00000000,0.00000000,0.00000000,0.00000000,0.00000000,0.00000000,0.00000000,0.00000000,0.00000000,0.00000000,0.00000000,0.00000000,0.00000000,0.00000000,0.00000000,0.00000000,0.00000000,0.00000000,0.00000000,0.00000000,0.00000000,0.00000000,0.00000000,0.00000000,0.00000000,0.00000000,0.00000000,0.00000000,0.00000000,0.00000000,0.00000000,0.00000000,0.00000000,0.00000000,0.00000000,0.00000000,0.00000000,0.00000000,0.00000000,0.00000000,0.00000000,0.00000000,0.00000000,0.00000000,0.00000000,0.00000000,0.00000000,0.00000000,0.00000000,0.00000000,0.00000000,0.00000000,0.00000000,0.00000000,0.00000000,0.00000000,0.00000000,0.00000000,0.00000000,0.00000000,0.00000000,0.00000000,0.00000000,0.00000000,0.00000000,0.00000000,0.00000000,0.00000000,0.00000000,0.00000000,0.00000000,0.00000000,0.00000000,0.00000000,0.00000000,0.00000000,0.00000000,0.00000000,0.00000000,0.00000000,0.00000000,0.00000000,0.00000000,0.00000000,0.00000000,0.00000000,0.00000000,0.00000000,0.00000000,0.00000000,0.00000000,0.00000000,0.00000000,0.00000000,0.00000000,0.00000000,0.00000000,0.00000000,0.00000000,0.00000000,0.00000000,0.00000000,0.00000000,0.00000000,0.00000000] general.mean_x1=[0.03125000,0.03125000,0.03125000,0.03125000,0.03125000,0.03125000,0.03125000,0.03125000,0.03125000,0.03125000,0.03125000,0.03125000,0.03125000,0.03125000,0.03125000,0.03125000,0.03125000,0.03125000,0.03125000,0.03125000,0.03125000,0.03125000,0.03125000,0.03125000,0.03125000,0.03125000,0.03125000,0.03125000,0.03125000,0.03125000,0.03125000,0.03125000,0.03125000,0.03125000,0.03125000,0.03125000,0.03125000,0.03125000,0.03125000,0.03125000,0.03125000,0.03125000,0.03125000,0.03125000,0.03125000,0.03125000,0.03125000,0.03125000,0.03125000,0.03125000,0.03125000,0.03125000,0.03125000,0.03125000,0.03125000,0.03125000,0.03125000,0.03125000,0.03125000,0.03125000,0.03125000,0.03125000,0.03125000,0.03125000,0.03125000,0.03125000,0.03125000,0.03125000,0.03125000,0.03125000,0.03125000,0.03125000,0.03125000,0.03125000,0.03125000,0.03125000,0.03125000,0.03125000,0.03125000,0.03125000,0.03125000,0.03125000,0.03125000,0.03125000,0.03125000,0.03125000,0.03125000,0.03125000,0.03125000,0.03125000,0.03125000,0.03125000,0.03125000,0.03125000,0.03125000,0.03125000,0.03125000,0.03125000,0.03125000,0.03125000,0.03125000,0.03125000,0.03125000,0.03125000,0.03125000,0.03125000,0.03125000,0.03125000,0.03125000,0.03125000,0.03125000,0.03125000,0.03125000,0.03125000,0.03125000,0.03125000,0.03125000,0.03125000,0.03125000,0.03125000,0.03125000,0.03125000,0.03125000,0.03125000,0.03125000,0.03125000,0.03125000,0.03125000,0.03125000,0.03125000,0.03125000,0.03125000,0.03125000,0.03125000,0.03125000,0.03125000,0.03125000,0.03125000,0.03125000,0.03125000,0.03125000,0.03125000,0.03125000,0.03125000,0.03125000,0.03125000,0.03125000,0.03125000,0.03125000,0.03125000,0.03125000,0.03125000,0.03125000,0.03125000,0.03125000,0.03125000,0.03125000,0.03125000,0.03125000,0.03125000,0.03125000,0.03125000,0.03125000,0.03125000,0.03125000,0.03125000,0.03125000,0.03125000,0.03125000,0.03125000,0.03125000,0.03125000,0.03125000,0.03125000,0.03125000,0.03125000,0.03125000,0.03125000,0.03125000,0.03125000,0.03125000,0.03125000,0.03125000,0.03125000,0.03125000,0.03125000,0.03125000,0.03125000,0.03125000,0.03125000,0.03125000,0.03125000,0.03125000,0.03125000,0.03125000,0.03125000,0.03125000,0.03125000,0.03125000,0.03125000,0.03125000,0.03125000,0.03125000,0.03125000,0.03125000,0.03125000,0.03125000,0.03125000,0.03125000,0.03125000,0.03125000,0.03125000,0.03125000,0.03125000,0.03125000,0.03125000,0.03125000,0.03125000,0.03125000,0.03125000,0.03125000,0.03125000,0.03125000,0.03125000,0.03125000,0.03125000,0.03125000,0.03125000,0.03125000,0.03125000,0.03125000,0.03125000,0.03125000,0.03125000,0.03125000,0.03125000,0.03125000,0.03125000,0.03125000,0.03125000,0.03125000,0.03125000,0.03125000,0.03125000,0.03125000,0.03125000,0.03125000,0.03125000,0.03125000,0.03125000,0.03125000,0.03125000,0.03125000,0.03125000,0.03125000,0.03125000] general.normalize_tangent_distributions=True
srun python train.py experiment=general_fm seed=50 hydra.run.dir=/scratch-shared/$USER/outputs/runs/gtg/poincare/norm/poi_d256_c5_s50 general.manifold=poincare general.dim=256 general.curvature=5.0 general.std_x0=0.3 general.std_x1=0.3 general.mean_x0=[0.00000000,0.00000000,0.00000000,0.00000000,0.00000000,0.00000000,0.00000000,0.00000000,0.00000000,0.00000000,0.00000000,0.00000000,0.00000000,0.00000000,0.00000000,0.00000000,0.00000000,0.00000000,0.00000000,0.00000000,0.00000000,0.00000000,0.00000000,0.00000000,0.00000000,0.00000000,0.00000000,0.00000000,0.00000000,0.00000000,0.00000000,0.00000000,0.00000000,0.00000000,0.00000000,0.00000000,0.00000000,0.00000000,0.00000000,0.00000000,0.00000000,0.00000000,0.00000000,0.00000000,0.00000000,0.00000000,0.00000000,0.00000000,0.00000000,0.00000000,0.00000000,0.00000000,0.00000000,0.00000000,0.00000000,0.00000000,0.00000000,0.00000000,0.00000000,0.00000000,0.00000000,0.00000000,0.00000000,0.00000000,0.00000000,0.00000000,0.00000000,0.00000000,0.00000000,0.00000000,0.00000000,0.00000000,0.00000000,0.00000000,0.00000000,0.00000000,0.00000000,0.00000000,0.00000000,0.00000000,0.00000000,0.00000000,0.00000000,0.00000000,0.00000000,0.00000000,0.00000000,0.00000000,0.00000000,0.00000000,0.00000000,0.00000000,0.00000000,0.00000000,0.00000000,0.00000000,0.00000000,0.00000000,0.00000000,0.00000000,0.00000000,0.00000000,0.00000000,0.00000000,0.00000000,0.00000000,0.00000000,0.00000000,0.00000000,0.00000000,0.00000000,0.00000000,0.00000000,0.00000000,0.00000000,0.00000000,0.00000000,0.00000000,0.00000000,0.00000000,0.00000000,0.00000000,0.00000000,0.00000000,0.00000000,0.00000000,0.00000000,0.00000000,0.00000000,0.00000000,0.00000000,0.00000000,0.00000000,0.00000000,0.00000000,0.00000000,0.00000000,0.00000000,0.00000000,0.00000000,0.00000000,0.00000000,0.00000000,0.00000000,0.00000000,0.00000000,0.00000000,0.00000000,0.00000000,0.00000000,0.00000000,0.00000000,0.00000000,0.00000000,0.00000000,0.00000000,0.00000000,0.00000000,0.00000000,0.00000000,0.00000000,0.00000000,0.00000000,0.00000000,0.00000000,0.00000000,0.00000000,0.00000000,0.00000000,0.00000000,0.00000000,0.00000000,0.00000000,0.00000000,0.00000000,0.00000000,0.00000000,0.00000000,0.00000000,0.00000000,0.00000000,0.00000000,0.00000000,0.00000000,0.00000000,0.00000000,0.00000000,0.00000000,0.00000000,0.00000000,0.00000000,0.00000000,0.00000000,0.00000000,0.00000000,0.00000000,0.00000000,0.00000000,0.00000000,0.00000000,0.00000000,0.00000000,0.00000000,0.00000000,0.00000000,0.00000000,0.00000000,0.00000000,0.00000000,0.00000000,0.00000000,0.00000000,0.00000000,0.00000000,0.00000000,0.00000000,0.00000000,0.00000000,0.00000000,0.00000000,0.00000000,0.00000000,0.00000000,0.00000000,0.00000000,0.00000000,0.00000000,0.00000000,0.00000000,0.00000000,0.00000000,0.00000000,0.00000000,0.00000000,0.00000000,0.00000000,0.00000000,0.00000000,0.00000000,0.00000000,0.00000000,0.00000000,0.00000000,0.00000000,0.00000000,0.00000000,0.00000000,0.00000000,0.00000000,0.00000000,0.00000000,0.00000000,0.00000000,0.00000000,0.00000000,0.00000000] general.mean_x1=[0.03125000,0.03125000,0.03125000,0.03125000,0.03125000,0.03125000,0.03125000,0.03125000,0.03125000,0.03125000,0.03125000,0.03125000,0.03125000,0.03125000,0.03125000,0.03125000,0.03125000,0.03125000,0.03125000,0.03125000,0.03125000,0.03125000,0.03125000,0.03125000,0.03125000,0.03125000,0.03125000,0.03125000,0.03125000,0.03125000,0.03125000,0.03125000,0.03125000,0.03125000,0.03125000,0.03125000,0.03125000,0.03125000,0.03125000,0.03125000,0.03125000,0.03125000,0.03125000,0.03125000,0.03125000,0.03125000,0.03125000,0.03125000,0.03125000,0.03125000,0.03125000,0.03125000,0.03125000,0.03125000,0.03125000,0.03125000,0.03125000,0.03125000,0.03125000,0.03125000,0.03125000,0.03125000,0.03125000,0.03125000,0.03125000,0.03125000,0.03125000,0.03125000,0.03125000,0.03125000,0.03125000,0.03125000,0.03125000,0.03125000,0.03125000,0.03125000,0.03125000,0.03125000,0.03125000,0.03125000,0.03125000,0.03125000,0.03125000,0.03125000,0.03125000,0.03125000,0.03125000,0.03125000,0.03125000,0.03125000,0.03125000,0.03125000,0.03125000,0.03125000,0.03125000,0.03125000,0.03125000,0.03125000,0.03125000,0.03125000,0.03125000,0.03125000,0.03125000,0.03125000,0.03125000,0.03125000,0.03125000,0.03125000,0.03125000,0.03125000,0.03125000,0.03125000,0.03125000,0.03125000,0.03125000,0.03125000,0.03125000,0.03125000,0.03125000,0.03125000,0.03125000,0.03125000,0.03125000,0.03125000,0.03125000,0.03125000,0.03125000,0.03125000,0.03125000,0.03125000,0.03125000,0.03125000,0.03125000,0.03125000,0.03125000,0.03125000,0.03125000,0.03125000,0.03125000,0.03125000,0.03125000,0.03125000,0.03125000,0.03125000,0.03125000,0.03125000,0.03125000,0.03125000,0.03125000,0.03125000,0.03125000,0.03125000,0.03125000,0.03125000,0.03125000,0.03125000,0.03125000,0.03125000,0.03125000,0.03125000,0.03125000,0.03125000,0.03125000,0.03125000,0.03125000,0.03125000,0.03125000,0.03125000,0.03125000,0.03125000,0.03125000,0.03125000,0.03125000,0.03125000,0.03125000,0.03125000,0.03125000,0.03125000,0.03125000,0.03125000,0.03125000,0.03125000,0.03125000,0.03125000,0.03125000,0.03125000,0.03125000,0.03125000,0.03125000,0.03125000,0.03125000,0.03125000,0.03125000,0.03125000,0.03125000,0.03125000,0.03125000,0.03125000,0.03125000,0.03125000,0.03125000,0.03125000,0.03125000,0.03125000,0.03125000,0.03125000,0.03125000,0.03125000,0.03125000,0.03125000,0.03125000,0.03125000,0.03125000,0.03125000,0.03125000,0.03125000,0.03125000,0.03125000,0.03125000,0.03125000,0.03125000,0.03125000,0.03125000,0.03125000,0.03125000,0.03125000,0.03125000,0.03125000,0.03125000,0.03125000,0.03125000,0.03125000,0.03125000,0.03125000,0.03125000,0.03125000,0.03125000,0.03125000,0.03125000,0.03125000,0.03125000,0.03125000,0.03125000,0.03125000,0.03125000,0.03125000,0.03125000,0.03125000,0.03125000,0.03125000,0.03125000,0.03125000,0.03125000,0.03125000,0.03125000,0.03125000] general.normalize_tangent_distributions=True
srun python train.py experiment=general_fm seed=50 hydra.run.dir=/scratch-shared/$USER/outputs/runs/gtg/poincare/norm/poi_d256_c10_s50 general.manifold=poincare general.dim=256 general.curvature=10.0 general.std_x0=0.3 general.std_x1=0.3 general.mean_x0=[0.00000000,0.00000000,0.00000000,0.00000000,0.00000000,0.00000000,0.00000000,0.00000000,0.00000000,0.00000000,0.00000000,0.00000000,0.00000000,0.00000000,0.00000000,0.00000000,0.00000000,0.00000000,0.00000000,0.00000000,0.00000000,0.00000000,0.00000000,0.00000000,0.00000000,0.00000000,0.00000000,0.00000000,0.00000000,0.00000000,0.00000000,0.00000000,0.00000000,0.00000000,0.00000000,0.00000000,0.00000000,0.00000000,0.00000000,0.00000000,0.00000000,0.00000000,0.00000000,0.00000000,0.00000000,0.00000000,0.00000000,0.00000000,0.00000000,0.00000000,0.00000000,0.00000000,0.00000000,0.00000000,0.00000000,0.00000000,0.00000000,0.00000000,0.00000000,0.00000000,0.00000000,0.00000000,0.00000000,0.00000000,0.00000000,0.00000000,0.00000000,0.00000000,0.00000000,0.00000000,0.00000000,0.00000000,0.00000000,0.00000000,0.00000000,0.00000000,0.00000000,0.00000000,0.00000000,0.00000000,0.00000000,0.00000000,0.00000000,0.00000000,0.00000000,0.00000000,0.00000000,0.00000000,0.00000000,0.00000000,0.00000000,0.00000000,0.00000000,0.00000000,0.00000000,0.00000000,0.00000000,0.00000000,0.00000000,0.00000000,0.00000000,0.00000000,0.00000000,0.00000000,0.00000000,0.00000000,0.00000000,0.00000000,0.00000000,0.00000000,0.00000000,0.00000000,0.00000000,0.00000000,0.00000000,0.00000000,0.00000000,0.00000000,0.00000000,0.00000000,0.00000000,0.00000000,0.00000000,0.00000000,0.00000000,0.00000000,0.00000000,0.00000000,0.00000000,0.00000000,0.00000000,0.00000000,0.00000000,0.00000000,0.00000000,0.00000000,0.00000000,0.00000000,0.00000000,0.00000000,0.00000000,0.00000000,0.00000000,0.00000000,0.00000000,0.00000000,0.00000000,0.00000000,0.00000000,0.00000000,0.00000000,0.00000000,0.00000000,0.00000000,0.00000000,0.00000000,0.00000000,0.00000000,0.00000000,0.00000000,0.00000000,0.00000000,0.00000000,0.00000000,0.00000000,0.00000000,0.00000000,0.00000000,0.00000000,0.00000000,0.00000000,0.00000000,0.00000000,0.00000000,0.00000000,0.00000000,0.00000000,0.00000000,0.00000000,0.00000000,0.00000000,0.00000000,0.00000000,0.00000000,0.00000000,0.00000000,0.00000000,0.00000000,0.00000000,0.00000000,0.00000000,0.00000000,0.00000000,0.00000000,0.00000000,0.00000000,0.00000000,0.00000000,0.00000000,0.00000000,0.00000000,0.00000000,0.00000000,0.00000000,0.00000000,0.00000000,0.00000000,0.00000000,0.00000000,0.00000000,0.00000000,0.00000000,0.00000000,0.00000000,0.00000000,0.00000000,0.00000000,0.00000000,0.00000000,0.00000000,0.00000000,0.00000000,0.00000000,0.00000000,0.00000000,0.00000000,0.00000000,0.00000000,0.00000000,0.00000000,0.00000000,0.00000000,0.00000000,0.00000000,0.00000000,0.00000000,0.00000000,0.00000000,0.00000000,0.00000000,0.00000000,0.00000000,0.00000000,0.00000000,0.00000000,0.00000000,0.00000000,0.00000000,0.00000000,0.00000000,0.00000000,0.00000000,0.00000000,0.00000000,0.00000000,0.00000000] general.mean_x1=[0.03125000,0.03125000,0.03125000,0.03125000,0.03125000,0.03125000,0.03125000,0.03125000,0.03125000,0.03125000,0.03125000,0.03125000,0.03125000,0.03125000,0.03125000,0.03125000,0.03125000,0.03125000,0.03125000,0.03125000,0.03125000,0.03125000,0.03125000,0.03125000,0.03125000,0.03125000,0.03125000,0.03125000,0.03125000,0.03125000,0.03125000,0.03125000,0.03125000,0.03125000,0.03125000,0.03125000,0.03125000,0.03125000,0.03125000,0.03125000,0.03125000,0.03125000,0.03125000,0.03125000,0.03125000,0.03125000,0.03125000,0.03125000,0.03125000,0.03125000,0.03125000,0.03125000,0.03125000,0.03125000,0.03125000,0.03125000,0.03125000,0.03125000,0.03125000,0.03125000,0.03125000,0.03125000,0.03125000,0.03125000,0.03125000,0.03125000,0.03125000,0.03125000,0.03125000,0.03125000,0.03125000,0.03125000,0.03125000,0.03125000,0.03125000,0.03125000,0.03125000,0.03125000,0.03125000,0.03125000,0.03125000,0.03125000,0.03125000,0.03125000,0.03125000,0.03125000,0.03125000,0.03125000,0.03125000,0.03125000,0.03125000,0.03125000,0.03125000,0.03125000,0.03125000,0.03125000,0.03125000,0.03125000,0.03125000,0.03125000,0.03125000,0.03125000,0.03125000,0.03125000,0.03125000,0.03125000,0.03125000,0.03125000,0.03125000,0.03125000,0.03125000,0.03125000,0.03125000,0.03125000,0.03125000,0.03125000,0.03125000,0.03125000,0.03125000,0.03125000,0.03125000,0.03125000,0.03125000,0.03125000,0.03125000,0.03125000,0.03125000,0.03125000,0.03125000,0.03125000,0.03125000,0.03125000,0.03125000,0.03125000,0.03125000,0.03125000,0.03125000,0.03125000,0.03125000,0.03125000,0.03125000,0.03125000,0.03125000,0.03125000,0.03125000,0.03125000,0.03125000,0.03125000,0.03125000,0.03125000,0.03125000,0.03125000,0.03125000,0.03125000,0.03125000,0.03125000,0.03125000,0.03125000,0.03125000,0.03125000,0.03125000,0.03125000,0.03125000,0.03125000,0.03125000,0.03125000,0.03125000,0.03125000,0.03125000,0.03125000,0.03125000,0.03125000,0.03125000,0.03125000,0.03125000,0.03125000,0.03125000,0.03125000,0.03125000,0.03125000,0.03125000,0.03125000,0.03125000,0.03125000,0.03125000,0.03125000,0.03125000,0.03125000,0.03125000,0.03125000,0.03125000,0.03125000,0.03125000,0.03125000,0.03125000,0.03125000,0.03125000,0.03125000,0.03125000,0.03125000,0.03125000,0.03125000,0.03125000,0.03125000,0.03125000,0.03125000,0.03125000,0.03125000,0.03125000,0.03125000,0.03125000,0.03125000,0.03125000,0.03125000,0.03125000,0.03125000,0.03125000,0.03125000,0.03125000,0.03125000,0.03125000,0.03125000,0.03125000,0.03125000,0.03125000,0.03125000,0.03125000,0.03125000,0.03125000,0.03125000,0.03125000,0.03125000,0.03125000,0.03125000,0.03125000,0.03125000,0.03125000,0.03125000,0.03125000,0.03125000,0.03125000,0.03125000,0.03125000,0.03125000,0.03125000,0.03125000,0.03125000,0.03125000,0.03125000,0.03125000,0.03125000,0.03125000,0.03125000,0.03125000,0.03125000,0.03125000] general.normalize_tangent_distributions=True
srun python train.py experiment=general_fm seed=50 hydra.run.dir=/scratch-shared/$USER/outputs/runs/gtg/poincare/norm/poi_d512_c1_s50 general.manifold=poincare general.dim=512 general.curvature=1.0 general.std_x0=0.3 general.std_x1=0.3 general.mean_x0=[0.00000000,0.00000000,0.00000000,0.00000000,0.00000000,0.00000000,0.00000000,0.00000000,0.00000000,0.00000000,0.00000000,0.00000000,0.00000000,0.00000000,0.00000000,0.00000000,0.00000000,0.00000000,0.00000000,0.00000000,0.00000000,0.00000000,0.00000000,0.00000000,0.00000000,0.00000000,0.00000000,0.00000000,0.00000000,0.00000000,0.00000000,0.00000000,0.00000000,0.00000000,0.00000000,0.00000000,0.00000000,0.00000000,0.00000000,0.00000000,0.00000000,0.00000000,0.00000000,0.00000000,0.00000000,0.00000000,0.00000000,0.00000000,0.00000000,0.00000000,0.00000000,0.00000000,0.00000000,0.00000000,0.00000000,0.00000000,0.00000000,0.00000000,0.00000000,0.00000000,0.00000000,0.00000000,0.00000000,0.00000000,0.00000000,0.00000000,0.00000000,0.00000000,0.00000000,0.00000000,0.00000000,0.00000000,0.00000000,0.00000000,0.00000000,0.00000000,0.00000000,0.00000000,0.00000000,0.00000000,0.00000000,0.00000000,0.00000000,0.00000000,0.00000000,0.00000000,0.00000000,0.00000000,0.00000000,0.00000000,0.00000000,0.00000000,0.00000000,0.00000000,0.00000000,0.00000000,0.00000000,0.00000000,0.00000000,0.00000000,0.00000000,0.00000000,0.00000000,0.00000000,0.00000000,0.00000000,0.00000000,0.00000000,0.00000000,0.00000000,0.00000000,0.00000000,0.00000000,0.00000000,0.00000000,0.00000000,0.00000000,0.00000000,0.00000000,0.00000000,0.00000000,0.00000000,0.00000000,0.00000000,0.00000000,0.00000000,0.00000000,0.00000000,0.00000000,0.00000000,0.00000000,0.00000000,0.00000000,0.00000000,0.00000000,0.00000000,0.00000000,0.00000000,0.00000000,0.00000000,0.00000000,0.00000000,0.00000000,0.00000000,0.00000000,0.00000000,0.00000000,0.00000000,0.00000000,0.00000000,0.00000000,0.00000000,0.00000000,0.00000000,0.00000000,0.00000000,0.00000000,0.00000000,0.00000000,0.00000000,0.00000000,0.00000000,0.00000000,0.00000000,0.00000000,0.00000000,0.00000000,0.00000000,0.00000000,0.00000000,0.00000000,0.00000000,0.00000000,0.00000000,0.00000000,0.00000000,0.00000000,0.00000000,0.00000000,0.00000000,0.00000000,0.00000000,0.00000000,0.00000000,0.00000000,0.00000000,0.00000000,0.00000000,0.00000000,0.00000000,0.00000000,0.00000000,0.00000000,0.00000000,0.00000000,0.00000000,0.00000000,0.00000000,0.00000000,0.00000000,0.00000000,0.00000000,0.00000000,0.00000000,0.00000000,0.00000000,0.00000000,0.00000000,0.00000000,0.00000000,0.00000000,0.00000000,0.00000000,0.00000000,0.00000000,0.00000000,0.00000000,0.00000000,0.00000000,0.00000000,0.00000000,0.00000000,0.00000000,0.00000000,0.00000000,0.00000000,0.00000000,0.00000000,0.00000000,0.00000000,0.00000000,0.00000000,0.00000000,0.00000000,0.00000000,0.00000000,0.00000000,0.00000000,0.00000000,0.00000000,0.00000000,0.00000000,0.00000000,0.00000000,0.00000000,0.00000000,0.00000000,0.00000000,0.00000000,0.00000000,0.00000000,0.00000000,0.00000000,0.00000000,0.00000000,0.00000000,0.00000000,0.00000000,0.00000000,0.00000000,0.00000000,0.00000000,0.00000000,0.00000000,0.00000000,0.00000000,0.00000000,0.00000000,0.00000000,0.00000000,0.00000000,0.00000000,0.00000000,0.00000000,0.00000000,0.00000000,0.00000000,0.00000000,0.00000000,0.00000000,0.00000000,0.00000000,0.00000000,0.00000000,0.00000000,0.00000000,0.00000000,0.00000000,0.00000000,0.00000000,0.00000000,0.00000000,0.00000000,0.00000000,0.00000000,0.00000000,0.00000000,0.00000000,0.00000000,0.00000000,0.00000000,0.00000000,0.00000000,0.00000000,0.00000000,0.00000000,0.00000000,0.00000000,0.00000000,0.00000000,0.00000000,0.00000000,0.00000000,0.00000000,0.00000000,0.00000000,0.00000000,0.00000000,0.00000000,0.00000000,0.00000000,0.00000000,0.00000000,0.00000000,0.00000000,0.00000000,0.00000000,0.00000000,0.00000000,0.00000000,0.00000000,0.00000000,0.00000000,0.00000000,0.00000000,0.00000000,0.00000000,0.00000000,0.00000000,0.00000000,0.00000000,0.00000000,0.00000000,0.00000000,0.00000000,0.00000000,0.00000000,0.00000000,0.00000000,0.00000000,0.00000000,0.00000000,0.00000000,0.00000000,0.00000000,0.00000000,0.00000000,0.00000000,0.00000000,0.00000000,0.00000000,0.00000000,0.00000000,0.00000000,0.00000000,0.00000000,0.00000000,0.00000000,0.00000000,0.00000000,0.00000000,0.00000000,0.00000000,0.00000000,0.00000000,0.00000000,0.00000000,0.00000000,0.00000000,0.00000000,0.00000000,0.00000000,0.00000000,0.00000000,0.00000000,0.00000000,0.00000000,0.00000000,0.00000000,0.00000000,0.00000000,0.00000000,0.00000000,0.00000000,0.00000000,0.00000000,0.00000000,0.00000000,0.00000000,0.00000000,0.00000000,0.00000000,0.00000000,0.00000000,0.00000000,0.00000000,0.00000000,0.00000000,0.00000000,0.00000000,0.00000000,0.00000000,0.00000000,0.00000000,0.00000000,0.00000000,0.00000000,0.00000000,0.00000000,0.00000000,0.00000000,0.00000000,0.00000000,0.00000000,0.00000000,0.00000000,0.00000000,0.00000000,0.00000000,0.00000000,0.00000000,0.00000000,0.00000000,0.00000000,0.00000000,0.00000000,0.00000000,0.00000000,0.00000000,0.00000000,0.00000000,0.00000000,0.00000000,0.00000000,0.00000000,0.00000000,0.00000000,0.00000000,0.00000000,0.00000000,0.00000000,0.00000000,0.00000000,0.00000000,0.00000000,0.00000000,0.00000000,0.00000000,0.00000000,0.00000000,0.00000000,0.00000000,0.00000000,0.00000000,0.00000000,0.00000000,0.00000000,0.00000000,0.00000000,0.00000000,0.00000000,0.00000000,0.00000000,0.00000000,0.00000000,0.00000000,0.00000000,0.00000000,0.00000000,0.00000000,0.00000000,0.00000000,0.00000000,0.00000000,0.00000000,0.00000000,0.00000000,0.00000000,0.00000000,0.00000000,0.00000000,0.00000000,0.00000000,0.00000000,0.00000000,0.00000000,0.00000000,0.00000000,0.00000000,0.00000000,0.00000000,0.00000000,0.00000000,0.00000000,0.00000000,0.00000000,0.00000000,0.00000000,0.00000000,0.00000000,0.00000000,0.00000000] general.mean_x1=[0.02209709,0.02209709,0.02209709,0.02209709,0.02209709,0.02209709,0.02209709,0.02209709,0.02209709,0.02209709,0.02209709,0.02209709,0.02209709,0.02209709,0.02209709,0.02209709,0.02209709,0.02209709,0.02209709,0.02209709,0.02209709,0.02209709,0.02209709,0.02209709,0.02209709,0.02209709,0.02209709,0.02209709,0.02209709,0.02209709,0.02209709,0.02209709,0.02209709,0.02209709,0.02209709,0.02209709,0.02209709,0.02209709,0.02209709,0.02209709,0.02209709,0.02209709,0.02209709,0.02209709,0.02209709,0.02209709,0.02209709,0.02209709,0.02209709,0.02209709,0.02209709,0.02209709,0.02209709,0.02209709,0.02209709,0.02209709,0.02209709,0.02209709,0.02209709,0.02209709,0.02209709,0.02209709,0.02209709,0.02209709,0.02209709,0.02209709,0.02209709,0.02209709,0.02209709,0.02209709,0.02209709,0.02209709,0.02209709,0.02209709,0.02209709,0.02209709,0.02209709,0.02209709,0.02209709,0.02209709,0.02209709,0.02209709,0.02209709,0.02209709,0.02209709,0.02209709,0.02209709,0.02209709,0.02209709,0.02209709,0.02209709,0.02209709,0.02209709,0.02209709,0.02209709,0.02209709,0.02209709,0.02209709,0.02209709,0.02209709,0.02209709,0.02209709,0.02209709,0.02209709,0.02209709,0.02209709,0.02209709,0.02209709,0.02209709,0.02209709,0.02209709,0.02209709,0.02209709,0.02209709,0.02209709,0.02209709,0.02209709,0.02209709,0.02209709,0.02209709,0.02209709,0.02209709,0.02209709,0.02209709,0.02209709,0.02209709,0.02209709,0.02209709,0.02209709,0.02209709,0.02209709,0.02209709,0.02209709,0.02209709,0.02209709,0.02209709,0.02209709,0.02209709,0.02209709,0.02209709,0.02209709,0.02209709,0.02209709,0.02209709,0.02209709,0.02209709,0.02209709,0.02209709,0.02209709,0.02209709,0.02209709,0.02209709,0.02209709,0.02209709,0.02209709,0.02209709,0.02209709,0.02209709,0.02209709,0.02209709,0.02209709,0.02209709,0.02209709,0.02209709,0.02209709,0.02209709,0.02209709,0.02209709,0.02209709,0.02209709,0.02209709,0.02209709,0.02209709,0.02209709,0.02209709,0.02209709,0.02209709,0.02209709,0.02209709,0.02209709,0.02209709,0.02209709,0.02209709,0.02209709,0.02209709,0.02209709,0.02209709,0.02209709,0.02209709,0.02209709,0.02209709,0.02209709,0.02209709,0.02209709,0.02209709,0.02209709,0.02209709,0.02209709,0.02209709,0.02209709,0.02209709,0.02209709,0.02209709,0.02209709,0.02209709,0.02209709,0.02209709,0.02209709,0.02209709,0.02209709,0.02209709,0.02209709,0.02209709,0.02209709,0.02209709,0.02209709,0.02209709,0.02209709,0.02209709,0.02209709,0.02209709,0.02209709,0.02209709,0.02209709,0.02209709,0.02209709,0.02209709,0.02209709,0.02209709,0.02209709,0.02209709,0.02209709,0.02209709,0.02209709,0.02209709,0.02209709,0.02209709,0.02209709,0.02209709,0.02209709,0.02209709,0.02209709,0.02209709,0.02209709,0.02209709,0.02209709,0.02209709,0.02209709,0.02209709,0.02209709,0.02209709,0.02209709,0.02209709,0.02209709,0.02209709,0.02209709,0.02209709,0.02209709,0.02209709,0.02209709,0.02209709,0.02209709,0.02209709,0.02209709,0.02209709,0.02209709,0.02209709,0.02209709,0.02209709,0.02209709,0.02209709,0.02209709,0.02209709,0.02209709,0.02209709,0.02209709,0.02209709,0.02209709,0.02209709,0.02209709,0.02209709,0.02209709,0.02209709,0.02209709,0.02209709,0.02209709,0.02209709,0.02209709,0.02209709,0.02209709,0.02209709,0.02209709,0.02209709,0.02209709,0.02209709,0.02209709,0.02209709,0.02209709,0.02209709,0.02209709,0.02209709,0.02209709,0.02209709,0.02209709,0.02209709,0.02209709,0.02209709,0.02209709,0.02209709,0.02209709,0.02209709,0.02209709,0.02209709,0.02209709,0.02209709,0.02209709,0.02209709,0.02209709,0.02209709,0.02209709,0.02209709,0.02209709,0.02209709,0.02209709,0.02209709,0.02209709,0.02209709,0.02209709,0.02209709,0.02209709,0.02209709,0.02209709,0.02209709,0.02209709,0.02209709,0.02209709,0.02209709,0.02209709,0.02209709,0.02209709,0.02209709,0.02209709,0.02209709,0.02209709,0.02209709,0.02209709,0.02209709,0.02209709,0.02209709,0.02209709,0.02209709,0.02209709,0.02209709,0.02209709,0.02209709,0.02209709,0.02209709,0.02209709,0.02209709,0.02209709,0.02209709,0.02209709,0.02209709,0.02209709,0.02209709,0.02209709,0.02209709,0.02209709,0.02209709,0.02209709,0.02209709,0.02209709,0.02209709,0.02209709,0.02209709,0.02209709,0.02209709,0.02209709,0.02209709,0.02209709,0.02209709,0.02209709,0.02209709,0.02209709,0.02209709,0.02209709,0.02209709,0.02209709,0.02209709,0.02209709,0.02209709,0.02209709,0.02209709,0.02209709,0.02209709,0.02209709,0.02209709,0.02209709,0.02209709,0.02209709,0.02209709,0.02209709,0.02209709,0.02209709,0.02209709,0.02209709,0.02209709,0.02209709,0.02209709,0.02209709,0.02209709,0.02209709,0.02209709,0.02209709,0.02209709,0.02209709,0.02209709,0.02209709,0.02209709,0.02209709,0.02209709,0.02209709,0.02209709,0.02209709,0.02209709,0.02209709,0.02209709,0.02209709,0.02209709,0.02209709,0.02209709,0.02209709,0.02209709,0.02209709,0.02209709,0.02209709,0.02209709,0.02209709,0.02209709,0.02209709,0.02209709,0.02209709,0.02209709,0.02209709,0.02209709,0.02209709,0.02209709,0.02209709,0.02209709,0.02209709,0.02209709,0.02209709,0.02209709,0.02209709,0.02209709,0.02209709,0.02209709,0.02209709,0.02209709,0.02209709,0.02209709,0.02209709,0.02209709,0.02209709,0.02209709,0.02209709,0.02209709,0.02209709,0.02209709,0.02209709,0.02209709,0.02209709,0.02209709,0.02209709,0.02209709,0.02209709,0.02209709,0.02209709,0.02209709,0.02209709,0.02209709,0.02209709,0.02209709,0.02209709,0.02209709,0.02209709,0.02209709,0.02209709,0.02209709,0.02209709,0.02209709,0.02209709,0.02209709,0.02209709,0.02209709,0.02209709,0.02209709,0.02209709,0.02209709,0.02209709,0.02209709,0.02209709,0.02209709,0.02209709,0.02209709,0.02209709,0.02209709,0.02209709,0.02209709,0.02209709,0.02209709,0.02209709] general.normalize_tangent_distributions=True
srun python train.py experiment=general_fm seed=50 hydra.run.dir=/scratch-shared/$USER/outputs/runs/gtg/poincare/norm/poi_d512_c2_s50 general.manifold=poincare general.dim=512 general.curvature=2.0 general.std_x0=0.3 general.std_x1=0.3 general.mean_x0=[0.00000000,0.00000000,0.00000000,0.00000000,0.00000000,0.00000000,0.00000000,0.00000000,0.00000000,0.00000000,0.00000000,0.00000000,0.00000000,0.00000000,0.00000000,0.00000000,0.00000000,0.00000000,0.00000000,0.00000000,0.00000000,0.00000000,0.00000000,0.00000000,0.00000000,0.00000000,0.00000000,0.00000000,0.00000000,0.00000000,0.00000000,0.00000000,0.00000000,0.00000000,0.00000000,0.00000000,0.00000000,0.00000000,0.00000000,0.00000000,0.00000000,0.00000000,0.00000000,0.00000000,0.00000000,0.00000000,0.00000000,0.00000000,0.00000000,0.00000000,0.00000000,0.00000000,0.00000000,0.00000000,0.00000000,0.00000000,0.00000000,0.00000000,0.00000000,0.00000000,0.00000000,0.00000000,0.00000000,0.00000000,0.00000000,0.00000000,0.00000000,0.00000000,0.00000000,0.00000000,0.00000000,0.00000000,0.00000000,0.00000000,0.00000000,0.00000000,0.00000000,0.00000000,0.00000000,0.00000000,0.00000000,0.00000000,0.00000000,0.00000000,0.00000000,0.00000000,0.00000000,0.00000000,0.00000000,0.00000000,0.00000000,0.00000000,0.00000000,0.00000000,0.00000000,0.00000000,0.00000000,0.00000000,0.00000000,0.00000000,0.00000000,0.00000000,0.00000000,0.00000000,0.00000000,0.00000000,0.00000000,0.00000000,0.00000000,0.00000000,0.00000000,0.00000000,0.00000000,0.00000000,0.00000000,0.00000000,0.00000000,0.00000000,0.00000000,0.00000000,0.00000000,0.00000000,0.00000000,0.00000000,0.00000000,0.00000000,0.00000000,0.00000000,0.00000000,0.00000000,0.00000000,0.00000000,0.00000000,0.00000000,0.00000000,0.00000000,0.00000000,0.00000000,0.00000000,0.00000000,0.00000000,0.00000000,0.00000000,0.00000000,0.00000000,0.00000000,0.00000000,0.00000000,0.00000000,0.00000000,0.00000000,0.00000000,0.00000000,0.00000000,0.00000000,0.00000000,0.00000000,0.00000000,0.00000000,0.00000000,0.00000000,0.00000000,0.00000000,0.00000000,0.00000000,0.00000000,0.00000000,0.00000000,0.00000000,0.00000000,0.00000000,0.00000000,0.00000000,0.00000000,0.00000000,0.00000000,0.00000000,0.00000000,0.00000000,0.00000000,0.00000000,0.00000000,0.00000000,0.00000000,0.00000000,0.00000000,0.00000000,0.00000000,0.00000000,0.00000000,0.00000000,0.00000000,0.00000000,0.00000000,0.00000000,0.00000000,0.00000000,0.00000000,0.00000000,0.00000000,0.00000000,0.00000000,0.00000000,0.00000000,0.00000000,0.00000000,0.00000000,0.00000000,0.00000000,0.00000000,0.00000000,0.00000000,0.00000000,0.00000000,0.00000000,0.00000000,0.00000000,0.00000000,0.00000000,0.00000000,0.00000000,0.00000000,0.00000000,0.00000000,0.00000000,0.00000000,0.00000000,0.00000000,0.00000000,0.00000000,0.00000000,0.00000000,0.00000000,0.00000000,0.00000000,0.00000000,0.00000000,0.00000000,0.00000000,0.00000000,0.00000000,0.00000000,0.00000000,0.00000000,0.00000000,0.00000000,0.00000000,0.00000000,0.00000000,0.00000000,0.00000000,0.00000000,0.00000000,0.00000000,0.00000000,0.00000000,0.00000000,0.00000000,0.00000000,0.00000000,0.00000000,0.00000000,0.00000000,0.00000000,0.00000000,0.00000000,0.00000000,0.00000000,0.00000000,0.00000000,0.00000000,0.00000000,0.00000000,0.00000000,0.00000000,0.00000000,0.00000000,0.00000000,0.00000000,0.00000000,0.00000000,0.00000000,0.00000000,0.00000000,0.00000000,0.00000000,0.00000000,0.00000000,0.00000000,0.00000000,0.00000000,0.00000000,0.00000000,0.00000000,0.00000000,0.00000000,0.00000000,0.00000000,0.00000000,0.00000000,0.00000000,0.00000000,0.00000000,0.00000000,0.00000000,0.00000000,0.00000000,0.00000000,0.00000000,0.00000000,0.00000000,0.00000000,0.00000000,0.00000000,0.00000000,0.00000000,0.00000000,0.00000000,0.00000000,0.00000000,0.00000000,0.00000000,0.00000000,0.00000000,0.00000000,0.00000000,0.00000000,0.00000000,0.00000000,0.00000000,0.00000000,0.00000000,0.00000000,0.00000000,0.00000000,0.00000000,0.00000000,0.00000000,0.00000000,0.00000000,0.00000000,0.00000000,0.00000000,0.00000000,0.00000000,0.00000000,0.00000000,0.00000000,0.00000000,0.00000000,0.00000000,0.00000000,0.00000000,0.00000000,0.00000000,0.00000000,0.00000000,0.00000000,0.00000000,0.00000000,0.00000000,0.00000000,0.00000000,0.00000000,0.00000000,0.00000000,0.00000000,0.00000000,0.00000000,0.00000000,0.00000000,0.00000000,0.00000000,0.00000000,0.00000000,0.00000000,0.00000000,0.00000000,0.00000000,0.00000000,0.00000000,0.00000000,0.00000000,0.00000000,0.00000000,0.00000000,0.00000000,0.00000000,0.00000000,0.00000000,0.00000000,0.00000000,0.00000000,0.00000000,0.00000000,0.00000000,0.00000000,0.00000000,0.00000000,0.00000000,0.00000000,0.00000000,0.00000000,0.00000000,0.00000000,0.00000000,0.00000000,0.00000000,0.00000000,0.00000000,0.00000000,0.00000000,0.00000000,0.00000000,0.00000000,0.00000000,0.00000000,0.00000000,0.00000000,0.00000000,0.00000000,0.00000000,0.00000000,0.00000000,0.00000000,0.00000000,0.00000000,0.00000000,0.00000000,0.00000000,0.00000000,0.00000000,0.00000000,0.00000000,0.00000000,0.00000000,0.00000000,0.00000000,0.00000000,0.00000000,0.00000000,0.00000000,0.00000000,0.00000000,0.00000000,0.00000000,0.00000000,0.00000000,0.00000000,0.00000000,0.00000000,0.00000000,0.00000000,0.00000000,0.00000000,0.00000000,0.00000000,0.00000000,0.00000000,0.00000000,0.00000000,0.00000000,0.00000000,0.00000000,0.00000000,0.00000000,0.00000000,0.00000000,0.00000000,0.00000000,0.00000000,0.00000000,0.00000000,0.00000000,0.00000000,0.00000000,0.00000000,0.00000000,0.00000000,0.00000000,0.00000000,0.00000000,0.00000000,0.00000000,0.00000000,0.00000000,0.00000000,0.00000000,0.00000000,0.00000000,0.00000000,0.00000000,0.00000000,0.00000000,0.00000000,0.00000000,0.00000000,0.00000000,0.00000000,0.00000000,0.00000000,0.00000000,0.00000000,0.00000000,0.00000000,0.00000000,0.00000000,0.00000000,0.00000000,0.00000000,0.00000000,0.00000000] general.mean_x1=[0.02209709,0.02209709,0.02209709,0.02209709,0.02209709,0.02209709,0.02209709,0.02209709,0.02209709,0.02209709,0.02209709,0.02209709,0.02209709,0.02209709,0.02209709,0.02209709,0.02209709,0.02209709,0.02209709,0.02209709,0.02209709,0.02209709,0.02209709,0.02209709,0.02209709,0.02209709,0.02209709,0.02209709,0.02209709,0.02209709,0.02209709,0.02209709,0.02209709,0.02209709,0.02209709,0.02209709,0.02209709,0.02209709,0.02209709,0.02209709,0.02209709,0.02209709,0.02209709,0.02209709,0.02209709,0.02209709,0.02209709,0.02209709,0.02209709,0.02209709,0.02209709,0.02209709,0.02209709,0.02209709,0.02209709,0.02209709,0.02209709,0.02209709,0.02209709,0.02209709,0.02209709,0.02209709,0.02209709,0.02209709,0.02209709,0.02209709,0.02209709,0.02209709,0.02209709,0.02209709,0.02209709,0.02209709,0.02209709,0.02209709,0.02209709,0.02209709,0.02209709,0.02209709,0.02209709,0.02209709,0.02209709,0.02209709,0.02209709,0.02209709,0.02209709,0.02209709,0.02209709,0.02209709,0.02209709,0.02209709,0.02209709,0.02209709,0.02209709,0.02209709,0.02209709,0.02209709,0.02209709,0.02209709,0.02209709,0.02209709,0.02209709,0.02209709,0.02209709,0.02209709,0.02209709,0.02209709,0.02209709,0.02209709,0.02209709,0.02209709,0.02209709,0.02209709,0.02209709,0.02209709,0.02209709,0.02209709,0.02209709,0.02209709,0.02209709,0.02209709,0.02209709,0.02209709,0.02209709,0.02209709,0.02209709,0.02209709,0.02209709,0.02209709,0.02209709,0.02209709,0.02209709,0.02209709,0.02209709,0.02209709,0.02209709,0.02209709,0.02209709,0.02209709,0.02209709,0.02209709,0.02209709,0.02209709,0.02209709,0.02209709,0.02209709,0.02209709,0.02209709,0.02209709,0.02209709,0.02209709,0.02209709,0.02209709,0.02209709,0.02209709,0.02209709,0.02209709,0.02209709,0.02209709,0.02209709,0.02209709,0.02209709,0.02209709,0.02209709,0.02209709,0.02209709,0.02209709,0.02209709,0.02209709,0.02209709,0.02209709,0.02209709,0.02209709,0.02209709,0.02209709,0.02209709,0.02209709,0.02209709,0.02209709,0.02209709,0.02209709,0.02209709,0.02209709,0.02209709,0.02209709,0.02209709,0.02209709,0.02209709,0.02209709,0.02209709,0.02209709,0.02209709,0.02209709,0.02209709,0.02209709,0.02209709,0.02209709,0.02209709,0.02209709,0.02209709,0.02209709,0.02209709,0.02209709,0.02209709,0.02209709,0.02209709,0.02209709,0.02209709,0.02209709,0.02209709,0.02209709,0.02209709,0.02209709,0.02209709,0.02209709,0.02209709,0.02209709,0.02209709,0.02209709,0.02209709,0.02209709,0.02209709,0.02209709,0.02209709,0.02209709,0.02209709,0.02209709,0.02209709,0.02209709,0.02209709,0.02209709,0.02209709,0.02209709,0.02209709,0.02209709,0.02209709,0.02209709,0.02209709,0.02209709,0.02209709,0.02209709,0.02209709,0.02209709,0.02209709,0.02209709,0.02209709,0.02209709,0.02209709,0.02209709,0.02209709,0.02209709,0.02209709,0.02209709,0.02209709,0.02209709,0.02209709,0.02209709,0.02209709,0.02209709,0.02209709,0.02209709,0.02209709,0.02209709,0.02209709,0.02209709,0.02209709,0.02209709,0.02209709,0.02209709,0.02209709,0.02209709,0.02209709,0.02209709,0.02209709,0.02209709,0.02209709,0.02209709,0.02209709,0.02209709,0.02209709,0.02209709,0.02209709,0.02209709,0.02209709,0.02209709,0.02209709,0.02209709,0.02209709,0.02209709,0.02209709,0.02209709,0.02209709,0.02209709,0.02209709,0.02209709,0.02209709,0.02209709,0.02209709,0.02209709,0.02209709,0.02209709,0.02209709,0.02209709,0.02209709,0.02209709,0.02209709,0.02209709,0.02209709,0.02209709,0.02209709,0.02209709,0.02209709,0.02209709,0.02209709,0.02209709,0.02209709,0.02209709,0.02209709,0.02209709,0.02209709,0.02209709,0.02209709,0.02209709,0.02209709,0.02209709,0.02209709,0.02209709,0.02209709,0.02209709,0.02209709,0.02209709,0.02209709,0.02209709,0.02209709,0.02209709,0.02209709,0.02209709,0.02209709,0.02209709,0.02209709,0.02209709,0.02209709,0.02209709,0.02209709,0.02209709,0.02209709,0.02209709,0.02209709,0.02209709,0.02209709,0.02209709,0.02209709,0.02209709,0.02209709,0.02209709,0.02209709,0.02209709,0.02209709,0.02209709,0.02209709,0.02209709,0.02209709,0.02209709,0.02209709,0.02209709,0.02209709,0.02209709,0.02209709,0.02209709,0.02209709,0.02209709,0.02209709,0.02209709,0.02209709,0.02209709,0.02209709,0.02209709,0.02209709,0.02209709,0.02209709,0.02209709,0.02209709,0.02209709,0.02209709,0.02209709,0.02209709,0.02209709,0.02209709,0.02209709,0.02209709,0.02209709,0.02209709,0.02209709,0.02209709,0.02209709,0.02209709,0.02209709,0.02209709,0.02209709,0.02209709,0.02209709,0.02209709,0.02209709,0.02209709,0.02209709,0.02209709,0.02209709,0.02209709,0.02209709,0.02209709,0.02209709,0.02209709,0.02209709,0.02209709,0.02209709,0.02209709,0.02209709,0.02209709,0.02209709,0.02209709,0.02209709,0.02209709,0.02209709,0.02209709,0.02209709,0.02209709,0.02209709,0.02209709,0.02209709,0.02209709,0.02209709,0.02209709,0.02209709,0.02209709,0.02209709,0.02209709,0.02209709,0.02209709,0.02209709,0.02209709,0.02209709,0.02209709,0.02209709,0.02209709,0.02209709,0.02209709,0.02209709,0.02209709,0.02209709,0.02209709,0.02209709,0.02209709,0.02209709,0.02209709,0.02209709,0.02209709,0.02209709,0.02209709,0.02209709,0.02209709,0.02209709,0.02209709,0.02209709,0.02209709,0.02209709,0.02209709,0.02209709,0.02209709,0.02209709,0.02209709,0.02209709,0.02209709,0.02209709,0.02209709,0.02209709,0.02209709,0.02209709,0.02209709,0.02209709,0.02209709,0.02209709,0.02209709,0.02209709,0.02209709,0.02209709,0.02209709,0.02209709,0.02209709,0.02209709,0.02209709,0.02209709,0.02209709,0.02209709,0.02209709,0.02209709,0.02209709,0.02209709,0.02209709,0.02209709,0.02209709,0.02209709,0.02209709,0.02209709,0.02209709,0.02209709,0.02209709,0.02209709,0.02209709,0.02209709,0.02209709,0.02209709,0.02209709,0.02209709] general.normalize_tangent_distributions=True
srun python train.py experiment=general_fm seed=50 hydra.run.dir=/scratch-shared/$USER/outputs/runs/gtg/poincare/norm/poi_d512_c3_s50 general.manifold=poincare general.dim=512 general.curvature=3.0 general.std_x0=0.3 general.std_x1=0.3 general.mean_x0=[0.00000000,0.00000000,0.00000000,0.00000000,0.00000000,0.00000000,0.00000000,0.00000000,0.00000000,0.00000000,0.00000000,0.00000000,0.00000000,0.00000000,0.00000000,0.00000000,0.00000000,0.00000000,0.00000000,0.00000000,0.00000000,0.00000000,0.00000000,0.00000000,0.00000000,0.00000000,0.00000000,0.00000000,0.00000000,0.00000000,0.00000000,0.00000000,0.00000000,0.00000000,0.00000000,0.00000000,0.00000000,0.00000000,0.00000000,0.00000000,0.00000000,0.00000000,0.00000000,0.00000000,0.00000000,0.00000000,0.00000000,0.00000000,0.00000000,0.00000000,0.00000000,0.00000000,0.00000000,0.00000000,0.00000000,0.00000000,0.00000000,0.00000000,0.00000000,0.00000000,0.00000000,0.00000000,0.00000000,0.00000000,0.00000000,0.00000000,0.00000000,0.00000000,0.00000000,0.00000000,0.00000000,0.00000000,0.00000000,0.00000000,0.00000000,0.00000000,0.00000000,0.00000000,0.00000000,0.00000000,0.00000000,0.00000000,0.00000000,0.00000000,0.00000000,0.00000000,0.00000000,0.00000000,0.00000000,0.00000000,0.00000000,0.00000000,0.00000000,0.00000000,0.00000000,0.00000000,0.00000000,0.00000000,0.00000000,0.00000000,0.00000000,0.00000000,0.00000000,0.00000000,0.00000000,0.00000000,0.00000000,0.00000000,0.00000000,0.00000000,0.00000000,0.00000000,0.00000000,0.00000000,0.00000000,0.00000000,0.00000000,0.00000000,0.00000000,0.00000000,0.00000000,0.00000000,0.00000000,0.00000000,0.00000000,0.00000000,0.00000000,0.00000000,0.00000000,0.00000000,0.00000000,0.00000000,0.00000000,0.00000000,0.00000000,0.00000000,0.00000000,0.00000000,0.00000000,0.00000000,0.00000000,0.00000000,0.00000000,0.00000000,0.00000000,0.00000000,0.00000000,0.00000000,0.00000000,0.00000000,0.00000000,0.00000000,0.00000000,0.00000000,0.00000000,0.00000000,0.00000000,0.00000000,0.00000000,0.00000000,0.00000000,0.00000000,0.00000000,0.00000000,0.00000000,0.00000000,0.00000000,0.00000000,0.00000000,0.00000000,0.00000000,0.00000000,0.00000000,0.00000000,0.00000000,0.00000000,0.00000000,0.00000000,0.00000000,0.00000000,0.00000000,0.00000000,0.00000000,0.00000000,0.00000000,0.00000000,0.00000000,0.00000000,0.00000000,0.00000000,0.00000000,0.00000000,0.00000000,0.00000000,0.00000000,0.00000000,0.00000000,0.00000000,0.00000000,0.00000000,0.00000000,0.00000000,0.00000000,0.00000000,0.00000000,0.00000000,0.00000000,0.00000000,0.00000000,0.00000000,0.00000000,0.00000000,0.00000000,0.00000000,0.00000000,0.00000000,0.00000000,0.00000000,0.00000000,0.00000000,0.00000000,0.00000000,0.00000000,0.00000000,0.00000000,0.00000000,0.00000000,0.00000000,0.00000000,0.00000000,0.00000000,0.00000000,0.00000000,0.00000000,0.00000000,0.00000000,0.00000000,0.00000000,0.00000000,0.00000000,0.00000000,0.00000000,0.00000000,0.00000000,0.00000000,0.00000000,0.00000000,0.00000000,0.00000000,0.00000000,0.00000000,0.00000000,0.00000000,0.00000000,0.00000000,0.00000000,0.00000000,0.00000000,0.00000000,0.00000000,0.00000000,0.00000000,0.00000000,0.00000000,0.00000000,0.00000000,0.00000000,0.00000000,0.00000000,0.00000000,0.00000000,0.00000000,0.00000000,0.00000000,0.00000000,0.00000000,0.00000000,0.00000000,0.00000000,0.00000000,0.00000000,0.00000000,0.00000000,0.00000000,0.00000000,0.00000000,0.00000000,0.00000000,0.00000000,0.00000000,0.00000000,0.00000000,0.00000000,0.00000000,0.00000000,0.00000000,0.00000000,0.00000000,0.00000000,0.00000000,0.00000000,0.00000000,0.00000000,0.00000000,0.00000000,0.00000000,0.00000000,0.00000000,0.00000000,0.00000000,0.00000000,0.00000000,0.00000000,0.00000000,0.00000000,0.00000000,0.00000000,0.00000000,0.00000000,0.00000000,0.00000000,0.00000000,0.00000000,0.00000000,0.00000000,0.00000000,0.00000000,0.00000000,0.00000000,0.00000000,0.00000000,0.00000000,0.00000000,0.00000000,0.00000000,0.00000000,0.00000000,0.00000000,0.00000000,0.00000000,0.00000000,0.00000000,0.00000000,0.00000000,0.00000000,0.00000000,0.00000000,0.00000000,0.00000000,0.00000000,0.00000000,0.00000000,0.00000000,0.00000000,0.00000000,0.00000000,0.00000000,0.00000000,0.00000000,0.00000000,0.00000000,0.00000000,0.00000000,0.00000000,0.00000000,0.00000000,0.00000000,0.00000000,0.00000000,0.00000000,0.00000000,0.00000000,0.00000000,0.00000000,0.00000000,0.00000000,0.00000000,0.00000000,0.00000000,0.00000000,0.00000000,0.00000000,0.00000000,0.00000000,0.00000000,0.00000000,0.00000000,0.00000000,0.00000000,0.00000000,0.00000000,0.00000000,0.00000000,0.00000000,0.00000000,0.00000000,0.00000000,0.00000000,0.00000000,0.00000000,0.00000000,0.00000000,0.00000000,0.00000000,0.00000000,0.00000000,0.00000000,0.00000000,0.00000000,0.00000000,0.00000000,0.00000000,0.00000000,0.00000000,0.00000000,0.00000000,0.00000000,0.00000000,0.00000000,0.00000000,0.00000000,0.00000000,0.00000000,0.00000000,0.00000000,0.00000000,0.00000000,0.00000000,0.00000000,0.00000000,0.00000000,0.00000000,0.00000000,0.00000000,0.00000000,0.00000000,0.00000000,0.00000000,0.00000000,0.00000000,0.00000000,0.00000000,0.00000000,0.00000000,0.00000000,0.00000000,0.00000000,0.00000000,0.00000000,0.00000000,0.00000000,0.00000000,0.00000000,0.00000000,0.00000000,0.00000000,0.00000000,0.00000000,0.00000000,0.00000000,0.00000000,0.00000000,0.00000000,0.00000000,0.00000000,0.00000000,0.00000000,0.00000000,0.00000000,0.00000000,0.00000000,0.00000000,0.00000000,0.00000000,0.00000000,0.00000000,0.00000000,0.00000000,0.00000000,0.00000000,0.00000000,0.00000000,0.00000000,0.00000000,0.00000000,0.00000000,0.00000000,0.00000000,0.00000000,0.00000000,0.00000000,0.00000000,0.00000000,0.00000000,0.00000000,0.00000000,0.00000000,0.00000000,0.00000000,0.00000000,0.00000000,0.00000000,0.00000000,0.00000000,0.00000000,0.00000000,0.00000000,0.00000000,0.00000000,0.00000000,0.00000000,0.00000000] general.mean_x1=[0.02209709,0.02209709,0.02209709,0.02209709,0.02209709,0.02209709,0.02209709,0.02209709,0.02209709,0.02209709,0.02209709,0.02209709,0.02209709,0.02209709,0.02209709,0.02209709,0.02209709,0.02209709,0.02209709,0.02209709,0.02209709,0.02209709,0.02209709,0.02209709,0.02209709,0.02209709,0.02209709,0.02209709,0.02209709,0.02209709,0.02209709,0.02209709,0.02209709,0.02209709,0.02209709,0.02209709,0.02209709,0.02209709,0.02209709,0.02209709,0.02209709,0.02209709,0.02209709,0.02209709,0.02209709,0.02209709,0.02209709,0.02209709,0.02209709,0.02209709,0.02209709,0.02209709,0.02209709,0.02209709,0.02209709,0.02209709,0.02209709,0.02209709,0.02209709,0.02209709,0.02209709,0.02209709,0.02209709,0.02209709,0.02209709,0.02209709,0.02209709,0.02209709,0.02209709,0.02209709,0.02209709,0.02209709,0.02209709,0.02209709,0.02209709,0.02209709,0.02209709,0.02209709,0.02209709,0.02209709,0.02209709,0.02209709,0.02209709,0.02209709,0.02209709,0.02209709,0.02209709,0.02209709,0.02209709,0.02209709,0.02209709,0.02209709,0.02209709,0.02209709,0.02209709,0.02209709,0.02209709,0.02209709,0.02209709,0.02209709,0.02209709,0.02209709,0.02209709,0.02209709,0.02209709,0.02209709,0.02209709,0.02209709,0.02209709,0.02209709,0.02209709,0.02209709,0.02209709,0.02209709,0.02209709,0.02209709,0.02209709,0.02209709,0.02209709,0.02209709,0.02209709,0.02209709,0.02209709,0.02209709,0.02209709,0.02209709,0.02209709,0.02209709,0.02209709,0.02209709,0.02209709,0.02209709,0.02209709,0.02209709,0.02209709,0.02209709,0.02209709,0.02209709,0.02209709,0.02209709,0.02209709,0.02209709,0.02209709,0.02209709,0.02209709,0.02209709,0.02209709,0.02209709,0.02209709,0.02209709,0.02209709,0.02209709,0.02209709,0.02209709,0.02209709,0.02209709,0.02209709,0.02209709,0.02209709,0.02209709,0.02209709,0.02209709,0.02209709,0.02209709,0.02209709,0.02209709,0.02209709,0.02209709,0.02209709,0.02209709,0.02209709,0.02209709,0.02209709,0.02209709,0.02209709,0.02209709,0.02209709,0.02209709,0.02209709,0.02209709,0.02209709,0.02209709,0.02209709,0.02209709,0.02209709,0.02209709,0.02209709,0.02209709,0.02209709,0.02209709,0.02209709,0.02209709,0.02209709,0.02209709,0.02209709,0.02209709,0.02209709,0.02209709,0.02209709,0.02209709,0.02209709,0.02209709,0.02209709,0.02209709,0.02209709,0.02209709,0.02209709,0.02209709,0.02209709,0.02209709,0.02209709,0.02209709,0.02209709,0.02209709,0.02209709,0.02209709,0.02209709,0.02209709,0.02209709,0.02209709,0.02209709,0.02209709,0.02209709,0.02209709,0.02209709,0.02209709,0.02209709,0.02209709,0.02209709,0.02209709,0.02209709,0.02209709,0.02209709,0.02209709,0.02209709,0.02209709,0.02209709,0.02209709,0.02209709,0.02209709,0.02209709,0.02209709,0.02209709,0.02209709,0.02209709,0.02209709,0.02209709,0.02209709,0.02209709,0.02209709,0.02209709,0.02209709,0.02209709,0.02209709,0.02209709,0.02209709,0.02209709,0.02209709,0.02209709,0.02209709,0.02209709,0.02209709,0.02209709,0.02209709,0.02209709,0.02209709,0.02209709,0.02209709,0.02209709,0.02209709,0.02209709,0.02209709,0.02209709,0.02209709,0.02209709,0.02209709,0.02209709,0.02209709,0.02209709,0.02209709,0.02209709,0.02209709,0.02209709,0.02209709,0.02209709,0.02209709,0.02209709,0.02209709,0.02209709,0.02209709,0.02209709,0.02209709,0.02209709,0.02209709,0.02209709,0.02209709,0.02209709,0.02209709,0.02209709,0.02209709,0.02209709,0.02209709,0.02209709,0.02209709,0.02209709,0.02209709,0.02209709,0.02209709,0.02209709,0.02209709,0.02209709,0.02209709,0.02209709,0.02209709,0.02209709,0.02209709,0.02209709,0.02209709,0.02209709,0.02209709,0.02209709,0.02209709,0.02209709,0.02209709,0.02209709,0.02209709,0.02209709,0.02209709,0.02209709,0.02209709,0.02209709,0.02209709,0.02209709,0.02209709,0.02209709,0.02209709,0.02209709,0.02209709,0.02209709,0.02209709,0.02209709,0.02209709,0.02209709,0.02209709,0.02209709,0.02209709,0.02209709,0.02209709,0.02209709,0.02209709,0.02209709,0.02209709,0.02209709,0.02209709,0.02209709,0.02209709,0.02209709,0.02209709,0.02209709,0.02209709,0.02209709,0.02209709,0.02209709,0.02209709,0.02209709,0.02209709,0.02209709,0.02209709,0.02209709,0.02209709,0.02209709,0.02209709,0.02209709,0.02209709,0.02209709,0.02209709,0.02209709,0.02209709,0.02209709,0.02209709,0.02209709,0.02209709,0.02209709,0.02209709,0.02209709,0.02209709,0.02209709,0.02209709,0.02209709,0.02209709,0.02209709,0.02209709,0.02209709,0.02209709,0.02209709,0.02209709,0.02209709,0.02209709,0.02209709,0.02209709,0.02209709,0.02209709,0.02209709,0.02209709,0.02209709,0.02209709,0.02209709,0.02209709,0.02209709,0.02209709,0.02209709,0.02209709,0.02209709,0.02209709,0.02209709,0.02209709,0.02209709,0.02209709,0.02209709,0.02209709,0.02209709,0.02209709,0.02209709,0.02209709,0.02209709,0.02209709,0.02209709,0.02209709,0.02209709,0.02209709,0.02209709,0.02209709,0.02209709,0.02209709,0.02209709,0.02209709,0.02209709,0.02209709,0.02209709,0.02209709,0.02209709,0.02209709,0.02209709,0.02209709,0.02209709,0.02209709,0.02209709,0.02209709,0.02209709,0.02209709,0.02209709,0.02209709,0.02209709,0.02209709,0.02209709,0.02209709,0.02209709,0.02209709,0.02209709,0.02209709,0.02209709,0.02209709,0.02209709,0.02209709,0.02209709,0.02209709,0.02209709,0.02209709,0.02209709,0.02209709,0.02209709,0.02209709,0.02209709,0.02209709,0.02209709,0.02209709,0.02209709,0.02209709,0.02209709,0.02209709,0.02209709,0.02209709,0.02209709,0.02209709,0.02209709,0.02209709,0.02209709,0.02209709,0.02209709,0.02209709,0.02209709,0.02209709,0.02209709,0.02209709,0.02209709,0.02209709,0.02209709,0.02209709,0.02209709,0.02209709,0.02209709,0.02209709,0.02209709,0.02209709,0.02209709,0.02209709,0.02209709,0.02209709,0.02209709,0.02209709,0.02209709,0.02209709] general.normalize_tangent_distributions=True
srun python train.py experiment=general_fm seed=50 hydra.run.dir=/scratch-shared/$USER/outputs/runs/gtg/poincare/norm/poi_d512_c5_s50 general.manifold=poincare general.dim=512 general.curvature=5.0 general.std_x0=0.3 general.std_x1=0.3 general.mean_x0=[0.00000000,0.00000000,0.00000000,0.00000000,0.00000000,0.00000000,0.00000000,0.00000000,0.00000000,0.00000000,0.00000000,0.00000000,0.00000000,0.00000000,0.00000000,0.00000000,0.00000000,0.00000000,0.00000000,0.00000000,0.00000000,0.00000000,0.00000000,0.00000000,0.00000000,0.00000000,0.00000000,0.00000000,0.00000000,0.00000000,0.00000000,0.00000000,0.00000000,0.00000000,0.00000000,0.00000000,0.00000000,0.00000000,0.00000000,0.00000000,0.00000000,0.00000000,0.00000000,0.00000000,0.00000000,0.00000000,0.00000000,0.00000000,0.00000000,0.00000000,0.00000000,0.00000000,0.00000000,0.00000000,0.00000000,0.00000000,0.00000000,0.00000000,0.00000000,0.00000000,0.00000000,0.00000000,0.00000000,0.00000000,0.00000000,0.00000000,0.00000000,0.00000000,0.00000000,0.00000000,0.00000000,0.00000000,0.00000000,0.00000000,0.00000000,0.00000000,0.00000000,0.00000000,0.00000000,0.00000000,0.00000000,0.00000000,0.00000000,0.00000000,0.00000000,0.00000000,0.00000000,0.00000000,0.00000000,0.00000000,0.00000000,0.00000000,0.00000000,0.00000000,0.00000000,0.00000000,0.00000000,0.00000000,0.00000000,0.00000000,0.00000000,0.00000000,0.00000000,0.00000000,0.00000000,0.00000000,0.00000000,0.00000000,0.00000000,0.00000000,0.00000000,0.00000000,0.00000000,0.00000000,0.00000000,0.00000000,0.00000000,0.00000000,0.00000000,0.00000000,0.00000000,0.00000000,0.00000000,0.00000000,0.00000000,0.00000000,0.00000000,0.00000000,0.00000000,0.00000000,0.00000000,0.00000000,0.00000000,0.00000000,0.00000000,0.00000000,0.00000000,0.00000000,0.00000000,0.00000000,0.00000000,0.00000000,0.00000000,0.00000000,0.00000000,0.00000000,0.00000000,0.00000000,0.00000000,0.00000000,0.00000000,0.00000000,0.00000000,0.00000000,0.00000000,0.00000000,0.00000000,0.00000000,0.00000000,0.00000000,0.00000000,0.00000000,0.00000000,0.00000000,0.00000000,0.00000000,0.00000000,0.00000000,0.00000000,0.00000000,0.00000000,0.00000000,0.00000000,0.00000000,0.00000000,0.00000000,0.00000000,0.00000000,0.00000000,0.00000000,0.00000000,0.00000000,0.00000000,0.00000000,0.00000000,0.00000000,0.00000000,0.00000000,0.00000000,0.00000000,0.00000000,0.00000000,0.00000000,0.00000000,0.00000000,0.00000000,0.00000000,0.00000000,0.00000000,0.00000000,0.00000000,0.00000000,0.00000000,0.00000000,0.00000000,0.00000000,0.00000000,0.00000000,0.00000000,0.00000000,0.00000000,0.00000000,0.00000000,0.00000000,0.00000000,0.00000000,0.00000000,0.00000000,0.00000000,0.00000000,0.00000000,0.00000000,0.00000000,0.00000000,0.00000000,0.00000000,0.00000000,0.00000000,0.00000000,0.00000000,0.00000000,0.00000000,0.00000000,0.00000000,0.00000000,0.00000000,0.00000000,0.00000000,0.00000000,0.00000000,0.00000000,0.00000000,0.00000000,0.00000000,0.00000000,0.00000000,0.00000000,0.00000000,0.00000000,0.00000000,0.00000000,0.00000000,0.00000000,0.00000000,0.00000000,0.00000000,0.00000000,0.00000000,0.00000000,0.00000000,0.00000000,0.00000000,0.00000000,0.00000000,0.00000000,0.00000000,0.00000000,0.00000000,0.00000000,0.00000000,0.00000000,0.00000000,0.00000000,0.00000000,0.00000000,0.00000000,0.00000000,0.00000000,0.00000000,0.00000000,0.00000000,0.00000000,0.00000000,0.00000000,0.00000000,0.00000000,0.00000000,0.00000000,0.00000000,0.00000000,0.00000000,0.00000000,0.00000000,0.00000000,0.00000000,0.00000000,0.00000000,0.00000000,0.00000000,0.00000000,0.00000000,0.00000000,0.00000000,0.00000000,0.00000000,0.00000000,0.00000000,0.00000000,0.00000000,0.00000000,0.00000000,0.00000000,0.00000000,0.00000000,0.00000000,0.00000000,0.00000000,0.00000000,0.00000000,0.00000000,0.00000000,0.00000000,0.00000000,0.00000000,0.00000000,0.00000000,0.00000000,0.00000000,0.00000000,0.00000000,0.00000000,0.00000000,0.00000000,0.00000000,0.00000000,0.00000000,0.00000000,0.00000000,0.00000000,0.00000000,0.00000000,0.00000000,0.00000000,0.00000000,0.00000000,0.00000000,0.00000000,0.00000000,0.00000000,0.00000000,0.00000000,0.00000000,0.00000000,0.00000000,0.00000000,0.00000000,0.00000000,0.00000000,0.00000000,0.00000000,0.00000000,0.00000000,0.00000000,0.00000000,0.00000000,0.00000000,0.00000000,0.00000000,0.00000000,0.00000000,0.00000000,0.00000000,0.00000000,0.00000000,0.00000000,0.00000000,0.00000000,0.00000000,0.00000000,0.00000000,0.00000000,0.00000000,0.00000000,0.00000000,0.00000000,0.00000000,0.00000000,0.00000000,0.00000000,0.00000000,0.00000000,0.00000000,0.00000000,0.00000000,0.00000000,0.00000000,0.00000000,0.00000000,0.00000000,0.00000000,0.00000000,0.00000000,0.00000000,0.00000000,0.00000000,0.00000000,0.00000000,0.00000000,0.00000000,0.00000000,0.00000000,0.00000000,0.00000000,0.00000000,0.00000000,0.00000000,0.00000000,0.00000000,0.00000000,0.00000000,0.00000000,0.00000000,0.00000000,0.00000000,0.00000000,0.00000000,0.00000000,0.00000000,0.00000000,0.00000000,0.00000000,0.00000000,0.00000000,0.00000000,0.00000000,0.00000000,0.00000000,0.00000000,0.00000000,0.00000000,0.00000000,0.00000000,0.00000000,0.00000000,0.00000000,0.00000000,0.00000000,0.00000000,0.00000000,0.00000000,0.00000000,0.00000000,0.00000000,0.00000000,0.00000000,0.00000000,0.00000000,0.00000000,0.00000000,0.00000000,0.00000000,0.00000000,0.00000000,0.00000000,0.00000000,0.00000000,0.00000000,0.00000000,0.00000000,0.00000000,0.00000000,0.00000000,0.00000000,0.00000000,0.00000000,0.00000000,0.00000000,0.00000000,0.00000000,0.00000000,0.00000000,0.00000000,0.00000000,0.00000000,0.00000000,0.00000000,0.00000000,0.00000000,0.00000000,0.00000000,0.00000000,0.00000000,0.00000000,0.00000000,0.00000000,0.00000000,0.00000000,0.00000000,0.00000000,0.00000000,0.00000000,0.00000000,0.00000000,0.00000000,0.00000000,0.00000000,0.00000000,0.00000000,0.00000000,0.00000000,0.00000000,0.00000000] general.mean_x1=[0.02209709,0.02209709,0.02209709,0.02209709,0.02209709,0.02209709,0.02209709,0.02209709,0.02209709,0.02209709,0.02209709,0.02209709,0.02209709,0.02209709,0.02209709,0.02209709,0.02209709,0.02209709,0.02209709,0.02209709,0.02209709,0.02209709,0.02209709,0.02209709,0.02209709,0.02209709,0.02209709,0.02209709,0.02209709,0.02209709,0.02209709,0.02209709,0.02209709,0.02209709,0.02209709,0.02209709,0.02209709,0.02209709,0.02209709,0.02209709,0.02209709,0.02209709,0.02209709,0.02209709,0.02209709,0.02209709,0.02209709,0.02209709,0.02209709,0.02209709,0.02209709,0.02209709,0.02209709,0.02209709,0.02209709,0.02209709,0.02209709,0.02209709,0.02209709,0.02209709,0.02209709,0.02209709,0.02209709,0.02209709,0.02209709,0.02209709,0.02209709,0.02209709,0.02209709,0.02209709,0.02209709,0.02209709,0.02209709,0.02209709,0.02209709,0.02209709,0.02209709,0.02209709,0.02209709,0.02209709,0.02209709,0.02209709,0.02209709,0.02209709,0.02209709,0.02209709,0.02209709,0.02209709,0.02209709,0.02209709,0.02209709,0.02209709,0.02209709,0.02209709,0.02209709,0.02209709,0.02209709,0.02209709,0.02209709,0.02209709,0.02209709,0.02209709,0.02209709,0.02209709,0.02209709,0.02209709,0.02209709,0.02209709,0.02209709,0.02209709,0.02209709,0.02209709,0.02209709,0.02209709,0.02209709,0.02209709,0.02209709,0.02209709,0.02209709,0.02209709,0.02209709,0.02209709,0.02209709,0.02209709,0.02209709,0.02209709,0.02209709,0.02209709,0.02209709,0.02209709,0.02209709,0.02209709,0.02209709,0.02209709,0.02209709,0.02209709,0.02209709,0.02209709,0.02209709,0.02209709,0.02209709,0.02209709,0.02209709,0.02209709,0.02209709,0.02209709,0.02209709,0.02209709,0.02209709,0.02209709,0.02209709,0.02209709,0.02209709,0.02209709,0.02209709,0.02209709,0.02209709,0.02209709,0.02209709,0.02209709,0.02209709,0.02209709,0.02209709,0.02209709,0.02209709,0.02209709,0.02209709,0.02209709,0.02209709,0.02209709,0.02209709,0.02209709,0.02209709,0.02209709,0.02209709,0.02209709,0.02209709,0.02209709,0.02209709,0.02209709,0.02209709,0.02209709,0.02209709,0.02209709,0.02209709,0.02209709,0.02209709,0.02209709,0.02209709,0.02209709,0.02209709,0.02209709,0.02209709,0.02209709,0.02209709,0.02209709,0.02209709,0.02209709,0.02209709,0.02209709,0.02209709,0.02209709,0.02209709,0.02209709,0.02209709,0.02209709,0.02209709,0.02209709,0.02209709,0.02209709,0.02209709,0.02209709,0.02209709,0.02209709,0.02209709,0.02209709,0.02209709,0.02209709,0.02209709,0.02209709,0.02209709,0.02209709,0.02209709,0.02209709,0.02209709,0.02209709,0.02209709,0.02209709,0.02209709,0.02209709,0.02209709,0.02209709,0.02209709,0.02209709,0.02209709,0.02209709,0.02209709,0.02209709,0.02209709,0.02209709,0.02209709,0.02209709,0.02209709,0.02209709,0.02209709,0.02209709,0.02209709,0.02209709,0.02209709,0.02209709,0.02209709,0.02209709,0.02209709,0.02209709,0.02209709,0.02209709,0.02209709,0.02209709,0.02209709,0.02209709,0.02209709,0.02209709,0.02209709,0.02209709,0.02209709,0.02209709,0.02209709,0.02209709,0.02209709,0.02209709,0.02209709,0.02209709,0.02209709,0.02209709,0.02209709,0.02209709,0.02209709,0.02209709,0.02209709,0.02209709,0.02209709,0.02209709,0.02209709,0.02209709,0.02209709,0.02209709,0.02209709,0.02209709,0.02209709,0.02209709,0.02209709,0.02209709,0.02209709,0.02209709,0.02209709,0.02209709,0.02209709,0.02209709,0.02209709,0.02209709,0.02209709,0.02209709,0.02209709,0.02209709,0.02209709,0.02209709,0.02209709,0.02209709,0.02209709,0.02209709,0.02209709,0.02209709,0.02209709,0.02209709,0.02209709,0.02209709,0.02209709,0.02209709,0.02209709,0.02209709,0.02209709,0.02209709,0.02209709,0.02209709,0.02209709,0.02209709,0.02209709,0.02209709,0.02209709,0.02209709,0.02209709,0.02209709,0.02209709,0.02209709,0.02209709,0.02209709,0.02209709,0.02209709,0.02209709,0.02209709,0.02209709,0.02209709,0.02209709,0.02209709,0.02209709,0.02209709,0.02209709,0.02209709,0.02209709,0.02209709,0.02209709,0.02209709,0.02209709,0.02209709,0.02209709,0.02209709,0.02209709,0.02209709,0.02209709,0.02209709,0.02209709,0.02209709,0.02209709,0.02209709,0.02209709,0.02209709,0.02209709,0.02209709,0.02209709,0.02209709,0.02209709,0.02209709,0.02209709,0.02209709,0.02209709,0.02209709,0.02209709,0.02209709,0.02209709,0.02209709,0.02209709,0.02209709,0.02209709,0.02209709,0.02209709,0.02209709,0.02209709,0.02209709,0.02209709,0.02209709,0.02209709,0.02209709,0.02209709,0.02209709,0.02209709,0.02209709,0.02209709,0.02209709,0.02209709,0.02209709,0.02209709,0.02209709,0.02209709,0.02209709,0.02209709,0.02209709,0.02209709,0.02209709,0.02209709,0.02209709,0.02209709,0.02209709,0.02209709,0.02209709,0.02209709,0.02209709,0.02209709,0.02209709,0.02209709,0.02209709,0.02209709,0.02209709,0.02209709,0.02209709,0.02209709,0.02209709,0.02209709,0.02209709,0.02209709,0.02209709,0.02209709,0.02209709,0.02209709,0.02209709,0.02209709,0.02209709,0.02209709,0.02209709,0.02209709,0.02209709,0.02209709,0.02209709,0.02209709,0.02209709,0.02209709,0.02209709,0.02209709,0.02209709,0.02209709,0.02209709,0.02209709,0.02209709,0.02209709,0.02209709,0.02209709,0.02209709,0.02209709,0.02209709,0.02209709,0.02209709,0.02209709,0.02209709,0.02209709,0.02209709,0.02209709,0.02209709,0.02209709,0.02209709,0.02209709,0.02209709,0.02209709,0.02209709,0.02209709,0.02209709,0.02209709,0.02209709,0.02209709,0.02209709,0.02209709,0.02209709,0.02209709,0.02209709,0.02209709,0.02209709,0.02209709,0.02209709,0.02209709,0.02209709,0.02209709,0.02209709,0.02209709,0.02209709,0.02209709,0.02209709,0.02209709,0.02209709,0.02209709,0.02209709,0.02209709,0.02209709,0.02209709,0.02209709,0.02209709,0.02209709,0.02209709,0.02209709,0.02209709,0.02209709,0.02209709,0.02209709,0.02209709,0.02209709] general.normalize_tangent_distributions=True
srun python train.py experiment=general_fm seed=50 hydra.run.dir=/scratch-shared/$USER/outputs/runs/gtg/poincare/norm/poi_d512_c10_s50 general.manifold=poincare general.dim=512 general.curvature=10.0 general.std_x0=0.3 general.std_x1=0.3 general.mean_x0=[0.00000000,0.00000000,0.00000000,0.00000000,0.00000000,0.00000000,0.00000000,0.00000000,0.00000000,0.00000000,0.00000000,0.00000000,0.00000000,0.00000000,0.00000000,0.00000000,0.00000000,0.00000000,0.00000000,0.00000000,0.00000000,0.00000000,0.00000000,0.00000000,0.00000000,0.00000000,0.00000000,0.00000000,0.00000000,0.00000000,0.00000000,0.00000000,0.00000000,0.00000000,0.00000000,0.00000000,0.00000000,0.00000000,0.00000000,0.00000000,0.00000000,0.00000000,0.00000000,0.00000000,0.00000000,0.00000000,0.00000000,0.00000000,0.00000000,0.00000000,0.00000000,0.00000000,0.00000000,0.00000000,0.00000000,0.00000000,0.00000000,0.00000000,0.00000000,0.00000000,0.00000000,0.00000000,0.00000000,0.00000000,0.00000000,0.00000000,0.00000000,0.00000000,0.00000000,0.00000000,0.00000000,0.00000000,0.00000000,0.00000000,0.00000000,0.00000000,0.00000000,0.00000000,0.00000000,0.00000000,0.00000000,0.00000000,0.00000000,0.00000000,0.00000000,0.00000000,0.00000000,0.00000000,0.00000000,0.00000000,0.00000000,0.00000000,0.00000000,0.00000000,0.00000000,0.00000000,0.00000000,0.00000000,0.00000000,0.00000000,0.00000000,0.00000000,0.00000000,0.00000000,0.00000000,0.00000000,0.00000000,0.00000000,0.00000000,0.00000000,0.00000000,0.00000000,0.00000000,0.00000000,0.00000000,0.00000000,0.00000000,0.00000000,0.00000000,0.00000000,0.00000000,0.00000000,0.00000000,0.00000000,0.00000000,0.00000000,0.00000000,0.00000000,0.00000000,0.00000000,0.00000000,0.00000000,0.00000000,0.00000000,0.00000000,0.00000000,0.00000000,0.00000000,0.00000000,0.00000000,0.00000000,0.00000000,0.00000000,0.00000000,0.00000000,0.00000000,0.00000000,0.00000000,0.00000000,0.00000000,0.00000000,0.00000000,0.00000000,0.00000000,0.00000000,0.00000000,0.00000000,0.00000000,0.00000000,0.00000000,0.00000000,0.00000000,0.00000000,0.00000000,0.00000000,0.00000000,0.00000000,0.00000000,0.00000000,0.00000000,0.00000000,0.00000000,0.00000000,0.00000000,0.00000000,0.00000000,0.00000000,0.00000000,0.00000000,0.00000000,0.00000000,0.00000000,0.00000000,0.00000000,0.00000000,0.00000000,0.00000000,0.00000000,0.00000000,0.00000000,0.00000000,0.00000000,0.00000000,0.00000000,0.00000000,0.00000000,0.00000000,0.00000000,0.00000000,0.00000000,0.00000000,0.00000000,0.00000000,0.00000000,0.00000000,0.00000000,0.00000000,0.00000000,0.00000000,0.00000000,0.00000000,0.00000000,0.00000000,0.00000000,0.00000000,0.00000000,0.00000000,0.00000000,0.00000000,0.00000000,0.00000000,0.00000000,0.00000000,0.00000000,0.00000000,0.00000000,0.00000000,0.00000000,0.00000000,0.00000000,0.00000000,0.00000000,0.00000000,0.00000000,0.00000000,0.00000000,0.00000000,0.00000000,0.00000000,0.00000000,0.00000000,0.00000000,0.00000000,0.00000000,0.00000000,0.00000000,0.00000000,0.00000000,0.00000000,0.00000000,0.00000000,0.00000000,0.00000000,0.00000000,0.00000000,0.00000000,0.00000000,0.00000000,0.00000000,0.00000000,0.00000000,0.00000000,0.00000000,0.00000000,0.00000000,0.00000000,0.00000000,0.00000000,0.00000000,0.00000000,0.00000000,0.00000000,0.00000000,0.00000000,0.00000000,0.00000000,0.00000000,0.00000000,0.00000000,0.00000000,0.00000000,0.00000000,0.00000000,0.00000000,0.00000000,0.00000000,0.00000000,0.00000000,0.00000000,0.00000000,0.00000000,0.00000000,0.00000000,0.00000000,0.00000000,0.00000000,0.00000000,0.00000000,0.00000000,0.00000000,0.00000000,0.00000000,0.00000000,0.00000000,0.00000000,0.00000000,0.00000000,0.00000000,0.00000000,0.00000000,0.00000000,0.00000000,0.00000000,0.00000000,0.00000000,0.00000000,0.00000000,0.00000000,0.00000000,0.00000000,0.00000000,0.00000000,0.00000000,0.00000000,0.00000000,0.00000000,0.00000000,0.00000000,0.00000000,0.00000000,0.00000000,0.00000000,0.00000000,0.00000000,0.00000000,0.00000000,0.00000000,0.00000000,0.00000000,0.00000000,0.00000000,0.00000000,0.00000000,0.00000000,0.00000000,0.00000000,0.00000000,0.00000000,0.00000000,0.00000000,0.00000000,0.00000000,0.00000000,0.00000000,0.00000000,0.00000000,0.00000000,0.00000000,0.00000000,0.00000000,0.00000000,0.00000000,0.00000000,0.00000000,0.00000000,0.00000000,0.00000000,0.00000000,0.00000000,0.00000000,0.00000000,0.00000000,0.00000000,0.00000000,0.00000000,0.00000000,0.00000000,0.00000000,0.00000000,0.00000000,0.00000000,0.00000000,0.00000000,0.00000000,0.00000000,0.00000000,0.00000000,0.00000000,0.00000000,0.00000000,0.00000000,0.00000000,0.00000000,0.00000000,0.00000000,0.00000000,0.00000000,0.00000000,0.00000000,0.00000000,0.00000000,0.00000000,0.00000000,0.00000000,0.00000000,0.00000000,0.00000000,0.00000000,0.00000000,0.00000000,0.00000000,0.00000000,0.00000000,0.00000000,0.00000000,0.00000000,0.00000000,0.00000000,0.00000000,0.00000000,0.00000000,0.00000000,0.00000000,0.00000000,0.00000000,0.00000000,0.00000000,0.00000000,0.00000000,0.00000000,0.00000000,0.00000000,0.00000000,0.00000000,0.00000000,0.00000000,0.00000000,0.00000000,0.00000000,0.00000000,0.00000000,0.00000000,0.00000000,0.00000000,0.00000000,0.00000000,0.00000000,0.00000000,0.00000000,0.00000000,0.00000000,0.00000000,0.00000000,0.00000000,0.00000000,0.00000000,0.00000000,0.00000000,0.00000000,0.00000000,0.00000000,0.00000000,0.00000000,0.00000000,0.00000000,0.00000000,0.00000000,0.00000000,0.00000000,0.00000000,0.00000000,0.00000000,0.00000000,0.00000000,0.00000000,0.00000000,0.00000000,0.00000000,0.00000000,0.00000000,0.00000000,0.00000000,0.00000000,0.00000000,0.00000000,0.00000000,0.00000000,0.00000000,0.00000000,0.00000000,0.00000000,0.00000000,0.00000000,0.00000000,0.00000000,0.00000000,0.00000000,0.00000000,0.00000000,0.00000000,0.00000000,0.00000000,0.00000000,0.00000000,0.00000000,0.00000000,0.00000000,0.00000000,0.00000000,0.00000000,0.00000000,0.00000000] general.mean_x1=[0.02209709,0.02209709,0.02209709,0.02209709,0.02209709,0.02209709,0.02209709,0.02209709,0.02209709,0.02209709,0.02209709,0.02209709,0.02209709,0.02209709,0.02209709,0.02209709,0.02209709,0.02209709,0.02209709,0.02209709,0.02209709,0.02209709,0.02209709,0.02209709,0.02209709,0.02209709,0.02209709,0.02209709,0.02209709,0.02209709,0.02209709,0.02209709,0.02209709,0.02209709,0.02209709,0.02209709,0.02209709,0.02209709,0.02209709,0.02209709,0.02209709,0.02209709,0.02209709,0.02209709,0.02209709,0.02209709,0.02209709,0.02209709,0.02209709,0.02209709,0.02209709,0.02209709,0.02209709,0.02209709,0.02209709,0.02209709,0.02209709,0.02209709,0.02209709,0.02209709,0.02209709,0.02209709,0.02209709,0.02209709,0.02209709,0.02209709,0.02209709,0.02209709,0.02209709,0.02209709,0.02209709,0.02209709,0.02209709,0.02209709,0.02209709,0.02209709,0.02209709,0.02209709,0.02209709,0.02209709,0.02209709,0.02209709,0.02209709,0.02209709,0.02209709,0.02209709,0.02209709,0.02209709,0.02209709,0.02209709,0.02209709,0.02209709,0.02209709,0.02209709,0.02209709,0.02209709,0.02209709,0.02209709,0.02209709,0.02209709,0.02209709,0.02209709,0.02209709,0.02209709,0.02209709,0.02209709,0.02209709,0.02209709,0.02209709,0.02209709,0.02209709,0.02209709,0.02209709,0.02209709,0.02209709,0.02209709,0.02209709,0.02209709,0.02209709,0.02209709,0.02209709,0.02209709,0.02209709,0.02209709,0.02209709,0.02209709,0.02209709,0.02209709,0.02209709,0.02209709,0.02209709,0.02209709,0.02209709,0.02209709,0.02209709,0.02209709,0.02209709,0.02209709,0.02209709,0.02209709,0.02209709,0.02209709,0.02209709,0.02209709,0.02209709,0.02209709,0.02209709,0.02209709,0.02209709,0.02209709,0.02209709,0.02209709,0.02209709,0.02209709,0.02209709,0.02209709,0.02209709,0.02209709,0.02209709,0.02209709,0.02209709,0.02209709,0.02209709,0.02209709,0.02209709,0.02209709,0.02209709,0.02209709,0.02209709,0.02209709,0.02209709,0.02209709,0.02209709,0.02209709,0.02209709,0.02209709,0.02209709,0.02209709,0.02209709,0.02209709,0.02209709,0.02209709,0.02209709,0.02209709,0.02209709,0.02209709,0.02209709,0.02209709,0.02209709,0.02209709,0.02209709,0.02209709,0.02209709,0.02209709,0.02209709,0.02209709,0.02209709,0.02209709,0.02209709,0.02209709,0.02209709,0.02209709,0.02209709,0.02209709,0.02209709,0.02209709,0.02209709,0.02209709,0.02209709,0.02209709,0.02209709,0.02209709,0.02209709,0.02209709,0.02209709,0.02209709,0.02209709,0.02209709,0.02209709,0.02209709,0.02209709,0.02209709,0.02209709,0.02209709,0.02209709,0.02209709,0.02209709,0.02209709,0.02209709,0.02209709,0.02209709,0.02209709,0.02209709,0.02209709,0.02209709,0.02209709,0.02209709,0.02209709,0.02209709,0.02209709,0.02209709,0.02209709,0.02209709,0.02209709,0.02209709,0.02209709,0.02209709,0.02209709,0.02209709,0.02209709,0.02209709,0.02209709,0.02209709,0.02209709,0.02209709,0.02209709,0.02209709,0.02209709,0.02209709,0.02209709,0.02209709,0.02209709,0.02209709,0.02209709,0.02209709,0.02209709,0.02209709,0.02209709,0.02209709,0.02209709,0.02209709,0.02209709,0.02209709,0.02209709,0.02209709,0.02209709,0.02209709,0.02209709,0.02209709,0.02209709,0.02209709,0.02209709,0.02209709,0.02209709,0.02209709,0.02209709,0.02209709,0.02209709,0.02209709,0.02209709,0.02209709,0.02209709,0.02209709,0.02209709,0.02209709,0.02209709,0.02209709,0.02209709,0.02209709,0.02209709,0.02209709,0.02209709,0.02209709,0.02209709,0.02209709,0.02209709,0.02209709,0.02209709,0.02209709,0.02209709,0.02209709,0.02209709,0.02209709,0.02209709,0.02209709,0.02209709,0.02209709,0.02209709,0.02209709,0.02209709,0.02209709,0.02209709,0.02209709,0.02209709,0.02209709,0.02209709,0.02209709,0.02209709,0.02209709,0.02209709,0.02209709,0.02209709,0.02209709,0.02209709,0.02209709,0.02209709,0.02209709,0.02209709,0.02209709,0.02209709,0.02209709,0.02209709,0.02209709,0.02209709,0.02209709,0.02209709,0.02209709,0.02209709,0.02209709,0.02209709,0.02209709,0.02209709,0.02209709,0.02209709,0.02209709,0.02209709,0.02209709,0.02209709,0.02209709,0.02209709,0.02209709,0.02209709,0.02209709,0.02209709,0.02209709,0.02209709,0.02209709,0.02209709,0.02209709,0.02209709,0.02209709,0.02209709,0.02209709,0.02209709,0.02209709,0.02209709,0.02209709,0.02209709,0.02209709,0.02209709,0.02209709,0.02209709,0.02209709,0.02209709,0.02209709,0.02209709,0.02209709,0.02209709,0.02209709,0.02209709,0.02209709,0.02209709,0.02209709,0.02209709,0.02209709,0.02209709,0.02209709,0.02209709,0.02209709,0.02209709,0.02209709,0.02209709,0.02209709,0.02209709,0.02209709,0.02209709,0.02209709,0.02209709,0.02209709,0.02209709,0.02209709,0.02209709,0.02209709,0.02209709,0.02209709,0.02209709,0.02209709,0.02209709,0.02209709,0.02209709,0.02209709,0.02209709,0.02209709,0.02209709,0.02209709,0.02209709,0.02209709,0.02209709,0.02209709,0.02209709,0.02209709,0.02209709,0.02209709,0.02209709,0.02209709,0.02209709,0.02209709,0.02209709,0.02209709,0.02209709,0.02209709,0.02209709,0.02209709,0.02209709,0.02209709,0.02209709,0.02209709,0.02209709,0.02209709,0.02209709,0.02209709,0.02209709,0.02209709,0.02209709,0.02209709,0.02209709,0.02209709,0.02209709,0.02209709,0.02209709,0.02209709,0.02209709,0.02209709,0.02209709,0.02209709,0.02209709,0.02209709,0.02209709,0.02209709,0.02209709,0.02209709,0.02209709,0.02209709,0.02209709,0.02209709,0.02209709,0.02209709,0.02209709,0.02209709,0.02209709,0.02209709,0.02209709,0.02209709,0.02209709,0.02209709,0.02209709,0.02209709,0.02209709,0.02209709,0.02209709,0.02209709,0.02209709,0.02209709,0.02209709,0.02209709,0.02209709,0.02209709,0.02209709,0.02209709,0.02209709,0.02209709,0.02209709,0.02209709,0.02209709,0.02209709,0.02209709,0.02209709,0.02209709,0.02209709,0.02209709,0.02209709,0.02209709] general.normalize_tangent_distributions=True
