,train/loss,train/loss_step,lr-AdamW,train/loss_epoch,nfe,integ_error,val/rfm_loss,val/rfm_loss_epoch,val/loss,val/loss_epoch,val/loss_best,test/loss,test_vec/rfm_loss,test_vec/alignment,test_vec/finite_fraction,test_vec/norm_mean,test_vec/norm_max,test_vec/norm_std,test_vec/norm_p95,test_vec/tangency_violation_abs,test_vec/tangency_violation_rel,test_sample/sinkhorn_knopp,test_sample/tangent_sinkhorn_knopp,test_sample/tangent_to_geodesic_sinkhorn_ratio,test_sample/epsilon_coverage,test_sample/epsilon_precision,test_sample/frechet_variance_pred,test_sample/frechet_variance_target,test_sample/frechet_variance_ratio,test_sample/dispersion_predicted,test_sample/dispersion_target,test_sample/dispersion_ratio,test_sample/volume_scaling_mean_pred,test_sample/volume_scaling_mean_target,test_sample/volume_scaling_variance_pred,test_sample/volume_scaling_variance_target,test_sample/volume_scaling_gap_target_minus_pred,test_sample/volume_scaling_mean_start,test_sample/volume_scaling_variance_start,test_sample/volume_scaling_gap_start_target,test_sample/finite_fraction,test_sample/geodesic_dist,manifold,curvature,dim,x0_dist,x1_dist,n_samples,std_x0,std_x1,mean_x0,mean_x1,radius_x1,weights,origin,normalize_tangent_distributions
2026.05.21__162345,0.2252349853515625,0.21771065890789032,9.852721996139735e-05,0.2252349853515625,65.5,1.5447536725332611e-06,0.22989360988140106,0.22989360988140106,4.073792457580566,4.073792457580566,4.073792457580566,4.01889181137085,0.6879029870033264,0.0,1.0,0.7369630336761475,1.5688575506210327,0.38026440143585205,1.4296501874923706,1.0000001111620804e-06,2.048758005912532e-06,0.27941983938217163,0.019021213054656982,0.06807395070791245,0.46433332562446594,0.45533332228660583,1.0690619945526123,1.0374377965927124,1.0304830074310303,1.2364740371704102,1.2231111526489258,1.01092529296875,0.8071242570877075,0.8132384419441223,0.01909915916621685,0.01646130159497261,0.006114184856414795,0.9700312614440918,0.0008761702920310199,-0.15679281949996948,1.0,1.2405457496643066,sphere,1,3,gaussian,gaussian-ring,60000,0.3,0.3,"[0.0, 0.0, 0.0]","[0.8, 0.0, 0.0]",1,,,False
2026.05.21__162350,0.22544346749782562,0.2352716028690338,9.852721996139735e-05,0.22544346749782562,58.5,2.5480985641479492e-06,0.22967232763767242,0.22967232763767242,4.037382125854492,4.037382125854492,4.037382125854492,4.041802406311035,0.696556806564331,0.0,1.0,0.7445952296257019,1.6255919933319092,0.3764885365962982,1.4276117086410522,1.0000001111620804e-06,2.136907141903066e-06,0.2927720248699188,0.020269624888896942,0.0692334771156311,0.46916666626930237,0.4488333463668823,1.0584266185760498,1.0137182474136353,1.0441033840179443,1.2302457094192505,1.211089015007019,1.0158177614212036,0.8063532114028931,0.8147571086883545,0.018847143277525902,0.016441434621810913,0.008403897285461426,0.9702051877975464,0.0008509794715791941,-0.1554480791091919,1.0,1.220869779586792,sphere,1,3,gaussian,gaussian-ring,60000,0.3,0.3,"[0.0, 0.0, 0.0]","[0.8, 0.0, 0.0]",1,,,False
2026.05.21__162403,2.6190414428710938,2.2528576850891113,9.981419862015173e-05,2.6190414428710938,44.0,0.0,,,,,,2.1770823001861572,5.8974080085754395,0.0,1.0,1.9692424535751343,19.301921844482422,1.412169098854065,4.503355979919434,1.0000001111620804e-06,7.702766993133991e-07,0.4342016875743866,0.01308087445795536,0.030126260593533516,0.4881666600704193,0.46783334016799927,4.913447856903076,5.015000343322754,0.9797502160072327,3.2200756072998047,3.2719085216522217,0.9841580986976624,2.275153398513794,2.3241190910339355,1.1054531335830688,1.2429293394088745,0.0489656925201416,1.0305205583572388,0.0009288997389376163,1.2935985326766968,1.0,3.2208476066589355,poincare,1,2,gaussian,gaussian-ring,60000,0.3,0.3,"[0.0, 0.0, 0.0]","[0.8, 0.0, 0.0]",1,,,False
2026.05.21__162405,2.6755237579345703,2.574612617492676,9.99248877633363e-05,2.6755237579345703,44.0,0.0,,,,,,2.2235360145568848,5.767218112945557,0.0,1.0,1.9400198459625244,19.354724884033203,1.4083657264709473,4.4261016845703125,1.0000001111620804e-06,7.817246796548716e-07,0.4449405372142792,0.016444578766822815,0.036959048360586166,0.46166667342185974,0.4481666684150696,5.0580830574035645,4.946653842926025,1.0225261449813843,3.255373477935791,3.243072509765625,1.0037928819656372,2.3555173873901367,2.300525426864624,1.4363911151885986,1.1903883218765259,-0.0549919568002224,1.03084135055542,0.0010012990096583962,1.269684076309204,1.0,3.2470905780792236,poincare,1,2,gaussian,gaussian-ring,60000,0.3,0.3,"[0.0, 0.0, 0.0]","[0.8, 0.0, 0.0]",1,,,False
2026.05.21__162440,0.18173785507678986,0.17528551816940308,9.730680903885514e-05,0.18173785507678986,38.0,0.0,0.18256516754627228,0.18256516754627228,3.653714179992676,3.653714179992676,3.653714179992676,3.6449697017669678,0.7745727300643921,0.0,1.0,0.7849234938621521,1.8938348293304443,0.3976520895957947,1.4836560487747192,0.0,0.0,0.019952189177274704,0.019952189177274704,1.0,0.4625000059604645,0.4519999921321869,0.5836052894592285,0.5539127588272095,1.053605079650879,1.3774112462997437,1.3466870784759521,1.0228146314620972,1.0,1.0,0.0,0.0,0.0,1.0,0.0,0.0,1.0,1.3521003723144531,euclidean,0,2,gaussian,gaussian-ring,60000,0.3,0.3,"[0.0, 0.0, 0.0]","[0.8, 0.0, 0.0]",1,,,False
2026.05.21__162441,0.18644104897975922,0.19056761264801025,9.833202057052404e-05,0.18644104897975922,38.0,0.0,0.19048118591308594,0.19048118591308594,3.769426107406616,3.769426107406616,3.769426107406616,3.752384662628174,0.7610948085784912,0.0,1.0,0.7766667604446411,1.8064895868301392,0.396888792514801,1.4829601049423218,0.0,0.0,0.04068533331155777,0.04068533331155777,1.0,0.4361666738986969,0.42366665601730347,0.6223233342170715,0.5492957234382629,1.1329476833343506,1.4182934761047363,1.341262936592102,1.0574313402175903,1.0,1.0,0.0,0.0,0.0,1.0,0.0,0.0,1.0,1.3781777620315552,euclidean,0,2,gaussian,gaussian-ring,60000,0.3,0.3,"[0.0, 0.0, 0.0]","[0.8, 0.0, 0.0]",1,,,False
2026.05.21__162443,0.17686106264591217,0.1610792875289917,9.704670083010569e-05,0.17686106264591217,67.5,0.0,0.17763787508010864,0.17763787508010864,3.6792051792144775,3.6792051792144775,3.6792051792144775,3.705634355545044,0.8268985748291016,0.0,1.0,0.8262405395507812,1.90171480178833,0.3792074918746948,1.4932621717453003,0.0,0.0,0.015279065817594528,0.015279065817594528,1.0,0.4611666798591614,0.4533333480358124,0.6109318137168884,0.5463149547576904,1.118277668952942,1.4134684801101685,1.3372994661331177,1.0569572448730469,1.0,1.0,0.0,0.0,0.0,1.0,0.0,0.0,1.0,1.374326229095459,euclidean,0,2,gaussian,gaussian-ring,60000,0.3,0.3,"[0.0, 0.0, 0.0]","[0.8, 0.0, 0.0]",1,,,False
2026.05.21__162515,2175.828857421875,2261.962890625,9.981419862015173e-05,2175.828857421875,173.0,0.0,,,,,,-2.18402361869812,6324.06689453125,0.0,1.0,33.203033447265625,560.6416015625,72.17748260498047,184.81564331054688,1.0000001111620804e-06,1.05898607216659e-06,0.728253960609436,0.05941564962267876,0.08158644288778305,0.3449999988079071,0.3061666488647461,35.88591766357422,37.94533920288086,0.9457266330718994,10.574814796447754,10.92226791381836,0.9681885838508606,35.40815734863281,40.160003662109375,53.53017807006836,2.9520286261686124e-05,4.7518463134765625,1.0305205583572388,0.0009288997389376163,39.12948226928711,1.0,10.693048477172852,poincare,1,2,gaussian,gaussian-ring,60000,0.3,0.3,"[0.0, 0.0, 0.0]","[0.8, 0.0, 0.0]",4,,,False
2026.05.21__162538,2135.99169921875,2059.91259765625,9.981419862015173e-05,2135.99169921875,165.5,0.0,,,,,,-2.1883084774017334,6242.1748046875,0.0,1.0,32.89501190185547,569.8719482421875,71.6742935180664,183.27919006347656,1.0000001111620804e-06,1.0647368071659002e-06,0.4370232820510864,0.06165097653865814,0.14107023179531097,0.33816665410995483,0.30283331871032715,35.77465057373047,37.96723556518555,0.9422505497932434,10.553961753845215,10.92578125,0.9659686088562012,35.2354736328125,40.158451080322266,53.48317337036133,0.01564018428325653,4.922977447509766,1.0305960178375244,0.0009604442166164517,39.12785339355469,1.0,10.73843765258789,poincare,1,2,gaussian,gaussian-ring,60000,0.3,0.3,"[0.0, 0.0, 0.0]","[0.8, 0.0, 0.0]",4,,,False
2026.05.21__162542,0.3516179621219635,0.33906468749046326,9.969891107175499e-05,0.3516179621219635,91.5,8.225440979003906e-06,,,,,,3.0172975063323975,4.821811676025391,0.0,1.0,2.1791164875030518,2.6956450939178467,0.26935553550720215,2.4936087131500244,1.0003254828916397e-06,4.775038746629434e-07,0.22794142365455627,0.02756907232105732,0.12094804644584656,0.7471666932106018,0.746999979019165,0.3270757496356964,0.30505502223968506,1.0721861124038696,0.6969150304794312,0.680632472038269,1.0239226818084717,0.25912055373191833,0.25299376249313354,0.01970117725431919,0.01690242439508438,-0.006126790773123503,0.9702051877975464,0.0008509794715791941,-0.7172113656997681,1.0,0.6898261904716492,poincare,1,2,gaussian,gaussian-ring,60000,0.3,0.3,"[0.0, 0.0, 0.0]","[0.8, 0.0, 0.0]",4,,,False
2026.05.21__162545,0.34470149874687195,0.30505695939064026,9.938564471667632e-05,0.34470149874687195,91.5,9.079773917619605e-06,0.3423164188861847,0.3423164188861847,3.016166925430298,3.016166925430298,3.016166925430298,2.9809517860412598,4.833141803741455,0.0,1.0,2.184096097946167,2.6418182849884033,0.24936597049236298,2.483696699142456,1.000518523142091e-06,4.728192095626582e-07,0.21773946285247803,0.024255607277154922,0.1113973930478096,0.7543333172798157,0.750166654586792,0.32012230157852173,0.29319849610328674,1.0918278694152832,0.6909469366073608,0.6665406227111816,1.0366164445877075,0.25715556740760803,0.2497042417526245,0.01990324631333351,0.016648249700665474,-0.0074513256549835205,0.9700312614440918,0.0008761702920310199,-0.7203269600868225,1.0,0.675386369228363,sphere,1,3,gaussian,gaussian-ring,60000,0.3,0.3,"[0.0, 0.0, 0.0]","[0.8, 0.0, 0.0]",4,,,False
2026.05.21__162554,0.3439897894859314,0.36283499002456665,9.938564471667632e-05,0.3439897894859314,93.5,8.483727469865698e-06,0.3454805016517639,0.3454805016517639,3.017183303833008,3.017183303833008,3.017183303833008,3.033728837966919,4.847044944763184,0.0,1.0,2.1878721714019775,2.661954641342163,0.2444663643836975,2.4974567890167236,1.0001831469708122e-06,4.691865740369394e-07,0.22519439458847046,0.024453099817037582,0.1085866317152977,0.749666690826416,0.7549999952316284,0.3096241354942322,0.3021966814994812,1.0245782136917114,0.6814134120941162,0.6770960092544556,1.0063763856887817,0.25582265853881836,0.2529163658618927,0.019083334133028984,0.01692989468574524,-0.002906292676925659,0.9705438017845154,0.0008338046609424055,-0.7176274657249451,1.0,0.6846299767494202,sphere,1,3,gaussian,gaussian-ring,60000,0.3,0.3,"[0.0, 0.0, 0.0]","[0.8, 0.0, 0.0]",4,,,False
2026.05.21__162609,0.6653696894645691,0.646003007888794,9.981419862015173e-05,0.6653696894645691,94.0,0.0,,,,,,5.220369338989258,13.896991729736328,0.0,1.0,3.6432440280914307,4.523460388183594,0.7888069748878479,4.462156772613525,0.0,0.0,0.067569799721241,0.067569799721241,1.0,0.4300000071525574,0.3968333303928375,8.116460800170898,8.080940246582031,1.004395604133606,5.148931980133057,5.129781723022461,1.0037331581115723,1.0,1.0,0.0,0.0,0.0,1.0,0.0,0.0,1.0,5.0887532234191895,euclidean,0,2,gaussian,gaussian-ring,60000,0.3,0.3,"[0.0, 0.0, 0.0]","[0.8, 0.0, 0.0]",4,,,False
2026.05.21__162618,0.657849133014679,0.694937527179718,9.99248877633363e-05,0.657849133014679,98.5,0.0,,,,,,5.26605224609375,13.913050651550293,0.0,1.0,3.643425464630127,4.495962619781494,0.7975423336029053,4.467623233795166,0.0,0.0,0.07253293693065643,0.07253293693065643,1.0,0.42800000309944153,0.38983333110809326,8.16179370880127,8.064322471618652,1.0120867490768433,5.1622395515441895,5.1240034103393555,1.0074621438980103,1.0,1.0,0.0,0.0,0.0,1.0,0.0,0.0,1.0,5.124547481536865,euclidean,0,2,gaussian,gaussian-ring,60000,0.3,0.3,"[0.0, 0.0, 0.0]","[0.8, 0.0, 0.0]",4,,,False
2026.05.21__162627,0.6642369031906128,0.6416723728179932,9.99248877633363e-05,0.6642369031906128,96.0,0.0,,,,,,5.281816482543945,13.864047050476074,0.0,1.0,3.6366500854492188,4.5945353507995605,0.7975613474845886,4.470862865447998,0.0,0.0,0.0691620260477066,0.0691620260477066,1.0,0.4193333387374878,0.3908333480358124,8.156685829162598,8.04409122467041,1.013997197151184,5.161815166473389,5.118266582489014,1.0085084438323975,1.0,1.0,0.0,0.0,0.0,1.0,0.0,0.0,1.0,5.123055458068848,euclidean,0,2,gaussian,gaussian-ring,60000,0.3,0.3,"[0.0, 0.0, 0.0]","[0.8, 0.0, 0.0]",4,,,False
2026.05.21__162656,2175.976318359375,2261.95166015625,9.981419862015173e-05,2175.976318359375,186.5,0.0,,,,,,-2.184025287628174,6324.2705078125,0.0,1.0,33.20347213745117,560.639404296875,72.17868041992188,184.81822204589844,1.0000001111620804e-06,1.0589923249426647e-06,0.7286112308502197,0.05941107124090195,0.08154015243053436,0.34416666626930237,0.30550000071525574,35.886207580566406,37.94538116455078,0.9457332491874695,10.574858665466309,10.922391891479492,0.9681816697120667,35.40852355957031,40.160240173339844,53.52471923828125,8.138555074310716e-08,4.751716613769531,1.0305205583572388,0.0009288997389376163,39.12971878051758,1.0,10.693231582641602,poincare,1,2,gaussian,gaussian-ring,60000,0.3,0.3,"[0.0, 0.0, 0.0]","[0.8, 0.0, 0.0]",8,,,False
2026.05.21__162701,0.22384077310562134,0.21753787994384766,9.938564471667632e-05,0.22384077310562134,112.0,9.472171768720727e-06,0.21757188439369202,0.21757188439369202,1.810375452041626,1.810375452041626,1.8103753328323364,1.8612947463989258,5.664280414581299,0.0,1.0,2.3699569702148438,2.8999807834625244,0.21617120504379272,2.6186397075653076,1.0008548088080715e-06,4.310052474920667e-07,0.16104736924171448,0.02899870276451111,0.1800631880760193,0.8926666378974915,0.9068333506584167,0.09212805330753326,0.09243513643741608,0.9966778755187988,0.3734952509403229,0.3637641668319702,1.0267510414123535,0.2073688954114914,0.20327766239643097,0.007140677887946367,0.006352569442242384,-0.004091233015060425,0.9702051877975464,0.0008509794715791941,-0.7669274806976318,1.0,0.37076327204704285,sphere,1,3,gaussian,gaussian-ring,60000,0.3,0.3,"[0.0, 0.0, 0.0]","[0.8, 0.0, 0.0]",8,,,False
2026.05.21__162708,1.2777719497680664,1.3406023979187012,9.981419862015173e-05,1.2777719497680664,124.0,0.0,,,,,,5.893513202667236,59.399532318115234,0.0,1.0,7.625092506408691,8.5709867477417,1.1200714111328125,8.449706077575684,0.0,0.0,0.08310364186763763,0.08310364186763763,1.0,0.421999990940094,0.40016666054725647,32.204097747802734,32.11655807495117,1.0027257204055786,10.233298301696777,10.213377952575684,1.0019503831863403,1.0,1.0,0.0,0.0,0.0,1.0,0.0,0.0,1.0,10.127692222595215,euclidean,0,2,gaussian,gaussian-ring,60000,0.3,0.3,"[0.0, 0.0, 0.0]","[0.8, 0.0, 0.0]",8,,,False
2026.05.21__162711,1.2531601190567017,1.2827210426330566,9.99248877633363e-05,1.2531601190567017,124.5,0.0,,,,,,5.950943470001221,59.3629150390625,0.0,1.0,7.619143009185791,8.544500350952148,1.140994668006897,8.471254348754883,0.0,0.0,0.09255123138427734,0.09255123138427734,1.0,0.4325000047683716,0.4036666750907898,32.26858901977539,32.08030319213867,1.0058691501617432,10.24294376373291,10.206698417663574,1.0035511255264282,1.0,1.0,0.0,0.0,0.0,1.0,0.0,0.0,1.0,10.190451622009277,euclidean,0,2,gaussian,gaussian-ring,60000,0.3,0.3,"[0.0, 0.0, 0.0]","[0.8, 0.0, 0.0]",8,,,False
2026.05.21__162712,2136.36767578125,2059.800048828125,9.981419862015173e-05,2136.36767578125,180.0,0.0,,,,,,-2.188343048095703,6242.39794921875,0.0,1.0,32.895503997802734,569.8765258789062,71.67560577392578,183.28244018554688,1.0000001111620804e-06,1.0647387398421415e-06,0.43585169315338135,0.06167818233370781,0.14151185750961304,0.3384999930858612,0.30300000309944153,35.7750244140625,37.968021392822266,0.9422409534454346,10.553999900817871,10.926015853881836,0.9659514427185059,35.23618698120117,40.16023635864258,53.47846984863281,7.78402196033312e-08,4.924049377441406,1.0305960178375244,0.0009604442166164517,39.129638671875,1.0,10.73851203918457,poincare,1,2,gaussian,gaussian-ring,60000,0.3,0.3,"[0.0, 0.0, 0.0]","[0.8, 0.0, 0.0]",8,,,False
2026.05.21__162720,1.2772490978240967,1.165989875793457,9.99248877633363e-05,1.2772490978240967,124.5,0.0,,,,,,5.960514545440674,59.47917556762695,0.0,1.0,7.634123802185059,8.681113243103027,1.0927318334579468,8.463675498962402,0.0,0.0,0.08707726746797562,0.08707726746797562,1.0,0.44449999928474426,0.41466665267944336,32.269893646240234,32.037330627441406,1.0072591304779053,10.24386215209961,10.200725555419922,1.0042288303375244,1.0,1.0,0.0,0.0,0.0,1.0,0.0,0.0,1.0,10.183192253112793,euclidean,0,2,gaussian,gaussian-ring,60000,0.3,0.3,"[0.0, 0.0, 0.0]","[0.8, 0.0, 0.0]",8,,,False
2026.05.21__162721,0.2232533097267151,0.2452777624130249,9.925681661115959e-05,0.2232533097267151,112.5,8.588035598222632e-06,0.22429510951042175,0.22429510951042175,1.8110631704330444,1.8110631704330444,1.8110631704330444,1.788830280303955,5.671471118927002,0.0,1.0,2.3721296787261963,2.875105381011963,0.2086843103170395,2.620582342147827,1.0014030067395652e-06,4.305385061798006e-07,0.16070014238357544,0.0284025389701128,0.17674247920513153,0.8920000195503235,0.9096666574478149,0.09154309332370758,0.0910416841506958,1.005507469177246,0.37086009979248047,0.3613746464252472,1.0262483358383179,0.20654736459255219,0.20132963359355927,0.007129722740501165,0.006245414726436138,-0.00521773099899292,0.9700312614440918,0.0008761702920310199,-0.7687015533447266,1.0,0.364647775888443,sphere,1,3,gaussian,gaussian-ring,60000,0.3,0.3,"[0.0, 0.0, 0.0]","[0.8, 0.0, 0.0]",8,,,False
2026.05.21__162805,0.0953257754445076,0.094696044921875,9.812489588512108e-05,0.0953257754445076,38.0,0.0,0.10209178924560547,0.10209178924560547,5.1311869621276855,5.1311869621276855,5.1311869621276855,5.125040531158447,0.6694353222846985,0.0,1.0,0.741934597492218,1.858710765838623,0.3442816436290741,1.411473035812378,0.0,0.0,0.05869920179247856,0.05869920179247856,1.0,0.4814999997615814,0.4645000100135803,0.41040247678756714,0.35903629660606384,1.1430667638778687,1.4571906328201294,1.3717093467712402,1.0623173713684082,1.0,1.0,0.0,0.0,0.0,1.0,0.0,0.0,1.0,1.4195588827133179,euclidean,0,3,gaussian,gaussian-ring,60000,0.3,0.3,"[0.0, 0.0, 0.0]","[0.8, 0.0, 0.0]",1,,,False
2026.05.21__162810,0.09498167783021927,0.09028393030166626,9.852721996139735e-05,0.09498167783021927,49.5,0.0,0.10096028447151184,0.10096028447151184,5.127144813537598,5.127144813537598,5.127144813537598,5.124359607696533,0.6574794054031372,0.0,1.0,0.7349084615707397,1.8095325231552124,0.3423071801662445,1.3978792428970337,0.0,0.0,0.05773168429732323,0.05773168429732323,1.0,0.47099998593330383,0.47216665744781494,0.41060155630111694,0.3672361969947815,1.1180857419967651,1.4581141471862793,1.3878388404846191,1.0506365299224854,1.0,1.0,0.0,0.0,0.0,1.0,0.0,0.0,1.0,1.4354302883148193,euclidean,0,3,gaussian,gaussian-ring,60000,0.3,0.3,"[0.0, 0.0, 0.0]","[0.8, 0.0, 0.0]",1,,,False
2026.05.21__162817,2.030590772628784,1.8222788572311401,9.95022855931893e-05,2.030590772628784,44.0,0.0,,,,,,3.255162477493286,5.339944839477539,0.0,1.0,1.8993887901306152,18.788740158081055,1.3089698553085327,4.244940280914307,1.0000001111620804e-06,7.073783763189567e-07,0.6645528674125671,0.05311276391148567,0.07992254942655563,0.47316667437553406,0.4494999945163727,5.469135284423828,4.875930309295654,1.1216598749160767,3.607414484024048,3.3856048583984375,1.0655155181884766,7.7328009605407715,6.2246785163879395,99.08744812011719,47.253326416015625,-1.5081218481063843,1.0953387022018433,0.007138059474527836,5.129339694976807,1.0,3.5021491050720215,poincare,1,3,gaussian,gaussian-ring,60000,0.3,0.3,"[0.0, 0.0, 0.0]","[0.8, 0.0, 0.0]",1,,,False
2026.05.21__162818,0.21064595878124237,0.20944200456142426,9.911583038046956e-05,0.21064595878124237,62.0,2.453724619044806e-06,0.21221047639846802,0.21221047639846802,4.663193702697754,4.663193702697754,4.663193702697754,4.661591053009033,0.560869038105011,0.0,1.0,0.6757546663284302,1.446284294128418,0.32252612709999084,1.281411051750183,1.0000001111620804e-06,1.9448868897598004e-06,0.37799072265625,0.047117382287979126,0.12465222179889679,0.4858333468437195,0.4934999942779541,1.0287145376205444,1.013982892036438,1.014528512954712,1.233931064605713,1.2318761348724365,1.001668095588684,0.6770580410957336,0.6778208017349243,0.033458415418863297,0.031290486454963684,0.0007627606391906738,0.9139262437820435,0.004366637673228979,-0.23610544204711914,1.0,1.2324467897415161,sphere,1,4,gaussian,gaussian-ring,60000,0.3,0.3,"[0.0, 0.0, 0.0]","[0.8, 0.0, 0.0]",1,,,False
2026.05.21__162819,0.09529151767492294,0.0941874086856842,9.812489588512108e-05,0.09529151767492294,38.0,0.0,0.10165625810623169,0.10165625810623169,5.1407270431518555,5.1407270431518555,5.140726566314697,5.138620853424072,0.6733746528625488,0.0,1.0,0.7442776560783386,1.8626059293746948,0.34479981660842896,1.393711805343628,0.0,0.0,0.05855853110551834,0.05855853110551834,1.0,0.4573333263397217,0.4436666667461395,0.4141600430011749,0.3603258728981018,1.1494040489196777,1.465533971786499,1.3744601011276245,1.0662615299224854,1.0,1.0,0.0,0.0,0.0,1.0,0.0,0.0,1.0,1.4099602699279785,euclidean,0,3,gaussian,gaussian-ring,60000,0.3,0.3,"[0.0, 0.0, 0.0]","[0.8, 0.0, 0.0]",1,,,False
2026.05.21__162841,2.015735387802124,1.9479917287826538,9.981419862015173e-05,2.015735387802124,44.0,0.0,,,,,,3.265064239501953,5.199043273925781,0.0,1.0,1.888452172279358,16.9444522857666,1.2736676931381226,4.258707523345947,1.0000001111620804e-06,7.09073049165454e-07,0.6501778364181519,0.05287110060453415,0.08131790161132812,0.4699999988079071,0.45399999618530273,5.525976657867432,4.987268924713135,1.1080166101455688,3.6306676864624023,3.4332492351531982,1.0575019121170044,7.718789577484131,6.423219203948975,97.32209014892578,51.98463439941406,-1.2955703735351562,1.0968644618988037,0.007353859022259712,5.32635498046875,1.0,3.5559074878692627,poincare,1,3,gaussian,gaussian-ring,60000,0.3,0.3,"[0.0, 0.0, 0.0]","[0.8, 0.0, 0.0]",1,,,False
2026.05.21__162842,0.21055640280246735,0.18991120159626007,9.95022855931893e-05,0.21055640280246735,62.0,1.157323481493222e-06,,,,,,4.623724937438965,0.5470643043518066,0.0,1.0,0.6681408882141113,1.4312891960144043,0.31685909628868103,1.277646541595459,1.0000001111620804e-06,1.931773113028612e-06,0.37217363715171814,0.044113341718912125,0.11852893978357315,0.48883333802223206,0.49566665291786194,1.0021735429763794,1.023126482963562,0.9795206785202026,1.221808910369873,1.2358310222625732,0.9886537194252014,0.6843756437301636,0.6747581958770752,0.03334079310297966,0.03152618929743767,-0.009617447853088379,0.9161243438720703,0.004271460697054863,-0.24136614799499512,1.0,1.2313687801361084,sphere,1,4,gaussian,gaussian-ring,60000,0.3,0.3,"[0.0, 0.0, 0.0]","[0.8, 0.0, 0.0]",1,,,False
2026.05.21__162846,2.0706262588500977,2.242607593536377,9.974040585802868e-05,2.0706262588500977,44.0,0.0,,,,,,3.230217218399048,5.345210075378418,0.0,1.0,1.888604760169983,21.160215377807617,1.3222466707229614,4.087761402130127,1.0000001111620804e-06,7.071835739225207e-07,0.6980528235435486,0.052858203649520874,0.0757223516702652,0.4555000066757202,0.4346666634082794,5.472128391265869,4.8940229415893555,1.1181248426437378,3.608933687210083,3.394224166870117,1.0632572174072266,7.7603230476379395,6.261738300323486,93.41383361816406,46.95568084716797,-1.4985847473144531,1.0960863828659058,0.006911192089319229,5.165651798248291,1.0,3.4879000186920166,poincare,1,3,gaussian,gaussian-ring,60000,0.3,0.3,"[0.0, 0.0, 0.0]","[0.8, 0.0, 0.0]",1,,,False
2026.05.21__162859,0.21165062487125397,0.20685383677482605,9.911583038046956e-05,0.21165062487125397,62.0,2.130866050720215e-06,0.21754145622253418,0.21754145622253418,4.644122123718262,4.644122123718262,4.644121170043945,4.669562339782715,0.544611394405365,0.0,1.0,0.6656432151794434,1.4438693523406982,0.31813162565231323,1.2614078521728516,1.0000001111620804e-06,1.965948968063458e-06,0.3992629945278168,0.04550844803452492,0.11398114264011383,0.4961666762828827,0.49416667222976685,1.0219099521636963,1.0270016193389893,0.9950422644615173,1.2309749126434326,1.238173007965088,0.994186520576477,0.6832571625709534,0.6768642663955688,0.032734498381614685,0.03112288936972618,-0.0063928961753845215,0.9163600206375122,0.004107808694243431,-0.23949575424194336,1.0,1.234620213508606,sphere,1,4,gaussian,gaussian-ring,60000,0.3,0.3,"[0.0, 0.0, 0.0]","[0.8, 0.0, 0.0]",1,,,False
2026.05.21__162904,1742.0445556640625,1574.135498046875,9.969891107175499e-05,1742.0445556640625,166.5,0.0,,,,,,-0.12256696820259094,5698.06591796875,0.0,1.0,32.509071350097656,520.3096923828125,68.04450225830078,180.62152099609375,1.0000001111620804e-06,9.512949645795743e-07,3.37801194190979,0.10276281088590622,0.03042108751833439,0.5058333277702332,0.47749999165534973,37.122745513916016,37.67274856567383,0.9854004979133606,11.168532371520996,11.263504981994629,0.9915680885314941,1483.955322265625,1612.83203125,103587.8828125,0.0006496814312413335,128.876708984375,1.0953387022018433,0.007138059474527836,1611.7366943359375,1.0,11.224684715270996,poincare,1,3,gaussian,gaussian-ring,60000,0.3,0.3,"[0.0, 0.0, 0.0]","[0.8, 0.0, 0.0]",4,,,False
2026.05.21__162913,0.2977236211299896,0.27656787633895874,9.969891107175499e-05,0.2977236211299896,78.0,7.768471732561011e-06,,,,,,3.0339889526367188,4.363586902618408,0.0,1.0,2.0792629718780518,2.5472910404205322,0.19951029121875763,2.2771074771881104,1.0000600241255597e-06,4.889623710369051e-07,0.278251588344574,0.10189387202262878,0.36619332432746887,0.5015000104904175,0.4476666748523712,0.30622175335884094,0.3024523854255676,1.0124627351760864,0.6975733041763306,0.689622700214386,1.0115288496017456,0.08206621557474136,0.07933638244867325,0.005569426342844963,0.005029118154197931,-0.0027298328932374716,0.9139262437820435,0.004366637673228979,-0.8345898389816284,1.0,0.6933575868606567,sphere,1,4,gaussian,gaussian-ring,60000,0.3,0.3,"[0.0, 0.0, 0.0]","[0.8, 0.0, 0.0]",4,,,False
2026.05.21__162929,0.37193986773490906,0.4257063865661621,9.974040585802868e-05,0.37193986773490906,82.5,0.0,,,,,,8.26081657409668,13.32463550567627,0.0,1.0,3.5615625381469727,4.505809307098389,0.7989251017570496,4.404307842254639,0.0,0.0,0.2539671063423157,0.2539671063423157,1.0,0.4065000116825104,0.37700000405311584,5.504459857940674,5.345675468444824,1.0297032594680786,5.415278434753418,5.338752746582031,1.014333963394165,1.0,1.0,0.0,0.0,0.0,1.0,0.0,0.0,1.0,5.387871265411377,euclidean,0,3,gaussian,gaussian-ring,60000,0.3,0.3,"[0.0, 0.0, 0.0]","[0.8, 0.0, 0.0]",4,,,False
2026.05.21__162930,0.3733588457107544,0.34874534606933594,9.974040585802868e-05,0.3733588457107544,83.5,0.0,,,,,,8.197734832763672,13.25389289855957,0.0,1.0,3.549098014831543,4.492627143859863,0.8094725012779236,4.391752243041992,0.0,0.0,0.2537893056869507,0.2537893056869507,1.0,0.42366665601730347,0.3941666781902313,5.4944868087768555,5.379148483276367,1.0214418172836304,5.41019868850708,5.355549335479736,1.0102041959762573,1.0,1.0,0.0,0.0,0.0,1.0,0.0,0.0,1.0,5.4354023933410645,euclidean,0,3,gaussian,gaussian-ring,60000,0.3,0.3,"[0.0, 0.0, 0.0]","[0.8, 0.0, 0.0]",4,,,False
2026.05.21__162950,0.37106990814208984,0.3798603415489197,9.98756950139068e-05,0.37106990814208984,83.5,0.0,,,,,,8.206215858459473,13.333392143249512,0.0,1.0,3.563153028488159,4.5053277015686035,0.796825110912323,4.399346828460693,0.0,0.0,0.251711368560791,0.251711368560791,1.0,0.4230000078678131,0.3889999985694885,5.531989097595215,5.350908279418945,1.0338411331176758,5.4292311668396,5.341384410858154,1.0164464712142944,1.0,1.0,0.0,0.0,0.0,1.0,0.0,0.0,1.0,5.343029975891113,euclidean,0,3,gaussian,gaussian-ring,60000,0.3,0.3,"[0.0, 0.0, 0.0]","[0.8, 0.0, 0.0]",4,,,False
2026.05.21__162957,0.2972131073474884,0.3080814778804779,9.95022855931893e-05,0.2972131073474884,79.5,7.515152447012952e-06,,,,,,3.0556185245513916,4.351344585418701,0.0,1.0,2.077476739883423,2.5418918132781982,0.186886265873909,2.2727291584014893,1.0000001111620804e-06,4.898060410596372e-07,0.2791063189506531,0.09849117696285248,0.3528805077075958,0.5260000228881836,0.47749999165534973,0.30577552318573,0.3009808659553528,1.0159300565719604,0.6994816660881042,0.6883705854415894,1.0161411762237549,0.08474873751401901,0.0787295252084732,0.005735874176025391,0.004999840632081032,-0.006019212305545807,0.9161243438720703,0.004271460697054863,-0.8373948335647583,1.0,0.6935569643974304,sphere,1,4,gaussian,gaussian-ring,60000,0.3,0.3,"[0.0, 0.0, 0.0]","[0.8, 0.0, 0.0]",4,,,False
2026.05.21__163002,0.29708677530288696,0.3165586590766907,9.969891107175499e-05,0.29708677530288696,76.0,7.405877113342285e-06,,,,,,2.9677932262420654,4.37343168258667,0.0,1.0,2.082512140274048,2.52827525138855,0.19004781544208527,2.2713074684143066,1.0000001111620804e-06,4.875739705312299e-07,0.28046345710754395,0.10350576043128967,0.36905255913734436,0.5371666550636292,0.4871666729450226,0.2907068729400635,0.2954358160495758,0.9839933514595032,0.6825141906738281,0.6823621988296509,1.0002228021621704,0.0817706435918808,0.07803710550069809,0.00494745746254921,0.0047289286740124226,-0.0037335380911827087,0.9163600206375122,0.004107808694243431,-0.8383229374885559,1.0,0.6858662366867065,sphere,1,4,gaussian,gaussian-ring,60000,0.3,0.3,"[0.0, 0.0, 0.0]","[0.8, 0.0, 0.0]",4,,,False
2026.05.21__163006,1734.9039306640625,1597.7841796875,9.981419862015173e-05,1734.9039306640625,164.0,0.0,,,,,,0.00625859247520566,5542.3642578125,0.0,1.0,32.046165466308594,525.0645751953125,67.05094909667969,177.44268798828125,1.0000001111620804e-06,9.282229029849987e-07,3.427602767944336,0.10354995727539062,0.030210604891180992,0.5231666564941406,0.49399998784065247,37.22214126586914,37.65699005126953,0.9884523749351501,11.1851167678833,11.260859489440918,0.9932737350463867,1495.9913330078125,1612.8216552734375,95812.875,0.5399267077445984,116.830322265625,1.0968644618988037,0.007353859022259712,1611.724609375,1.0,11.258614540100098,poincare,1,3,gaussian,gaussian-ring,60000,0.3,0.3,"[0.0, 0.0, 0.0]","[0.8, 0.0, 0.0]",4,,,False
2026.05.21__163016,1751.8509521484375,1274.283203125,9.974040585802868e-05,1751.8509521484375,166.0,0.0,,,,,,-0.20513702929019928,5774.9404296875,0.0,1.0,32.622642517089844,523.6707153320312,68.43693542480469,179.96237182617188,1.0000001111620804e-06,9.353719860882848e-07,3.382662057876587,0.10448341071605682,0.030887924134731293,0.5184999704360962,0.4894999861717224,37.251258850097656,37.62545394897461,0.9900546669960022,11.191513061523438,11.255507469177246,0.9943143725395203,1498.3316650390625,1612.6707763671875,92857.1640625,82.93714141845703,114.339111328125,1.0960863828659058,0.006911192089319229,1611.57470703125,1.0,11.216422080993652,poincare,1,3,gaussian,gaussian-ring,60000,0.3,0.3,"[0.0, 0.0, 0.0]","[0.8, 0.0, 0.0]",4,,,False
2026.05.21__163028,1742.09228515625,1574.1956787109375,9.969891107175499e-05,1742.09228515625,164.0,0.0,,,,,,-0.12246184051036835,5698.25390625,0.0,1.0,32.50959396362305,520.3074951171875,68.04561614990234,180.6271209716797,1.0000001111620804e-06,9.512927476862387e-07,3.3781774044036865,0.1027568131685257,0.030417826026678085,0.5051666498184204,0.4779999852180481,37.12281036376953,37.67285919189453,0.9853993058204651,11.168581008911133,11.263585090637207,0.9915654063224792,1483.970947265625,1612.8453369140625,103572.1171875,0.0005625734920613468,128.8743896484375,1.0953387022018433,0.007138059474527836,1611.75,1.0,11.224759101867676,euclidean,0,3,gaussian,gaussian-ring,60000,0.3,0.3,"[0.0, 0.0, 0.0]","[0.8, 0.0, 0.0]",8,,,False
2026.05.21__163030,0.191425159573555,0.19971710443496704,9.95022855931893e-05,0.191425159573555,96.5,8.32974910736084e-06,,,,,,1.2023206949234009,5.202877044677734,0.0,1.0,2.2722551822662354,2.7516074180603027,0.1976749747991562,2.475554943084717,1.0003019497162313e-06,4.460393938643392e-07,0.18790851533412933,0.08485551178455353,0.45157888531684875,0.5241666436195374,0.37966665625572205,0.08753637969493866,0.09071505069732666,0.9649598598480225,0.3768889307975769,0.3641957938671112,1.0348525047302246,0.048069458454847336,0.04700790345668793,0.0010261115385219455,0.0011597533011808991,-0.0010615549981594086,0.9139262437820435,0.004366637673228979,-0.8669182658195496,1.0,0.37272703647613525,sphere,1,4,gaussian,gaussian-ring,60000,0.3,0.3,"[0.0, 0.0, 0.0]","[0.8, 0.0, 0.0]",8,,,False
2026.05.21__163032,0.19053329527378082,0.16234028339385986,9.938564471667632e-05,0.19053329527378082,98.5,7.425745479849866e-06,0.1865071952342987,0.1865071952342987,1.237886905670166,1.237886905670166,1.237886905670166,1.2376248836517334,5.229888439178467,0.0,1.0,2.2784483432769775,2.7660043239593506,0.19555328786373138,2.481581926345825,1.00027307325945e-06,4.448055221928371e-07,0.1842452585697174,0.07552151381969452,0.4098966419696808,0.518666684627533,0.3986666798591614,0.08632228523492813,0.09239411354064941,0.9342833757400513,0.3746125400066376,0.3692242503166199,1.0145936012268066,0.0494818314909935,0.0473138727247715,0.0010677006794139743,0.0011946572922170162,-0.002167958766222,0.9161243438720703,0.004271460697054863,-0.8688104748725891,1.0,0.3707742393016815,sphere,1,4,gaussian,gaussian-ring,60000,0.3,0.3,"[0.0, 0.0, 0.0]","[0.8, 0.0, 0.0]",8,,,False
2026.05.21__163042,0.7101508378982544,0.7972668409347534,9.98756950139068e-05,0.7101508378982544,111.5,0.0,,,,,,9.547146797180176,58.33824920654297,0.0,1.0,7.552733898162842,8.511685371398926,1.1336429119110107,8.410161972045898,0.0,0.0,0.40795642137527466,0.40795642137527466,1.0,0.42266666889190674,0.40400001406669617,21.68797492980957,21.336454391479492,1.0164750814437866,10.755047798156738,10.667819023132324,1.0081768035888672,1.0,1.0,0.0,0.0,0.0,1.0,0.0,0.0,1.0,10.626387596130371,euclidean,0,3,gaussian,gaussian-ring,60000,0.3,0.3,"[0.0, 0.0, 0.0]","[0.8, 0.0, 0.0]",8,,,False
2026.05.21__163057,1735.0892333984375,1597.858154296875,9.981419862015173e-05,1735.0892333984375,164.5,0.0,,,,,,0.006356531288474798,5542.5185546875,0.0,1.0,32.046607971191406,525.067626953125,67.05188751220703,177.4453125,1.0000001111620804e-06,9.28219094475935e-07,3.4263577461242676,0.10354188829660416,0.03021922893822193,0.5231666564941406,0.4938333332538605,37.222389221191406,37.65716552734375,0.9884543418884277,11.185150146484375,11.260917663574219,0.9932714700698853,1496.0069580078125,1612.84521484375,95798.78125,0.0005595413967967033,116.838134765625,1.0968644618988037,0.007353859022259712,1611.7481689453125,1.0,11.2587890625,poincare,1,3,gaussian,gaussian-ring,60000,0.3,0.3,"[0.0, 0.0, 0.0]","[0.8, 0.0, 0.0]",8,,,False
2026.05.21__163117,0.19318002462387085,0.19093340635299683,9.974040585802868e-05,0.19318002462387085,94.0,7.857878699724097e-06,,,,,,1.229637622833252,5.209439277648926,0.0,1.0,2.2726352214813232,2.8204281330108643,0.21053950488567352,2.492112159729004,1.0003561783378245e-06,4.463410334665241e-07,0.18897268176078796,0.08648956567049026,0.45768284797668457,0.5274999737739563,0.38616666197776794,0.09100563824176788,0.08954231441020966,1.016342282295227,0.38272732496261597,0.3637073040008545,1.0522948503494263,0.050217244774103165,0.04621891677379608,0.001244563260115683,0.001040856703184545,-0.003998328000307083,0.9163600206375122,0.004107808694243431,-0.8701410889625549,1.0,0.3766025900840759,sphere,1,4,gaussian,gaussian-ring,60000,0.3,0.3,"[0.0, 0.0, 0.0]","[0.8, 0.0, 0.0]",8,,,False
2026.05.21__163118,0.1044560894370079,0.10309230536222458,9.98756950139068e-05,0.1044560894370079,56.0,4.5696893380409165e-07,,,,,,-1.0237150192260742,0.21362203359603882,0.0,1.0,0.42485710978507996,0.8642160892486572,0.18182291090488434,0.7726041078567505,1.0000001111620804e-06,2.7981291168543976e-06,0.8148503303527832,0.6488581299781799,0.796291172504425,0.5138333439826965,0.5228333473205566,1.0454849004745483,1.0351760387420654,1.0099585056304932,1.2685431241989136,1.26485013961792,1.0029196739196777,0.09679270535707474,0.10464862734079361,0.009812681935727596,0.014473761431872845,0.007855921983718872,0.04590732976794243,0.0029049657750874758,0.05874130129814148,1.0,1.2670540809631348,sphere,1,17,gaussian,gaussian-ring,60000,0.3,0.3,"[0.0, 0.0, 0.0]","[0.8, 0.0, 0.0]",1,,,False
2026.05.21__163122,0.007689543999731541,0.0076213194988667965,9.852721996139735e-05,0.007689543999731541,62.0,0.0,0.00820765271782875,0.00820765271782875,10.635916709899902,10.635916709899902,10.635916709899902,10.663965225219727,0.5767972469329834,0.0,1.0,0.7060052752494812,1.6331171989440918,0.27967286109924316,1.2752405405044556,0.0,0.0,0.5967968106269836,0.5967968106269836,1.0,0.5508333444595337,0.8023333549499512,0.04726627469062805,0.06850012391805649,0.6900173425674438,1.2090206146240234,1.4408169984817505,0.8391215205192566,1.0,1.0,0.0,0.0,0.0,1.0,0.0,0.0,1.0,1.3292639255523682,euclidean,0,16,gaussian,gaussian-ring,60000,0.3,0.3,"[0.0, 0.0, 0.0]","[0.8, 0.0, 0.0]",1,,,False
2026.05.21__163124,0.007677118759602308,0.007504844572395086,9.833202057052404e-05,0.007677118759602308,50.0,0.0,0.007824310101568699,0.007824310101568699,11.602656364440918,11.602656364440918,11.602656364440918,11.652722358703613,0.6382405757904053,0.0,1.0,0.7508068084716797,1.6808955669403076,0.2727346122264862,1.2793153524398804,0.0,0.0,0.6109273433685303,0.6109273433685303,1.0,0.5306666493415833,0.684166669845581,0.053445667028427124,0.06820307672023773,0.7836254835128784,1.284788966178894,1.4374768733978271,0.8937805891036987,1.0,1.0,0.0,0.0,0.0,1.0,0.0,0.0,1.0,1.3621506690979004,euclidean,0,16,gaussian,gaussian-ring,60000,0.3,0.3,"[0.0, 0.0, 0.0]","[0.8, 0.0, 0.0]",1,,,False
2026.05.21__163144,0.007715124636888504,0.007585699670016766,9.812489588512108e-05,0.007715124636888504,62.0,0.0,0.008370480500161648,0.008370480500161648,10.641525268554688,10.641525268554688,10.641523361206055,10.627903938293457,0.5693277716636658,0.0,1.0,0.7006229758262634,1.6719297170639038,0.2798314094543457,1.263839840888977,0.0,0.0,0.5964499711990356,0.5964499711990356,1.0,0.5361666679382324,0.7426666617393494,0.0488901324570179,0.0674014464020729,0.7253572344779968,1.2285122871398926,1.4285638332366943,0.8599632382392883,1.0,1.0,0.0,0.0,0.0,1.0,0.0,0.0,1.0,1.3320828676223755,euclidean,0,16,gaussian,gaussian-ring,60000,0.3,0.3,"[0.0, 0.0, 0.0]","[0.8, 0.0, 0.0]",1,,,False
2026.05.21__163157,0.10360807925462723,0.10257779061794281,9.812489588512108e-05,0.10360807925462723,55.5,5.513429641723633e-07,0.1038767397403717,0.1038767397403717,-1.2286640405654907,-1.2286640405654907,-1.2286640405654907,-1.2129958868026733,0.2205834984779358,0.0,1.0,0.43611693382263184,0.8173822164535522,0.17417114973068237,0.7597440481185913,1.0000001111620804e-06,2.6869452085520606e-06,0.7269008755683899,0.6388859748840332,0.8789175748825073,0.49533334374427795,0.49533334374427795,1.0270313024520874,1.0234304666519165,1.0035183429718018,1.2618941068649292,1.2594600915908813,1.0019326210021973,0.10230669379234314,0.10536658018827438,0.013207636773586273,0.014497468248009682,0.003059878945350647,0.045477889478206635,0.002877162303775549,0.05988868325948715,1.0,1.2598474025726318,sphere,1,17,gaussian,gaussian-ring,60000,0.3,0.3,"[0.0, 0.0, 0.0]","[0.8, 0.0, 0.0]",1,,,False
2026.05.21__163158,1752.1669921875,1274.279052734375,9.974040585802868e-05,1752.1669921875,164.0,0.0,,,,,,-0.2051393985748291,5776.537109375,0.0,1.0,32.62776565551758,523.665771484375,68.44583892822266,180.0797882080078,1.0000001111620804e-06,9.355077281725244e-07,3.3820507526397705,0.10447539389133453,0.030891135334968567,0.5183333158493042,0.4896666705608368,37.251373291015625,37.62643051147461,0.9900320768356323,11.191516876220703,11.255728721618652,0.994295060634613,1498.3521728515625,1612.8448486328125,92840.546875,0.0005588835338130593,114.49267578125,1.0960863828659058,0.006911192089319229,1611.748779296875,1.0,11.216512680053711,poincare,1,3,gaussian,gaussian-ring,60000,0.3,0.3,"[0.0, 0.0, 0.0]","[0.8, 0.0, 0.0]",8,,,False
2026.05.21__163208,0.7775353789329529,0.7111854553222656,9.974040585802868e-05,0.7775353789329529,34.5,0.0,,,,,,23.343578338623047,1.9560680389404297,0.0,1.0,1.1947553157806396,10.913652420043945,0.7253549695014954,2.5218923091888428,1.0000001111620804e-06,1.0569403912086273e-06,1.1611335277557373,0.5694352984428406,0.49041327834129333,0.5640000104904175,0.9403333067893982,2.172717571258545,4.961989402770996,0.4378722608089447,2.2554690837860107,3.605217218399048,0.6256125569343567,4080344832.0,204755992576.0,3.087242539540407e+22,8.15471433683943e+25,200675655680.0,70.90721130371094,42957.88671875,204755992576.0,1.0,2.93599534034729,poincare,1,16,gaussian,gaussian-ring,60000,0.3,0.3,"[0.0, 0.0, 0.0]","[0.8, 0.0, 0.0]",1,,,False
2026.05.21__163215,0.10422807186841965,0.1075105220079422,9.99248877633363e-05,0.10422807186841965,56.0,4.3213367462158203e-07,,,,,,-1.061700463294983,0.2141529768705368,0.0,1.0,0.4238285720348358,0.8660003542900085,0.1856248378753662,0.7740917205810547,1.0000001111620804e-06,2.836987277987646e-06,0.725477397441864,0.6424710750579834,0.8855838775634766,0.5220000147819519,0.547166645526886,1.031917929649353,1.0219714641571045,1.0097326040267944,1.2624410390853882,1.2594678401947021,1.0023607015609741,0.1013069897890091,0.1048513874411583,0.010648331604897976,0.014237028546631336,0.0035444048698991537,0.047939468175172806,0.0033251820132136345,0.05691192299127579,1.0,1.25863778591156,sphere,1,17,gaussian,gaussian-ring,60000,0.3,0.3,"[0.0, 0.0, 0.0]","[0.8, 0.0, 0.0]",1,,,False
2026.05.21__163220,0.7662177085876465,0.7613485455513,9.974040585802868e-05,0.7662177085876465,37.5,0.0,,,,,,23.450592041015625,2.0258541107177734,0.0,1.0,1.196816086769104,15.516989707946777,0.7677313685417175,2.5184409618377686,1.0000001111620804e-06,1.0607628837533412e-06,1.3137940168380737,0.5671311616897583,0.4316743016242981,0.5680000185966492,0.9355000257492065,2.166377544403076,4.940277099609375,0.4385133981704712,2.2538537979125977,3.5955920219421387,0.626837968826294,206181957632.0,16588136775680.0,2.543731851853371e+26,1.5897033006388333e+30,16381956325376.0,70.20662689208984,59992.4921875,16588136775680.0,1.0,2.9281129837036133,poincare,1,16,gaussian,gaussian-ring,60000,0.3,0.3,"[0.0, 0.0, 0.0]","[0.8, 0.0, 0.0]",1,,,False
2026.05.21__163233,0.08019202202558517,0.07516402751207352,9.833202057052404e-05,0.08019202202558517,61.0,6.717940323142102e-06,0.08118564635515213,0.08118564635515213,-12.699446678161621,-12.699446678161621,-12.699446678161621,-12.99889850616455,2.1209068298339844,0.0,1.0,1.4345996379852295,1.9348307847976685,0.25045233964920044,1.770167350769043,1.0000001111620804e-06,7.30367673895671e-07,0.30235934257507324,1.0928223133087158,3.614315986633301,0.49799999594688416,0.48100000619888306,0.3087376654148102,0.2962837517261505,1.0420337915420532,0.7176982164382935,0.6983225345611572,1.0277460813522339,1.2918524134875042e-06,2.1991447738400893e-06,1.9336814094383925e-10,9.407408185779786e-10,9.072923603525851e-07,0.04590732976794243,0.0029049657750874758,-0.04590512439608574,1.0,0.7091734409332275,sphere,1,17,gaussian,gaussian-ring,60000,0.3,0.3,"[0.0, 0.0, 0.0]","[0.8, 0.0, 0.0]",4,,,False
2026.05.21__163244,0.0805126503109932,0.08120166510343552,9.767507435753942e-05,0.0805126503109932,56.0,6.20881701252074e-06,0.08251920342445374,0.08251920342445374,-12.75216007232666,-12.75216007232666,-12.75216007232666,-12.958224296569824,2.121724843978882,0.0,1.0,1.4345813989639282,1.9216334819793701,0.25197961926460266,1.7687346935272217,1.0000001111620804e-06,7.302792823793425e-07,0.30827730894088745,1.0978267192840576,3.5611660480499268,0.49133333563804626,0.46683332324028015,0.31348714232444763,0.30190837383270264,1.0383518934249878,0.723432719707489,0.7039196491241455,1.0277204513549805,1.6024538354031392e-06,2.1158384697628208e-06,5.440730088679402e-10,8.351708769005484e-10,5.133846343596815e-07,0.045477889478206635,0.002877162303775549,-0.04547577351331711,1.0,0.7130846977233887,sphere,1,17,gaussian,gaussian-ring,60000,0.3,0.3,"[0.0, 0.0, 0.0]","[0.8, 0.0, 0.0]",4,,,False
2026.05.21__163250,0.7886059880256653,0.7880374193191528,9.974040585802868e-05,0.7886059880256653,35.5,0.0,,,,,,23.16361427307129,2.0143685340881348,0.0,1.0,1.1866358518600464,13.214558601379395,0.7677545547485352,2.5165843963623047,1.0000001111620804e-06,1.0776138879009522e-06,1.1817907094955444,0.5624164342880249,0.47590190172195435,0.5649999976158142,0.937833309173584,2.1540369987487793,4.882169723510742,0.44120484590530396,2.2426557540893555,3.5696403980255127,0.6282581686973572,21761064960.0,112951754752.0,1.680103077154048e+24,1.047248639427699e+25,91190689792.0,72.60066223144531,57245.6328125,112951754752.0,1.0,2.9117252826690674,poincare,1,16,gaussian,gaussian-ring,60000,0.3,0.3,"[0.0, 0.0, 0.0]","[0.8, 0.0, 0.0]",1,,,False
2026.05.21__163300,0.03249088302254677,0.03228363022208214,9.974040585802868e-05,0.03249088302254677,44.0,0.0,,,,,,36.18367004394531,9.52265453338623,0.0,1.0,2.924710512161255,4.968757152557373,0.9829803109169006,4.47307014465332,0.0,0.0,2.8675570487976074,2.8675570487976074,1.0,0.4099999964237213,0.3504999876022339,1.1815950870513916,1.0069708824157715,1.1734153032302856,6.073738098144531,5.622684955596924,1.080220341682434,1.0,1.0,0.0,0.0,0.0,1.0,0.0,0.0,1.0,5.854460716247559,euclidean,0,16,gaussian,gaussian-ring,60000,0.3,0.3,"[0.0, 0.0, 0.0]","[0.8, 0.0, 0.0]",4,,,False
2026.05.21__163306,0.03257227689027786,0.03164185583591461,9.981419862015173e-05,0.03257227689027786,38.0,0.0,,,,,,36.10662841796875,9.377486228942871,0.0,1.0,2.8958559036254883,5.091102123260498,0.9946498274803162,4.482192516326904,0.0,0.0,2.856274127960205,2.856274127960205,1.0,0.42233332991600037,0.36283332109451294,1.1635907888412476,1.0058976411819458,1.156768560409546,6.0252227783203125,5.619673252105713,1.072166085243225,1.0,1.0,0.0,0.0,0.0,1.0,0.0,0.0,1.0,5.818632125854492,euclidean,0,16,gaussian,gaussian-ring,60000,0.3,0.3,"[0.0, 0.0, 0.0]","[0.8, 0.0, 0.0]",4,,,False
2026.05.21__163325,0.08119780570268631,0.07568800449371338,9.911583038046956e-05,0.08119780570268631,56.0,7.008512966422131e-06,0.08065509796142578,0.08065509796142578,-12.958062171936035,-12.958062171936035,-12.958062171936035,-13.056533813476562,2.1303486824035645,0.0,1.0,1.4373013973236084,1.9046337604522705,0.25326645374298096,1.7707500457763672,1.0000001111620804e-06,7.30625799860718e-07,0.29496294260025024,1.0914440155029297,3.700275182723999,0.5019999742507935,0.4753333330154419,0.3210947811603546,0.2970483899116516,1.0809510946273804,0.7296459078788757,0.6999824047088623,1.0423774719238281,2.241962874904857e-06,1.9190820239600725e-06,5.752292531191472e-10,6.447158362732353e-10,-3.2288085094478447e-07,0.047939468175172806,0.0033251820132136345,-0.0479375496506691,1.0,0.7139843702316284,sphere,1,17,gaussian,gaussian-ring,60000,0.3,0.3,"[0.0, 0.0, 0.0]","[0.8, 0.0, 0.0]",4,,,False
2026.05.21__163328,0.032693058252334595,0.030841514468193054,9.974040585802868e-05,0.032693058252334595,43.5,0.0,,,,,,36.14500427246094,9.362409591674805,0.0,1.0,2.895537853240967,4.987774848937988,0.9881269335746765,4.467675685882568,0.0,0.0,2.8565406799316406,2.8565406799316406,1.0,0.41749998927116394,0.36683332920074463,1.1713200807571411,1.0027552843093872,1.1681016683578491,6.045597553253174,5.610907554626465,1.0774723291397095,1.0,1.0,0.0,0.0,0.0,1.0,0.0,0.0,1.0,5.834875106811523,euclidean,0,16,gaussian,gaussian-ring,60000,0.3,0.3,"[0.0, 0.0, 0.0]","[0.8, 0.0, 0.0]",4,,,False
2026.05.21__163341,0.046739909797906876,0.04453720152378082,9.833202057052404e-05,0.046739909797906876,62.0,4.162391178397229e-06,0.04693475365638733,0.04693475365638733,-23.24176597595215,-23.24176597595215,-23.24176597595215,-23.000457763671875,2.8434808254241943,0.0,1.0,1.6633880138397217,2.0676581859588623,0.27587977051734924,1.9640703201293945,1.0004504247262958e-06,6.382597348419949e-07,0.21261277794837952,0.7378210425376892,3.470257043838501,0.5098333358764648,0.41983333230018616,0.06980985403060913,0.09242437034845352,0.7553187608718872,0.35263243317604065,0.3782275915145874,0.9323287606239319,7.118580169773736e-10,3.0103119996738315e-08,2.695991554749783e-17,3.023034296847915e-13,2.9391262756917058e-08,0.04590732976794243,0.0029049657750874758,-0.04590729624032974,1.0,0.3659886121749878,sphere,1,17,gaussian,gaussian-ring,60000,0.3,0.3,"[0.0, 0.0, 0.0]","[0.8, 0.0, 0.0]",8,,,False
2026.05.21__163345,669.1148071289062,716.3833618164062,9.99248877633363e-05,669.1148071289062,138.0,0.0008557041292078793,,,,,,152.64358520507812,1575.07470703125,0.0,1.0,16.801883697509766,298.5244140625,35.91249084472656,95.2886734008789,1.0000001111620804e-06,1.8739914366960875e-06,6.382414817810059,2.054356575012207,0.3218776285648346,1.0,1.0,7.845376968383789,37.22023391723633,0.21078258752822876,4.755218982696533,11.471575736999512,0.4145219027996063,1.106616534475735e+17,1.1400365979865489e+24,inf,inf,1.1400364538713609e+24,70.90721130371094,42957.88671875,1.1400365979865489e+24,1.0,8.315689086914062,poincare,1,16,gaussian,gaussian-ring,60000,0.3,0.3,"[0.0, 0.0, 0.0]","[0.8, 0.0, 0.0]",4,,,False
2026.05.21__163351,645.0198974609375,655.1044921875,9.98756950139068e-05,645.0198974609375,110.5,0.000950828252825886,,,,,,150.6217498779297,1601.1204833984375,0.0,1.0,16.915536880493164,301.7310485839844,36.17438888549805,96.05763244628906,1.0000001111620804e-06,1.8359927480560145e-06,6.3268022537231445,2.0444581508636475,0.323142409324646,1.0,1.0,8.492334365844727,37.21866989135742,0.22817404568195343,4.96663761138916,11.471288681030273,0.43296244740486145,1.853244220900167e+19,1.1400345803739159e+24,inf,inf,1.1400160615722481e+24,70.20662689208984,59992.4921875,1.1400345803739159e+24,1.0,8.429559707641602,poincare,1,16,gaussian,gaussian-ring,60000,0.3,0.3,"[0.0, 0.0, 0.0]","[0.8, 0.0, 0.0]",4,,,False
2026.05.21__163353,0.06260226666927338,0.0625976026058197,9.974040585802868e-05,0.06260226666927338,68.0,0.0,,,,,,46.26041030883789,50.018680572509766,0.0,1.0,6.908046245574951,8.526026725769043,1.514133095741272,8.2564115524292,0.0,0.0,5.511290550231934,5.511290550231934,1.0,0.4438333213329315,0.429500013589859,4.236513137817383,4.0078935623168945,1.0570423603057861,11.53892707824707,11.228288650512695,1.0276657342910767,1.0,1.0,0.0,0.0,0.0,1.0,0.0,0.0,1.0,11.388096809387207,euclidean,0,16,gaussian,gaussian-ring,60000,0.3,0.3,"[0.0, 0.0, 0.0]","[0.8, 0.0, 0.0]",8,,,False
2026.05.21__163359,642.680419921875,616.6016845703125,9.99248877633363e-05,642.680419921875,120.0,0.0009149163379333913,,,,,,151.8636016845703,1591.4136962890625,0.0,1.0,16.839927673339844,298.13330078125,36.074764251708984,94.97532653808594,1.0000001111620804e-06,1.8641624137671897e-06,6.2734904289245605,2.0520782470703125,0.3271031379699707,1.0,1.0,8.049153327941895,37.22494125366211,0.216230109333992,4.824352741241455,11.472347259521484,0.4205200672149658,2.343776160371966e+18,1.1400333553948172e+24,inf,inf,1.140031049551808e+24,72.60066223144531,57245.6328125,1.1400333553948172e+24,1.0,8.354954719543457,poincare,1,16,gaussian,gaussian-ring,60000,0.3,0.3,"[0.0, 0.0, 0.0]","[0.8, 0.0, 0.0]",4,,,False
2026.05.21__163406,0.06305188685655594,0.05972772091627121,9.981419862015173e-05,0.06305188685655594,68.0,0.0,,,,,,46.24418640136719,49.624568939208984,0.0,1.0,6.875513076782227,8.535322189331055,1.531846046447754,8.258740425109863,0.0,0.0,5.501931190490723,5.501931190490723,1.0,0.45883333683013916,0.4466666579246521,4.208068370819092,4.0059428215026855,1.0504564046859741,11.49974250793457,11.225529670715332,1.0244276523590088,1.0,1.0,0.0,0.0,0.0,1.0,0.0,0.0,1.0,11.347862243652344,euclidean,0,16,gaussian,gaussian-ring,60000,0.3,0.3,"[0.0, 0.0, 0.0]","[0.8, 0.0, 0.0]",8,,,False
2026.05.21__163415,0.0469018891453743,0.04667513072490692,9.790589683689177e-05,0.0469018891453743,68.0,4.3163695409020875e-06,0.049043308943510056,0.049043308943510056,-23.277584075927734,-23.277584075927734,-23.277584075927734,-23.245939254760742,2.845731019973755,0.0,1.0,1.6668678522109985,2.0840954780578613,0.2584497928619385,1.9717434644699097,1.0009269999500248e-06,6.323689376586117e-07,0.2066432237625122,0.731538712978363,3.5401055812835693,0.5036666393280029,0.40416666865348816,0.07379153370857239,0.09294991940259933,0.7938848733901978,0.36058542132377625,0.3784002959728241,0.9529204368591309,9.438886339196983e-10,2.31842669506932e-08,4.467016844525215e-17,2.177869565462079e-13,2.2240378427795804e-08,0.045477889478206635,0.002877162303775549,-0.045477863401174545,1.0,0.37012818455696106,sphere,1,17,gaussian,gaussian-ring,60000,0.3,0.3,"[0.0, 0.0, 0.0]","[0.8, 0.0, 0.0]",8,,,False
2026.05.21__163429,0.06347951292991638,0.059275396168231964,9.974040585802868e-05,0.06347951292991638,68.0,0.0,,,,,,46.25899124145508,49.54560852050781,0.0,1.0,6.869815826416016,8.463525772094727,1.531393051147461,8.24047565460205,0.0,0.0,5.497140407562256,5.497140407562256,1.0,0.4508333206176758,0.4440000057220459,4.216253280639648,3.9996554851531982,1.0541541576385498,11.51083755493164,11.216777801513672,1.0262161493301392,1.0,1.0,0.0,0.0,0.0,1.0,0.0,0.0,1.0,11.370138168334961,euclidean,0,16,gaussian,gaussian-ring,60000,0.3,0.3,"[0.0, 0.0, 0.0]","[0.8, 0.0, 0.0]",8,,,False
2026.05.21__163431,0.04769665375351906,0.04639579728245735,9.888164640869945e-05,0.04769665375351906,62.5,8.031725883483887e-06,0.04635200649499893,0.04635200649499893,-23.2203311920166,-23.2203311920166,-23.2203311920166,-23.427377700805664,2.8836851119995117,0.0,1.0,1.6776697635650635,2.1150031089782715,0.2619205415248871,1.9837737083435059,1.0007905757447588e-06,6.300873565123766e-07,0.20485089719295502,0.7209160923957825,3.519223690032959,0.5066666603088379,0.4244999885559082,0.07042309641838074,0.08915367722511292,0.7899067997932434,0.35208284854888916,0.37193021178245544,0.9466368556022644,1.0183125453977482e-09,2.9743310037133597e-08,6.593796799328065e-17,5.800902293240373e-13,2.872499749173585e-08,0.047939468175172806,0.0033251820132136345,-0.04793943837285042,1.0,0.36201342940330505,sphere,1,17,gaussian,gaussian-ring,60000,0.3,0.3,"[0.0, 0.0, 0.0]","[0.8, 0.0, 0.0]",8,,,False
2026.05.21__163432,669.1231689453125,716.39013671875,9.99248877633363e-05,669.1231689453125,147.0,0.0008556246757507324,,,,,,152.64381408691406,1575.080810546875,0.0,1.0,16.80192756652832,298.53155517578125,35.91255569458008,95.28862762451172,1.0000001111620804e-06,1.8739901861408725e-06,6.3824310302734375,2.05434250831604,0.32187461853027344,1.0,1.0,7.8454060554504395,37.22019577026367,0.21078358590602875,4.7552289962768555,11.471582412719727,0.4145224988460541,1.1075530950443008e+17,1.1401008733604308e+24,inf,inf,1.1401008013028367e+24,70.90721130371094,42957.88671875,1.1401008733604308e+24,1.0,8.31569766998291,poincare,1,16,gaussian,gaussian-ring,60000,0.3,0.3,"[0.0, 0.0, 0.0]","[0.8, 0.0, 0.0]",8,,,False
2026.05.21__163454,0.0011234546545892954,0.0010997233912348747,8.975197852123529e-05,0.0011234546545892954,44.0,0.0,0.0011969369370490313,0.0011969369370490313,11.405184745788574,11.405184745788574,11.405184745788574,11.358253479003906,3.0263171195983887,0.0,1.0,1.5458427667617798,3.679196357727051,0.7971950769424438,2.962327241897583,0.0,0.0,1.1491928100585938,1.1491928100585938,1.0,0.0846666693687439,0.016833333298563957,0.028495656326413155,0.01691753789782524,1.6843855381011963,1.8944562673568726,1.439319133758545,1.3162168264389038,1.0,1.0,0.0,0.0,0.0,1.0,0.0,0.0,1.0,1.6914660930633545,euclidean,0,64,gaussian,gaussian-ring,60000,0.3,0.3,"[0.0, 0.0, 0.0]","[0.8, 0.0, 0.0]",1,,,False
2026.05.21__163456,0.027817189693450928,0.028095345944166183,9.852721996139735e-05,0.027817189693450928,44.0,3.0552346288459376e-05,0.02780391462147236,0.02780391462147236,-31.49473762512207,-31.49473762512207,-31.49473762512207,-31.94951820373535,1.9391818046569824,0.0,1.0,1.3733404874801636,2.0817782878875732,0.2301548719406128,1.7324793338775635,1.0000001111620804e-06,7.513818900406477e-07,0.7860050201416016,0.9136582612991333,1.162407636642456,0.5049999952316284,0.531166672706604,1.0299524068832397,1.0294921398162842,1.0004470348358154,1.265963077545166,1.2647160291671753,1.0009859800338745,0.0009150772239081562,0.0018244076054543257,1.2411630450515077e-05,5.055297879152931e-05,0.0009093303815461695,1.0019857962717151e-17,4.3917846626099825e-31,0.0018244076054543257,1.0,1.2635247707366943,sphere,1,65,gaussian,gaussian-ring,60000,0.3,0.3,"[0.0, 0.0, 0.0]","[0.8, 0.0, 0.0]",1,,,False
2026.05.21__163505,0.0012224691454321146,0.0012177869211882353,9.400689305039123e-05,0.0012224691454321146,44.0,0.0,0.0012918008724227548,0.0012918008724227548,25.896072387695312,25.896072387695312,25.896072387695312,25.796865463256836,1.5606882572174072,0.0,1.0,1.1589041948318481,2.8190386295318604,0.4658327102661133,2.0827248096466064,0.0,0.0,1.3657606840133667,1.3657606840133667,1.0,0.0,0.0,0.041518934071063995,0.017166730016469955,2.418569803237915,2.2910990715026855,1.4497064352035522,1.5803883075714111,1.0,1.0,0.0,0.0,0.0,1.0,0.0,0.0,1.0,1.9213699102401733,euclidean,0,64,gaussian,gaussian-ring,60000,0.3,0.3,"[0.0, 0.0, 0.0]","[0.8, 0.0, 0.0]",1,,,False
2026.05.21__163529,0.0011193030513823032,0.0011027795262634754,8.975197852123529e-05,0.0011193030513823032,50.0,0.0,0.0011853434843942523,0.0011853434843942523,11.724684715270996,11.724684715270996,11.72468376159668,11.86909008026123,3.0045430660247803,0.0,1.0,1.5400999784469604,3.6692721843719482,0.7946305274963379,2.9897663593292236,0.0,0.0,1.1573004722595215,1.1573004722595215,1.0,0.09933333098888397,0.01366666704416275,0.0287812240421772,0.017059102654457092,1.687147617340088,1.9046357870101929,1.4450610876083374,1.3180311918258667,1.0,1.0,0.0,0.0,0.0,1.0,0.0,0.0,1.0,1.6992278099060059,euclidean,0,64,gaussian,gaussian-ring,60000,0.3,0.3,"[0.0, 0.0, 0.0]","[0.8, 0.0, 0.0]",1,,,False
2026.05.21__163533,645.0253295898438,655.1118774414062,9.98756950139068e-05,645.0253295898438,117.0,0.0009507735376246274,,,,,,150.62216186523438,1601.1422119140625,0.0,1.0,16.915632247924805,301.7336120605469,36.174644470214844,96.0594253540039,1.0000001111620804e-06,1.835997068155848e-06,6.326820373535156,2.0444445610046387,0.32313933968544006,1.0,1.0,8.492340087890625,37.21876907348633,0.22817358374595642,4.966639995574951,11.471287727355957,0.43296271562576294,1.8566047682393014e+19,1.1401054850464492e+24,inf,inf,1.1400868941871874e+24,70.20662689208984,59992.4921875,1.1401054850464492e+24,1.0,8.42956256866455,poincare,1,16,gaussian,gaussian-ring,60000,0.3,0.3,"[0.0, 0.0, 0.0]","[0.8, 0.0, 0.0]",8,,,False
2026.05.21__163534,0.02778615802526474,0.02786378376185894,9.925681661115959e-05,0.02778615802526474,44.0,2.4316212147823535e-05,0.027870096266269684,0.027870096266269684,-32.506324768066406,-32.506324768066406,-32.506317138671875,-31.990171432495117,1.9390642642974854,0.0,1.0,1.3743648529052734,2.0236079692840576,0.22352968156337738,1.7186061143875122,1.0000001111620804e-06,7.495224849662918e-07,0.8270188570022583,0.9095821380615234,1.0998324155807495,0.49950000643730164,0.5299999713897705,1.022919774055481,1.0209763050079346,1.0019035339355469,1.2618647813796997,1.2616721391677856,1.0001527070999146,0.0010044476948678493,0.0016172612085938454,1.4782097423449159e-05,4.112625538255088e-05,0.000612813513725996,1.0237003295988039e-16,6.233748932670525e-29,0.0016172612085938454,1.0,1.2616627216339111,sphere,1,65,gaussian,gaussian-ring,60000,0.3,0.3,"[0.0, 0.0, 0.0]","[0.8, 0.0, 0.0]",1,,,False
2026.05.21__163542,0.3787572681903839,0.38456273078918457,9.981419862015173e-05,0.3787572681903839,31.0,0.0,,,,,,34.570167541503906,2.8109841346740723,0.0,1.0,1.41754949092865,12.15764045715332,0.8935585021972656,3.034043312072754,1.0000001111620804e-06,9.967906180463615e-07,2.4934144020080566,1.087557315826416,0.43617191910743713,0.03333333134651184,0.03150000050663948,6.287656307220459,4.901728630065918,1.2827426195144653,4.306640148162842,3.599602460861206,1.1964210271835327,inf,inf,,,,inf,inf,,1.0,3.996765613555908,poincare,1,64,gaussian,gaussian-ring,60000,0.3,0.3,"[0.0, 0.0, 0.0]","[0.8, 0.0, 0.0]",1,,,False
2026.05.21__163610,0.02788367308676243,0.02757110632956028,9.896272968035191e-05,0.02788367308676243,44.0,2.8486052542575635e-05,0.027643386274576187,0.027643386274576187,-31.70846939086914,-31.70846939086914,-31.70846939086914,-32.3417854309082,1.93681800365448,0.0,1.0,1.3722468614578247,2.0633480548858643,0.23162893950939178,1.7293981313705444,1.0000001111620804e-06,7.525913474637491e-07,0.8173104524612427,0.9134319424629211,1.1176071166992188,0.5028333067893982,0.5291666388511658,1.0388829708099365,1.0223830938339233,1.0161386728286743,1.2686744928359985,1.2616804838180542,1.0055433511734009,0.0009645713143981993,0.001873833709396422,1.329503174929414e-05,5.389003490563482e-05,0.0009092622785829008,1.697814677044691e-16,1.7256486376105184e-28,0.001873833709396422,1.0,1.2670557498931885,sphere,1,65,gaussian,gaussian-ring,60000,0.3,0.3,"[0.0, 0.0, 0.0]","[0.8, 0.0, 0.0]",1,,,False
2026.05.21__163615,0.010401110164821148,0.010349326767027378,9.960671741282567e-05,0.010401110164821148,54.0,4.867712505074451e-06,,,,,,-67.79228210449219,0.3400713801383972,0.0,1.0,0.5601130127906799,1.4459607601165771,0.1620320975780487,0.8601557612419128,1.0000001111620804e-06,1.916675273605506e-06,0.37676486372947693,1.7156903743743896,4.553743362426758,0.4925000071525574,0.47833332419395447,0.2877277135848999,0.30047905445098877,0.9575633406639099,0.7073708772659302,0.7054028511047363,1.0027899742126465,3.646902371201577e-07,7.818452420027726e-18,7.978361860061511e-10,1.8923176238209532e-31,-3.646902371201577e-07,1.0019857962717151e-17,4.3917846626099825e-31,-2.2014055426894245e-18,1.0,0.7072078585624695,sphere,1,65,gaussian,gaussian-ring,60000,0.3,0.3,"[0.0, 0.0, 0.0]","[0.8, 0.0, 0.0]",4,,,False
2026.05.21__163617,0.38041043281555176,0.40806400775909424,9.981419862015173e-05,0.38041043281555176,38.0,0.0,,,,,,35.078399658203125,2.9084362983703613,0.0,1.0,1.4395875930786133,13.495296478271484,0.9089566469192505,3.0834550857543945,1.0000001111620804e-06,9.759387467056513e-07,2.5901103019714355,1.0890341997146606,0.4204586148262024,0.053833331912755966,0.03583333268761635,6.276709079742432,4.974002361297607,1.261903166770935,4.301766395568848,3.629511833190918,1.1852190494537354,inf,inf,,,,4.696594965891987e+34,inf,inf,1.0,4.006745338439941,poincare,1,64,gaussian,gaussian-ring,60000,0.3,0.3,"[0.0, 0.0, 0.0]","[0.8, 0.0, 0.0]",1,,,False
2026.05.21__163650,0.009909042157232761,0.009828598238527775,9.730680903885514e-05,0.009909042157232761,68.0,8.742014756535355e-07,0.010079244151711464,0.010079244151711464,-76.66288757324219,-76.66288757324219,-76.66288757324219,-76.89851379394531,0.3719031512737274,0.0,1.0,0.5920580625534058,1.112467885017395,0.14594422280788422,0.8581233024597168,1.0000001111620804e-06,1.7943820012078504e-06,0.29840609431266785,1.6059134006500244,5.3816375732421875,0.5066666603088379,0.4860000014305115,0.2983231842517853,0.29739272594451904,1.0031287670135498,0.7046725153923035,0.7038689255714417,1.0011417865753174,1.033256020620179e-14,4.914565231052746e-17,6.391558130088258e-25,1.1450814343563441e-29,-1.0283414507569148e-14,1.0237003295988039e-16,6.233748932670525e-29,-5.322438064935293e-17,1.0,0.7035126090049744,sphere,1,65,gaussian,gaussian-ring,60000,0.3,0.3,"[0.0, 0.0, 0.0]","[0.8, 0.0, 0.0]",4,,,False
2026.05.21__163711,0.009974570944905281,0.00919767003506422,9.790589683689177e-05,0.009974570944905281,52.5,4.4877328946313355e-06,0.010186783969402313,0.010186783969402313,-68.29861450195312,-68.29861450195312,-68.29861450195312,-68.01754760742188,0.3420064151287079,0.0,1.0,0.5627026557922363,1.3318660259246826,0.15905676782131195,0.8463184237480164,1.0000001111620804e-06,1.909216962303617e-06,0.38927316665649414,1.7146002054214478,4.4046196937561035,0.4948333203792572,0.4818333387374878,0.30120858550071716,0.30341988801956177,0.9927120804786682,0.7175155282020569,0.7079832553863525,1.0134639739990234,2.227823472367163e-07,1.0223036305022967e-14,1.8563560411077873e-10,5.683517503721336e-25,-2.227823330258616e-07,1.697814677044691e-16,1.7256486376105184e-28,1.0053254479976473e-14,1.0,0.7153357863426208,sphere,1,65,gaussian,gaussian-ring,60000,0.3,0.3,"[0.0, 0.0, 0.0]","[0.8, 0.0, 0.0]",4,,,False
2026.05.21__163718,0.3824285566806793,0.34225964546203613,9.981419862015173e-05,0.3824285566806793,38.0,0.0,,,,,,35.002384185791016,2.8537142276763916,0.0,1.0,1.4222358465194702,14.146248817443848,0.9055516719818115,3.0317580699920654,1.0000001111620804e-06,9.909408618113957e-07,2.3623769283294678,1.0879554748535156,0.4605342745780945,0.043666668236255646,0.03533333167433739,6.292795658111572,4.9426798820495605,1.273154616355896,4.308799743652344,3.615607976913452,1.19172203540802,inf,inf,,,,1.662128704584286e+32,inf,inf,1.0,4.003698348999023,poincare,1,64,gaussian,gaussian-ring,60000,0.3,0.3,"[0.0, 0.0, 0.0]","[0.8, 0.0, 0.0]",1,,,False
2026.05.21__163721,186.1705780029297,202.6072998046875,9.981419862015173e-05,186.1705780029297,75.0,0.0,,,,,,235.76356506347656,1458.9876708984375,0.0,1.0,16.03071403503418,293.6127624511719,34.638328552246094,88.21577453613281,1.0000001111620804e-06,1.115030272558215e-06,7.658829212188721,2.4970479011535645,0.32603517174720764,1.0,1.0,10.953573226928711,37.14695739746094,0.29487133026123047,5.886664867401123,11.487500190734863,0.5124408602714539,inf,inf,,,,inf,inf,,1.0,8.687609672546387,poincare,1,64,gaussian,gaussian-ring,60000,0.3,0.3,"[0.0, 0.0, 0.0]","[0.8, 0.0, 0.0]",4,,,False
2026.05.21__163728,0.004114819690585136,0.0041794804856181145,9.730680903885514e-05,0.004114819690585136,32.0,0.0,0.004158608615398407,0.004158608615398407,95.69209289550781,95.69209289550781,79.12712097167969,79.08844757080078,1.4166630506515503,0.0,1.0,1.060673475265503,3.39139723777771,0.5390756726264954,2.189833402633667,0.0,0.0,3.85243821144104,3.85243821144104,1.0,0.9138333201408386,0.9660000205039978,0.15709012746810913,0.25092869997024536,0.6260349154472351,4.455434322357178,5.648825645446777,0.7887364029884338,1.0,1.0,0.0,0.0,0.0,1.0,0.0,0.0,1.0,5.0925798416137695,euclidean,0,64,gaussian,gaussian-ring,60000,0.3,0.3,"[0.0, 0.0, 0.0]","[0.8, 0.0, 0.0]",4,,,False
2026.05.21__163732,186.56463623046875,183.829833984375,9.981419862015173e-05,186.56463623046875,75.5,0.0,,,,,,234.10870361328125,1485.6007080078125,0.0,1.0,16.02747344970703,301.9651184082031,34.96286392211914,88.17301177978516,1.0000001111620804e-06,1.0932162695098668e-06,7.841399669647217,2.4945507049560547,0.3181256949901581,1.0,1.0,11.122693061828613,37.13688659667969,0.2995052635669708,5.9379754066467285,11.485902786254883,0.516979455947876,inf,inf,,,,4.696594965891987e+34,inf,inf,1.0,8.711456298828125,poincare,1,64,gaussian,gaussian-ring,60000,0.3,0.3,"[0.0, 0.0, 0.0]","[0.8, 0.0, 0.0]",4,,,False
2026.05.21__163737,0.00390623533166945,0.003929858561605215,9.437429253011942e-05,0.00390623533166945,32.0,0.0,0.003946388140320778,0.003946388140320778,100.14897155761719,100.14897155761719,79.47270965576172,79.44512176513672,1.4549757242202759,0.0,1.0,1.073952078819275,3.581251859664917,0.5476693511009216,2.240217924118042,0.0,0.0,3.8681979179382324,3.8681979179382324,1.0,0.9020000100135803,0.9608333110809326,0.1601359248161316,0.25187739729881287,0.6357693076133728,4.4987077713012695,5.659427165985107,0.7949051260948181,1.0,1.0,0.0,0.0,0.0,1.0,0.0,0.0,1.0,5.111465930938721,euclidean,0,64,gaussian,gaussian-ring,60000,0.3,0.3,"[0.0, 0.0, 0.0]","[0.8, 0.0, 0.0]",4,,,False
2026.05.21__163749,0.005303991958498955,0.005287937354296446,9.704670083010569e-05,0.005303991958498955,68.0,2.905726432800293e-06,0.0052261087112128735,0.0052261087112128735,-118.39974212646484,-118.39974212646484,-118.39972686767578,-118.13614654541016,0.5128950476646423,0.0,1.0,0.695077657699585,1.2385770082473755,0.17218442261219025,0.9853634238243103,1.0000001111620804e-06,1.5412398397529614e-06,0.1974457949399948,1.0175414085388184,5.153522491455078,0.4986666738986969,0.5411666631698608,0.09034141153097153,0.09374412149190903,0.9637021422386169,0.3759564757347107,0.38057947158813477,0.9878528118133545,9.248906761760005e-21,1.1100540162617783e-22,4.590004015056163e-37,7.380078492213082e-41,-9.137901385377376e-21,1.0019857962717151e-17,4.3917846626099825e-31,-1.0019747120515069e-17,1.0,0.3788421154022217,sphere,1,65,gaussian,gaussian-ring,60000,0.3,0.3,"[0.0, 0.0, 0.0]","[0.8, 0.0, 0.0]",8,,,False
2026.05.21__163758,0.005316081922501326,0.0052100857719779015,9.812489588512108e-05,0.005316081922501326,51.0,5.714595317840576e-06,0.0057211983948946,0.0057211983948946,-104.72039794921875,-104.72039794921875,-104.72037506103516,-105.07050323486328,0.49987539649009705,0.0,1.0,0.6796521544456482,1.2299360036849976,0.19448596239089966,0.9983831644058228,1.0000001111620804e-06,1.6066409216364264e-06,0.2430240660905838,1.1161587238311768,4.5927910804748535,0.484333336353302,0.273666650056839,0.12753990292549133,0.0890698954463005,1.4319082498550415,0.4106886088848114,0.3720405399799347,1.1038813591003418,0.00030851582414470613,2.9251897386648858e-21,3.109045064775273e-05,5.129828576649432e-38,-0.00030851582414470613,1.0237003295988039e-16,6.233748932670525e-29,-1.023671080492344e-16,1.0,0.3935583531856537,sphere,1,65,gaussian,gaussian-ring,60000,0.3,0.3,"[0.0, 0.0, 0.0]","[0.8, 0.0, 0.0]",8,,,False
2026.05.21__163808,0.0038990413304418325,0.003956837113946676,9.400689305039123e-05,0.0038990413304418325,32.0,0.0,0.003954749554395676,0.003954749554395676,100.21439361572266,100.21439361572266,78.4269027709961,78.3813247680664,1.3076424598693848,0.0,1.0,1.0260080099105835,3.3895084857940674,0.5030704140663147,2.1163132190704346,0.0,0.0,3.8450348377227783,3.8450348377227783,1.0,0.9049999713897705,0.971833348274231,0.15369866788387299,0.25143563747406006,0.6112843155860901,4.408102989196777,5.654417991638184,0.779585599899292,1.0,1.0,0.0,0.0,0.0,1.0,0.0,0.0,1.0,5.07253360748291,euclidean,0,64,gaussian,gaussian-ring,60000,0.3,0.3,"[0.0, 0.0, 0.0]","[0.8, 0.0, 0.0]",4,,,False
2026.05.21__163811,183.96128845214844,152.32998657226562,9.98756950139068e-05,183.96128845214844,76.0,0.0,,,,,,232.8464813232422,1433.7733154296875,0.0,1.0,15.770217895507812,292.4768371582031,34.35006332397461,86.21524810791016,1.0000001111620804e-06,1.17108595532045e-06,7.78535795211792,2.505023717880249,0.321760892868042,1.0,1.0,10.453351974487305,37.150482177734375,0.2813786268234253,5.7256927490234375,11.488109588623047,0.4984016418457031,inf,inf,,,,1.662128704584286e+32,inf,inf,1.0,8.607909202575684,poincare,1,64,gaussian,gaussian-ring,60000,0.3,0.3,"[0.0, 0.0, 0.0]","[0.8, 0.0, 0.0]",4,,,False
2026.05.21__163911,0.005284641869366169,0.004950812552124262,9.649171261116862e-05,0.005284641869366169,74.5,2.9901664220233215e-06,0.005341220181435347,0.005341220181435347,-115.86011505126953,-115.86011505126953,-115.860107421875,-115.7236557006836,0.5199223756790161,0.0,1.0,0.6984039545059204,1.2735071182250977,0.1791139394044876,0.9848206639289856,1.0000001111620804e-06,1.5406426427944098e-06,0.20213361084461212,1.019466519355774,5.043528079986572,0.5006666779518127,0.5659999847412109,0.09463280439376831,0.09369932115077972,1.009962558746338,0.38003280758857727,0.38021859526634216,0.9995113015174866,3.4050257949757394e-17,1.7166800754152628e-21,6.953706985792099e-30,1.7182442911156506e-38,-3.4048540722805734e-17,1.697814677044691e-16,1.7256486376105184e-28,-1.69779747168795e-16,1.0,0.38056954741477966,sphere,1,65,gaussian,gaussian-ring,60000,0.3,0.3,"[0.0, 0.0, 0.0]","[0.8, 0.0, 0.0]",8,,,False
2026.05.21__163913,186.17222595214844,202.58299255371094,9.981419862015173e-05,186.17222595214844,80.0,0.0,,,,,,235.7646026611328,1458.9256591796875,0.0,1.0,16.030534744262695,293.58526611328125,34.63749313354492,88.21570587158203,1.0000001111620804e-06,1.1150241334689781e-06,7.658848285675049,2.4970297813415527,0.32603201270103455,1.0,1.0,10.953531265258789,37.14683151245117,0.2948712110519409,5.886651039123535,11.487504005432129,0.5124395489692688,inf,inf,,,,inf,inf,,1.0,8.687603950500488,poincare,1,64,gaussian,gaussian-ring,60000,0.3,0.3,"[0.0, 0.0, 0.0]","[0.8, 0.0, 0.0]",8,,,False
2026.05.21__163924,186.56886291503906,183.82620239257812,9.981419862015173e-05,186.56886291503906,81.0,0.0,,,,,,234.11221313476562,1485.565185546875,0.0,1.0,16.027313232421875,301.97393798828125,34.96244430541992,88.17147827148438,1.0000001111620804e-06,1.0932028544630157e-06,7.841439247131348,2.4945383071899414,0.3181225061416626,1.0,1.0,11.122737884521484,37.137088775634766,0.2995048463344574,5.937988758087158,11.485912322998047,0.5169801712036133,inf,inf,,,,4.696594965891987e+34,inf,inf,1.0,8.711482048034668,sphere,1,257,gaussian,gaussian-ring,60000,0.3,0.3,"[0.0, 0.0, 0.0]","[0.8, 0.0, 0.0]",1,,,False
2026.05.21__163932,0.0075555648654699326,0.007028033956885338,9.400689305039123e-05,0.0075555648654699326,38.0,0.0,0.008036005310714245,0.008036005310714245,145.85009765625,145.85009765625,124.69747161865234,124.63832092285156,23.595365524291992,0.0,1.0,4.581000804901123,8.076375961303711,1.6142579317092896,7.166316986083984,0.0,0.0,8.077360153198242,8.077360153198242,1.0,0.9574999809265137,0.9041666388511658,0.7822248339653015,1.0003669261932373,0.7819378972053528,9.960641860961914,11.290401458740234,0.8822221755981445,1.0,1.0,0.0,0.0,0.0,1.0,0.0,0.0,1.0,10.660501480102539,euclidean,0,64,gaussian,gaussian-ring,60000,0.3,0.3,"[0.0, 0.0, 0.0]","[0.8, 0.0, 0.0]",8,,,False
2026.05.21__164004,3.1586663722991943,2.690847635269165,9.98756950139068e-05,3.1586663722991943,32.0,0.0,,,,,,70.0478286743164,89.29088592529297,0.0,1.0,4.520577430725098,87.5406265258789,8.289237976074219,21.952987670898438,1.0000001111620804e-06,3.371186494405265e-06,4.857593536376953,2.1955294609069824,0.4519788324832916,0.0,0.0,23.328289031982422,4.8431549072265625,4.8167548179626465,8.954479217529297,3.577925682067871,2.5027010440826416,inf,inf,,,,inf,,,1.0,6.38152551651001,poincare,1,256,gaussian,gaussian-ring,60000,0.3,0.3,"[0.0, 0.0, 0.0]","[0.8, 0.0, 0.0]",1,,,False
2026.05.21__164007,0.007681597955524921,0.007677807472646236,9.925681661115959e-05,0.007681597955524921,48.5,4.130105298827402e-05,0.007644946221262217,0.007644946221262217,-410.57171630859375,-410.57171630859375,-410.57171630859375,-409.6974182128906,0.3784610629081726,0.0,1.0,0.5386559963226318,1.4508230686187744,0.2969365119934082,1.0330796241760254,1.0000001111620804e-06,3.2381287837779382e-06,0.7673854827880859,0.9864794015884399,1.2855069637298584,0.5034999847412109,0.484333336353302,1.0655962228775024,1.0285476446151733,1.036020278930664,1.2794783115386963,1.2661503553390503,1.010526418685913,1.0491049806660158e-07,9.107313303502451e-08,1.2102107510569837e-11,1.277823007996004e-12,-1.3837365031577065e-08,6.967760396436873e-11,2.004773792301484e-17,9.100345721435588e-08,1.0,1.2755810022354126,sphere,1,257,gaussian,gaussian-ring,60000,0.3,0.3,"[0.0, 0.0, 0.0]","[0.8, 0.0, 0.0]",1,,,False
2026.05.21__164009,0.007545804604887962,0.007736539468169212,9.437429253011942e-05,0.007545804604887962,38.0,0.0,0.007861975580453873,0.007861975580453873,151.01080322265625,151.01080322265625,125.42353057861328,125.46432495117188,23.988967895507812,0.0,1.0,4.619501113891602,8.141053199768066,1.625713586807251,7.24254035949707,0.0,0.0,8.122053146362305,8.122053146362305,1.0,0.9443333148956299,0.8821666836738586,0.8023162484169006,1.002241849899292,0.8005216717720032,10.088964462280273,11.300944328308105,0.892754077911377,1.0,1.0,0.0,0.0,0.0,1.0,0.0,0.0,1.0,10.7108736038208,euclidean,0,64,gaussian,gaussian-ring,60000,0.3,0.3,"[0.0, 0.0, 0.0]","[0.8, 0.0, 0.0]",8,,,False
2026.05.21__164016,0.007654049899429083,0.007598985452204943,9.911583038046956e-05,0.007654049899429083,46.5,2.831717392837163e-05,0.0076585980132222176,0.0076585980132222176,-410.3968200683594,-410.3968200683594,-410.3968200683594,-410.7049560546875,0.3875221014022827,0.0,1.0,0.5430275797843933,1.5205211639404297,0.30397117137908936,1.0452661514282227,1.0000001111620804e-06,3.3061380690924125e-06,0.7062079310417175,0.9823979735374451,1.3910887241363525,0.5019999742507935,0.46416667103767395,1.0590572357177734,1.02288019657135,1.0353678464889526,1.2771576642990112,1.2631169557571411,1.0111159086227417,5.670387537293209e-08,9.121126964828363e-08,5.272970103088748e-13,1.1598799178058616e-12,3.4507394275351544e-08,3.241204098733755e-14,3.1343159536899655e-24,9.121122701571949e-08,1.0,1.2706815004348755,sphere,1,257,gaussian,gaussian-ring,60000,0.3,0.3,"[0.0, 0.0, 0.0]","[0.8, 0.0, 0.0]",1,,,False
2026.05.21__164029,0.007507834583520889,0.007666078396141529,9.400689305039123e-05,0.007507834583520889,38.0,0.0,0.007803069893270731,0.007803069893270731,146.3723602294922,146.3723602294922,124.95109558105469,124.75849914550781,23.503807067871094,0.0,1.0,4.573115348815918,8.051763534545898,1.6071562767028809,7.191002368927002,0.0,0.0,8.099308967590332,8.099308967590332,1.0,0.9483333230018616,0.8999999761581421,0.7903008460998535,1.0013686418533325,0.7892206907272339,10.012703895568848,11.295989990234375,0.8863946199417114,1.0,1.0,0.0,0.0,0.0,1.0,0.0,0.0,1.0,10.676997184753418,euclidean,0,64,gaussian,gaussian-ring,60000,0.3,0.3,"[0.0, 0.0, 0.0]","[0.8, 0.0, 0.0]",8,,,False
2026.05.21__164103,3.1326301097869873,3.054328441619873,9.98756950139068e-05,3.1326301097869873,32.0,0.0,,,,,,69.83602142333984,92.23899841308594,0.0,1.0,4.545648574829102,88.7516860961914,8.431174278259277,22.251583099365234,1.0000001111620804e-06,3.5494031180860475e-06,4.812397003173828,2.1962904930114746,0.45638182759284973,0.0,0.0,23.343650817871094,4.835687637329102,4.827369689941406,8.957773208618164,3.5712649822235107,2.508291482925415,inf,inf,,,,inf,,,1.0,6.377760410308838,poincare,1,256,gaussian,gaussian-ring,60000,0.3,0.3,"[0.0, 0.0, 0.0]","[0.8, 0.0, 0.0]",1,,,False
2026.05.21__164109,3.1680917739868164,3.6508822441101074,9.99248877633363e-05,3.1680917739868164,32.0,0.0,,,,,,71.91765594482422,87.75255584716797,0.0,1.0,4.535387992858887,88.27922058105469,8.182957649230957,21.947080612182617,1.0000001111620804e-06,2.9281991373864003e-06,5.018221378326416,2.1998002529144287,0.4383625388145447,0.0,0.0,23.33359718322754,4.948105812072754,4.715662002563477,8.955647468566895,3.6212267875671387,2.473097562789917,inf,inf,,,,inf,,,1.0,6.400264263153076,poincare,1,256,gaussian,gaussian-ring,60000,0.3,0.3,"[0.0, 0.0, 0.0]","[0.8, 0.0, 0.0]",1,,,False
2026.05.21__164116,0.0046335929073393345,0.004609121009707451,9.755525388754904e-05,0.0046335929073393345,80.5,4.0313851059181616e-05,0.004580379463732243,0.004580379463732243,-612.8334350585938,-612.8334350585938,-612.8334350585938,-607.36279296875,1.5361238718032837,0.0,1.0,1.1810601949691772,2.032843828201294,0.3754427134990692,1.652921199798584,1.0001253940572497e-06,1.0489217174836085e-06,0.23830920457839966,1.7271003723144531,7.24730920791626,0.49900001287460327,0.44433334469795227,0.30214378237724304,0.30132079124450684,1.0027313232421875,0.707227349281311,0.7076095342636108,0.999459981918335,0.0,0.0,0.0,0.0,0.0,4.6512758922201414e-11,1.2680445525505174e-17,-4.6512758922201414e-11,1.0,0.707772970199585,sphere,1,257,gaussian,gaussian-ring,60000,0.3,0.3,"[0.0, 0.0, 0.0]","[0.8, 0.0, 0.0]",4,,,False
2026.05.21__164121,50.04157257080078,48.7161865234375,9.974040585802868e-05,50.04157257080078,68.0,0.0,,,,,,572.3212280273438,1698.376708984375,0.0,1.0,15.949796676635742,379.52288818359375,37.94963455200195,79.9378662109375,1.0000001111620804e-06,2.5946924324671272e-06,9.760570526123047,3.348461151123047,0.3430599868297577,1.0,1.0,24.049375534057617,37.12179183959961,0.6478506326675415,9.096724510192871,11.489863395690918,0.7917173504829407,inf,inf,,,,inf,,,1.0,10.392126083374023,poincare,1,256,gaussian,gaussian-ring,60000,0.3,0.3,"[0.0, 0.0, 0.0]","[0.8, 0.0, 0.0]",4,,,False
2026.05.21__164131,0.004732496105134487,0.004780244082212448,9.911583038046956e-05,0.004732496105134487,72.5,3.356735032866709e-05,0.0047231572680175304,0.0047231572680175304,-608.2952270507812,-608.2952270507812,-608.2952270507812,-613.159912109375,1.5305787324905396,0.0,1.0,1.1766830682754517,2.3020002841949463,0.3816089332103729,1.6930381059646606,1.0000336487792083e-06,1.0450561376273981e-06,0.3039495050907135,1.7761261463165283,5.843491077423096,0.5009999871253967,0.4831666648387909,0.3304903507232666,0.294856458902359,1.1208516359329224,0.7392144203186035,0.6998027563095093,1.0563182830810547,0.0,0.0,0.0,0.0,0.0,6.967760396436873e-11,2.004773792301484e-17,-6.967760396436873e-11,1.0,0.7213976979255676,sphere,1,257,gaussian,gaussian-ring,60000,0.3,0.3,"[0.0, 0.0, 0.0]","[0.8, 0.0, 0.0]",4,,,False
2026.05.21__164139,0.00036817952059209347,0.00036713058943860233,9.974040585802868e-05,0.00036817952059209347,20.0,0.0,,,,,,235.7821502685547,0.2495948076248169,0.0,1.0,0.4995335340499878,0.5130519866943359,0.007807498797774315,0.5117716193199158,0.0,0.0,4.431177616119385,4.431177616119385,1.0,0.0,0.0,0.09004845470190048,0.004178892821073532,21.548398971557617,6.783919334411621,1.431981086730957,4.737436294555664,1.0,1.0,0.0,0.0,0.0,1.0,0.0,0.0,1.0,4.909714698791504,euclidean,0,256,gaussian,gaussian-ring,60000,0.3,0.3,"[0.0, 0.0, 0.0]","[0.8, 0.0, 0.0]",1,,,False
2026.05.21__164216,0.00036825716961175203,0.000369724293705076,9.974040585802868e-05,0.00036825716961175203,20.0,0.0,,,,,,235.78114318847656,0.2473142147064209,0.0,1.0,0.49726545810699463,0.508578896522522,0.006421491038054228,0.5073840618133545,0.0,0.0,4.432930946350098,4.432930946350098,1.0,0.0,0.0,0.09011536836624146,0.004172419663518667,21.597867965698242,6.786471366882324,1.4302048683166504,4.74510383605957,1.0,1.0,0.0,0.0,0.0,1.0,0.0,0.0,1.0,4.908294200897217,euclidean,0,256,gaussian,gaussian-ring,60000,0.3,0.3,"[0.0, 0.0, 0.0]","[0.8, 0.0, 0.0]",1,,,False
2026.05.21__164244,50.60637283325195,38.753997802734375,9.99248877633363e-05,50.60637283325195,60.5,0.0,,,,,,489.3519287109375,1540.33837890625,0.0,1.0,15.476625442504883,378.6569519042969,35.90192794799805,75.8812484741211,1.0000001111620804e-06,1.4133840977592627e-06,9.856321334838867,3.3570024967193604,0.3405938744544983,1.0,0.999666690826416,23.783395767211914,37.1229248046875,0.6406660079956055,9.045003890991211,11.490042686462402,0.7872036695480347,inf,inf,,,,inf,,,1.0,10.37094497680664,poincare,1,256,gaussian,gaussian-ring,60000,0.3,0.3,"[0.0, 0.0, 0.0]","[0.8, 0.0, 0.0]",4,,,False
2026.05.21__164251,0.004734873306006193,0.004718144424259663,9.911583038046956e-05,0.004734873306006193,69.5,2.187242171203252e-05,0.004689798224717379,0.004689798224717379,-612.6610107421875,-612.6610107421875,-612.660888671875,-609.4468994140625,1.5266767740249634,0.0,1.0,1.1769487857818604,2.293431043624878,0.37543240189552307,1.688339352607727,1.0000001111620804e-06,1.038631125993561e-06,0.29330480098724365,1.7738746404647827,6.047887802124023,0.49966666102409363,0.4873333275318146,0.3415757715702057,0.29918691515922546,1.1416802406311035,0.7494331002235413,0.7051318883895874,1.0628267526626587,0.0,0.0,0.0,0.0,0.0,3.241204098733755e-14,3.1343159536899655e-24,-3.241204098733755e-14,1.0,0.7273430824279785,sphere,1,257,gaussian,gaussian-ring,60000,0.3,0.3,"[0.0, 0.0, 0.0]","[0.8, 0.0, 0.0]",4,,,False
2026.05.21__164252,0.00036808347795158625,0.0003672823077067733,9.981419862015173e-05,0.00036808347795158625,20.0,0.0,,,,,,235.79385375976562,0.2509935200214386,0.0,1.0,0.500899076461792,0.5177886486053467,0.009666696190834045,0.5161193013191223,0.0,0.0,4.430865287780762,4.430865287780762,1.0,0.0,0.0,0.08997375518083572,0.00426942203193903,21.073989868164062,6.781189918518066,1.4473168849945068,4.685352802276611,1.0,1.0,0.0,0.0,0.0,1.0,0.0,0.0,1.0,4.906097412109375,euclidean,0,256,gaussian,gaussian-ring,60000,0.3,0.3,"[0.0, 0.0, 0.0]","[0.8, 0.0, 0.0]",1,,,False
2026.05.21__164302,0.002795713022351265,0.0026131323538720608,9.925681661115959e-05,0.002795713022351265,88.0,4.1286151827080175e-05,0.0027500889264047146,0.0027500889264047146,-800.794677734375,-800.794677734375,-800.794677734375,-804.5519409179688,2.0791356563568115,0.0,1.0,1.3967829942703247,2.331724166870117,0.35737940669059753,1.8571789264678955,1.0000593420045334e-06,8.359983212358202e-07,0.21964332461357117,1.1416789293289185,5.197876453399658,0.49133333563804626,0.4098333418369293,0.07544877380132675,0.09081698954105377,0.8307782411575317,0.36492085456848145,0.3743673861026764,0.9747666716575623,0.0,0.0,0.0,0.0,0.0,4.6512758922201414e-11,1.2680445525505174e-17,-4.6512758922201414e-11,1.0,0.3707825839519501,sphere,1,257,gaussian,gaussian-ring,60000,0.3,0.3,"[0.0, 0.0, 0.0]","[0.8, 0.0, 0.0]",8,,,False
2026.05.21__164337,0.0005970509955659509,0.0005962084396742284,9.974040585802868e-05,0.0005970509955659509,20.0,0.0,,,,,,243.25360107421875,0.24875272810459137,0.0,1.0,0.4986673891544342,0.5145045518875122,0.009128696285188198,0.512987494468689,0.0,0.0,5.441248893737793,5.441248893737793,1.0,0.0008333333535119891,0.0006666666595265269,0.09004919230937958,0.06253065168857574,1.4400808811187744,6.783947467803955,5.648046970367432,1.2011138200759888,1.0,1.0,0.0,0.0,0.0,1.0,0.0,0.0,1.0,6.251430988311768,euclidean,0,256,gaussian,gaussian-ring,60000,0.3,0.3,"[0.0, 0.0, 0.0]","[0.8, 0.0, 0.0]",4,,,False
2026.05.21__164338,51.192283630371094,46.657814025878906,9.974040585802868e-05,51.192283630371094,69.5,0.0,,,,,,541.5891723632812,1633.6361083984375,0.0,1.0,15.546148300170898,383.4296569824219,37.227577209472656,75.97518920898438,1.0000001111620804e-06,2.968854005303001e-06,9.785642623901367,3.349785566329956,0.34231632947921753,1.0,0.999666690826416,23.987442016601562,37.120155334472656,0.6462107300758362,9.084383010864258,11.489607810974121,0.7906609177589417,inf,inf,,,,inf,,,1.0,10.384015083312988,poincare,1,256,gaussian,gaussian-ring,60000,0.3,0.3,"[0.0, 0.0, 0.0]","[0.8, 0.0, 0.0]",4,,,False
2026.05.21__164343,50.02376174926758,50.336097717285156,9.974040585802868e-05,50.02376174926758,79.0,0.0,,,,,,572.1979370117188,1694.837158203125,0.0,1.0,15.94296646118164,381.5459899902344,37.90555191040039,79.91783142089844,1.0000001111620804e-06,2.5935989924619207e-06,9.760730743408203,3.348489999771118,0.3430573046207428,1.0,0.999833345413208,24.049938201904297,37.12310028076172,0.6478428840637207,9.096835136413574,11.490034103393555,0.7917152643203735,inf,inf,,,,inf,,,1.0,10.392293930053711,poincare,1,256,gaussian,gaussian-ring,60000,0.3,0.3,"[0.0, 0.0, 0.0]","[0.8, 0.0, 0.0]",8,,,False
2026.05.21__164401,50.66638946533203,38.8408088684082,9.99248877633363e-05,50.66638946533203,71.5,0.0,,,,,,489.32550048828125,1536.7276611328125,0.0,1.0,15.470919609069824,378.4176940917969,35.86252975463867,75.8748779296875,1.0000001111620804e-06,1.4126914038570249e-06,9.856449127197266,3.3570163249969482,0.34059083461761475,1.0,0.999666690826416,23.78331184387207,37.12392044067383,0.6406465768814087,9.044986724853516,11.49018383026123,0.7871925234794617,inf,inf,,,,inf,,,1.0,10.37100601196289,poincare,1,256,gaussian,gaussian-ring,60000,0.3,0.3,"[0.0, 0.0, 0.0]","[0.8, 0.0, 0.0]",8,,,False
2026.05.21__164410,0.003020327538251877,0.0029191181529313326,9.99248877633363e-05,0.003020327538251877,56.0,3.982086855103262e-05,,,,,,-747.0728149414062,1.9624378681182861,0.0,1.0,1.3413684368133545,2.270904302597046,0.40328553318977356,1.8458068370819092,1.0000001111620804e-06,9.362489095110504e-07,0.2983725666999817,1.3194893598556519,4.422287940979004,0.3636666536331177,0.036666665226221085,0.08631657063961029,0.0895090252161026,0.964333713054657,0.40787002444267273,0.3726229965686798,1.0945916175842285,0.0,0.0,0.0,0.0,0.0,6.967760396436873e-11,2.004773792301484e-17,-6.967760396436873e-11,1.0,0.3950335383415222,sphere,1,257,gaussian,gaussian-ring,60000,0.3,0.3,"[0.0, 0.0, 0.0]","[0.8, 0.0, 0.0]",8,,,False
2026.05.21__164413,0.0005970444181002676,0.0006000574212521315,9.974040585802868e-05,0.0005970444181002676,20.0,0.0,,,,,,243.24627685546875,0.2460065335035324,0.0,1.0,0.4959326684474945,0.5092940926551819,0.007564118597656488,0.507860004901886,0.0,0.0,5.4415411949157715,5.4415411949157715,1.0,0.0004999999655410647,0.0004999999655410647,0.09011609107255936,0.06247548758983612,1.4424232244491577,6.786498546600342,5.645350933074951,1.2021394968032837,1.0,1.0,0.0,0.0,0.0,1.0,0.0,0.0,1.0,6.242805480957031,euclidean,0,256,gaussian,gaussian-ring,60000,0.3,0.3,"[0.0, 0.0, 0.0]","[0.8, 0.0, 0.0]",4,,,False
2026.05.21__164422,0.00259069399908185,0.0025456969160586596,9.767507435753942e-05,0.00259069399908185,92.0,3.035863301192876e-05,0.0027773804031312466,0.0027773804031312466,-797.389404296875,-797.389404296875,-797.389404296875,-802.8341674804688,2.109921455383301,0.0,1.0,1.4101811647415161,2.37768816947937,0.3474171459674835,1.8575825691223145,1.0002513590734452e-06,8.146404866238299e-07,0.21431687474250793,1.1362982988357544,5.30195426940918,0.49549999833106995,0.42933332920074463,0.07799430936574936,0.09087866544723511,0.8582246899604797,0.368134081363678,0.3748355209827423,0.9821216464042664,0.0,0.0,0.0,0.0,0.0,3.241204098733755e-14,3.1343159536899655e-24,-3.241204098733755e-14,1.0,0.3724697530269623,sphere,1,257,gaussian,gaussian-ring,60000,0.3,0.3,"[0.0, 0.0, 0.0]","[0.8, 0.0, 0.0]",8,,,False
2026.05.21__164456,0.0005968192126601934,0.0005957951070740819,9.981419862015173e-05,0.0005968192126601934,20.0,0.0,,,,,,243.29714965820312,0.25232648849487305,0.0,1.0,0.5022054314613342,0.5210527181625366,0.010771806351840496,0.519166886806488,0.0,0.0,5.445503234863281,5.445503234863281,1.0,0.0009999999310821295,0.0009999999310821295,0.08997438848018646,0.06287024915218353,1.4311121702194214,6.781214237213135,5.663229942321777,1.197411060333252,1.0,1.0,0.0,0.0,0.0,1.0,0.0,0.0,1.0,6.244938850402832,euclidean,0,256,gaussian,gaussian-ring,60000,0.3,0.3,"[0.0, 0.0, 0.0]","[0.8, 0.0, 0.0]",4,,,False
2026.05.21__164518,51.180763244628906,46.31513977050781,9.974040585802868e-05,51.180763244628906,76.5,0.0,,,,,,541.1376953125,1639.337646484375,0.0,1.0,15.559150695800781,384.7047424316406,37.29275131225586,75.97201538085938,1.0000001111620804e-06,2.966082320199348e-06,9.785919189453125,3.349799394607544,0.3423081338405609,1.0,0.999666690826416,23.986156463623047,37.120391845703125,0.6461719870567322,9.084138870239258,11.48958969116211,0.7906408905982971,inf,inf,,,,inf,,,1.0,10.383938789367676,poincare,1,256,gaussian,gaussian-ring,60000,0.3,0.3,"[0.0, 0.0, 0.0]","[0.8, 0.0, 0.0]",8,,,False
2026.05.21__164524,0.001643296331167221,0.0016696343664079905,9.95022855931893e-05,0.001643296331167221,109.0,0.0005799233913421631,,,,,,-589.3836059570312,0.514010488986969,0.0,1.0,0.6523550152778625,1.807541012763977,0.29691630601882935,1.2385501861572266,1.0000001111620804e-06,1.8292353161086794e-06,0.7659576535224915,0.9617498517036438,1.255617380142212,0.4729999899864197,0.5566666722297668,0.9074531197547913,1.037516713142395,0.8746395111083984,1.218220829963684,1.2696800231933594,0.959470808506012,1.8793725757859647e-05,9.474903500672482e-13,4.5052754416019525e-08,2.975958453631307e-22,-1.8793723938870244e-05,0.02749253809452057,0.016386643052101135,-0.02749253809452057,1.0,1.2453420162200928,sphere,1,513,gaussian,gaussian-ring,60000,0.3,0.3,"[0.0, 0.0, 0.0]","[0.8, 0.0, 0.0]",1,,,False
2026.05.21__164541,0.0016087046824395657,0.001631797174923122,9.677498019300401e-05,0.0016087046824395657,74.0,0.00013204415154177696,0.0016290972707793117,0.0016290972707793117,-631.4794311523438,-631.4794311523438,-631.4794311523438,-632.0142211914062,0.49269258975982666,0.0,1.0,0.6516256332397461,1.4257148504257202,0.2607429623603821,1.1158998012542725,1.0000001111620804e-06,1.7935317373485304e-06,0.6471101641654968,0.9361267685890198,1.4466266632080078,0.48249998688697815,0.6226666569709778,0.8562027215957642,1.0311108827590942,0.8303691148757935,1.1861400604248047,1.2661629915237427,0.9367989301681519,6.379812475643121e-06,1.199324819144143e-12,4.105013218236309e-09,4.020508489549409e-22,-6.379811111401068e-06,0.028790738433599472,0.017214979976415634,-0.028790738433599472,1.0,1.2289029359817505,sphere,1,513,gaussian,gaussian-ring,60000,0.3,0.3,"[0.0, 0.0, 0.0]","[0.8, 0.0, 0.0]",1,,,False
2026.05.21__164544,0.0013294534292072058,0.0013288676273077726,9.974040585802868e-05,0.0013294534292072058,20.0,0.0,,,,,,267.217041015625,0.24788464605808258,0.0,1.0,0.4977540969848633,0.5172598361968994,0.01119161956012249,0.5153166651725769,0.0,0.0,8.29501724243164,8.29501724243164,1.0,1.0,1.0,0.09005153179168701,0.24969103932380676,0.3606518507003784,6.7840352058410645,11.298165321350098,0.600454568862915,1.0,1.0,0.0,0.0,0.0,1.0,0.0,0.0,1.0,9.331153869628906,euclidean,0,256,gaussian,gaussian-ring,60000,0.3,0.3,"[0.0, 0.0, 0.0]","[0.8, 0.0, 0.0]",8,,,False
2026.05.21__164616,0.001329335500486195,0.0013344194740056992,9.974040585802868e-05,0.001329335500486195,20.0,0.0,,,,,,267.20111083984375,0.24438942968845367,0.0,1.0,0.4942648112773895,0.5112344622612,0.009565796703100204,0.5093579292297363,0.0,0.0,8.293933868408203,8.293933868408203,1.0,1.0,1.0,0.090118408203125,0.24957062304019928,0.36109381914138794,6.786585807800293,11.295341491699219,0.6008305549621582,1.0,1.0,0.0,0.0,0.0,1.0,0.0,0.0,1.0,9.318626403808594,euclidean,0,256,gaussian,gaussian-ring,60000,0.3,0.3,"[0.0, 0.0, 0.0]","[0.8, 0.0, 0.0]",8,,,False
2026.05.21__164618,0.0016557762864977121,0.0017185392789542675,9.969891107175499e-05,0.0016557762864977121,100.5,0.0004150817694608122,,,,,,-591.126220703125,0.4933139979839325,0.0,1.0,0.6382325291633606,1.740062952041626,0.29289504885673523,1.2275772094726562,1.0000001111620804e-06,1.8679199911275646e-06,0.6961836218833923,0.955361008644104,1.3722829818725586,0.47600001096725464,0.5328333377838135,0.9027109146118164,1.0228018760681152,0.8825862407684326,1.2165263891220093,1.2625582218170166,0.9635408520698547,3.442803426878527e-05,1.2050934252230694e-12,1.3104303775435255e-07,3.9482493355021434e-22,-3.442803426878527e-05,0.03160528093576431,0.019391411915421486,-0.03160528093576431,1.0,1.2412594556808472,sphere,1,513,gaussian,gaussian-ring,60000,0.3,0.3,"[0.0, 0.0, 0.0]","[0.8, 0.0, 0.0]",1,,,False
2026.05.21__164627,23.385637283325195,21.67688751220703,9.981419862015173e-05,23.385637283325195,44.0,0.0,,,,,,122.36544036865234,1333.756591796875,0.0,1.0,13.15263557434082,322.4250183105469,34.03853225708008,77.45301818847656,1.0000001111620804e-06,1.0270558959746268e-05,6.616531848907471,2.857084274291992,0.4318099915981293,0.0,0.0,38.466983795166016,4.942813873291016,7.782405376434326,11.7097749710083,3.6237661838531494,3.231382369995117,inf,inf,,,,inf,,,1.0,7.785882949829102,poincare,1,512,gaussian,gaussian-ring,60000,0.3,0.3,"[0.0, 0.0, 0.0]","[0.8, 0.0, 0.0]",1,,,False
2026.05.21__164628,23.110925674438477,21.961994171142578,9.981419862015173e-05,23.110925674438477,44.0,0.0,,,,,,119.49362182617188,1347.7960205078125,0.0,1.0,13.200299263000488,332.633056640625,34.1282958984375,78.77374267578125,1.0000001111620804e-06,9.709028745419346e-06,6.615532398223877,2.853194236755371,0.43128713965415955,0.0,0.0,38.46005630493164,4.857550144195557,7.9175825119018555,11.708645820617676,3.5875728130340576,3.2636680603027344,inf,inf,,,,inf,,,1.0,7.767642021179199,poincare,1,512,gaussian,gaussian-ring,60000,0.3,0.3,"[0.0, 0.0, 0.0]","[0.8, 0.0, 0.0]",1,,,False
2026.05.21__164640,23.621646881103516,26.187349319458008,9.95022855931893e-05,23.621646881103516,44.0,0.0,,,,,,126.32212829589844,1320.266845703125,0.0,1.0,13.101245880126953,329.5533752441406,33.82322311401367,78.44100189208984,1.0000001111620804e-06,1.47544169522007e-05,6.636382102966309,2.8612844944000244,0.43115130066871643,0.0,0.0,38.476436614990234,5.056918144226074,7.608673095703125,11.711286544799805,3.673792600631714,3.1877920627593994,inf,inf,,,,inf,,,1.0,7.812624931335449,poincare,1,512,gaussian,gaussian-ring,60000,0.3,0.3,"[0.0, 0.0, 0.0]","[0.8, 0.0, 0.0]",1,,,False
2026.05.21__164653,0.0013290029019117355,0.0013249486219137907,9.99248877633363e-05,0.0013290029019117355,20.0,0.0,,,,,,267.3021240234375,0.2515786588191986,0.0,1.0,0.5011909604072571,0.535605251789093,0.019631553441286087,0.5321334600448608,0.0,0.0,8.302809715270996,8.302809715270996,1.0,1.0,1.0,0.08997582644224167,0.25036096572875977,0.3593843877315521,6.781268119812012,11.31323528289795,0.5994101762771606,1.0,1.0,0.0,0.0,0.0,1.0,0.0,0.0,1.0,9.323515892028809,euclidean,0,256,gaussian,gaussian-ring,60000,0.3,0.3,"[0.0, 0.0, 0.0]","[0.8, 0.0, 0.0]",8,,,False
2026.05.21__164734,0.001996519509702921,0.0018976845312863588,9.925681661115959e-05,0.001996519509702921,62.0,9.973347187042236e-05,0.001961798407137394,0.001961798407137394,-958.0266723632812,-958.0266723632812,-958.026611328125,-956.4390869140625,4.228077411651611,0.0,1.0,2.0381319522857666,2.942657470703125,0.2719097435474396,2.5014984607696533,1.0001655255109654e-06,4.99913994644885e-07,0.4452696442604065,1.87712824344635,4.2157111167907715,0.46316665410995483,0.5534999966621399,0.20533223450183868,0.29475536942481995,0.6966191530227661,0.6222979426383972,0.6990643739700317,0.8901869058609009,0.0,0.0,0.0,0.0,0.0,0.02749253809452057,0.016386643052101135,-0.02749253809452057,1.0,0.6639549732208252,sphere,1,513,gaussian,gaussian-ring,60000,0.3,0.3,"[0.0, 0.0, 0.0]","[0.8, 0.0, 0.0]",4,,,False
2026.05.21__164751,0.00017995681264437735,0.00018000954878516495,9.98756950139068e-05,0.00017995681264437735,20.0,0.0,,,,,,471.04278564453125,0.24719099700450897,0.0,1.0,0.49631404876708984,0.5482219457626343,0.029353972524404526,0.5431174635887146,0.0,0.0,6.408748626708984,6.408748626708984,1.0,0.0,0.0,0.09000962227582932,0.0021324343979358673,42.20979690551758,9.596656799316406,1.4477508068084717,6.628666877746582,1.0,1.0,0.0,0.0,0.0,1.0,0.0,0.0,1.0,6.8652215003967285,euclidean,0,512,gaussian,gaussian-ring,60000,0.3,0.3,"[0.0, 0.0, 0.0]","[0.8, 0.0, 0.0]",1,,,False
2026.05.21__164803,49.34121322631836,43.0406379699707,9.99248877633363e-05,49.34121322631836,48.5,0.0,,,,,,776.687255859375,3193.215576171875,0.0,1.0,22.434499740600586,431.4758605957031,51.769615173339844,124.16109466552734,1.0000001111620804e-06,2.63651281784405e-06,11.683627128601074,3.862985134124756,0.3306323289871216,0.0,0.0,38.31660079956055,37.119537353515625,1.032248854637146,11.685361862182617,11.490547180175781,1.0169544219970703,inf,inf,,,,inf,,,1.0,11.703445434570312,poincare,1,512,gaussian,gaussian-ring,60000,0.3,0.3,"[0.0, 0.0, 0.0]","[0.8, 0.0, 0.0]",4,,,False
2026.05.21__164819,0.0001799194433260709,0.00017980702978093177,9.981419862015173e-05,0.0001799194433260709,20.0,0.0,,,,,,471.0333251953125,0.24754288792610168,0.0,1.0,0.4968520998954773,0.5435146689414978,0.026066945865750313,0.5384743809700012,0.0,0.0,6.408636093139648,6.408636093139648,1.0,0.0,0.0,0.09003888070583344,0.0020956394728273153,42.96487045288086,9.598092079162598,1.4351248741149902,6.687983512878418,1.0,1.0,0.0,0.0,0.0,1.0,0.0,0.0,1.0,6.8661417961120605,euclidean,0,512,gaussian,gaussian-ring,60000,0.3,0.3,"[0.0, 0.0, 0.0]","[0.8, 0.0, 0.0]",1,,,False
2026.05.21__164840,0.00017995944654103369,0.00017981395649258047,9.969891107175499e-05,0.00017995944654103369,20.0,0.0,,,,,,471.0550842285156,0.25051766633987427,0.0,1.0,0.5000748038291931,0.5371912121772766,0.02101893350481987,0.533467710018158,0.0,0.0,6.412285327911377,6.412285327911377,1.0,0.0,0.0,0.09006870537996292,0.002181647578254342,41.28471755981445,9.599817276000977,1.4650152921676636,6.552707672119141,1.0,1.0,0.0,0.0,0.0,1.0,0.0,0.0,1.0,6.870494365692139,euclidean,0,512,gaussian,gaussian-ring,60000,0.3,0.3,"[0.0, 0.0, 0.0]","[0.8, 0.0, 0.0]",1,,,False
2026.05.21__164845,0.001979212975129485,0.002007459755986929,9.911583038046956e-05,0.001979212975129485,62.0,0.00011787811672547832,0.0019746054895222187,0.0019746054895222187,-957.2630615234375,-957.2630615234375,-957.2630004882812,-955.5009155273438,4.202040195465088,0.0,1.0,2.030690908432007,2.9663093090057373,0.2795954644680023,2.522430896759033,1.0000934480558499e-06,5.022234859097807e-07,0.45617780089378357,1.8810348510742188,4.123468399047852,0.45383334159851074,0.5659999847412109,0.20501473546028137,0.30044686794281006,0.6823659539222717,0.621985912322998,0.7055835723876953,0.8815198540687561,0.0,0.0,0.0,0.0,0.0,0.028790738433599472,0.017214979976415634,-0.028790738433599472,1.0,0.6672889590263367,sphere,1,513,gaussian,gaussian-ring,60000,0.3,0.3,"[0.0, 0.0, 0.0]","[0.8, 0.0, 0.0]",4,,,False
2026.05.21__164942,0.0019869732204824686,0.001998749328777194,9.871044312603772e-05,0.0019869732204824686,62.0,0.0001098861321224831,0.002004210604354739,0.002004210604354739,-965.43701171875,-965.43701171875,-965.43701171875,-957.9176635742188,4.190844535827637,0.0,1.0,2.0283775329589844,2.962942123413086,0.2762366831302643,2.505032777786255,1.0000210295402212e-06,5.026540748076513e-07,0.4543922543525696,1.8768643140792847,4.1304931640625,0.45616665482521057,0.5958333015441895,0.20381152629852295,0.30239036679267883,0.6740013957023621,0.6201739311218262,0.7085309028625488,0.8752955198287964,0.0,0.0,0.0,0.0,0.0,0.03160528093576431,0.019391411915421486,-0.03160528093576431,1.0,0.6685617566108704,sphere,1,513,gaussian,gaussian-ring,60000,0.3,0.3,"[0.0, 0.0, 0.0]","[0.8, 0.0, 0.0]",4,,,False
2026.05.21__164944,0.0012498899595811963,0.001402172609232366,9.730680903885514e-05,0.0012498899595811963,74.5,2.7000904083251953e-05,0.0012098223669454455,0.0012098223669454455,-1281.603271484375,-1281.603271484375,-1281.6031494140625,-1271.615234375,5.068356990814209,0.0,1.0,2.239720106124878,2.848829507827759,0.2277970314025879,2.595820665359497,1.002434260044538e-06,4.5291113792700344e-07,0.2317230999469757,1.1131387948989868,4.803745269775391,0.47200000286102295,0.4805000126361847,0.05780544877052307,0.09207618981599808,0.6278001666069031,0.3269195556640625,0.37938717007637024,0.8617042899131775,0.0,0.0,0.0,0.0,0.0,0.02749253809452057,0.016386643052101135,-0.02749253809452057,1.0,0.35509341955184937,sphere,1,513,gaussian,gaussian-ring,60000,0.3,0.3,"[0.0, 0.0, 0.0]","[0.8, 0.0, 0.0]",8,,,False
2026.05.21__165004,49.56035232543945,53.35588073730469,9.98756950139068e-05,49.56035232543945,48.0,0.0,,,,,,801.9814453125,3068.88671875,0.0,1.0,21.754398345947266,436.4738464355469,50.83635330200195,121.17401123046875,1.0000001111620804e-06,3.508868985591107e-06,11.687631607055664,3.8629729747772217,0.33051803708076477,0.0,0.0,38.34611511230469,37.12284469604492,1.0329519510269165,11.690154075622559,11.491100311279297,1.0173224210739136,inf,inf,,,,inf,,,1.0,11.706771850585938,poincare,1,512,gaussian,gaussian-ring,60000,0.3,0.3,"[0.0, 0.0, 0.0]","[0.8, 0.0, 0.0]",4,,,False
2026.05.21__165012,49.71728515625,46.695960998535156,9.99248877633363e-05,49.71728515625,49.0,0.0,,,,,,774.846923828125,2979.636962890625,0.0,1.0,21.64283561706543,430.99169921875,50.06386947631836,118.86642456054688,1.0000001111620804e-06,2.526521484469413e-06,11.685759544372559,3.8623921871185303,0.3305213153362274,0.0,0.0,38.32189178466797,37.11650085449219,1.0324758291244507,11.686235427856445,11.490042686462402,1.0170750617980957,inf,inf,,,,inf,,,1.0,11.704782485961914,poincare,1,512,gaussian,gaussian-ring,60000,0.3,0.3,"[0.0, 0.0, 0.0]","[0.8, 0.0, 0.0]",4,,,False
2026.05.21__165028,49.10921096801758,42.65106201171875,9.99248877633363e-05,49.10921096801758,63.5,0.0,,,,,,776.8311767578125,3173.253662109375,0.0,1.0,22.390710830688477,431.5597229003906,51.603973388671875,124.2671127319336,1.0000001111620804e-06,2.6377435915492242e-06,11.68374252319336,3.862996816635132,0.3306300938129425,0.0,0.0,38.3167610168457,37.119842529296875,1.0322446823120117,11.685394287109375,11.490551948547363,1.0169566869735718,inf,inf,,,,inf,,,1.0,11.70353889465332,poincare,1,512,gaussian,gaussian-ring,60000,0.3,0.3,"[0.0, 0.0, 0.0]","[0.8, 0.0, 0.0]",8,,,False
2026.05.21__165047,0.0002371853042859584,0.00023689295630902052,9.98756950139068e-05,0.0002371853042859584,20.0,0.0,,,,,,478.54656982421875,0.248213991522789,0.0,1.0,0.4973147511482239,0.5500695705413818,0.029837530106306076,0.5448786616325378,0.0,0.0,7.210126876831055,7.210126876831055,1.0,0.0,0.0,0.0900096669793129,0.03143889829516411,2.8630030155181885,9.596658706665039,5.6651482582092285,1.6939818859100342,1.0,1.0,0.0,0.0,0.0,1.0,0.0,0.0,1.0,7.878821849822998,euclidean,0,512,gaussian,gaussian-ring,60000,0.3,0.3,"[0.0, 0.0, 0.0]","[0.8, 0.0, 0.0]",4,,,False
2026.05.21__165113,0.001208237954415381,0.0013028242392465472,9.400689305039123e-05,0.001208237954415381,80.0,7.056196773191914e-05,0.0012038040440529585,0.0012038040440529585,-1368.981201171875,-1368.981201171875,-1368.981201171875,-1361.8797607421875,5.084895133972168,0.0,1.0,2.242898464202881,2.749229907989502,0.2325720638036728,2.5799872875213623,1.00644945177919e-06,4.5464474851542036e-07,0.19936805963516235,1.1029819250106812,5.532390117645264,0.4984999895095825,0.5049999952316284,0.07077774405479431,0.09419498592615128,0.7513960599899292,0.3471844792366028,0.38213151693344116,0.9085471034049988,0.0,0.0,0.0,0.0,0.0,0.028790738433599472,0.017214979976415634,-0.028790738433599472,1.0,0.3652154207229614,sphere,1,513,gaussian,gaussian-ring,60000,0.3,0.3,"[0.0, 0.0, 0.0]","[0.8, 0.0, 0.0]",8,,,False
2026.05.21__165121,0.0002371385635342449,0.00023679841251578182,9.981419862015173e-05,0.0002371385635342449,20.0,0.0,,,,,,478.5103454589844,0.2482016384601593,0.0,1.0,0.49749401211738586,0.5448716878890991,0.026455121114850044,0.5397387146949768,0.0,0.0,7.207425594329834,7.207425594329834,1.0,0.0,0.0,0.09003891795873642,0.031296487897634506,2.8769655227661133,9.59809398651123,5.652358055114746,1.6980689764022827,1.0,1.0,0.0,0.0,0.0,1.0,0.0,0.0,1.0,7.880043029785156,euclidean,0,512,gaussian,gaussian-ring,60000,0.3,0.3,"[0.0, 0.0, 0.0]","[0.8, 0.0, 0.0]",4,,,False
2026.05.21__165143,49.55946350097656,52.05769348144531,9.98756950139068e-05,49.55946350097656,62.0,0.0,,,,,,802.1329345703125,3074.3349609375,0.0,1.0,21.742773056030273,436.3519592285156,50.88671875,120.82299041748047,1.0000001111620804e-06,3.5033654057770036e-06,11.687636375427246,3.862971782684326,0.3305177688598633,0.0,0.0,38.34598159790039,37.1230354309082,1.0329430103302002,11.690144538879395,11.49111557006836,1.0173202753067017,inf,inf,,,,inf,,,1.0,11.706768035888672,euclidean,0,512,gaussian,gaussian-ring,60000,0.3,0.3,"[0.0, 0.0, 0.0]","[0.8, 0.0, 0.0]",4,,,False
2026.05.21__165224,0.0012637547915801406,0.0011981072602793574,9.730680903885514e-05,0.0012637547915801406,74.0,4.266202449798584e-05,0.0012507474748417735,0.0012507474748417735,-1291.6822509765625,-1291.6822509765625,-1291.6822509765625,-1289.4439697265625,5.039801597595215,0.0,1.0,2.2319905757904053,2.8816611766815186,0.24047496914863586,2.5919103622436523,1.0027562211689656e-06,4.5547270133283746e-07,0.23885853588581085,1.127446174621582,4.720141410827637,0.4726666808128357,0.39883333444595337,0.05992486700415611,0.0931117832660675,0.6435797810554504,0.33484789729118347,0.38006940484046936,0.8810176849365234,0.0,0.0,0.0,0.0,0.0,0.03160528093576431,0.019391411915421486,-0.03160528093576431,1.0,0.359843909740448,sphere,1,513,gaussian,gaussian-ring,60000,0.3,0.3,"[0.0, 0.0, 0.0]","[0.8, 0.0, 0.0]",8,,,False
2026.05.21__165327,0.22930561006069183,0.22469663619995117,9.969891107175499e-05,0.22930561006069183,50.0,9.467204108659644e-06,,,,,,3.0295982360839844,0.5007155537605286,0.0,1.0,0.6197208166122437,1.5356992483139038,0.34117862582206726,1.2273569107055664,1.0000001111620804e-06,2.7542751013243105e-06,0.27662694454193115,0.019274801015853882,0.06967795640230179,0.47966668009757996,0.47350001335144043,0.9696646928787231,0.9572073817253113,1.013014316558838,1.0675339698791504,1.0654897689819336,1.0019185543060303,0.6870598793029785,0.6891905665397644,0.0453672893345356,0.042912740260362625,0.0021306872367858887,0.9414697289466858,0.003168065333738923,-0.2522791624069214,1.0,1.0656577348709106,sphere,2,3,gaussian,gaussian-ring,60000,0.3,0.3,"[0.0, 0.0, 0.0]","[0.8, 0.0, 0.0]",1,,,False
2026.05.21__165337,0.0004203015996608883,0.0004195486835669726,9.98756950139068e-05,0.0004203015996608883,20.0,0.0,,,,,,502.552001953125,0.2499951422214508,0.0,1.0,0.4990600049495697,0.5530484318733215,0.03053470328450203,0.5477218627929688,0.0,0.0,9.570000648498535,9.570000648498535,1.0,0.9963333606719971,1.0,0.09000977873802185,0.12519271671772003,0.7189697027206421,9.596665382385254,11.316655158996582,0.8480125069618225,1.0,1.0,0.0,0.0,0.0,1.0,0.0,0.0,1.0,10.488057136535645,euclidean,0,512,gaussian,gaussian-ring,60000,0.3,0.3,"[0.0, 0.0, 0.0]","[0.8, 0.0, 0.0]",8,,,False
2026.05.21__165343,49.98101043701172,43.70164489746094,9.99248877633363e-05,49.98101043701172,66.0,0.0,,,,,,775.2313232421875,2955.501708984375,0.0,1.0,21.564525604248047,430.8663330078125,49.8446159362793,118.6318359375,1.0000001111620804e-06,2.532702637836337e-06,11.685686111450195,3.8623998165130615,0.3305239975452423,0.0,0.0,38.32197189331055,37.116451263427734,1.0324794054031372,11.686243057250977,11.490012168884277,1.0170785188674927,inf,inf,,,,inf,,,1.0,11.704721450805664,poincare,1,512,gaussian,gaussian-ring,60000,0.3,0.3,"[0.0, 0.0, 0.0]","[0.8, 0.0, 0.0]",8,,,False
2026.05.21__165348,0.22720582783222198,0.21588663756847382,9.974040585802868e-05,0.22720582783222198,50.0,1.0073184967041016e-05,,,,,,3.014949321746826,0.48628872632980347,0.0,1.0,0.606572687625885,1.5102086067199707,0.34374213218688965,1.2210735082626343,1.0000001111620804e-06,2.9229120173113188e-06,0.27213340997695923,0.016764456406235695,0.061603814363479614,0.5113333463668823,0.5115000009536743,0.9672617316246033,0.9801508784294128,0.986849844455719,1.0671954154968262,1.0715594291687012,0.9959273934364319,0.6912662982940674,0.6871845126152039,0.04420865699648857,0.042790912091732025,-0.004081845283508301,0.9411440491676331,0.003254080656915903,-0.253959596157074,1.0,1.072005033493042,sphere,2,3,gaussian,gaussian-ring,60000,0.3,0.3,"[0.0, 0.0, 0.0]","[0.8, 0.0, 0.0]",1,,,False
2026.05.21__165350,25.0797176361084,35.891090393066406,9.938564471667632e-05,25.0797176361084,60.5,0.0,27.901512145996094,27.901512145996094,1.1054853200912476,1.1054853200912476,1.1054853200912476,1.0401619672775269,40.54746627807617,0.0,1.0,3.2186312675476074,101.54593658447266,5.388798713684082,11.018109321594238,1.0000001111620804e-06,8.909570965442981e-07,0.448481947183609,0.026267915964126587,0.058570731431245804,0.4676666557788849,0.45266667008399963,5.543572425842285,5.651734352111816,0.9808622002601624,3.6552672386169434,3.707443952560425,0.9859265089035034,5.563029766082764,5.944797992706299,20.01438331604004,28.991580963134766,0.38176822662353516,1.0621408224105835,0.0039810677990317345,4.882657051086426,1.0,3.6556386947631836,poincare,2,2,gaussian,gaussian-ring,60000,0.3,0.3,"[0.0, 0.0, 0.0]","[0.8, 0.0, 0.0]",1,,,False
2026.05.21__165402,27.451671600341797,30.227466583251953,9.969891107175499e-05,27.451671600341797,61.5,0.0,,,,,,1.0844528675079346,42.36455535888672,0.0,1.0,3.2045390605926514,119.0880126953125,5.579212188720703,10.679421424865723,1.0000001111620804e-06,8.825244321997161e-07,0.4524601101875305,0.025077005848288536,0.05542368441820145,0.47600001096725464,0.4621666669845581,5.706187725067139,5.612252712249756,1.016737461090088,3.7199606895446777,3.693538188934326,1.0071537494659424,5.802835941314697,5.836829662322998,22.741573333740234,26.49622917175293,0.03399324417114258,1.0623120069503784,0.004142200108617544,4.774517059326172,1.0,3.702225923538208,poincare,2,2,gaussian,gaussian-ring,60000,0.3,0.3,"[0.0, 0.0, 0.0]","[0.8, 0.0, 0.0]",1,,,False
2026.05.21__165411,0.00042024266440421343,0.000419601914472878,9.981419862015173e-05,0.00042024266440421343,20.0,0.0,,,,,,502.4801940917969,0.24948489665985107,0.0,1.0,0.4987429082393646,0.5474730730056763,0.027182821184396744,0.5421574711799622,0.0,0.0,9.565093994140625,9.565093994140625,1.0,0.9956666827201843,1.0,0.09003905206918716,0.12490923702716827,0.7208357453346252,9.598100662231445,11.303874015808105,0.8490983843803406,1.0,1.0,0.0,0.0,0.0,1.0,0.0,0.0,1.0,10.489489555358887,euclidean,0,512,gaussian,gaussian-ring,60000,0.3,0.3,"[0.0, 0.0, 0.0]","[0.8, 0.0, 0.0]",8,,,False
2026.05.21__165446,0.0004202334675937891,0.0004197312518954277,9.969891107175499e-05,0.0004202334675937891,20.0,0.0,,,,,,502.6522216796875,0.2519785463809967,0.0,1.0,0.5014444589614868,0.542234480381012,0.023038538172841072,0.5381282567977905,0.0,0.0,9.580815315246582,9.580815315246582,1.0,0.9973333477973938,1.0,0.09006892889738083,0.12558051943778992,0.7172205448150635,9.59982967376709,11.33417797088623,0.8469805717468262,1.0,1.0,0.0,0.0,0.0,1.0,0.0,0.0,1.0,10.505824089050293,euclidean,0,512,gaussian,gaussian-ring,60000,0.3,0.3,"[0.0, 0.0, 0.0]","[0.8, 0.0, 0.0]",8,,,False
2026.05.21__165448,0.22626511752605438,0.2281361073255539,9.888164640869945e-05,0.22626511752605438,50.0,4.738569259643555e-06,0.22973701357841492,0.22973701357841492,3.023090124130249,3.023090124130249,3.02308988571167,3.0504705905914307,0.4852505028247833,0.0,1.0,0.6084820628166199,1.5230872631072998,0.338682621717453,1.2212766408920288,1.0000001111620804e-06,2.7964106266153976e-06,0.2744017541408539,0.01842619851231575,0.06715043634176254,0.48649999499320984,0.4819999933242798,0.9728080034255981,0.9605486392974854,1.0127629041671753,1.069368839263916,1.0665677785873413,1.0026261806488037,0.6905937790870667,0.6932980418205261,0.0448484905064106,0.04159922152757645,0.0027042627334594727,0.9421240091323853,0.003108654636889696,-0.2488260269165039,1.0,1.0662362575531006,sphere,2,3,gaussian,gaussian-ring,60000,0.3,0.3,"[0.0, 0.0, 0.0]","[0.8, 0.0, 0.0]",1,,,False
2026.05.21__165508,0.16634635627269745,0.16032761335372925,9.938564471667632e-05,0.16634635627269745,85.5,6.894270427437732e-06,0.16266843676567078,0.16266843676567078,1.2613290548324585,1.2613290548324585,1.2613290548324585,1.306120753288269,2.0970828533172607,0.0,1.0,1.4394946098327637,1.8757094144821167,0.1574137806892395,1.6448676586151123,1.0000001111620804e-06,7.122390002223256e-07,0.16849875450134277,0.033411040902137756,0.19828657805919647,0.8169999718666077,0.793666660785675,0.1018674299120903,0.10582749545574188,0.9625800251960754,0.39180272817611694,0.38821670413017273,1.0092370510101318,0.3047800064086914,0.2996871769428253,0.01600818522274494,0.01484376285225153,-0.005092829465866089,0.9414697289466858,0.003168065333738923,-0.6417825222015381,1.0,0.3923772871494293,sphere,2,3,gaussian,gaussian-ring,60000,0.3,0.3,"[0.0, 0.0, 0.0]","[0.8, 0.0, 0.0]",4,,,False
2026.05.21__165521,26.625699996948242,39.327796936035156,9.98756950139068e-05,26.625699996948242,60.5,0.0,,,,,,1.0934690237045288,38.87345886230469,0.0,1.0,3.1603665351867676,97.08785247802734,5.321565628051758,10.782927513122559,1.0000001111620804e-06,8.927202088671038e-07,0.5148859024047852,0.02239253930747509,0.04349030181765556,0.5005000233650208,0.47866666316986084,5.696135520935059,5.576687335968018,1.0214191675186157,3.715440511703491,3.6731390953063965,1.0115164518356323,5.753881454467773,5.847568988800049,21.00554847717285,27.928298950195312,0.0936875268816948,1.0628358125686646,0.004314052406698465,4.784733295440674,1.0,3.6928610801696777,poincare,2,2,gaussian,gaussian-ring,60000,0.3,0.3,"[0.0, 0.0, 0.0]","[0.8, 0.0, 0.0]",1,,,False
2026.05.21__165549,1410.7183837890625,1433.290283203125,9.981419862015173e-05,1410.7183837890625,155.0,0.0,,,,,,-2.1018624305725098,2647.334716796875,0.0,1.0,22.195585250854492,364.27850341796875,46.37759017944336,122.1364517211914,1.0000001111620804e-06,1.316341467827442e-06,0.5394323468208313,0.070515938103199,0.13072249293327332,0.3863333463668823,0.3491666615009308,17.90174674987793,18.65376853942871,0.9596853256225586,7.445849418640137,7.638312339782715,0.9748029708862305,36.37025833129883,40.15998840332031,63.50077438354492,2.7426003157415835e-07,3.7897300720214844,1.0621408224105835,0.0039810677990317345,39.09784698486328,1.0,7.512755393981934,poincare,2,2,gaussian,gaussian-ring,60000,0.3,0.3,"[0.0, 0.0, 0.0]","[0.8, 0.0, 0.0]",4,,,False
2026.05.21__165552,1383.740478515625,1358.7078857421875,9.981419862015173e-05,1383.740478515625,155.0,0.0,,,,,,-2.0132718086242676,2667.814453125,0.0,1.0,22.23633575439453,367.72943115234375,46.51616668701172,122.47330474853516,1.0000001111620804e-06,1.301148927268514e-06,0.43953001499176025,0.0642332136631012,0.1461406797170639,0.406333327293396,0.36633333563804626,17.999631881713867,18.671918869018555,0.9639946818351746,7.470446586608887,7.64252233505249,0.9774843454360962,36.73033905029297,40.15998458862305,56.8197021484375,2.7400923841014446e-07,3.429645538330078,1.0623120069503784,0.004142200108617544,39.09767150878906,1.0,7.554708957672119,poincare,2,2,gaussian,gaussian-ring,60000,0.3,0.3,"[0.0, 0.0, 0.0]","[0.8, 0.0, 0.0]",4,,,False
2026.05.21__165611,0.16452711820602417,0.17906419932842255,9.925681661115959e-05,0.16452711820602417,84.5,5.7419142649450805e-06,0.16377922892570496,0.16377922892570496,1.2651355266571045,1.2651355266571045,1.2651355266571045,1.2559095621109009,2.0996158123016357,0.0,1.0,1.4407598972320557,1.8848894834518433,0.15273019671440125,1.6450297832489014,1.0000438805946033e-06,7.121075782379194e-07,0.16691353917121887,0.032585762441158295,0.19522540271282196,0.8096666932106018,0.7948333621025085,0.1008053570985794,0.10243668407201767,0.9840747714042664,0.3885197639465332,0.3813014030456543,1.0189310312271118,0.3034162223339081,0.2968139946460724,0.016122838482260704,0.014512465335428715,-0.006602227687835693,0.9411440491676331,0.003254080656915903,-0.6443300247192383,1.0,0.3839985430240631,sphere,2,3,gaussian,gaussian-ring,60000,0.3,0.3,"[0.0, 0.0, 0.0]","[0.8, 0.0, 0.0]",4,,,False
2026.05.21__165634,0.167275071144104,0.17191195487976074,9.969891107175499e-05,0.167275071144104,85.5,6.298223979683826e-06,,,,,,1.2462847232818604,2.1082940101623535,0.0,1.0,1.443489909172058,1.9124279022216797,0.1561981439590454,1.6470149755477905,1.0000001111620804e-06,7.109251782821957e-07,0.1652536392211914,0.031676869839429855,0.19168636202812195,0.8163333535194397,0.800000011920929,0.10107026994228363,0.1046227216720581,0.9660451412200928,0.38962557911872864,0.3856256604194641,1.010372519493103,0.3034304678440094,0.297075480222702,0.01589428074657917,0.014935750514268875,-0.006354987621307373,0.9421240091323853,0.003108654636889696,-0.6450484991073608,1.0,0.3914833962917328,sphere,2,3,gaussian,gaussian-ring,60000,0.3,0.3,"[0.0, 0.0, 0.0]","[0.8, 0.0, 0.0]",4,,,False
2026.05.21__165649,0.15578815340995789,0.14955948293209076,9.938564471667632e-05,0.15578815340995789,85.5,7.107853889465332e-06,0.1517568826675415,0.1517568826675415,1.1245670318603516,1.1245670318603516,1.1245670318603516,1.1713663339614868,2.148545026779175,0.0,1.0,1.4568761587142944,1.9026806354522705,0.1605008840560913,1.6697605848312378,1.0000001111620804e-06,7.05948536960932e-07,0.16376301646232605,0.03206200897693634,0.19578295946121216,0.827833354473114,0.8176666498184204,0.08587174117565155,0.09040175378322601,0.9498901963233948,0.3606768846511841,0.35850298404693604,1.0060639381408691,0.29880866408348083,0.29501253366470337,0.013809642754495144,0.013125176541507244,-0.003796130418777466,0.9414697289466858,0.003168065333738923,-0.6464571952819824,1.0,0.36201953887939453,sphere,2,3,gaussian,gaussian-ring,60000,0.3,0.3,"[0.0, 0.0, 0.0]","[0.8, 0.0, 0.0]",8,,,False
2026.05.21__165651,0.15651527047157288,0.16502168774604797,9.925681661115959e-05,0.15651527047157288,86.0,5.518396847037366e-06,0.15731409192085266,0.15731409192085266,1.1147171258926392,1.1147171258926392,1.1147171258926392,1.0951257944107056,2.1482059955596924,0.0,1.0,1.4569767713546753,1.9021375179290771,0.1585325300693512,1.6694527864456177,1.0000001111620804e-06,7.052904038573615e-07,0.16343596577644348,0.030453408136963844,0.1863323599100113,0.8326666951179504,0.8343333601951599,0.08525325357913971,0.0898759588599205,0.9485657811164856,0.3584665060043335,0.3582913279533386,1.0004888772964478,0.29821470379829407,0.29248255491256714,0.013816602528095245,0.01303312461823225,-0.005732149351388216,0.9411440491676331,0.003254080656915903,-0.6486614942550659,1.0,0.35751447081565857,sphere,2,3,gaussian,gaussian-ring,60000,0.3,0.3,"[0.0, 0.0, 0.0]","[0.8, 0.0, 0.0]",8,,,False
2026.05.21__165656,1397.740478515625,1686.017822265625,9.974040585802868e-05,1397.740478515625,152.0,0.0,,,,,,-2.081181049346924,2743.56689453125,0.0,1.0,22.40415382385254,371.6069641113281,47.22467041015625,123.01956176757812,1.0000001111620804e-06,1.3328565273695858e-06,0.4075927436351776,0.0604996457695961,0.14843161404132843,0.40400001406669617,0.36550000309944153,18.047401428222656,18.661741256713867,0.9670802354812622,7.485118389129639,7.640252590179443,0.9796951413154602,36.80084991455078,40.159976959228516,53.59678649902344,2.756085279997933e-07,3.3591270446777344,1.0628358125686646,0.004314052406698465,39.09714126586914,1.0,7.567131519317627,poincare,2,2,gaussian,gaussian-ring,60000,0.3,0.3,"[0.0, 0.0, 0.0]","[0.8, 0.0, 0.0]",4,,,False
2026.05.21__165715,1410.7218017578125,1433.282470703125,9.981419862015173e-05,1410.7218017578125,152.5,0.0,,,,,,-2.101853847503662,2647.34423828125,0.0,1.0,22.19561195373535,364.2776794433594,46.37767028808594,122.13516998291016,1.0000001111620804e-06,1.3163424910089816e-06,0.5393928289413452,0.07051625847816467,0.13073265552520752,0.3865000009536743,0.3490000069141388,17.901782989501953,18.65386199951172,0.9596823453903198,7.445860862731934,7.638311386108398,0.9748045802116394,36.37016677856445,40.160057067871094,63.50014114379883,2.5134562520179315e-07,3.7898902893066406,1.0621408224105835,0.0039810677990317345,39.09791564941406,1.0,7.512875080108643,poincare,2,2,gaussian,gaussian-ring,60000,0.3,0.3,"[0.0, 0.0, 0.0]","[0.8, 0.0, 0.0]",8,,,False
2026.05.21__165730,1383.7452392578125,1358.696044921875,9.981419862015173e-05,1383.7452392578125,155.5,0.0,,,,,,-2.01326584815979,2667.8173828125,0.0,1.0,22.23635482788086,367.7214050292969,46.51618576049805,122.4736557006836,1.0000001111620804e-06,1.3011494957027026e-06,0.4395257830619812,0.06423304975032806,0.14614170789718628,0.40700000524520874,0.3661666810512543,17.99959945678711,18.671987533569336,0.9639894962310791,7.470438003540039,7.6425275802612305,0.9774826765060425,36.73031234741211,40.1600456237793,56.819488525390625,2.506270107005548e-07,3.4297335147857666,1.0623120069503784,0.004142200108617544,39.09773254394531,1.0,7.554785251617432,poincare,2,2,gaussian,gaussian-ring,60000,0.3,0.3,"[0.0, 0.0, 0.0]","[0.8, 0.0, 0.0]",8,,,False
2026.05.21__165733,1397.745849609375,1686.00390625,9.974040585802868e-05,1397.745849609375,152.0,0.0,,,,,,-2.081171989440918,2743.580322265625,0.0,1.0,22.404197692871094,371.604736328125,47.22479248046875,123.02030181884766,1.0000001111620804e-06,1.3328586874195025e-06,0.4069882929325104,0.06049827113747597,0.1486486941576004,0.4036666750907898,0.3661666810512543,18.047380447387695,18.66179084777832,0.9670765995979309,7.485130786895752,7.640258312225342,0.9796960353851318,36.800804138183594,40.1600341796875,53.59608459472656,2.615363996483211e-07,3.3592300415039062,1.0628358125686646,0.004314052406698465,39.097198486328125,1.0,7.567142486572266,poincare,2,2,gaussian,gaussian-ring,60000,0.3,0.3,"[0.0, 0.0, 0.0]","[0.8, 0.0, 0.0]",8,,,False
2026.05.21__165742,0.15814648568630219,0.15913215279579163,9.969891107175499e-05,0.15814648568630219,85.5,5.414088718680432e-06,,,,,,1.111169457435608,2.14976167678833,0.0,1.0,1.4577890634536743,1.9124277830123901,0.1557478904724121,1.6658698320388794,1.0000001111620804e-06,7.014889433776261e-07,0.16220828890800476,0.030955417081713676,0.19083744287490845,0.8255000114440918,0.812333345413208,0.08710871636867523,0.08973930031061172,0.9706863760948181,0.3624359667301178,0.3577841520309448,1.013001799583435,0.29832929372787476,0.29161038994789124,0.013995152898132801,0.013111901469528675,-0.0067189037799835205,0.9421240091323853,0.003108654636889696,-0.6505136489868164,1.0,0.3639349043369293,sphere,2,3,gaussian,gaussian-ring,60000,0.3,0.3,"[0.0, 0.0, 0.0]","[0.8, 0.0, 0.0]",8,,,False
2026.05.21__165755,0.20261114835739136,0.197907954454422,9.969891107175499e-05,0.20261114835739136,44.0,2.9553968943218933e-06,,,,,,3.243661403656006,0.355250746011734,0.0,1.0,0.5263457894325256,1.1722633838653564,0.279363751411438,1.0382925271987915,1.0000001111620804e-06,2.7533912998478627e-06,0.3682563602924347,0.08008547872304916,0.21747209131717682,0.5015000104904175,0.4973333477973938,0.9752312898635864,0.9581672549247742,1.0178090333938599,1.0715603828430176,1.0689550638198853,1.0024372339248657,0.5073096752166748,0.51262366771698,0.05517296493053436,0.05568281561136246,0.005313992500305176,0.837572455406189,0.013831323944032192,-0.3249487280845642,1.0,1.0672876834869385,sphere,2,4,gaussian,gaussian-ring,60000,0.3,0.3,"[0.0, 0.0, 0.0]","[0.8, 0.0, 0.0]",1,,,False
2026.05.21__165847,18.650667190551758,13.431880950927734,9.95022855931893e-05,18.650667190551758,60.0,0.0,,,,,,1.9243574142456055,39.64558792114258,0.0,1.0,3.149725914001465,102.25447082519531,5.370949745178223,10.72018814086914,1.0000001111620804e-06,8.319601079165295e-07,0.7939900159835815,0.10314835608005524,0.129911407828331,0.48483332991600037,0.44983333349227905,5.8584160804748535,5.501149654388428,1.0649439096450806,3.980936288833618,3.827018976211548,1.0402185916900635,59.58268737792969,58.796504974365234,15025.572265625,20082.939453125,-0.7861823439598083,1.203187346458435,0.03730228915810585,57.593318939208984,1.0,3.910533905029297,poincare,2,3,gaussian,gaussian-ring,60000,0.3,0.3,"[0.0, 0.0, 0.0]","[0.8, 0.0, 0.0]",1,,,False
2026.05.21__165901,18.749563217163086,15.615499496459961,9.981419862015173e-05,18.749563217163086,58.0,0.0,,,,,,1.9973235130310059,35.3431510925293,0.0,1.0,3.060687780380249,94.73713684082031,5.0414958000183105,10.641155242919922,1.0000001111620804e-06,8.939696272136644e-07,0.7101422548294067,0.10694219172000885,0.150592640042305,0.5059999823570251,0.49433332681655884,5.449245452880859,5.625759601593018,0.9686239361763,3.8334338665008545,3.8808581829071045,0.987779974937439,42.990074157714844,61.55817794799805,7019.673828125,21611.02734375,18.568103790283203,1.2066267728805542,0.03851271793246269,60.3515510559082,1.0,3.8828742504119873,poincare,2,3,gaussian,gaussian-ring,60000,0.3,0.3,"[0.0, 0.0, 0.0]","[0.8, 0.0, 0.0]",1,,,False
2026.05.21__165907,0.13772223889827728,0.14676110446453094,9.95022855931893e-05,0.13772223889827728,74.0,7.410844318656018e-06,,,,,,0.37450891733169556,1.8367116451263428,0.0,1.0,1.3478511571884155,1.7979081869125366,0.14090320467948914,1.51918363571167,1.0000001111620804e-06,7.54338429942436e-07,0.1924625039100647,0.08546144515275955,0.4440420866012573,0.5403333306312561,0.4230000078678131,0.09803226590156555,0.10393701493740082,0.9431892037391663,0.3950854539871216,0.38792720437049866,1.018452525138855,0.10437753051519394,0.10336343199014664,0.004867440555244684,0.005813445895910263,-0.0010140985250473022,0.837572455406189,0.013831323944032192,-0.734208881855011,1.0,0.39304253458976746,sphere,2,4,gaussian,gaussian-ring,60000,0.3,0.3,"[0.0, 0.0, 0.0]","[0.8, 0.0, 0.0]",4,,,False
2026.05.21__165918,19.912052154541016,23.074344635009766,9.974040585802868e-05,19.912052154541016,60.0,0.0,,,,,,1.9172275066375732,40.667564392089844,0.0,1.0,3.0652050971984863,117.94109344482422,5.478421688079834,9.961405754089355,1.0000001111620804e-06,8.700299645170162e-07,0.8040471076965332,0.10531733185052872,0.13098403811454773,0.4858333468437195,0.4713333249092102,5.534047603607178,5.521172046661377,1.002332091331482,3.8599801063537598,3.8366737365722656,1.0060745477676392,47.460811614990234,58.26668930053711,8606.93359375,18380.708984375,10.80587387084961,1.2046388387680054,0.035549525171518326,57.06204605102539,1.0,3.8477611541748047,poincare,2,3,gaussian,gaussian-ring,60000,0.3,0.3,"[0.0, 0.0, 0.0]","[0.8, 0.0, 0.0]",1,,,False
2026.05.21__165921,0.13834527134895325,0.12850341200828552,9.974040585802868e-05,0.13834527134895325,75.0,4.708766937255859e-06,,,,,,0.43527132272720337,1.8440200090408325,0.0,1.0,1.34980309009552,1.779433250427246,0.1479652374982834,1.5254840850830078,1.0000001111620804e-06,7.557752610409807e-07,0.1957845240831375,0.08827318251132965,0.45086905360221863,0.5093333125114441,0.3903333246707916,0.09799344837665558,0.10501738637685776,0.9331164360046387,0.3961351215839386,0.3917284607887268,1.0112491846084595,0.10829221457242966,0.10342685878276825,0.005297014955431223,0.005884731188416481,-0.0048653557896614075,0.84157794713974,0.013600246049463749,-0.7381510138511658,1.0,0.39250341057777405,sphere,2,4,gaussian,gaussian-ring,60000,0.3,0.3,"[0.0, 0.0, 0.0]","[0.8, 0.0, 0.0]",4,,,False
2026.05.21__165926,1081.980224609375,993.0018920898438,9.969891107175499e-05,1081.980224609375,152.0,0.0,,,,,,-0.7647731900215149,2387.972900390625,0.0,1.0,21.554044723510742,342.4737854003906,43.80142593383789,117.97738647460938,1.0000001111620804e-06,1.2106239637432736e-06,2.5184743404388428,0.14704416692256927,0.05838620662689209,0.5404999852180481,0.47600001096725464,18.040794372558594,18.388402938842773,0.9810963273048401,7.7567291259765625,7.852725028991699,0.9877753853797913,1435.9583740234375,1612.8233642578125,166056.84375,0.0018250986468046904,176.86500549316406,1.203187346458435,0.03730228915810585,1611.6201171875,1.0,7.8170599937438965,poincare,2,3,gaussian,gaussian-ring,60000,0.3,0.3,"[0.0, 0.0, 0.0]","[0.8, 0.0, 0.0]",4,,,False
2026.05.21__165959,0.1389426290988922,0.1411435753107071,9.974040585802868e-05,0.1389426290988922,73.5,5.145867817191174e-06,,,,,,0.37993937730789185,1.8429185152053833,0.0,1.0,1.3489534854888916,1.7836250066757202,0.15216389298439026,1.5256150960922241,1.0000001111620804e-06,7.572591016469232e-07,0.1947856843471527,0.09005744755268097,0.46234115958213806,0.5321666598320007,0.40966665744781494,0.09454569220542908,0.10164942592382431,0.9301153421401978,0.3887675106525421,0.3859170377254486,1.0073862075805664,0.10622274875640869,0.10122296214103699,0.0048678875900805,0.005266167223453522,-0.004999786615371704,0.8418706655502319,0.013209682889282703,-0.7406477332115173,1.0,0.3905879259109497,sphere,2,4,gaussian,gaussian-ring,60000,0.3,0.3,"[0.0, 0.0, 0.0]","[0.8, 0.0, 0.0]",4,,,False
2026.05.21__170014,0.13044212758541107,0.13884004950523376,9.95022855931893e-05,0.13044212758541107,81.5,6.6508850977697875e-06,,,,,,0.16952349245548248,1.8799567222595215,0.0,1.0,1.362628698348999,1.813807725906372,0.15159311890602112,1.5530195236206055,1.0000001111620804e-06,7.47597312056314e-07,0.1863921582698822,0.08115987479686737,0.43542537093162537,0.5298333168029785,0.40700000524520874,0.08337568491697311,0.08875399082899094,0.939402163028717,0.365844190120697,0.3592272102832794,1.0184201002120972,0.09962744265794754,0.0989915132522583,0.00389170297421515,0.004723314195871353,-0.0006359294056892395,0.837572455406189,0.013831323944032192,-0.7385808825492859,1.0,0.3645942807197571,sphere,2,4,gaussian,gaussian-ring,60000,0.3,0.3,"[0.0, 0.0, 0.0]","[0.8, 0.0, 0.0]",8,,,False
2026.05.21__170035,0.1310356855392456,0.11908604204654694,9.974040585802868e-05,0.1310356855392456,79.5,5.113581664772937e-06,,,,,,0.25735825300216675,1.8906854391098022,0.0,1.0,1.366075873374939,1.8200212717056274,0.15630796551704407,1.5570087432861328,1.0000001111620804e-06,7.482655064450228e-07,0.1860901415348053,0.08265939354896545,0.444190114736557,0.5180000066757202,0.39366665482521057,0.08391231298446655,0.09069845825433731,0.9251790642738342,0.36786115169525146,0.36444202065467834,1.009381890296936,0.10340524464845657,0.09955387562513351,0.004304658155888319,0.004909519571810961,-0.0038513687904924154,0.84157794713974,0.013600246049463749,-0.7420240640640259,1.0,0.364769846200943,sphere,2,4,gaussian,gaussian-ring,60000,0.3,0.3,"[0.0, 0.0, 0.0]","[0.8, 0.0, 0.0]",8,,,False
2026.05.21__170040,1063.2628173828125,845.370849609375,9.95022855931893e-05,1063.2628173828125,152.0,0.0,,,,,,-0.7091985940933228,2350.426025390625,0.0,1.0,21.40842628479004,340.6797180175781,43.39291000366211,117.43441772460938,1.0000001111620804e-06,1.1539583510966622e-06,1.7365126609802246,0.13548584282398224,0.07802180200815201,0.5348333120346069,0.47316667437553406,18.13085174560547,18.37771224975586,0.9865673780441284,7.780126094818115,7.850106239318848,0.9910855293273926,1464.6556396484375,1612.8233642578125,145522.5625,0.001808830420486629,148.167724609375,1.2066267728805542,0.03851271793246269,1611.61669921875,1.0,7.842716217041016,poincare,2,3,gaussian,gaussian-ring,60000,0.3,0.3,"[0.0, 0.0, 0.0]","[0.8, 0.0, 0.0]",4,,,False
2026.05.21__170042,0.131783127784729,0.1316763311624527,9.974040585802868e-05,0.131783127784729,79.0,5.324681751517346e-06,,,,,,0.18656973540782928,1.8851027488708496,0.0,1.0,1.3640094995498657,1.8123173713684082,0.15649724006652832,1.557401418685913,1.0000001111620804e-06,7.471046501450473e-07,0.18755528330802917,0.08529437333345413,0.45476919412612915,0.5458333492279053,0.4073333442211151,0.08196691423654556,0.08807394653558731,0.9306601285934448,0.3631436824798584,0.3592502772808075,1.0108375549316406,0.10200364887714386,0.09717365354299545,0.004041013773530722,0.004322818946093321,-0.004829995334148407,0.8418706655502319,0.013209682889282703,-0.7446970343589783,1.0,0.3638140559196472,sphere,2,4,gaussian,gaussian-ring,60000,0.3,0.3,"[0.0, 0.0, 0.0]","[0.8, 0.0, 0.0]",8,,,False
2026.05.21__170043,1088.867431640625,880.5910034179688,9.974040585802868e-05,1088.867431640625,151.0,0.0,,,,,,-1.1072113513946533,2381.5380859375,0.0,1.0,21.334794998168945,342.5044860839844,43.777984619140625,116.49002075195312,1.0000001111620804e-06,1.2506452549132518e-06,2.0487191677093506,0.1619642823934555,0.07905635982751846,0.5550000071525574,0.484499990940094,17.884077072143555,18.35498809814453,0.9743442535400391,7.717437267303467,7.844743251800537,0.9837717413902283,1395.7047119140625,1612.8236083984375,193299.71875,0.00183104129973799,217.118896484375,1.2046388387680054,0.035549525171518326,1611.6190185546875,1.0,7.786586761474609,poincare,2,3,gaussian,gaussian-ring,60000,0.3,0.3,"[0.0, 0.0, 0.0]","[0.8, 0.0, 0.0]",4,,,False
2026.05.21__170101,1081.9842529296875,993.0106201171875,9.969891107175499e-05,1081.9842529296875,152.0,0.0,,,,,,-0.7647650837898254,2387.98291015625,0.0,1.0,21.554075241088867,342.4774475097656,43.801536560058594,117.9777603149414,1.0000001111620804e-06,1.2106249869248131e-06,2.5184946060180664,0.14704662561416626,0.05838671326637268,0.5404999852180481,0.47600001096725464,18.040809631347656,18.38838005065918,0.9810984134674072,7.75673246383667,7.852726459503174,0.9877757430076599,1435.956298828125,1612.8302001953125,166055.734375,0.0016138380160555243,176.8739013671875,1.203187346458435,0.03730228915810585,1611.626953125,1.0,7.817129135131836,poincare,2,3,gaussian,gaussian-ring,60000,0.3,0.3,"[0.0, 0.0, 0.0]","[0.8, 0.0, 0.0]",8,,,False
2026.05.21__170114,0.07224715501070023,0.07131794095039368,9.95022855931893e-05,0.07224715501070023,32.0,9.663403034210205e-06,,,,,,-5.58589506149292,0.06578807532787323,0.0,1.0,0.2349909245967865,0.5347331166267395,0.10267755389213562,0.4118373692035675,1.0000001111620804e-06,5.406283435149817e-06,0.7161116600036621,0.9277988076210022,1.2956063747406006,0.49300000071525574,0.48233333230018616,0.9794496893882751,0.9828426241874695,0.9965478777885437,1.0760477781295776,1.0760464668273926,1.0000011920928955,0.03004666045308113,0.03236176073551178,0.002945837564766407,0.00365324504673481,0.002315100282430649,0.004426612984389067,0.00015519231965299696,0.027935147285461426,1.0,1.0775152444839478,sphere,2,17,gaussian,gaussian-ring,60000,0.3,0.3,"[0.0, 0.0, 0.0]","[0.8, 0.0, 0.0]",1,,,False
2026.05.21__170123,1063.266357421875,845.3782958984375,9.95022855931893e-05,1063.266357421875,152.0,0.0,,,,,,-0.7091876864433289,2350.43994140625,0.0,1.0,21.408472061157227,340.6775817871094,43.39303970336914,117.43527221679688,1.0000001111620804e-06,1.1539603974597412e-06,1.7359187602996826,0.13548648357391357,0.07804886251688004,0.5348333120346069,0.47316667437553406,18.130800247192383,18.37774658203125,0.9865627288818359,7.780106544494629,7.850104331970215,0.9910833239555359,1464.6292724609375,1612.8310546875,145508.796875,0.001592525513842702,148.20166015625,1.2066267728805542,0.03851271793246269,1611.6243896484375,1.0,7.842746734619141,poincare,2,3,gaussian,gaussian-ring,60000,0.3,0.3,"[0.0, 0.0, 0.0]","[0.8, 0.0, 0.0]",8,,,False
2026.05.21__170135,0.07195164263248444,0.07118324935436249,9.960671741282567e-05,0.07195164263248444,32.0,1.0649363503034692e-05,,,,,,-5.645930290222168,0.06700053066015244,0.0,1.0,0.23696032166481018,0.5489938259124756,0.10403008759021759,0.4145793914794922,1.0000001111620804e-06,5.3737817324872594e-06,0.6722159385681152,0.9212544560432434,1.370474100112915,0.4936666786670685,0.4855000078678131,0.9721996784210205,0.9708853363990784,1.0013537406921387,1.0750259160995483,1.0737345218658447,1.0012027025222778,0.02976333536207676,0.032417796552181244,0.0028618911746889353,0.0036272637080401182,0.0026544611901044846,0.00436813710257411,0.0001517557684564963,0.028049658983945847,1.0,1.073838472366333,sphere,2,17,gaussian,gaussian-ring,60000,0.3,0.3,"[0.0, 0.0, 0.0]","[0.8, 0.0, 0.0]",1,,,False
2026.05.21__170158,0.07225094735622406,0.07300752401351929,9.99248877633363e-05,0.07225094735622406,32.0,2.1780531369586242e-06,,,,,,-5.572466850280762,0.06403925269842148,0.0,1.0,0.23367810249328613,0.47805672883987427,0.09699513018131256,0.3890168368816376,1.0000001111620804e-06,5.425283688964555e-06,0.6346794962882996,0.9238303899765015,1.4555857181549072,0.5058333277702332,0.5303333401679993,0.9820282459259033,0.9690746068954468,1.0133670568466187,1.0756088495254517,1.0738492012023926,1.001638650894165,0.03233537822961807,0.032095279544591904,0.003243121085688472,0.0035703706089407206,-0.0002400986704742536,0.005014063324779272,0.00021238892804831266,0.027081215754151344,1.0,1.0722358226776123,sphere,2,17,gaussian,gaussian-ring,60000,0.3,0.3,"[0.0, 0.0, 0.0]","[0.8, 0.0, 0.0]",1,,,False
2026.05.21__170203,0.031194251030683517,0.032921500504016876,9.99248877633363e-05,0.031194251030683517,44.0,2.789000745906378e-06,,,,,,-21.708694458007812,0.6279434561729431,0.0,1.0,0.7530364394187927,1.0920969247817993,0.24632830917835236,1.0283774137496948,1.0000001111620804e-06,1.711780100777105e-06,0.2621789574623108,0.8222224712371826,3.1361117362976074,0.5063333511352539,0.31200000643730164,0.09568315744400024,0.10413193702697754,0.9188646674156189,0.41176000237464905,0.39872655272483826,1.0326876640319824,7.737699547760712e-07,7.000855021033203e-06,3.1074134931863284e-10,9.531791356209851e-09,6.2270846683532e-06,0.004426612984389067,0.00015519231965299696,-0.004419612232595682,1.0,0.4076499044895172,sphere,2,17,gaussian,gaussian-ring,60000,0.3,0.3,"[0.0, 0.0, 0.0]","[0.8, 0.0, 0.0]",4,,,False
2026.05.21__170231,0.029274720698595047,0.028438115492463112,9.833202057052404e-05,0.029274720698595047,56.0,7.420778274536133e-06,0.03020184300839901,0.03020184300839901,-25.159908294677734,-25.159908294677734,-25.1599063873291,-25.393356323242188,0.642037034034729,0.0,1.0,0.7769091725349426,1.1838055849075317,0.19569775462150574,1.0975607633590698,1.0000001111620804e-06,1.4271245163399726e-06,0.19829346239566803,0.7469689846038818,3.7669880390167236,0.4946666657924652,0.3916666805744171,0.11516577005386353,0.10562758147716522,1.09030020236969,0.43597307801246643,0.39971137046813965,1.0907195806503296,1.4803840713284444e-06,6.938271326362155e-06,2.0471903339203124e-10,1.4856749608327391e-08,5.457887255033711e-06,0.00436813710257411,0.0001517557684564963,-0.004361198749393225,1.0,0.41839295625686646,sphere,2,17,gaussian,gaussian-ring,60000,0.3,0.3,"[0.0, 0.0, 0.0]","[0.8, 0.0, 0.0]",4,,,False
2026.05.21__170232,1088.8719482421875,880.5999755859375,9.974040585802868e-05,1088.8719482421875,151.5,0.0,,,,,,-1.1072032451629639,2381.5478515625,0.0,1.0,21.334827423095703,342.5009460449219,43.77808380126953,116.48954010009766,1.0000001111620804e-06,1.2506462780947913e-06,2.0487260818481445,0.16196481883525848,0.07905635982751846,0.5550000071525574,0.484499990940094,17.88412857055664,18.35504150390625,0.9743441343307495,7.717453956604004,7.844745635986328,0.9837737083435059,1395.7342529296875,1612.83154296875,193312.65625,0.0015692326705902815,217.0972900390625,1.2046388387680054,0.035549525171518326,1611.626953125,1.0,7.786624431610107,poincare,2,3,gaussian,gaussian-ring,60000,0.3,0.3,"[0.0, 0.0, 0.0]","[0.8, 0.0, 0.0]",8,,,False
2026.05.21__170238,5.563330173492432,6.326300144195557,9.960671741282567e-05,5.563330173492432,40.0,0.0,,,,,,15.552010536193848,19.30291175842285,0.0,1.0,2.4156887531280518,61.58908462524414,3.6482644081115723,7.948154449462891,1.0000001111620804e-06,9.763755315361777e-07,1.299736499786377,0.919527530670166,0.7074722647666931,0.4896666705608368,0.9366666674613953,2.5585174560546875,5.6000566482543945,0.45687350630760193,2.613187313079834,4.035663604736328,0.6475235819816589,9.83019229806592e+16,1.8147391213853118e+21,inf,inf,1.8146407458809515e+21,16074.1279296875,61875838976.0,1.8147391213853118e+21,1.0,3.3289685249328613,poincare,2,16,gaussian,gaussian-ring,60000,0.3,0.3,"[0.0, 0.0, 0.0]","[0.8, 0.0, 0.0]",1,,,False
2026.05.21__170253,5.63218355178833,4.506459712982178,9.99248877633363e-05,5.63218355178833,33.5,0.0,,,,,,18.010147094726562,22.465015411376953,0.0,1.0,2.36014461517334,86.31819915771484,4.0608229637146,7.81351900100708,1.0000001111620804e-06,1.1020146075679804e-06,1.4237592220306396,0.9198211431503296,0.6460509896278381,0.48516666889190674,0.9894999861717224,2.4074647426605225,5.572399616241455,0.4320337176322937,2.5592567920684814,4.024550437927246,0.635911226272583,72638971904.0,3.6446708546385813e+21,3.007686972739024e+25,inf,3.6446708546385813e+21,19154.228515625,174449803264.0,3.6446708546385813e+21,1.0,3.29286527633667,poincare,2,16,gaussian,gaussian-ring,60000,0.3,0.3,"[0.0, 0.0, 0.0]","[0.8, 0.0, 0.0]",1,,,False
2026.05.21__170258,0.02952175959944725,0.02653219923377037,9.911583038046956e-05,0.02952175959944725,56.0,8.016824722290039e-06,0.02903679572045803,0.02903679572045803,-25.166677474975586,-25.166677474975586,-25.16667366027832,-25.398866653442383,0.6561194062232971,0.0,1.0,0.7862696647644043,1.2023036479949951,0.19439101219177246,1.0984747409820557,1.0000001111620804e-06,1.407607783221465e-06,0.1928148865699768,0.7343621253967285,3.808638095855713,0.499833345413208,0.40700000524520874,0.11606758832931519,0.10163256525993347,1.1420314311981201,0.4353656768798828,0.3940106928348541,1.1049590110778809,1.9663243620016146e-06,6.0895918068126775e-06,2.57998816755034e-10,8.097177151000778e-09,4.123267444811063e-06,0.005014063324779272,0.00021238892804831266,-0.005007973872125149,1.0,0.41448575258255005,sphere,2,17,gaussian,gaussian-ring,60000,0.3,0.3,"[0.0, 0.0, 0.0]","[0.8, 0.0, 0.0]",4,,,False
2026.05.21__170307,0.029429966583848,0.030179401859641075,9.99248877633363e-05,0.029429966583848,44.0,1.7881393432617188e-06,,,,,,-22.476789474487305,0.65848308801651,0.0,1.0,0.7714226841926575,1.0928499698638916,0.2512316107749939,1.043613314628601,1.0000001111620804e-06,1.658166183915455e-06,0.25292831659317017,0.784056544303894,3.0999159812927246,0.5048333406448364,0.2723333239555359,0.08172755688428879,0.09113995730876923,0.8967260122299194,0.3833365738391876,0.37342774868011475,1.026534914970398,2.646579844167718e-07,4.545197953120805e-06,1.1787097339843733e-11,5.666533908765814e-09,4.280539997125743e-06,0.004426612984389067,0.00015519231965299696,-0.004422067664563656,1.0,0.38036394119262695,sphere,2,17,gaussian,gaussian-ring,60000,0.3,0.3,"[0.0, 0.0, 0.0]","[0.8, 0.0, 0.0]",8,,,False
2026.05.21__170314,0.027888258919119835,0.02818366326391697,9.911583038046956e-05,0.027888258919119835,55.5,8.32974910736084e-06,0.02856380119919777,0.02856380119919777,-26.167177200317383,-26.167177200317383,-26.167177200317383,-25.990602493286133,0.6653258204460144,0.0,1.0,0.7916833758354187,1.1754530668258667,0.1960681974887848,1.1074355840682983,1.0000001111620804e-06,1.412758706464956e-06,0.2008114755153656,0.7188723683357239,3.5798373222351074,0.49966666102409363,0.38499999046325684,0.09735533595085144,0.0912385880947113,1.067041277885437,0.4044627547264099,0.3732913136482239,1.0835044384002686,6.714838605148543e-07,3.4112210869352566e-06,3.757348251975934e-11,3.004967830122496e-09,2.7397370558901457e-06,0.00436813710257411,0.0001517557684564963,-0.0043647256679832935,1.0,0.38961368799209595,sphere,2,17,gaussian,gaussian-ring,60000,0.3,0.3,"[0.0, 0.0, 0.0]","[0.8, 0.0, 0.0]",8,,,False
2026.05.21__170321,5.769262790679932,6.017123222351074,9.974040585802868e-05,5.769262790679932,41.0,0.0,,,,,,15.512749671936035,25.588754653930664,0.0,1.0,2.4803671836853027,79.47299194335938,4.244279384613037,8.164604187011719,1.0000001111620804e-06,9.991528031605412e-07,1.318962812423706,0.9047296643257141,0.6859402656555176,0.49416667222976685,0.9421666860580444,2.581360340118408,5.510006427764893,0.46848589181900024,2.6345791816711426,3.9969301223754883,0.6591506600379944,1.4255140766325146e+17,3.0426054496036963e+21,inf,inf,3.0424630232654807e+21,18809.73828125,203611422720.0,3.0426054496036963e+21,1.0,3.317990303039551,poincare,2,16,gaussian,gaussian-ring,60000,0.3,0.3,"[0.0, 0.0, 0.0]","[0.8, 0.0, 0.0]",1,,,False
2026.05.21__170419,0.029224295169115067,0.02868540771305561,9.981419862015173e-05,0.029224295169115067,44.0,1.9669532775878906e-06,,,,,,-23.13100814819336,0.6687776446342468,0.0,1.0,0.7802067995071411,1.1095092296600342,0.24472863972187042,1.0490033626556396,1.0000001111620804e-06,1.6050047406679369e-06,0.2459351122379303,0.7687845230102539,3.125964879989624,0.5101666450500488,0.3016666769981384,0.08678946644067764,0.08752892911434174,0.9915518164634705,0.3908699154853821,0.3667888045310974,1.065653920173645,7.192521707111155e-07,4.57754458693671e-06,7.984966854390763e-11,2.0193240857224737e-08,3.858292529912433e-06,0.005014063324779272,0.00021238892804831266,-0.005009485874325037,1.0,0.3804000914096832,sphere,2,17,gaussian,gaussian-ring,60000,0.3,0.3,"[0.0, 0.0, 0.0]","[0.8, 0.0, 0.0]",8,,,False
2026.05.21__170427,326.7851257324219,348.1494140625,9.99248877633363e-05,326.7851257324219,105.5,0.000411152868764475,,,,,,47.40632247924805,1248.0557861328125,0.0,1.0,15.022671699523926,256.8707580566406,31.944461822509766,85.1792984008789,1.0000001111620804e-06,1.7275333448196761e-06,4.935982704162598,1.7468661069869995,0.3539043664932251,1.0,1.0,5.812557220458984,17.973649978637695,0.3233932554721832,4.244227886199951,7.961465358734131,0.5330963134765625,3.4979502836007567e+18,1.140004460299608e+24,inf,inf,1.1400009294775002e+24,16074.1279296875,61875838976.0,1.140004460299608e+24,1.0,6.117310047149658,poincare,2,16,gaussian,gaussian-ring,60000,0.3,0.3,"[0.0, 0.0, 0.0]","[0.8, 0.0, 0.0]",4,,,False
2026.05.21__170428,313.52386474609375,313.73553466796875,9.98756950139068e-05,313.52386474609375,97.0,0.0007896224851720035,,,,,,46.36793899536133,1270.4442138671875,0.0,1.0,15.125391960144043,260.1489562988281,32.19703674316406,85.78695678710938,1.0000001111620804e-06,1.6594195813013357e-06,4.944523334503174,1.7276363372802734,0.3494040071964264,1.0,1.0,6.108526229858398,17.97255516052246,0.3398807644844055,4.368752479553223,7.961179256439209,0.5487569570541382,9.202947508857209e+19,1.1400020823990048e+24,inf,inf,1.1399101369090124e+24,19154.228515625,174449803264.0,1.1400020823990048e+24,1.0,6.179080963134766,poincare,2,16,gaussian,gaussian-ring,60000,0.3,0.3,"[0.0, 0.0, 0.0]","[0.8, 0.0, 0.0]",4,,,False
2026.05.21__170430,313.5142517089844,302.66119384765625,9.99248877633363e-05,313.5142517089844,105.0,0.0006485979538410902,,,,,,46.86824035644531,1258.3363037109375,0.0,1.0,15.023879051208496,256.0577392578125,32.05028533935547,84.45167541503906,1.0000001111620804e-06,1.7207054270329536e-06,4.983401298522949,1.7433778047561646,0.34983691573143005,1.0,1.0,5.882658958435059,17.976720809936523,0.327237606048584,4.272494792938232,7.962190628051758,0.5365979075431824,3.1665042076507046e+19,1.1400017221110346e+24,inf,inf,1.1399700888272519e+24,18809.73828125,203611422720.0,1.1400017221110346e+24,1.0,6.131022930145264,poincare,2,16,gaussian,gaussian-ring,60000,0.3,0.3,"[0.0, 0.0, 0.0]","[0.8, 0.0, 0.0]",4,,,False
2026.05.21__170434,0.00677633099257946,0.006476469337940216,9.730680903885514e-05,0.00677633099257946,67.0,6.39359132037498e-05,0.00674103619530797,0.00674103619530797,41.22199630737305,41.22199630737305,13.634868621826172,13.017618179321289,1.096892237663269,0.0,1.0,1.0089468955993652,1.8431094884872437,0.2805218994617462,1.4270247220993042,1.0000042038882384e-06,1.108817173189891e-06,0.6626913547515869,1.2955191135406494,1.954935908317566,0.43783333897590637,0.4959999918937683,0.7766961455345154,0.9779270887374878,0.7942270636558533,1.027957797050476,1.0750051736831665,0.9562352895736694,2.0453109755180776e-05,7.593050395371392e-05,1.5237304751281044e-07,1.9821027308353223e-07,5.547739419853315e-05,2.5718941539672037e-21,2.078296440876505e-38,7.593050395371392e-05,1.0,1.0574519634246826,sphere,2,65,gaussian,gaussian-ring,60000,0.3,0.3,"[0.0, 0.0, 0.0]","[0.8, 0.0, 0.0]",1,,,False
2026.05.21__170435,0.0076459613628685474,0.007709451951086521,9.99248877633363e-05,0.0076459613628685474,56.0,5.195538051339099e-06,,,,,,-1.843840479850769,1.0488313436508179,0.0,1.0,0.9740482568740845,1.7883433103561401,0.3159612715244293,1.4464049339294434,1.0000001111620804e-06,1.2224007832628558e-06,0.914535641670227,1.4758161306381226,1.6137325763702393,0.4034999907016754,0.304666668176651,0.8155602216720581,0.9691538214683533,0.8415178060531616,1.037858486175537,1.0738394260406494,0.9664931893348694,2.10118196264375e-05,6.350900366669521e-05,9.276395473989396e-08,1.446163935270306e-07,4.249718404025771e-05,7.726373982960773e-18,3.577947370640213e-31,6.350900366669521e-05,1.0,1.0799673795700073,sphere,2,65,gaussian,gaussian-ring,60000,0.3,0.3,"[0.0, 0.0, 0.0]","[0.8, 0.0, 0.0]",1,,,False
2026.05.21__170451,0.006823501083999872,0.00697460537776351,9.767507435753942e-05,0.006823501083999872,68.0,5.561609941651113e-05,0.006864676717668772,0.006864676717668772,16.60155487060547,16.60155487060547,16.601552963256836,16.415325164794922,1.1088508367538452,0.0,1.0,1.015665054321289,1.8260502815246582,0.27749359607696533,1.4263519048690796,1.0000001111620804e-06,1.0953971241178806e-06,0.6877495646476746,1.2884156703948975,1.873379111289978,0.43950000405311584,0.512333333492279,0.765139639377594,0.9712148308753967,0.7878170609474182,1.024519681930542,1.0737699270248413,0.9541332721710205,9.380751725984737e-05,7.828782690921798e-05,2.6362484277342446e-05,2.0964709790405323e-07,-1.551969035062939e-05,1.446417313179238e-13,1.255064573561167e-22,7.828782690921798e-05,1.0,1.0566153526306152,sphere,2,65,gaussian,gaussian-ring,60000,0.3,0.3,"[0.0, 0.0, 0.0]","[0.8, 0.0, 0.0]",1,,,False
2026.05.21__170509,326.78863525390625,348.162353515625,9.99248877633363e-05,326.78863525390625,103.0,0.0004111403541173786,,,,,,47.40639114379883,1248.0423583984375,0.0,1.0,15.022634506225586,256.86151123046875,31.944271087646484,85.17910766601562,1.0000001111620804e-06,1.7275308437092463e-06,4.9359917640686035,1.74687659740448,0.35390588641166687,1.0,1.0,5.812560081481934,17.973661422729492,0.32339319586753845,4.244227409362793,7.961477756500244,0.5330954194068909,3.50071225680973e+18,1.1400459654737739e+24,inf,inf,1.140042434651666e+24,16074.1279296875,61875838976.0,1.1400459654737739e+24,1.0,6.117306709289551,poincare,2,16,gaussian,gaussian-ring,60000,0.3,0.3,"[0.0, 0.0, 0.0]","[0.8, 0.0, 0.0]",8,,,False
2026.05.21__170536,0.002190584084019065,0.0021468026097863913,9.911583038046956e-05,0.002190584084019065,61.5,5.150834840605967e-05,0.002147881081327796,0.002147881081327796,-54.8144645690918,-54.8144645690918,-54.8144645690918,-54.637962341308594,0.25047215819358826,0.0,1.0,0.4956459105014801,1.0708186626434326,0.06881758570671082,0.5938748121261597,1.0000001111620804e-06,2.045177325271652e-06,0.18708786368370056,0.9663275480270386,5.16510009765625,0.49816668033599854,0.499833345413208,0.09011278301477432,0.10599857568740845,0.8501319885253906,0.37603750824928284,0.4020979106426239,0.9351890683174133,6.58710586076694e-12,2.0913484872098643e-15,1.6311509248587295e-19,1.2216387030286075e-26,-6.58501465161665e-12,2.5718941539672037e-21,2.078296440876505e-38,2.0913459461110225e-15,1.0,0.39034920930862427,sphere,2,65,gaussian,gaussian-ring,60000,0.3,0.3,"[0.0, 0.0, 0.0]","[0.8, 0.0, 0.0]",4,,,False
2026.05.21__170557,0.0021911156363785267,0.0023629835341125727,9.960671741282567e-05,0.0021911156363785267,59.5,4.428252577781677e-05,,,,,,-54.58319854736328,0.2484244406223297,0.0,1.0,0.4939822256565094,0.9948362112045288,0.06574372202157974,0.5991047024726868,1.0000001111620804e-06,2.0515442429314135e-06,0.18585985898971558,0.9609967470169067,5.1705451011657715,0.4971666634082794,0.4970000088214874,0.08787152171134949,0.10162652283906937,0.8646514415740967,0.3725048303604126,0.3956838846206665,0.9414204359054565,1.0495171219723418e-13,3.257802217554971e-14,2.4284327238481647e-23,4.502740344202371e-24,-7.237369340981625e-14,7.726373982960773e-18,3.577947370640213e-31,3.257029723507075e-14,1.0,0.38414788246154785,sphere,2,65,gaussian,gaussian-ring,60000,0.3,0.3,"[0.0, 0.0, 0.0]","[0.8, 0.0, 0.0]",4,,,False
2026.05.21__170610,313.52557373046875,313.7484130859375,9.98756950139068e-05,313.52557373046875,100.5,0.0007896149763837457,,,,,,46.36787414550781,1270.4627685546875,0.0,1.0,15.125481605529785,260.1495361328125,32.197288513183594,85.78795623779297,1.0000001111620804e-06,1.6594196949881734e-06,4.94451904296875,1.7276396751403809,0.3494049906730652,1.0,1.0,6.108553409576416,17.972599029541016,0.3398814797401428,4.3687639236450195,7.961174488067627,0.5487587451934814,9.468699469290668e+19,1.1400510815629506e+24,inf,inf,1.1399564699419788e+24,19154.228515625,174449803264.0,1.1400510815629506e+24,1.0,6.17909049987793,poincare,2,16,gaussian,gaussian-ring,60000,0.3,0.3,"[0.0, 0.0, 0.0]","[0.8, 0.0, 0.0]",8,,,False
2026.05.21__170612,313.5169677734375,302.6617431640625,9.99248877633363e-05,313.5169677734375,105.0,0.0006486103520728648,,,,,,46.86830139160156,1258.3468017578125,0.0,1.0,15.023921966552734,256.0624694824219,32.05042266845703,84.45227813720703,1.0000001111620804e-06,1.7207083828907344e-06,4.983406066894531,1.7433717250823975,0.3498353660106659,1.0,1.0,5.882664203643799,17.97673988342285,0.3272375464439392,4.272496223449707,7.9621758460998535,0.5365990996360779,3.167246158097128e+19,1.1400536756363359e+24,inf,inf,1.1400218982373652e+24,18809.73828125,203611422720.0,1.1400536756363359e+24,1.0,6.131025314331055,poincare,2,16,gaussian,gaussian-ring,60000,0.3,0.3,"[0.0, 0.0, 0.0]","[0.8, 0.0, 0.0]",8,,,False
2026.05.21__170615,2.1818296909332275,1.3739527463912964,9.996176231652498e-05,2.1818296909332275,33.0,0.0,,,,,,15.146257400512695,27.15654754638672,0.0,1.0,2.890251636505127,82.98698425292969,4.298188209533691,9.111316680908203,1.0000001111620804e-06,1.054119366017403e-06,2.5674431324005127,1.7800673246383667,0.693323016166687,0.020999999716877937,0.0638333335518837,6.379254341125488,5.530189514160156,1.15353262424469,4.528712272644043,4.023438453674316,1.1255825757980347,inf,inf,,,,inf,,,1.0,4.386687278747559,poincare,2,64,gaussian,gaussian-ring,60000,0.3,0.3,"[0.0, 0.0, 0.0]","[0.8, 0.0, 0.0]",1,,,False
2026.05.21__170655,2.071937322616577,2.851895332336426,9.981419862015173e-05,2.071937322616577,34.0,0.0,,,,,,15.407979011535645,28.029741287231445,0.0,1.0,2.897091865539551,83.02032470703125,4.338120937347412,9.266128540039062,1.0000001111620804e-06,1.0498299616301665e-06,2.702791929244995,1.7860867977142334,0.6608302593231201,0.040166664868593216,0.0676666647195816,6.3628621101379395,5.60821533203125,1.1345609426498413,4.521470546722412,4.0558037757873535,1.1148148775100708,inf,inf,,,,inf,,,1.0,4.399454116821289,poincare,2,64,gaussian,gaussian-ring,60000,0.3,0.3,"[0.0, 0.0, 0.0]","[0.8, 0.0, 0.0]",1,,,False
2026.05.21__170702,0.0021888769697397947,0.0023062555119395256,9.911583038046956e-05,0.0021888769697397947,62.5,4.944826287101023e-05,0.002166635822504759,0.002166635822504759,-55.76683807373047,-55.76683807373047,-55.7668342590332,-55.65483856201172,0.24862425029277802,0.0,1.0,0.4941285252571106,1.0882295370101929,0.06632276624441147,0.5989853739738464,1.0000001111620804e-06,2.0497125206020428e-06,0.1857805997133255,0.9587069749832153,5.160425662994385,0.49966666102409363,0.5103332996368408,0.09035404771566391,0.10652042925357819,0.848232090473175,0.37358152866363525,0.4022963047027588,0.9286227822303772,6.3747006805170425e-12,3.2099186590001105e-12,2.2915989385379455e-19,5.942211550283503e-20,-3.164782021516932e-12,1.446417313179238e-13,1.255064573561167e-22,3.0652765482114264e-12,1.0,0.38830289244651794,sphere,2,65,gaussian,gaussian-ring,60000,0.3,0.3,"[0.0, 0.0, 0.0]","[0.8, 0.0, 0.0]",4,,,False
2026.05.21__170710,0.0020413461606949568,0.0020522805862128735,9.911583038046956e-05,0.0020413461606949568,55.5,3.400569039513357e-05,0.0020274193957448006,0.0020274193957448006,-59.175819396972656,-59.175819396972656,-59.175819396972656,-59.023311614990234,0.24840934574604034,0.0,1.0,0.4946158826351166,1.0456210374832153,0.060791950672864914,0.5881806015968323,1.0000001111620804e-06,2.0443214907572838e-06,0.18043717741966248,0.9135168194770813,5.062797546386719,0.5008333325386047,0.5009999871253967,0.07859808951616287,0.09222052246332169,0.8522840738296509,0.351444810628891,0.37537068128585815,0.9362606406211853,8.620708855967829e-13,1.1372825424460498e-13,2.2759777619168523e-21,7.741283282817214e-23,-7.483425771420693e-13,2.5718941539672037e-21,2.078296440876505e-38,1.1372825424460498e-13,1.0,0.3643980324268341,sphere,2,65,gaussian,gaussian-ring,60000,0.3,0.3,"[0.0, 0.0, 0.0]","[0.8, 0.0, 0.0]",8,,,False
2026.05.21__170727,0.0020478833466768265,0.0021534410770982504,9.960671741282567e-05,0.0020478833466768265,56.0,5.69075345993042e-05,,,,,,-58.800926208496094,0.24736768007278442,0.0,1.0,0.4937259554862976,0.9792754054069519,0.05947525426745415,0.5869205594062805,1.0000001111620804e-06,2.0481415958784055e-06,0.17458310723304749,0.9014695882797241,5.16355562210083,0.49916666746139526,0.48649999499320984,0.0780516117811203,0.08741208910942078,0.8929155468940735,0.3503265082836151,0.36614641547203064,0.9567934274673462,3.950346180812275e-14,1.4181327553236533e-12,3.376521889572236e-24,1.2063822581117132e-20,1.3786293070680578e-12,7.726373982960773e-18,3.577947370640213e-31,1.4181250574882287e-12,1.0,0.35818901658058167,sphere,2,65,gaussian,gaussian-ring,60000,0.3,0.3,"[0.0, 0.0, 0.0]","[0.8, 0.0, 0.0]",8,,,False
2026.05.21__170734,0.0020419128704816103,0.0021255884785205126,9.911583038046956e-05,0.0020419128704816103,59.5,2.913549542427063e-05,0.002041057450696826,0.002041057450696826,-60.218875885009766,-60.218875885009766,-60.218868255615234,-60.01315689086914,0.24673892557621002,0.0,1.0,0.4932107627391815,1.0087189674377441,0.05836670845746994,0.5806673765182495,1.0000001111620804e-06,2.0486970697675133e-06,0.1772049367427826,0.9055384397506714,5.110119819641113,0.5015000104904175,0.512499988079071,0.07888147234916687,0.09192673861980438,0.8580906391143799,0.3490588665008545,0.3746746778488159,0.931631863117218,2.0320366483222996e-12,6.775671332597683e-14,2.3518019513131218e-20,2.657087370442277e-23,-1.964279867233687e-12,1.446417313179238e-13,1.255064573561167e-22,-7.688501799194697e-14,1.0,0.3622708320617676,sphere,2,65,gaussian,gaussian-ring,60000,0.3,0.3,"[0.0, 0.0, 0.0]","[0.8, 0.0, 0.0]",8,,,False
2026.05.21__170756,2.0671305656433105,4.067136287689209,9.99248877633363e-05,2.0671305656433105,33.5,0.0,,,,,,15.524864196777344,28.66542625427246,0.0,1.0,2.8844101428985596,90.91069793701172,4.402273178100586,9.066808700561523,1.0000001111620804e-06,1.058937073139532e-06,2.4481778144836426,1.7856359481811523,0.7293734550476074,0.02916666679084301,0.06683333218097687,6.412934303283691,5.576301574707031,1.1500335931777954,4.542207717895508,4.0409345626831055,1.1240488290786743,inf,inf,,,,inf,,,1.0,4.401411533355713,poincare,2,64,gaussian,gaussian-ring,60000,0.3,0.3,"[0.0, 0.0, 0.0]","[0.8, 0.0, 0.0]",1,,,False
2026.05.21__170758,87.5415267944336,95.17687225341797,9.981419862015173e-05,87.5415267944336,96.0,0.0,,,,,,56.601749420166016,1326.8436279296875,0.0,1.0,14.342574119567871,322.6760559082031,33.4522705078125,78.64073181152344,1.0000001111620804e-06,1.3744485158895259e-06,5.867995262145996,2.661973476409912,0.45364275574684143,1.0,0.9993333220481873,8.977097511291504,17.909936904907227,0.5012355446815491,5.457780838012695,7.967137336730957,0.6850365996360779,inf,inf,,,,inf,,,1.0,6.769427299499512,poincare,2,64,gaussian,gaussian-ring,60000,0.3,0.3,"[0.0, 0.0, 0.0]","[0.8, 0.0, 0.0]",4,,,False
2026.05.21__170802,87.54812622070312,84.30752563476562,9.981419862015173e-05,87.54812622070312,97.5,0.0,,,,,,54.17271423339844,1365.015625,0.0,1.0,14.40892219543457,332.994384765625,33.91579818725586,79.26319885253906,1.0000001111620804e-06,1.4210785366230994e-06,6.098000526428223,2.6611926555633545,0.43640413880348206,1.0,0.9990000128746033,9.122903823852539,17.903560638427734,0.5095580816268921,5.505507946014404,7.965656280517578,0.6911556124687195,inf,inf,,,,inf,,,1.0,6.791177272796631,poincare,2,64,gaussian,gaussian-ring,60000,0.3,0.3,"[0.0, 0.0, 0.0]","[0.8, 0.0, 0.0]",4,,,False
2026.05.21__170846,86.14405822753906,70.29423522949219,9.98756950139068e-05,86.14405822753906,97.5,0.0,,,,,,48.39866638183594,1269.4984130859375,0.0,1.0,14.039375305175781,301.7389221191406,32.682037353515625,75.22933959960938,1.0000001111620804e-06,1.1487836673040874e-06,5.914565563201904,2.6783783435821533,0.4528444707393646,1.0,0.999666690826416,8.167471885681152,17.912647247314453,0.4559611678123474,5.173214912414551,7.967787265777588,0.6492661833763123,inf,inf,,,,inf,,,1.0,6.638113498687744,poincare,2,64,gaussian,gaussian-ring,60000,0.3,0.3,"[0.0, 0.0, 0.0]","[0.8, 0.0, 0.0]",4,,,False
2026.05.21__170904,0.0022349576465785503,0.0021805225405842066,9.974040585802868e-05,0.0022349576465785503,64.5,3.1188130378723145e-05,,,,,,-264.064697265625,0.47773829102516174,0.0,1.0,0.6252148747444153,1.857174277305603,0.294283926486969,1.1536024808883667,1.0000001111620804e-06,2.0647446490329457e-06,0.9914628267288208,1.4514364004135132,1.463934302330017,0.2798333168029785,0.2641666531562805,0.8866389393806458,0.9657297134399414,0.9181025624275208,1.0681899785995483,1.073167085647583,0.9953622221946716,5.4436700338555966e-06,1.6265448189722864e-12,2.85699663926664e-09,5.392609729186613e-22,-5.443668214866193e-06,0.10813929885625839,0.06309407949447632,-0.10813929885625839,1.0,1.0739665031433105,sphere,2,257,gaussian,gaussian-ring,60000,0.3,0.3,"[0.0, 0.0, 0.0]","[0.8, 0.0, 0.0]",1,,,False
2026.05.21__170908,0.0022285638842731714,0.002217899775132537,9.974040585802868e-05,0.0022285638842731714,65.5,1.9687538951984607e-05,,,,,,-266.0833435058594,0.4685961604118347,0.0,1.0,0.6212395429611206,1.6940391063690186,0.2870772182941437,1.1410926580429077,1.0000001111620804e-06,2.0502529878285713e-06,0.979154109954834,1.4600834846496582,1.4911682605743408,0.2868333160877228,0.2485000044107437,0.8917879462242126,0.9769371747970581,0.9128406047821045,1.0696791410446167,1.0756521224975586,0.9944471120834351,6.091211616876535e-06,1.6366663883535248e-12,3.627460776201019e-09,6.550260709461296e-22,-6.0912097978871316e-06,0.0989241972565651,0.05611007660627365,-0.0989241972565651,1.0,1.0745786428451538,sphere,2,257,gaussian,gaussian-ring,60000,0.3,0.3,"[0.0, 0.0, 0.0]","[0.8, 0.0, 0.0]",1,,,False
2026.05.21__170912,0.002225095871835947,0.002141124103218317,9.981419862015173e-05,0.002225095871835947,65.5,1.8462538719177246e-05,,,,,,-266.9668273925781,0.47030743956565857,0.0,1.0,0.6209231019020081,1.7152434587478638,0.290801465511322,1.1462267637252808,1.0000001111620804e-06,2.0529564608295914e-06,0.9800877571105957,1.4581713676452637,1.487796664237976,0.2763333320617676,0.2563333213329315,0.8917327523231506,0.9713650941848755,0.9180202484130859,1.0696293115615845,1.0742648839950562,0.9956849217414856,2.2183949113241397e-05,1.418922596606309e-12,6.130490248779097e-08,4.458646380147973e-22,-2.2183947294251993e-05,0.09613501280546188,0.05338507518172264,-0.09613501280546188,1.0,1.0748353004455566,sphere,2,257,gaussian,gaussian-ring,60000,0.3,0.3,"[0.0, 0.0, 0.0]","[0.8, 0.0, 0.0]",1,,,False
2026.05.21__170931,0.001482110470533371,0.001413461402989924,9.925681661115959e-05,0.001482110470533371,62.0,3.485878187348135e-05,0.0014872550964355469,0.0014872550964355469,-536.1907348632812,-536.1907348632812,-536.190673828125,-537.5421752929688,2.039199113845825,0.0,1.0,1.416806697845459,1.8421159982681274,0.17829488217830658,1.7139784097671509,1.0000001111620804e-06,7.176059853009065e-07,0.2464585304260254,1.0766466856002808,4.368470191955566,0.45249998569488525,0.4465000033378601,0.057798340916633606,0.10378793627023697,0.5568888783454895,0.3281169533729553,0.3976367115974426,0.8251676559448242,0.0,2.802596928649634e-45,0.0,0.0,2.802596928649634e-45,0.10813929885625839,0.06309407949447632,-0.10813929885625839,1.0,0.36635318398475647,sphere,2,257,gaussian,gaussian-ring,60000,0.3,0.3,"[0.0, 0.0, 0.0]","[0.8, 0.0, 0.0]",4,,,False
2026.05.21__170943,87.541015625,95.37708282470703,9.981419862015173e-05,87.541015625,101.0,0.0,,,,,,56.59560775756836,1327.0826416015625,0.0,1.0,14.343368530273438,322.6523742675781,33.45539093017578,78.63263702392578,1.0000001111620804e-06,1.3741196198679972e-06,5.867678165435791,2.661987781524658,0.4536696672439575,1.0,0.9993333220481873,8.976366996765137,17.909955978393555,0.5011942386627197,5.4575300216674805,7.967152118682861,0.6850038170814514,inf,inf,,,,inf,,,1.0,6.769311428070068,poincare,2,64,gaussian,gaussian-ring,60000,0.3,0.3,"[0.0, 0.0, 0.0]","[0.8, 0.0, 0.0]",8,,,False
2026.05.21__170955,87.55094909667969,84.24559783935547,9.981419862015173e-05,87.55094909667969,104.0,0.0,,,,,,54.1981086730957,1364.462158203125,0.0,1.0,14.406346321105957,332.81207275390625,33.90880584716797,79.24185180664062,1.0000001111620804e-06,1.422781224391656e-06,6.098382949829102,2.66117525100708,0.43637388944625854,1.0,0.9990000128746033,9.123693466186523,17.90361785888672,0.5096005201339722,5.505786895751953,7.965651035308838,0.6911910772323608,inf,inf,,,,inf,,,1.0,6.791324138641357,poincare,2,64,gaussian,gaussian-ring,60000,0.3,0.3,"[0.0, 0.0, 0.0]","[0.8, 0.0, 0.0]",8,,,False
2026.05.21__171007,86.14592742919922,70.23298645019531,9.98756950139068e-05,86.14592742919922,98.0,0.0,,,,,,48.39677047729492,1269.6064453125,0.0,1.0,14.039610862731934,301.8624572753906,32.683349609375,75.23177337646484,1.0000001111620804e-06,1.1488305062812287e-06,5.914368629455566,2.678396701812744,0.45286262035369873,1.0,0.999666690826416,8.166800498962402,17.91267204284668,0.4559231102466583,5.172977447509766,7.967791557312012,0.6492360234260559,inf,inf,,,,inf,,,1.0,6.638003826141357,poincare,2,64,gaussian,gaussian-ring,60000,0.3,0.3,"[0.0, 0.0, 0.0]","[0.8, 0.0, 0.0]",8,,,False
2026.05.21__171046,22.268329620361328,22.536117553710938,9.98756950139068e-05,22.268329620361328,42.5,0.0,,,,,,8.86274528503418,1230.3197021484375,0.0,1.0,13.151870727539062,312.21185302734375,32.485713958740234,72.77216339111328,1.0000001111620804e-06,4.211388841213193e-06,4.837329864501953,3.0509586334228516,0.6307113170623779,0.0,0.0,19.113807678222656,5.465193271636963,3.497371196746826,8.251531600952148,3.9988174438476562,2.063493013381958,inf,inf,,,,inf,,,1.0,6.287262916564941,poincare,2,256,gaussian,gaussian-ring,60000,0.3,0.3,"[0.0, 0.0, 0.0]","[0.8, 0.0, 0.0]",1,,,False
2026.05.21__171119,0.0014724244829267263,0.001535085029900074,9.911583038046956e-05,0.0014724244829267263,62.0,3.1123559892876074e-05,0.0014878882793709636,0.0014878882793709636,-527.8890380859375,-527.8890380859375,-527.8889770507812,-532.490478515625,2.0741682052612305,0.0,1.0,1.4292607307434082,1.860780119895935,0.17698590457439423,1.7315644025802612,1.0000127304010675e-06,7.108969271030219e-07,0.24651466310024261,1.0788500308990479,4.376412868499756,0.45399999618530273,0.46000000834465027,0.057390742003917694,0.10149884223937988,0.5654324889183044,0.327244371175766,0.39397600293159485,0.8306201100349426,0.0,4.203895392974451e-45,0.0,0.0,4.203895392974451e-45,0.0989241972565651,0.05611007660627365,-0.0989241972565651,1.0,0.363427072763443,sphere,2,257,gaussian,gaussian-ring,60000,0.3,0.3,"[0.0, 0.0, 0.0]","[0.8, 0.0, 0.0]",4,,,False
2026.05.21__171127,0.00148021278437227,0.0014504574937745929,9.938564471667632e-05,0.00148021278437227,62.0,3.915528577635996e-05,0.0014685079222545028,0.0014685079222545028,-534.2030029296875,-534.2030029296875,-534.2030029296875,-535.5003662109375,2.0544283390045166,0.0,1.0,1.4226460456848145,1.8303987979888916,0.17451320588588715,1.7200267314910889,1.0000001111620804e-06,7.140271804928489e-07,0.24950160086154938,1.0861058235168457,4.3531012535095215,0.45783331990242004,0.4779999852180481,0.05917418375611305,0.10343080759048462,0.5721136927604675,0.33188876509666443,0.39789018034935,0.8341215252876282,0.0,1.6577360832962586e-42,0.0,0.0,1.6577360832962586e-42,0.09613501280546188,0.05338507518172264,-0.09613501280546188,1.0,0.3675071597099304,sphere,2,257,gaussian,gaussian-ring,60000,0.3,0.3,"[0.0, 0.0, 0.0]","[0.8, 0.0, 0.0]",4,,,False
2026.05.21__171128,0.0014169850619509816,0.0013942468212917447,9.925681661115959e-05,0.0014169850619509816,62.0,3.1818944989936426e-05,0.0014196583069860935,0.0014196583069860935,-553.6100463867188,-553.6100463867188,-553.6099853515625,-555.8296508789062,2.073857069015503,0.0,1.0,1.4294135570526123,1.8351764678955078,0.1748592108488083,1.722662329673767,1.0000001111620804e-06,7.107357760105515e-07,0.23420725762844086,1.0104093551635742,4.314167499542236,0.4508333206176758,0.4233333468437195,0.05192731320858002,0.08897694200277328,0.5836042165756226,0.31073129177093506,0.3685764670372009,0.8430579304695129,0.0,0.0,0.0,0.0,0.0,0.10813929885625839,0.06309407949447632,-0.10813929885625839,1.0,0.3428950905799866,sphere,2,257,gaussian,gaussian-ring,60000,0.3,0.3,"[0.0, 0.0, 0.0]","[0.8, 0.0, 0.0]",8,,,False
2026.05.21__171146,22.107364654541016,21.194149017333984,9.98756950139068e-05,22.107364654541016,41.0,0.0,,,,,,8.663711547851562,1272.8924560546875,0.0,1.0,13.3425874710083,318.87030029296875,32.978248596191406,74.85865783691406,1.0000001111620804e-06,4.343652108218521e-06,4.818880558013916,3.0508153438568115,0.6330963373184204,0.0,0.0,19.114459991455078,5.457505702972412,3.5024170875549316,8.251694679260254,3.990849018096924,2.0676538944244385,inf,inf,,,,inf,,,1.0,6.281993389129639,poincare,2,256,gaussian,gaussian-ring,60000,0.3,0.3,"[0.0, 0.0, 0.0]","[0.8, 0.0, 0.0]",1,,,False
2026.05.21__171155,22.63941764831543,20.82046890258789,9.98756950139068e-05,22.63941764831543,39.5,0.0,,,,,,9.478307723999023,1227.0975341796875,0.0,1.0,13.226466178894043,317.6018981933594,32.369232177734375,73.63365936279297,1.0000001111620804e-06,4.119754521525465e-06,4.855600357055664,3.057753562927246,0.6297374963760376,0.0,0.0,19.110088348388672,5.583140850067139,3.422820568084717,8.250669479370117,4.0458550453186035,2.0392894744873047,inf,inf,,,,inf,,,1.0,6.308167457580566,poincare,2,256,gaussian,gaussian-ring,60000,0.3,0.3,"[0.0, 0.0, 0.0]","[0.8, 0.0, 0.0]",1,,,False
2026.05.21__171200,44.602012634277344,41.093772888183594,9.98756950139068e-05,44.602012634277344,75.0,0.0,,,,,,52.426353454589844,2770.2939453125,0.0,1.0,20.758785247802734,398.2065734863281,48.302703857421875,115.19615936279297,1.0000001111620804e-06,3.6989556519984035e-06,8.20902156829834,3.7995963096618652,0.4628561735153198,0.0008333333535119891,0.00016666666488163173,19.01626968383789,17.890609741210938,1.062919020652771,8.228946685791016,7.96733283996582,1.032835841178894,inf,inf,,,,inf,,,1.0,8.258105278015137,poincare,2,256,gaussian,gaussian-ring,60000,0.3,0.3,"[0.0, 0.0, 0.0]","[0.8, 0.0, 0.0]",4,,,False
2026.05.21__171208,0.001402162597514689,0.0014358742628246546,9.911583038046956e-05,0.001402162597514689,62.0,3.100435060332529e-05,0.0014176019467413425,0.0014176019467413425,-547.7054443359375,-547.7054443359375,-547.7053833007812,-549.784423828125,2.1048974990844727,0.0,1.0,1.4403058290481567,1.858350396156311,0.174214169383049,1.7310185432434082,1.0000001111620804e-06,7.050561521282361e-07,0.2348865568637848,1.0150644779205322,4.32150936126709,0.4491666555404663,0.4358333349227905,0.05150352045893669,0.08809982985258102,0.5846040844917297,0.30979055166244507,0.3677695691585541,0.8423495888710022,0.0,0.0,0.0,0.0,0.0,0.0989241972565651,0.05611007660627365,-0.0989241972565651,1.0,0.3413832187652588,sphere,2,257,gaussian,gaussian-ring,60000,0.3,0.3,"[0.0, 0.0, 0.0]","[0.8, 0.0, 0.0]",8,,,False
2026.05.21__171325,45.18886947631836,48.95393371582031,9.981419862015173e-05,45.18886947631836,75.0,0.0,,,,,,55.58470916748047,2723.901123046875,0.0,1.0,20.340003967285156,400.29833984375,47.9484748840332,113.29936218261719,1.0000001111620804e-06,4.997751602786593e-06,8.22323226928711,3.8009748458862305,0.46222394704818726,0.0,0.0,19.025550842285156,17.89114761352539,1.0634058713912964,8.231133460998535,7.967463970184326,1.0330932140350342,inf,inf,,,,inf,,,1.0,8.257916450500488,poincare,2,256,gaussian,gaussian-ring,60000,0.3,0.3,"[0.0, 0.0, 0.0]","[0.8, 0.0, 0.0]",4,,,False
2026.05.21__171405,0.001407237839885056,0.0013705071760341525,9.938564471667632e-05,0.001407237839885056,63.5,3.342827039887197e-05,0.0014019968220964074,0.0014019968220964074,-548.9801635742188,-548.9801635742188,-548.9801635742188,-552.4212036132812,2.094442844390869,0.0,1.0,1.4369889497756958,1.8291573524475098,0.1715918779373169,1.7215102910995483,1.0000001111620804e-06,7.064128908496059e-07,0.23480989038944244,1.016545295715332,4.329226493835449,0.4506666660308838,0.4359999895095825,0.05278228595852852,0.08922289311885834,0.5915778875350952,0.31305593252182007,0.3690892457962036,0.8481850028038025,0.0,0.0,0.0,0.0,0.0,0.09613501280546188,0.05338507518172264,-0.09613501280546188,1.0,0.34358057379722595,sphere,2,257,gaussian,gaussian-ring,60000,0.3,0.3,"[0.0, 0.0, 0.0]","[0.8, 0.0, 0.0]",8,,,False
2026.05.21__171408,0.0008664753404445946,0.0008766891551204026,9.981419862015173e-05,0.0008664753404445946,62.0,2.7204552679904737e-05,,,,,,-510.3126220703125,1.1102819442749023,0.0,1.0,0.9982602596282959,2.0279908180236816,0.33688750863075256,1.5365266799926758,1.0000001111620804e-06,1.2016726032015868e-06,1.0008981227874756,1.5476412773132324,1.5462526082992554,0.18199999630451202,0.19866666197776794,0.7284775376319885,0.9857504963874817,0.7390079498291016,1.0067288875579834,1.0769877433776855,0.9347636103630066,1.1291880238001734e-35,3.0635096447718457e-22,0.0,3.673784183920373e-41,3.0635096447718457e-22,0.0,0.0,3.0635096447718457e-22,1.0,1.0693682432174683,sphere,2,513,gaussian,gaussian-ring,60000,0.3,0.3,"[0.0, 0.0, 0.0]","[0.8, 0.0, 0.0]",1,,,False
2026.05.21__171413,0.0008654955890960991,0.0008932818309403956,9.98756950139068e-05,0.0008654955890960991,62.0,2.5287270545959473e-05,,,,,,-510.37213134765625,1.1026793718338013,0.0,1.0,0.992723822593689,1.965041995048523,0.34193411469459534,1.5256110429763794,1.0000001111620804e-06,1.224456468662538e-06,1.0024569034576416,1.5549050569534302,1.5510942935943604,0.1745000034570694,0.13966666162014008,0.7385014891624451,0.9794687628746033,0.7539815902709961,1.0109646320343018,1.075369954109192,0.9401086568832397,3.464050441466413e-39,3.8422738877124975e-22,0.0,4.689865700402298e-41,3.8422738877124975e-22,0.0,0.0,3.8422738877124975e-22,1.0,1.069690227508545,sphere,2,513,gaussian,gaussian-ring,60000,0.3,0.3,"[0.0, 0.0, 0.0]","[0.8, 0.0, 0.0]",1,,,False
2026.05.21__171420,45.43159866333008,36.728736877441406,9.974040585802868e-05,45.43159866333008,75.0,0.0,,,,,,59.19986343383789,2594.854248046875,0.0,1.0,19.91974639892578,400.5499572753906,46.84346389770508,111.14820861816406,1.0000001111620804e-06,6.201746145961806e-06,8.210782051086426,3.79837965965271,0.4626087248325348,0.0009999999310821295,0.00016666666488163173,19.012466430664062,17.88886260986328,1.0628103017807007,8.22806453704834,7.966924667358398,1.032778024673462,inf,inf,,,,inf,,,1.0,8.255278587341309,poincare,2,256,gaussian,gaussian-ring,60000,0.3,0.3,"[0.0, 0.0, 0.0]","[0.8, 0.0, 0.0]",4,,,False
2026.05.21__171430,44.63383102416992,43.161842346191406,9.98756950139068e-05,44.63383102416992,79.0,0.0,,,,,,52.52714157104492,2739.0166015625,0.0,1.0,20.663524627685547,398.3551330566406,48.006290435791016,115.05549621582031,1.0000001111620804e-06,3.7223244362394325e-06,8.20933723449707,3.7996137142181396,0.4628404974937439,0.0008333333535119891,0.00016666666488163173,19.01660919189453,17.890600204467773,1.0629385709762573,8.229046821594238,7.967319011688232,1.0328501462936401,inf,inf,,,,inf,,,1.0,8.258172988891602,poincare,2,256,gaussian,gaussian-ring,60000,0.3,0.3,"[0.0, 0.0, 0.0]","[0.8, 0.0, 0.0]",8,,,False
2026.05.21__171441,45.324222564697266,48.06328201293945,9.981419862015173e-05,45.324222564697266,79.5,0.0,,,,,,55.49472427368164,2687.91650390625,0.0,1.0,20.25461769104004,400.3793640136719,47.605010986328125,112.67909240722656,1.0000001111620804e-06,4.9636646508588456e-06,8.223095893859863,3.8010048866271973,0.4622352719306946,0.0,0.0,19.02580451965332,17.891172409057617,1.0634185075759888,8.231220245361328,7.967456817626953,1.0331050157546997,inf,inf,,,,inf,,,1.0,8.25789737701416,poincare,2,256,gaussian,gaussian-ring,60000,0.3,0.3,"[0.0, 0.0, 0.0]","[0.8, 0.0, 0.0]",8,,,False
2026.05.21__171442,0.0008591632940806448,0.000890831055585295,9.969891107175499e-05,0.0008591632940806448,62.0,2.781550028885249e-05,,,,,,-510.8573303222656,1.1107083559036255,0.0,1.0,0.9958632588386536,2.0478899478912354,0.3445630669593811,1.5401121377944946,1.0000001111620804e-06,1.2131199582654517e-06,0.9863985776901245,1.5178048610687256,1.538733720779419,0.17116667330265045,0.32116666436195374,0.721534013748169,0.9713642597198486,0.742804765701294,1.0046039819717407,1.0738646984100342,0.935503363609314,1.2262762861306474e-41,3.2488611603690436e-22,0.0,3.721288201860984e-41,3.2488611603690436e-22,0.0,0.0,3.2488611603690436e-22,1.0,1.064151644706726,sphere,2,513,gaussian,gaussian-ring,60000,0.3,0.3,"[0.0, 0.0, 0.0]","[0.8, 0.0, 0.0]",1,,,False
2026.05.21__171605,45.383811950683594,35.85445785522461,9.974040585802868e-05,45.383811950683594,79.0,0.0,,,,,,58.9730110168457,2623.048095703125,0.0,1.0,19.996658325195312,400.5137023925781,47.10289764404297,111.31380462646484,1.0000001111620804e-06,6.116822987678461e-06,8.211690902709961,3.7984368801116943,0.46256452798843384,0.0006666666595265269,0.00016666666488163173,19.013418197631836,17.888877868652344,1.062862515449524,8.228272438049316,7.966925621032715,1.032804012298584,inf,inf,,,,inf,,,1.0,8.255243301391602,poincare,2,256,gaussian,gaussian-ring,60000,0.3,0.3,"[0.0, 0.0, 0.0]","[0.8, 0.0, 0.0]",8,,,False
2026.05.21__171640,0.00023886618146207184,0.0002340818173252046,9.938564471667632e-05,0.00023886618146207184,97.0,0.00048270824481733143,0.0002301261411048472,0.0002301261411048472,-868.1010131835938,-868.1010131835938,-868.1010131835938,-862.0431518554688,0.2584060728549957,0.0,1.0,0.4985836446285248,1.4243872165679932,0.09722674638032913,0.6452325582504272,1.0000001111620804e-06,2.052741820079973e-06,0.19904398918151855,1.086665391921997,5.459423065185547,0.49816668033599854,0.4411666691303253,0.06519313156604767,0.10355739295482635,0.6295362114906311,0.3403097689151764,0.3992536962032318,0.852364718914032,0.0,0.0,0.0,0.0,0.0,0.0,0.0,0.0,1.0,0.3709656894207001,sphere,2,513,gaussian,gaussian-ring,60000,0.3,0.3,"[0.0, 0.0, 0.0]","[0.8, 0.0, 0.0]",4,,,False
2026.05.21__171700,11.065196990966797,9.655033111572266,9.99248877633363e-05,11.065196990966797,56.5,0.0,,,,,,7.7027459144592285,1238.10009765625,0.0,1.0,12.982097625732422,311.9464111328125,32.676998138427734,71.78746032714844,1.0000001111620804e-06,4.777500180352945e-06,4.861962795257568,3.097367286682129,0.6370610594749451,0.0,0.0,19.21954345703125,5.577392101287842,3.4459733963012695,8.276522636413574,4.04871129989624,2.044236421585083,inf,inf,,,,inf,,,1.0,6.323522090911865,poincare,2,512,gaussian,gaussian-ring,60000,0.3,0.3,"[0.0, 0.0, 0.0]","[0.8, 0.0, 0.0]",1,,,False
2026.05.21__171714,11.15600872039795,10.147786140441895,9.981419862015173e-05,11.15600872039795,57.5,0.0,,,,,,6.726058006286621,1274.48046875,0.0,1.0,13.017420768737793,318.1346435546875,33.13135528564453,72.90331268310547,1.0000001111620804e-06,5.423869879450649e-06,4.867967128753662,3.0908963680267334,0.6349460482597351,0.0,0.0,19.23250389099121,5.48234224319458,3.5080816745758057,8.279501914978027,4.009275436401367,2.065086841583252,inf,inf,,,,inf,,,1.0,6.305461406707764,poincare,2,512,gaussian,gaussian-ring,60000,0.3,0.3,"[0.0, 0.0, 0.0]","[0.8, 0.0, 0.0]",1,,,False
2026.05.21__171721,11.270418167114258,9.64395523071289,9.99248877633363e-05,11.270418167114258,50.0,0.0,,,,,,8.9165620803833,1233.43359375,0.0,1.0,13.046211242675781,319.14495849609375,32.55812072753906,72.18843078613281,1.0000001111620804e-06,4.51661662737024e-06,4.882661819458008,3.1050515174865723,0.6359341740608215,0.0,0.0,19.210844039916992,5.708220481872559,3.3654701709747314,8.27455997467041,4.104081153869629,2.0161783695220947,inf,inf,,,,inf,,,1.0,6.3507537841796875,poincare,2,512,gaussian,gaussian-ring,60000,0.3,0.3,"[0.0, 0.0, 0.0]","[0.8, 0.0, 0.0]",1,,,False
2026.05.21__171734,0.0002389302389929071,0.0002397613861830905,9.95022855931893e-05,0.0002389302389929071,90.5,0.0006162673234939575,,,,,,-871.2109985351562,0.2577880024909973,0.0,1.0,0.49674341082572937,1.6747938394546509,0.10339884459972382,0.6467337012290955,1.0000001111620804e-06,2.062937028313172e-06,0.19758383929729462,1.0836856365203857,5.484687328338623,0.4975000023841858,0.4571666717529297,0.06316918879747391,0.10635557770729065,0.5939433574676514,0.3352064788341522,0.40318211913108826,0.8314021229743958,0.0,0.0,0.0,0.0,0.0,0.0,0.0,0.0,1.0,0.3699684143066406,sphere,2,513,gaussian,gaussian-ring,60000,0.3,0.3,"[0.0, 0.0, 0.0]","[0.8, 0.0, 0.0]",4,,,False
2026.05.21__171735,0.00023559184046462178,0.00025333979283459485,9.888164640869945e-05,0.00023559184046462178,103.5,0.0008803009986877441,0.00023921040701679885,0.00023921040701679885,-866.0369873046875,-866.0369873046875,-866.0369873046875,-864.14013671875,0.2594303488731384,0.0,1.0,0.4990522861480713,1.6439623832702637,0.10012756288051605,0.6522979736328125,1.0000001111620804e-06,2.051249566648039e-06,0.20064935088157654,1.0909138917922974,5.436917304992676,0.49816668033599854,0.44749999046325684,0.06451064348220825,0.10584777593612671,0.6094661951065063,0.3390519917011261,0.4028341770172119,0.8416664004325867,0.0,0.0,0.0,0.0,0.0,0.0,0.0,0.0,1.0,0.3716687858104706,sphere,2,513,gaussian,gaussian-ring,60000,0.3,0.3,"[0.0, 0.0, 0.0]","[0.8, 0.0, 0.0]",4,,,False
2026.05.21__171804,0.0002226408541901037,0.00022436288418248296,9.938564471667632e-05,0.0002226408541901037,89.0,0.000367775559425354,0.00021572300465777516,0.00021572300465777516,-909.00390625,-909.00390625,-909.0038452148438,-904.610595703125,0.2559942901134491,0.0,1.0,0.4972999691963196,1.401912808418274,0.09152397513389587,0.6318461894989014,1.0000001111620804e-06,2.053340949714766e-06,0.19056552648544312,1.0141170024871826,5.32161808013916,0.4973333477973938,0.46816667914390564,0.056332025676965714,0.09089001268148422,0.6197823286056519,0.3153211176395416,0.3746946156024933,0.8415416479110718,0.0,0.0,0.0,0.0,0.0,0.0,0.0,0.0,1.0,0.34603768587112427,sphere,2,513,gaussian,gaussian-ring,60000,0.3,0.3,"[0.0, 0.0, 0.0]","[0.8, 0.0, 0.0]",8,,,False
2026.05.21__171845,22.38031005859375,19.143396377563477,9.99248877633363e-05,22.38031005859375,64.0,0.0,,,,,,83.37332916259766,2822.018310546875,0.0,1.0,20.734888076782227,401.4471740722656,48.848812103271484,115.61058044433594,1.0000001111620804e-06,3.463766915956512e-06,8.26517105102539,3.8736929893493652,0.46867668628692627,0.0,0.0,19.153671264648438,17.887948989868164,1.07075834274292,8.261406898498535,7.96747350692749,1.0368916988372803,inf,inf,,,,inf,,,1.0,8.27335262298584,poincare,2,512,gaussian,gaussian-ring,60000,0.3,0.3,"[0.0, 0.0, 0.0]","[0.8, 0.0, 0.0]",4,,,False
2026.05.21__172014,0.00022356855333782732,0.0002230639656772837,9.95022855931893e-05,0.00022356855333782732,87.0,0.0005538910627365112,,,,,,-909.528076171875,0.25480133295059204,0.0,1.0,0.49541500210762024,1.5524603128433228,0.09529922157526016,0.6284918785095215,1.0000001111620804e-06,2.062765133814537e-06,0.18948882818222046,1.0107855796813965,5.334275245666504,0.4970000088214874,0.4778333306312561,0.05494663119316101,0.0927109643816948,0.5926659107208252,0.31166592240333557,0.37688711285591125,0.8269475698471069,0.0,0.0,0.0,0.0,0.0,0.0,0.0,0.0,1.0,0.3453114330768585,sphere,2,513,gaussian,gaussian-ring,60000,0.3,0.3,"[0.0, 0.0, 0.0]","[0.8, 0.0, 0.0]",8,,,False
2026.05.21__172039,22.590116500854492,24.828187942504883,9.98756950139068e-05,22.590116500854492,59.5,0.0,,,,,,93.18425750732422,2681.245361328125,0.0,1.0,19.93238067626953,406.48406982421875,47.665592193603516,112.08650207519531,1.0000001111620804e-06,5.00445457873866e-06,8.268020629882812,3.8740124702453613,0.4685537815093994,0.0,0.0,19.175710678100586,17.890104293823242,1.0718612670898438,8.266502380371094,7.967981338500977,1.0374650955200195,inf,inf,,,,inf,,,1.0,8.276460647583008,poincare,2,512,gaussian,gaussian-ring,60000,0.3,0.3,"[0.0, 0.0, 0.0]","[0.8, 0.0, 0.0]",4,,,False
2026.05.21__172054,22.726276397705078,19.580528259277344,9.99248877633363e-05,22.726276397705078,62.5,0.0,,,,,,83.07597351074219,2679.232421875,0.0,1.0,20.113628387451172,400.41357421875,47.63066101074219,110.44259643554688,1.0000001111620804e-06,3.28108239955327e-06,8.265649795532227,3.8726537227630615,0.468523770570755,0.0,0.0,19.154109954833984,17.88582992553711,1.0709097385406494,8.261520385742188,7.966973781585693,1.0369709730148315,inf,inf,,,,inf,,,1.0,8.27376937866211,poincare,2,512,gaussian,gaussian-ring,60000,0.3,0.3,"[0.0, 0.0, 0.0]","[0.8, 0.0, 0.0]",4,,,False
2026.05.21__172101,22.496671676635742,18.844268798828125,9.99248877633363e-05,22.496671676635742,69.5,0.0,,,,,,83.46365356445312,2801.084716796875,0.0,1.0,20.653076171875,401.3546142578125,48.67042541503906,114.58409118652344,1.0000001111620804e-06,3.4738843623927096e-06,8.265253067016602,3.873725175857544,0.4686759412288666,0.0,0.0,19.154077529907227,17.887962341308594,1.0707802772521973,8.261533737182617,7.967475414276123,1.0369073152542114,inf,inf,,,,inf,,,1.0,8.273394584655762,poincare,2,512,gaussian,gaussian-ring,60000,0.3,0.3,"[0.0, 0.0, 0.0]","[0.8, 0.0, 0.0]",8,,,False
2026.05.21__172107,0.00021973741240799427,0.00020326778758317232,9.852721996139735e-05,0.00021973741240799427,88.5,0.0007447476382367313,0.00022380909649655223,0.00022380909649655223,-913.5838623046875,-913.5838623046875,-913.5838623046875,-911.333984375,0.25694555044174194,0.0,1.0,0.4981648325920105,1.5713385343551636,0.0919826477766037,0.6249854564666748,1.0000001111620804e-06,2.047991074505262e-06,0.18771345913410187,1.007216215133667,5.365711212158203,0.4976666569709778,0.468666672706604,0.05520092695951462,0.09137491881847382,0.6041146516799927,0.3124406635761261,0.3741406798362732,0.8350887298583984,0.0,0.0,0.0,0.0,0.0,0.0,0.0,0.0,1.0,0.3440251052379608,sphere,2,513,gaussian,gaussian-ring,60000,0.3,0.3,"[0.0, 0.0, 0.0]","[0.8, 0.0, 0.0]",8,,,False
2026.05.21__172113,0.20556724071502686,0.20314821600914001,9.969891107175499e-05,0.20556724071502686,50.0,3.7277739011187805e-06,,,,,,2.4231975078582764,0.3621220588684082,0.0,1.0,0.5350350141525269,1.1268537044525146,0.2751230001449585,0.9928789734840393,1.0000001111620804e-06,3.0037924716452835e-06,0.2724786698818207,0.022008288651704788,0.08077068626880646,0.4740000069141388,0.47099998593330383,0.918035089969635,0.9122086763381958,1.0063871145248413,0.9067815542221069,0.906960129737854,0.9998031258583069,0.6106025576591492,0.6112572550773621,0.06231583654880524,0.06010913476347923,0.0006546974182128906,0.913753092288971,0.006639675237238407,-0.3024958372116089,1.0,0.9051855206489563,sphere,3,3,gaussian,gaussian-ring,60000,0.3,0.3,"[0.0, 0.0, 0.0]","[0.8, 0.0, 0.0]",1,,,False
2026.05.21__172140,0.20409856736660004,0.2047291249036789,9.896272968035191e-05,0.20409856736660004,50.0,4.830459602089832e-06,0.2032073736190796,0.2032073736190796,2.4282541275024414,2.4282541275024414,2.4282541275024414,2.413334369659424,0.35410091280937195,0.0,1.0,0.5279877781867981,1.10687255859375,0.27425235509872437,0.9891705513000488,1.0000001111620804e-06,2.999260004798998e-06,0.26742681860923767,0.019380878657102585,0.07247170805931091,0.49399998784065247,0.4909999966621399,0.9258997440338135,0.9326937794685364,0.9927156567573547,0.9069591760635376,0.9068747758865356,1.0000931024551392,0.6107732653617859,0.608320951461792,0.06136710196733475,0.06027956306934357,-0.0024523138999938965,0.9132959246635437,0.0068057021126151085,-0.30497491359710693,1.0,0.9057581424713135,sphere,3,3,gaussian,gaussian-ring,60000,0.3,0.3,"[0.0, 0.0, 0.0]","[0.8, 0.0, 0.0]",1,,,False
2026.05.21__172217,22.591337203979492,25.010635375976562,9.98756950139068e-05,22.591337203979492,70.0,0.0,,,,,,93.1288833618164,2727.534912109375,0.0,1.0,20.059959411621094,406.39019775390625,48.09175109863281,112.51171112060547,1.0000001111620804e-06,5.021195647714194e-06,8.26799488067627,3.8740038871765137,0.46855422854423523,0.0,0.0,19.175752639770508,17.890106201171875,1.0718635320663452,8.266484260559082,7.967992782592773,1.037461280822754,inf,inf,,,,inf,,,1.0,8.276419639587402,poincare,2,512,gaussian,gaussian-ring,60000,0.3,0.3,"[0.0, 0.0, 0.0]","[0.8, 0.0, 0.0]",8,,,False
2026.05.21__172232,0.20416750013828278,0.2052697390317917,9.969891107175499e-05,0.20416750013828278,50.0,3.5141904390911805e-06,,,,,,2.459287166595459,0.35207629203796387,0.0,1.0,0.5271720886230469,1.1279234886169434,0.27198371291160583,0.989609956741333,1.0000001111620804e-06,2.9596963031508494e-06,0.265181303024292,0.020364660769701004,0.07679523527622223,0.48533332347869873,0.4781666696071625,0.9325110912322998,0.9116806387901306,1.02284836769104,0.9068759083747864,0.906842827796936,1.000036358833313,0.6107082366943359,0.6161725521087646,0.06160244345664978,0.05896339565515518,0.005464315414428711,0.9147016406059265,0.006523377727717161,-0.29852908849716187,1.0,0.9080999493598938,sphere,3,3,gaussian,gaussian-ring,60000,0.3,0.3,"[0.0, 0.0, 0.0]","[0.8, 0.0, 0.0]",1,,,False
2026.05.21__172317,0.1283540427684784,0.12256848812103271,9.938564471667632e-05,0.1283540427684784,76.0,4.731118679046631e-06,0.12548013031482697,0.12548013031482697,0.7395285367965698,0.7395285367965698,0.7395285367965698,0.7759019136428833,1.1225273609161377,0.0,1.0,1.0508921146392822,1.4502928256988525,0.1342320293188095,1.2394838333129883,1.0000001111620804e-06,9.811226391320815e-07,0.16463512182235718,0.030787933617830276,0.1870070844888687,0.7748333215713501,0.7336666584014893,0.08927272260189056,0.09277583658695221,0.9622411131858826,0.36481451988220215,0.3618762493133545,1.0081195831298828,0.37055426836013794,0.3658970892429352,0.020726874470710754,0.01964762434363365,-0.004657179117202759,0.913753092288971,0.006639675237238407,-0.5478559732437134,1.0,0.3655651807785034,sphere,3,3,gaussian,gaussian-ring,60000,0.3,0.3,"[0.0, 0.0, 0.0]","[0.8, 0.0, 0.0]",4,,,False
2026.05.21__172343,0.1267862468957901,0.1218208521604538,9.938564471667632e-05,0.1267862468957901,74.0,4.947185516357422e-06,0.12401095777750015,0.12401095777750015,0.7252385020256042,0.7252385020256042,0.7252385020256042,0.7645761966705322,1.1284412145614624,0.0,1.0,1.0536081790924072,1.4567372798919678,0.13490965962409973,1.2432372570037842,1.0000001111620804e-06,9.813970791583415e-07,0.1646718531847,0.031330838799476624,0.19026227295398712,0.7683333158493042,0.7361666560173035,0.08688552677631378,0.09031744301319122,0.962001621723175,0.36014607548713684,0.35697147250175476,1.0088931322097778,0.36938923597335815,0.3651758134365082,0.020297802984714508,0.019307728856801987,-0.004213422536849976,0.913753092288971,0.006639675237238407,-0.5485773086547852,1.0,0.3608241677284241,sphere,3,3,gaussian,gaussian-ring,60000,0.3,0.3,"[0.0, 0.0, 0.0]","[0.8, 0.0, 0.0]",8,,,False
2026.05.21__172348,22.73195457458496,19.036684036254883,9.99248877633363e-05,22.73195457458496,69.0,0.0,,,,,,83.07102966308594,2675.6552734375,0.0,1.0,20.121671676635742,400.4324035644531,47.58237838745117,111.13408660888672,1.0000001111620804e-06,3.278697477071546e-06,8.265698432922363,3.872650146484375,0.4685206413269043,0.0,0.0,19.15413475036621,17.885833740234375,1.070910930633545,8.261528968811035,7.966970920562744,1.0369725227355957,inf,inf,,,,inf,,,1.0,8.273832321166992,poincare,2,512,gaussian,gaussian-ring,60000,0.3,0.3,"[0.0, 0.0, 0.0]","[0.8, 0.0, 0.0]",8,,,False
2026.05.21__172416,142.53854370117188,100.1294174194336,9.981419862015173e-05,142.53854370117188,93.0,0.0,,,,,,0.019624412059783936,194.64730834960938,0.0,1.0,5.629903793334961,200.2843475341797,12.688896179199219,24.07169532775879,1.0000001111620804e-06,1.3742421742790611e-06,0.4260835349559784,0.05344844609498978,0.12544123828411102,0.4846666753292084,0.500333309173584,5.555824279785156,6.144872188568115,0.9041399955749512,3.80667781829834,4.03483247756958,0.9434536695480347,10.453657150268555,13.676547050476074,75.1756362915039,142.4096221923828,3.2228899002075195,1.0949018001556396,0.009602326899766922,12.581644058227539,1.0,3.8994061946868896,poincare,3,2,gaussian,gaussian-ring,60000,0.3,0.3,"[0.0, 0.0, 0.0]","[0.8, 0.0, 0.0]",1,,,False
2026.05.21__172434,142.43536376953125,166.882568359375,9.981419862015173e-05,142.43536376953125,95.5,0.0,,,,,,-0.021128816530108452,202.27520751953125,0.0,1.0,5.629334449768066,206.28875732421875,12.988706588745117,23.528654098510742,1.0000001111620804e-06,1.3466330983646913e-06,0.4583930969238281,0.04537874832749367,0.09899526089429855,0.5023333430290222,0.5096666812896729,5.788827896118164,6.118009567260742,0.9461946487426758,3.907151937484741,4.0247602462768555,0.9707788228988647,11.096370697021484,13.493829727172852,81.59539031982422,138.5472869873047,2.397459030151367,1.0951926708221436,0.010061545297503471,12.398636817932129,1.0,3.9619088172912598,poincare,3,2,gaussian,gaussian-ring,60000,0.3,0.3,"[0.0, 0.0, 0.0]","[0.8, 0.0, 0.0]",1,,,False
2026.05.21__172439,147.18064880371094,125.00617218017578,9.969891107175499e-05,147.18064880371094,100.0,0.0,,,,,,-0.008662217296659946,188.42137145996094,0.0,1.0,5.551192283630371,194.6746826171875,12.428193092346191,24.02189826965332,1.0000001111620804e-06,1.3437846746455762e-06,0.4447585344314575,0.04069551080465317,0.09150023758411407,0.5011666417121887,0.4973333477973938,5.8888983726501465,6.062652111053467,0.9713403582572937,3.946110963821411,3.9967219829559326,0.9873369336128235,11.488533020019531,13.41795539855957,88.9021987915039,140.3879852294922,1.9294233322143555,1.096029281616211,0.010462715290486813,12.32192611694336,1.0,3.973440647125244,poincare,3,2,gaussian,gaussian-ring,60000,0.3,0.3,"[0.0, 0.0, 0.0]","[0.8, 0.0, 0.0]",1,,,False
2026.05.21__172448,0.12743020057678223,0.13166195154190063,9.925681661115959e-05,0.12743020057678223,78.0,4.9596033022680786e-06,0.12723703682422638,0.12723703682422638,0.704635739326477,0.704635739326477,0.704635739326477,0.6910353302955627,1.1278756856918335,0.0,1.0,1.0529357194900513,1.4629725217819214,0.13786470890045166,1.2476725578308105,1.0000001111620804e-06,9.813742281039595e-07,0.16350501775741577,0.02886175736784935,0.17651911079883575,0.7710000276565552,0.7515000104904175,0.08619915693998337,0.08984703570604324,0.9593989849090576,0.35805219411849976,0.35692211985588074,1.0031661987304688,0.3686913251876831,0.36146196722984314,0.02026810124516487,0.019271040335297585,-0.0072293877601623535,0.9132959246635437,0.0068057021126151085,-0.5518339276313782,1.0,0.3569941520690918,sphere,3,3,gaussian,gaussian-ring,60000,0.3,0.3,"[0.0, 0.0, 0.0]","[0.8, 0.0, 0.0]",8,,,False
2026.05.21__172451,0.17612087726593018,0.1578281670808792,9.981419862015173e-05,0.17612087726593018,44.0,7.202227720881638e-07,,,,,,2.27767276763916,0.22625833749771118,0.0,1.0,0.4282943606376648,0.8400943279266357,0.20677433907985687,0.7694758176803589,1.0000001111620804e-06,3.334437451485428e-06,0.34705501794815063,0.10375935584306717,0.29897093772888184,0.49549999833106995,0.492333322763443,0.9295049905776978,0.9170795679092407,1.0135488510131836,0.9069096446037292,0.9069098830223083,0.9999998211860657,0.42329224944114685,0.4268190860748291,0.06401827186346054,0.06316857039928436,0.003526866203173995,0.7697009444236755,0.024863772094249725,-0.3428818881511688,1.0,0.9026632308959961,sphere,3,4,gaussian,gaussian-ring,60000,0.3,0.3,"[0.0, 0.0, 0.0]","[0.8, 0.0, 0.0]",1,,,False
2026.05.21__172457,0.17539530992507935,0.18344318866729736,9.974040585802868e-05,0.17539530992507935,44.0,5.960464477539062e-07,,,,,,2.2757322788238525,0.22066089510917664,0.0,1.0,0.42202305793762207,0.8390690088272095,0.20606955885887146,0.7663164138793945,1.0000001111620804e-06,3.5199082049075514e-06,0.33367523550987244,0.10081678628921509,0.3021404445171356,0.4880000054836273,0.4963333308696747,0.9083986878395081,0.925155758857727,0.9818872809410095,0.9067887663841248,0.9069359302520752,0.9998377561569214,0.4334927499294281,0.4242323935031891,0.06654905527830124,0.06272824853658676,-0.009260386228561401,0.775188148021698,0.024586038663983345,-0.3509557843208313,1.0,0.9096794724464417,sphere,3,4,gaussian,gaussian-ring,60000,0.3,0.3,"[0.0, 0.0, 0.0]","[0.8, 0.0, 0.0]",1,,,False
2026.05.21__172514,0.17701219022274017,0.17273461818695068,9.98756950139068e-05,0.17701219022274017,44.0,8.692343840266403e-07,,,,,,2.2760488986968994,0.22068791091442108,0.0,1.0,0.423662930727005,0.8278754949569702,0.20265649259090424,0.7558600902557373,1.0000001111620804e-06,3.422170493649901e-06,0.35104814171791077,0.10375557094812393,0.2955593764781952,0.46566668152809143,0.460999995470047,0.9112251996994019,0.9255769848823547,0.984494149684906,0.9066826701164246,0.9069603681564331,0.9996938705444336,0.43202000856399536,0.4243176281452179,0.0657387226819992,0.06310871988534927,-0.007702380418777466,0.7754267454147339,0.024062780663371086,-0.351109117269516,1.0,0.9092004299163818,sphere,3,4,gaussian,gaussian-ring,60000,0.3,0.3,"[0.0, 0.0, 0.0]","[0.8, 0.0, 0.0]",1,,,False
2026.05.21__172555,1059.9215087890625,1082.906494140625,9.981419862015173e-05,1059.9215087890625,146.0,0.0,,,,,,-2.2313225269317627,1586.109619140625,0.0,1.0,17.41914176940918,287.5633239746094,35.78704071044922,94.58744812011719,1.0000001111620804e-06,1.5255110383805004e-06,0.43602222204208374,0.10970000922679901,0.2515927255153656,0.3903333246707916,0.3346666693687439,11.563458442687988,12.228477478027344,0.9456171989440918,5.9499311447143555,6.168601989746094,0.9645509719848633,35.285926818847656,40.16004180908203,90.68608093261719,3.6572578210325446e-07,4.874114990234375,1.0949018001556396,0.009602326899766922,39.06513977050781,1.0,6.037813663482666,poincare,3,2,gaussian,gaussian-ring,60000,0.3,0.3,"[0.0, 0.0, 0.0]","[0.8, 0.0, 0.0]",4,,,False
2026.05.21__172557,0.10514506697654724,0.1141250878572464,9.95022855931893e-05,0.10514506697654724,65.5,5.347033493308118e-06,,,,,,-0.449790358543396,0.9436935186386108,0.0,1.0,0.9621061086654663,1.3800181150436401,0.13389402627944946,1.1541433334350586,1.0000001111620804e-06,1.0699675385694718e-06,0.1836717128753662,0.07676251232624054,0.41793322563171387,0.5353333353996277,0.42883333563804626,0.08858532458543777,0.09104103595018387,0.9730263948440552,0.3709917366504669,0.36154597997665405,1.0261260271072388,0.151821106672287,0.15197405219078064,0.008615742437541485,0.010276099666953087,0.00015294551849365234,0.7697009444236755,0.024863772094249725,-0.6177269220352173,1.0,0.36764973402023315,sphere,3,4,gaussian,gaussian-ring,60000,0.3,0.3,"[0.0, 0.0, 0.0]","[0.8, 0.0, 0.0]",4,,,False
2026.05.21__172558,1045.0465087890625,1047.9810791015625,9.981419862015173e-05,1045.0465087890625,145.5,0.0,,,,,,-2.1290411949157715,1610.01171875,0.0,1.0,17.513851165771484,288.4736633300781,36.017948150634766,95.56143951416016,1.0000001111620804e-06,1.4885658856655937e-06,0.4257526099681854,0.09500495344400406,0.22314591705799103,0.4025000035762787,0.3540000021457672,11.696516036987305,12.24425220489502,0.9552657604217529,5.994060039520264,6.173127174377441,0.9709925651550293,35.93147277832031,40.1600341796875,78.37208557128906,3.627148430496163e-07,4.2285614013671875,1.0951926708221436,0.010061545297503471,39.064842224121094,1.0,6.0778913497924805,poincare,3,2,gaussian,gaussian-ring,60000,0.3,0.3,"[0.0, 0.0, 0.0]","[0.8, 0.0, 0.0]",4,,,False
2026.05.21__172603,0.10506586730480194,0.09816794097423553,9.938564471667632e-05,0.10506586730480194,73.0,3.598630428314209e-06,0.10293837636709213,0.10293837636709213,-0.44970929622650146,-0.44970929622650146,-0.4497092366218567,-0.4266706109046936,0.9501393437385559,0.0,1.0,0.9657801389694214,1.3154842853546143,0.13167250156402588,1.1556987762451172,1.0000001111620804e-06,1.0659781537469826e-06,0.17930451035499573,0.07033337652683258,0.39225658774375916,0.5339999794960022,0.44999998807907104,0.08775192499160767,0.09268461167812347,0.9467798471450806,0.3696160912513733,0.36639344692230225,1.0087956190109253,0.15597355365753174,0.15245096385478973,0.00888078287243843,0.010594156570732594,-0.0035225895699113607,0.775188148021698,0.024586038663983345,-0.6227371692657471,1.0,0.36572811007499695,sphere,3,4,gaussian,gaussian-ring,60000,0.3,0.3,"[0.0, 0.0, 0.0]","[0.8, 0.0, 0.0]",4,,,False
2026.05.21__172612,0.10596071183681488,0.10806384682655334,9.974040585802868e-05,0.10596071183681488,63.5,3.742675062312628e-06,,,,,,-0.40708065032958984,0.9489930272102356,0.0,1.0,0.964174211025238,1.3459463119506836,0.13900192081928253,1.1589254140853882,1.0000001111620804e-06,1.0701992323447485e-06,0.18628601729869843,0.080617755651474,0.43276330828666687,0.5268333554267883,0.4128333330154419,0.08361782878637314,0.08980140835046768,0.9311416149139404,0.36269688606262207,0.3610256314277649,1.0046292543411255,0.1545872837305069,0.14885468780994415,0.008679408580064774,0.009451367892324924,-0.005732595920562744,0.7754267454147339,0.024062780663371086,-0.6265720725059509,1.0,0.364124596118927,sphere,3,4,gaussian,gaussian-ring,60000,0.3,0.3,"[0.0, 0.0, 0.0]","[0.8, 0.0, 0.0]",4,,,False
2026.05.21__172615,1055.347412109375,1267.22021484375,9.974040585802868e-05,1055.347412109375,148.0,0.0,,,,,,-2.1068010330200195,1637.232177734375,0.0,1.0,17.60964012145996,288.2153015136719,36.3405876159668,95.62163543701172,1.0000001111620804e-06,1.5095358776306966e-06,0.4494272470474243,0.08952031284570694,0.19918754696846008,0.3931666612625122,0.35249999165534973,11.731799125671387,12.23585033416748,0.9588054418563843,6.006819248199463,6.170752048492432,0.9734338521957397,36.18486785888672,40.1600341796875,74.62847137451172,3.6043573459210165e-07,3.9751663208007812,1.096029281616211,0.010462715290486813,39.064002990722656,1.0,6.089691638946533,poincare,3,2,gaussian,gaussian-ring,60000,0.3,0.3,"[0.0, 0.0, 0.0]","[0.8, 0.0, 0.0]",4,,,False
2026.05.21__172618,0.10436371713876724,0.1129489317536354,9.95022855931893e-05,0.10436371713876724,65.0,5.287428848532727e-06,,,,,,-0.47712308168411255,0.9472517967224121,0.0,1.0,0.9636865258216858,1.3814482688903809,0.13576196134090424,1.1592334508895874,1.0000001111620804e-06,1.068438905349467e-06,0.1821056455373764,0.07475371658802032,0.41049641370773315,0.5304999947547913,0.42649999260902405,0.086571104824543,0.08867360651493073,0.9762894511222839,0.3670235276222229,0.35740575194358826,1.0269098281860352,0.15111401677131653,0.15112309157848358,0.008379190228879452,0.009945424273610115,9.074807167053223e-06,0.7697009444236755,0.024863772094249725,-0.6185778379440308,1.0,0.36372941732406616,sphere,3,4,gaussian,gaussian-ring,60000,0.3,0.3,"[0.0, 0.0, 0.0]","[0.8, 0.0, 0.0]",8,,,False
2026.05.21__172713,0.105198934674263,0.10595737397670746,9.974040585802868e-05,0.105198934674263,64.5,3.725290298461914e-06,,,,,,-0.42817819118499756,0.9532918930053711,0.0,1.0,0.9662647843360901,1.3543548583984375,0.13993528485298157,1.1621148586273193,1.0000001111620804e-06,1.0664930414350238e-06,0.18513549864292145,0.0808824747800827,0.43688255548477173,0.5329999923706055,0.40583333373069763,0.08197089284658432,0.08803694695234299,0.9310964941978455,0.3593638837337494,0.3574807643890381,1.0052677392959595,0.1539572924375534,0.1481672078371048,0.008501806296408176,0.009225137531757355,-0.005790085066109896,0.7754267454147339,0.024062780663371086,-0.6272595524787903,1.0,0.3604240417480469,sphere,3,4,gaussian,gaussian-ring,60000,0.3,0.3,"[0.0, 0.0, 0.0]","[0.8, 0.0, 0.0]",8,,,False
2026.05.21__172726,0.04381547495722771,0.04411417618393898,9.974040585802868e-05,0.04381547495722771,38.0,7.127721914912399e-07,,,,,,-6.852219581604004,0.10127232223749161,0.0,1.0,0.288688600063324,0.6813564896583557,0.13372229039669037,0.5270892381668091,1.0000001111620804e-06,4.797514066012809e-06,0.6403747797012329,1.0361378192901611,1.6180177927017212,0.5093333125114441,0.5136666893959045,0.8608059883117676,0.8418528437614441,1.0225136280059814,0.9066519141197205,0.9068981409072876,0.9997286200523376,0.012301981449127197,0.015037084929645061,0.0006846843753010035,0.0012211835710331798,0.002735103713348508,0.0006688223802484572,1.3482738722814247e-05,0.014368262141942978,1.0,0.9089495539665222,sphere,3,17,gaussian,gaussian-ring,60000,0.3,0.3,"[0.0, 0.0, 0.0]","[0.8, 0.0, 0.0]",1,,,False
2026.05.21__172727,1045.0491943359375,1047.9879150390625,9.981419862015173e-05,1045.0491943359375,146.0,0.0,,,,,,-2.1290383338928223,1610.0169677734375,0.0,1.0,17.513877868652344,288.4781188964844,36.01801681518555,95.5621109008789,1.0000001111620804e-06,1.4885675909681595e-06,0.4257637560367584,0.0950053334236145,0.2231409251689911,0.40283334255218506,0.3540000021457672,11.696507453918457,12.244241714477539,0.9552660584449768,5.994068145751953,6.173168182373047,0.9709874391555786,35.931400299072266,40.160091400146484,78.37215423583984,3.6517545254355355e-07,4.228691101074219,1.0951926708221436,0.010061545297503471,39.06489944458008,1.0,6.077882766723633,poincare,3,2,gaussian,gaussian-ring,60000,0.3,0.3,"[0.0, 0.0, 0.0]","[0.8, 0.0, 0.0]",8,,,False
2026.05.21__172728,0.04372052103281021,0.044888436794281006,9.981419862015173e-05,0.04372052103281021,38.0,6.92903995513916e-07,,,,,,-6.903202056884766,0.10151758044958115,0.0,1.0,0.2873696982860565,0.6948329210281372,0.137514129281044,0.534468412399292,1.0000001111620804e-06,4.921959316561697e-06,0.6364200711250305,1.0331734418869019,1.6234142780303955,0.49916666746139526,0.4984999895095825,0.860530436038971,0.8439056873321533,1.0196998119354248,0.9067142605781555,0.9069516062736511,0.9997382760047913,0.012177945114672184,0.014955488964915276,0.0006662685773335397,0.0012110320385545492,0.002777543617412448,0.0006614885642193258,1.2123754459025804e-05,0.014294000342488289,1.0,0.9067478775978088,sphere,3,17,gaussian,gaussian-ring,60000,0.3,0.3,"[0.0, 0.0, 0.0]","[0.8, 0.0, 0.0]",1,,,False
2026.05.21__172733,0.04376128315925598,0.043297480791807175,9.925681661115959e-05,0.04376128315925598,38.0,1.3584891576101654e-06,0.043794937431812286,0.043794937431812286,-6.763369083404541,-6.763369083404541,-6.763368606567383,-6.774084091186523,0.10061784088611603,0.0,1.0,0.28786060214042664,0.678260326385498,0.13306482136249542,0.5188194513320923,1.0000001111620804e-06,5.082212283014087e-06,0.5902174711227417,1.0327421426773071,1.7497655153274536,0.512666642665863,0.5370000004768372,0.8445205092430115,0.8421294093132019,1.0028393268585205,0.9067391753196716,0.9069074988365173,0.9998144507408142,0.014202588237822056,0.014783251099288464,0.0011597501579672098,0.0012103820918127894,0.0005806628614664078,0.0008451190078631043,2.1426329112728126e-05,0.013938131742179394,1.0,0.9044554233551025,sphere,3,17,gaussian,gaussian-ring,60000,0.3,0.3,"[0.0, 0.0, 0.0]","[0.8, 0.0, 0.0]",1,,,False
2026.05.21__172735,0.01746678538620472,0.017154941335320473,9.833202057052404e-05,0.01746678538620472,56.0,1.6763806343078613e-06,0.017477551475167274,0.017477551475167274,-23.525659561157227,-23.525659561157227,-23.52565574645996,-23.318496704101562,0.2935226857662201,0.0,1.0,0.5245714783668518,0.8454293608665466,0.13535544276237488,0.7356152534484863,1.0000001111620804e-06,2.07257244255743e-06,0.19160780310630798,0.6553663015365601,3.4203529357910156,0.49950000643730164,0.4830000102519989,0.094303660094738,0.09266557544469833,1.0176774263381958,0.38367581367492676,0.3740801215171814,1.025651454925537,2.8369357096380554e-05,5.1069499022560194e-05,5.52673533604775e-08,3.601651314966148e-07,2.2700140107190236e-05,0.0006688223802484572,1.3482738722814247e-05,-0.000617752899415791,1.0,0.3788062334060669,sphere,3,17,gaussian,gaussian-ring,60000,0.3,0.3,"[0.0, 0.0, 0.0]","[0.8, 0.0, 0.0]",4,,,False
2026.05.21__172742,1055.3499755859375,1267.230224609375,9.974040585802868e-05,1055.3499755859375,147.0,0.0,,,,,,-2.1067941188812256,1637.23095703125,0.0,1.0,17.60964012145996,288.21405029296875,36.34056854248047,95.62248229980469,1.0000001111620804e-06,1.5095350818228326e-06,0.449910044670105,0.08952030539512634,0.19897378981113434,0.3930000066757202,0.35249999165534973,11.731791496276855,12.235849380493164,0.9588049054145813,6.006822109222412,6.170814037322998,0.9734246134757996,36.18480682373047,40.160091400146484,74.62782287597656,3.488104027837835e-07,3.9752845764160156,1.096029281616211,0.010462715290486813,39.064064025878906,1.0,6.0897908210754395,poincare,3,2,gaussian,gaussian-ring,60000,0.3,0.3,"[0.0, 0.0, 0.0]","[0.8, 0.0, 0.0]",8,,,False
2026.05.21__172744,89.60169982910156,113.5536117553711,9.852721996139735e-05,89.60169982910156,111.5,0.0,116.5843734741211,116.5843734741211,0.5434261560440063,0.5434261560440063,0.5434260964393616,0.6457412242889404,203.23199462890625,0.0,1.0,5.941171646118164,181.35362243652344,12.90514850616455,26.295297622680664,1.0000001111620804e-06,1.12166446797346e-06,0.9333739280700684,0.16771189868450165,0.17968350648880005,0.4690000116825104,0.38233333826065063,6.849400997161865,5.995296955108643,1.1424623727798462,4.514917373657227,4.1496477127075195,1.0880242586135864,355.9372863769531,317.7287902832031,229331.875,241787.78125,-38.20849609375,1.3254554271697998,0.11104421317577362,316.4033203125,1.0,4.342901706695557,poincare,3,3,gaussian,gaussian-ring,60000,0.3,0.3,"[0.0, 0.0, 0.0]","[0.8, 0.0, 0.0]",1,,,False
2026.05.21__172745,93.52691650390625,88.02349853515625,9.871044312603772e-05,93.52691650390625,123.0,0.0,96.48888397216797,96.48888397216797,0.647050678730011,0.647050678730011,0.647050678730011,0.5262712240219116,219.77978515625,0.0,1.0,6.086271286010742,174.23255920410156,13.460006713867188,26.538955688476562,1.0000001111620804e-06,1.1406357316445792e-06,1.1068636178970337,0.16510319709777832,0.14916308224201202,0.4884999990463257,0.406333327293396,6.936731815338135,6.124825477600098,1.132559895515442,4.548892974853516,4.205212593078613,1.0817272663116455,370.9007568359375,330.3455505371094,241531.875,244376.9375,-40.555206298828125,1.331274151802063,0.1150217056274414,329.0142822265625,1.0,4.401547431945801,poincare,3,3,gaussian,gaussian-ring,60000,0.3,0.3,"[0.0, 0.0, 0.0]","[0.8, 0.0, 0.0]",1,,,False
2026.05.21__172801,88.36283874511719,84.32173156738281,9.730680903885514e-05,88.36283874511719,109.5,0.0,91.20286560058594,91.20286560058594,0.9759131073951721,0.9759131073951721,0.5866273045539856,0.6217487454414368,195.62774658203125,0.0,1.0,5.7150115966796875,181.10218811035156,12.622757911682129,23.991512298583984,1.0000001111620804e-06,1.1026355650756159e-06,1.0471007823944092,0.17163273692131042,0.1639123260974884,0.4726666808128357,0.4050000011920929,6.7895965576171875,6.023628234863281,1.1271605491638184,4.473242282867432,4.161526679992676,1.074904203414917,379.1342468261719,323.6117858886719,259316.953125,244627.171875,-55.522457122802734,1.3274755477905273,0.10365123301744461,322.2843017578125,1.0,4.325566291809082,poincare,3,3,gaussian,gaussian-ring,60000,0.3,0.3,"[0.0, 0.0, 0.0]","[0.8, 0.0, 0.0]",1,,,False
2026.05.21__172829,0.017523569986224174,0.017380043864250183,9.790589683689177e-05,0.017523569986224174,53.5,9.834766387939453e-07,0.018197914585471153,0.018197914585471153,-22.95351219177246,-22.95351219177246,-22.95351219177246,-22.98362159729004,0.2903871536254883,0.0,1.0,0.5224958062171936,0.8193948864936829,0.1316736489534378,0.7290685772895813,1.0000001111620804e-06,2.07478342417744e-06,0.1982285976409912,0.6629461646080017,3.3443520069122314,0.5040000081062317,0.49033331871032715,0.09616019576787949,0.09325370192527771,1.0311676263809204,0.3876188099384308,0.37427249550819397,1.0356593132019043,3.693427061080001e-05,4.524869655142538e-05,2.2021205836608715e-07,3.291673067451484e-07,8.31442594062537e-06,0.0006614885642193258,1.2123754459025804e-05,-0.0006162398494780064,1.0,0.38104793429374695,sphere,3,17,gaussian,gaussian-ring,60000,0.3,0.3,"[0.0, 0.0, 0.0]","[0.8, 0.0, 0.0]",4,,,False
2026.05.21__172838,0.017476703971624374,0.01781015843153,9.730680903885514e-05,0.017476703971624374,66.0,1.0579824447631836e-06,0.017451660707592964,0.017451660707592964,-23.648080825805664,-23.648080825805664,-23.648080825805664,-23.762693405151367,0.3060111105442047,0.0,1.0,0.5327654480934143,0.8668477535247803,0.14874328672885895,0.7661007642745972,1.0000001111620804e-06,2.07525295081723e-06,0.18484236299991608,0.6373708248138428,3.448185920715332,0.5040000081062317,0.5043333172798157,0.09500433504581451,0.08944366127252579,1.0621695518493652,0.3780815303325653,0.36812999844551086,1.027032732963562,3.8073638279456645e-05,4.573023761622608e-05,1.05016809470726e-07,8.467509360343684e-07,7.656599336769432e-06,0.0008451190078631043,2.1426329112728126e-05,-0.0007993887411430478,1.0,0.37195655703544617,sphere,3,17,gaussian,gaussian-ring,60000,0.3,0.3,"[0.0, 0.0, 0.0]","[0.8, 0.0, 0.0]",4,,,False
2026.05.21__172841,0.017299670726060867,0.017204510048031807,9.833202057052404e-05,0.017299670726060867,56.0,1.6738971453378326e-06,0.017332175746560097,0.017332175746560097,-23.693496704101562,-23.693496704101562,-23.69349479675293,-23.463722229003906,0.2956709861755371,0.0,1.0,0.5267048478126526,0.8479118943214417,0.13498330116271973,0.7376181483268738,1.0000001111620804e-06,2.0613952074199915e-06,0.19077180325984955,0.650560736656189,3.410151481628418,0.5005000233650208,0.4818333387374878,0.09202506393194199,0.09112100303173065,1.0099215507507324,0.3793242871761322,0.3709568977355957,1.022556185722351,2.7013242288376205e-05,5.196411439101212e-05,5.1397673672681776e-08,5.252473442851624e-07,2.4950872102635913e-05,0.0006688223802484572,1.3482738722814247e-05,-0.000616858247667551,1.0,0.3749428689479828,sphere,3,17,gaussian,gaussian-ring,60000,0.3,0.3,"[0.0, 0.0, 0.0]","[0.8, 0.0, 0.0]",8,,,False
2026.05.21__172901,0.017380250617861748,0.01750737614929676,9.790589683689177e-05,0.017380250617861748,52.5,1.1945763844778412e-06,0.01803831197321415,0.01803831197321415,-23.068695068359375,-23.068695068359375,-23.068695068359375,-23.041765213012695,0.2927861213684082,0.0,1.0,0.5247828364372253,0.8224104642868042,0.131693497300148,0.7327092289924622,1.0000001111620804e-06,2.0635686723835533e-06,0.19870494306087494,0.6586298942565918,3.314612865447998,0.5098333358764648,0.5019999742507935,0.09361112117767334,0.09118542820215225,1.026601791381836,0.38290542364120483,0.37079790234565735,1.032652735710144,3.4092146961484104e-05,4.138706572121009e-05,1.8540379187470535e-07,2.8556738129736914e-07,7.294918759725988e-06,0.0006614885642193258,1.2123754459025804e-05,-0.0006201015203259885,1.0,0.37704092264175415,sphere,3,17,gaussian,gaussian-ring,60000,0.3,0.3,"[0.0, 0.0, 0.0]","[0.8, 0.0, 0.0]",8,,,False
2026.05.21__172929,758.8817138671875,619.8370361328125,9.95022855931893e-05,758.8817138671875,152.0,0.0,,,,,,-1.318376898765564,1445.38916015625,0.0,1.0,16.90826416015625,270.32403564453125,33.96086120605469,91.71150207519531,1.0000001111620804e-06,1.309541175942286e-06,2.39931583404541,0.16623499989509583,0.0692843347787857,0.5425000190734863,0.46833333373069763,11.696088790893555,11.963393211364746,0.9776564836502075,6.2201619148254395,6.320540428161621,0.9841187596321106,1407.267333984375,1612.828369140625,200971.609375,0.0020989247132092714,205.56103515625,1.331274151802063,0.1150217056274414,1611.4969482421875,1.0,6.294308662414551,poincare,3,3,gaussian,gaussian-ring,60000,0.3,0.3,"[0.0, 0.0, 0.0]","[0.8, 0.0, 0.0]",4,,,False
2026.05.21__172957,614.2989501953125,573.196044921875,9.755525388754904e-05,614.2989501953125,203.5,0.0,587.0977172851562,587.0977172851562,-2.6445908546447754,-2.6445908546447754,-2.644590377807617,-2.589475631713867,1989.5126953125,0.0,1.0,18.78192901611328,383.6536560058594,40.357078552246094,103.59481048583984,1.0000001111620804e-06,1.7043035995811806e-06,1.7039214372634888,0.08595827966928482,0.050447333604097366,0.5241666436195374,0.5143333077430725,11.514470100402832,11.944390296936035,0.9640064835548401,6.191993713378906,6.315070152282715,0.9805106520652771,1425.29638671875,1612.827392578125,132441.640625,0.0023249220103025436,187.531005859375,1.3274755477905273,0.10365123301744461,1611.4998779296875,1.0,6.252278804779053,poincare,3,3,gaussian,gaussian-ring,60000,0.3,0.3,"[0.0, 0.0, 0.0]","[0.8, 0.0, 0.0]",4,,,False
2026.05.21__172959,608.5492553710938,462.6527099609375,9.790589683689177e-05,608.5492553710938,152.0,0.0,784.7518920898438,784.7518920898438,-1.2167458534240723,-1.2167458534240723,-1.2167458534240723,-1.0665501356124878,1483.508056640625,0.0,1.0,17.318620681762695,266.8609619140625,34.35881805419922,93.51419067382812,1.0000001111620804e-06,1.2587742048708606e-06,2.1395986080169678,0.14272132515907288,0.06670472025871277,0.528166651725769,0.46833333373069763,11.775354385375977,11.971694946289062,0.9835996031761169,6.249511241912842,6.3231282234191895,0.9883574843406677,1442.9056396484375,1612.8321533203125,170377.53125,0.002187523525208235,169.926513671875,1.3254554271697998,0.11104421317577362,1611.5067138671875,1.0,6.292915344238281,poincare,3,3,gaussian,gaussian-ring,60000,0.3,0.3,"[0.0, 0.0, 0.0]","[0.8, 0.0, 0.0]",8,,,False
2026.05.21__173005,0.010149442590773106,0.010284041985869408,9.911583038046956e-05,0.010149442590773106,44.0,1.675387284194585e-05,0.010127308778464794,0.010127308778464794,-69.08917236328125,-69.08917236328125,-69.08916473388672,-69.5494155883789,0.17745336890220642,0.0,1.0,0.3781932294368744,1.173253059387207,0.18533314764499664,0.6985740661621094,1.0000001111620804e-06,3.9014103094814345e-06,0.6756466627120972,1.4780501127243042,2.187608003616333,0.5040000081062317,0.49316665530204773,0.8372766971588135,0.8313964605331421,1.0070726871490479,0.906686007976532,0.9069066643714905,0.9997566938400269,5.486624104378279e-06,5.092615083412966e-06,1.1463606064410214e-08,1.2082785882938651e-09,-3.9400902096531354e-07,3.266574992721871e-07,2.5530288993991235e-10,4.765957783092745e-06,1.0,0.9093458652496338,sphere,3,65,gaussian,gaussian-ring,60000,0.3,0.3,"[0.0, 0.0, 0.0]","[0.8, 0.0, 0.0]",1,,,False
2026.05.21__173014,0.01003751065582037,0.009871278889477253,9.730680903885514e-05,0.01003751065582037,46.0,1.6962489098659717e-05,0.01004272885620594,0.01004272885620594,-67.47383880615234,-67.47383880615234,-69.85297393798828,-69.50135803222656,0.17104122042655945,0.0,1.0,0.37127944827079773,1.1157056093215942,0.1819217950105667,0.6872525215148926,1.0000001111620804e-06,3.98499969378463e-06,0.6862712502479553,1.4899849891662598,2.1711313724517822,0.4958333373069763,0.49950000643730164,0.8417659401893616,0.8315496444702148,1.012285828590393,0.9066983461380005,0.9069133400917053,0.9997628331184387,1.5816935047041625e-05,4.155962869845098e-06,4.308428742660908e-07,8.104431015176772e-10,-1.1660971722449176e-05,5.129094006406376e-06,1.357927033041051e-07,-9.731311365612783e-07,1.0,0.9065200090408325,sphere,3,65,gaussian,gaussian-ring,60000,0.3,0.3,"[0.0, 0.0, 0.0]","[0.8, 0.0, 0.0]",1,,,False
2026.05.21__173041,0.004020004998892546,0.00404376583173871,9.812489588512108e-05,0.004020004998892546,56.0,5.251417405816028e-06,0.0041793957352638245,0.0041793957352638245,-142.41299438476562,-142.41299438476562,-142.41299438476562,-142.11642456054688,0.28989115357398987,0.0,1.0,0.5183260440826416,1.015573263168335,0.14543966948986053,0.7821840643882751,1.0000001111620804e-06,2.089457666443195e-06,0.17298482358455658,0.9273406863212585,5.36082124710083,0.5005000233650208,0.460833340883255,0.10699035972356796,0.09402209520339966,1.137927770614624,0.40366506576538086,0.3762070834636688,1.0729864835739136,6.179808048753163e-14,5.989649748405768e-11,1.544039185283078e-23,2.1185321369150842e-17,5.983469969494948e-11,3.266574992721871e-07,2.5530288993991235e-10,-3.2659758630870783e-07,1.0,0.38995125889778137,sphere,3,65,gaussian,gaussian-ring,60000,0.3,0.3,"[0.0, 0.0, 0.0]","[0.8, 0.0, 0.0]",4,,,False
2026.05.21__173058,0.003949644509702921,0.003869455074891448,9.50761532294564e-05,0.003949644509702921,62.0,1.903623342514038e-06,0.004035590216517448,0.004035590216517448,-141.36326599121094,-141.36326599121094,-141.36326599121094,-141.72323608398438,0.30081596970558167,0.0,1.0,0.5321930646896362,0.9533543586730957,0.13237141072750092,0.7486525177955627,1.0000001111620804e-06,2.017462975345552e-06,0.17497210204601288,0.8864649534225464,5.066320896148682,0.4986666738986969,0.4806666672229767,0.08761966228485107,0.08936562389135361,0.9804627299308777,0.3653627038002014,0.3681950271129608,0.9923075437545776,9.9201923802264e-15,3.5139433030018097e-10,2.857942726369343e-25,7.361405584700698e-16,3.513844215596862e-10,5.129094006406376e-06,1.357927033041051e-07,-5.128742486704141e-06,1.0,0.36644408106803894,sphere,3,65,gaussian,gaussian-ring,60000,0.3,0.3,"[0.0, 0.0, 0.0]","[0.8, 0.0, 0.0]",4,,,False
2026.05.21__173120,29.880794525146484,27.543609619140625,9.99248877633363e-05,29.880794525146484,47.5,0.0,,,,,,11.756646156311035,138.44766235351562,0.0,1.0,4.753626823425293,153.20281982421875,10.748801231384277,20.344802856445312,1.0000001111620804e-06,1.4499909184451099e-06,1.3609967231750488,1.2416915893554688,0.9123398661613464,0.4076666533946991,0.987333357334137,2.7223892211914062,6.1109466552734375,0.4454938471317291,2.8212766647338867,4.344623565673828,0.6493719220161438,3605593369608192.0,1.0754680577833739e+23,1.538622181281371e+34,inf,1.0754680577833739e+23,5282565.5,2.4889868056264704e+16,1.0754680577833739e+23,1.0,3.6057443618774414,poincare,3,16,gaussian,gaussian-ring,60000,0.3,0.3,"[0.0, 0.0, 0.0]","[0.8, 0.0, 0.0]",1,,,False
2026.05.21__173144,29.56764793395996,26.63905906677246,9.974040585802868e-05,29.56764793395996,52.0,0.0,,,,,,9.537696838378906,153.6204071044922,0.0,1.0,4.93559455871582,156.8344268798828,11.332062721252441,21.241939544677734,1.0000001111620804e-06,1.3183065448174602e-06,1.5266461372375488,1.2205440998077393,0.7994937896728516,0.4115000069141388,0.9671666622161865,2.850107431411743,6.0879998207092285,0.46815168857574463,2.8843207359313965,4.3353471755981445,0.6653032302856445,1.9065696992184658e+20,1.0457417782269373e+23,inf,inf,1.0438350442167012e+23,8513677.0,1.1346005656915149e+17,1.0457417782269373e+23,1.0,3.627662420272827,poincare,3,16,gaussian,gaussian-ring,60000,0.3,0.3,"[0.0, 0.0, 0.0]","[0.8, 0.0, 0.0]",1,,,False
2026.05.21__173145,30.285783767700195,29.187978744506836,9.974040585802868e-05,30.285783767700195,55.5,2.440810203552246e-05,,,,,,8.973221778869629,157.7905731201172,0.0,1.0,4.957484245300293,158.2626495361328,11.330666542053223,21.526254653930664,1.0000001111620804e-06,1.2956077171111247e-06,1.4586621522903442,1.2148716449737549,0.8328670263290405,0.40683332085609436,0.9608333110809326,2.824846029281616,6.0015411376953125,0.47068676352500916,2.8672072887420654,4.301526069641113,0.6665558218955994,3.9609056688044455e+20,1.053012839825327e+23,inf,inf,1.0490519239530546e+23,8157073.5,1.744105817117819e+17,1.053012839825327e+23,1.0,3.6038899421691895,poincare,3,16,gaussian,gaussian-ring,60000,0.3,0.3,"[0.0, 0.0, 0.0]","[0.8, 0.0, 0.0]",1,,,False
2026.05.21__173146,0.004072442650794983,0.004216483794152737,9.871044312603772e-05,0.004072442650794983,56.0,4.5734145714959595e-06,0.0041480232030153275,0.0041480232030153275,-141.52413940429688,-141.52413940429688,-141.52413940429688,-141.83326721191406,0.2895176410675049,0.0,1.0,0.5183492302894592,1.0234720706939697,0.14416268467903137,0.7729491591453552,1.0000001111620804e-06,2.0919037524436135e-06,0.17433428764343262,0.9438025951385498,5.41375207901001,0.5011666417121887,0.4625000059604645,0.11243011802434921,0.09401421248912811,1.1958842277526855,0.41406309604644775,0.37590450048446655,1.1015114784240723,1.9100218572021786e-14,2.5205013076678995e-10,1.0132025928664865e-24,3.62568482605263e-16,2.520310349307664e-10,8.353158045792952e-05,4.166323924437165e-05,-8.353133307537064e-05,1.0,0.39536961913108826,sphere,3,65,gaussian,gaussian-ring,60000,0.3,0.3,"[0.0, 0.0, 0.0]","[0.8, 0.0, 0.0]",4,,,False
2026.05.21__173211,0.00397783238440752,0.003998862579464912,9.812489588512108e-05,0.00397783238440752,56.0,7.626911155966809e-06,0.00415542908012867,0.00415542908012867,-142.85504150390625,-142.85504150390625,-142.85504150390625,-142.65321350097656,0.29183295369148254,0.0,1.0,0.5205644369125366,1.010189414024353,0.1441236287355423,0.7811521291732788,1.0000001111620804e-06,2.0770305582118453e-06,0.17443478107452393,0.9208545088768005,5.279076099395752,0.5026666522026062,0.4658333361148834,0.10364674776792526,0.09218285232782364,1.12436044216156,0.3982992470264435,0.37274879217147827,1.068545937538147,3.802993618802486e-14,1.8958370984201167e-10,5.9219657992891995e-24,2.1250153469457034e-16,1.8954568470341826e-10,3.266574992721871e-07,2.5530288993991235e-10,-3.264678980485769e-07,1.0,0.385346919298172,sphere,3,65,gaussian,gaussian-ring,60000,0.3,0.3,"[0.0, 0.0, 0.0]","[0.8, 0.0, 0.0]",8,,,False
2026.05.21__173212,0.003924560267478228,0.0038395642768591642,9.649171261116862e-05,0.003924560267478228,56.0,9.07108187675476e-06,0.003979922737926245,0.003979922737926245,-141.8585968017578,-141.8585968017578,-141.9501190185547,-143.0433807373047,0.29827192425727844,0.0,1.0,0.5275014042854309,0.9639834761619568,0.1412644386291504,0.7747510671615601,1.0000001111620804e-06,2.044784878307837e-06,0.17372950911521912,0.9175004959106445,5.281201362609863,0.49966666102409363,0.48100000619888306,0.1033209040760994,0.08736272901296616,1.1826657056808472,0.3981991112232208,0.3636786639690399,1.0949201583862305,1.7742507766801974e-14,8.880715052228538e-10,1.4736318112133374e-24,4.728586839035549e-15,8.880536861433086e-10,5.129094006406376e-06,1.357927033041051e-07,-5.128205884830095e-06,1.0,0.38080549240112305,sphere,3,65,gaussian,gaussian-ring,60000,0.3,0.3,"[0.0, 0.0, 0.0]","[0.8, 0.0, 0.0]",8,,,False
2026.05.21__173221,210.0168914794922,223.26071166992188,9.99248877633363e-05,210.0168914794922,94.5,0.00011274715507170185,,,,,,14.483551979064941,1086.44677734375,0.0,1.0,13.935665130615234,248.7791290283203,29.84527015686035,77.97840118408203,1.0000001111620804e-06,1.6163048712769523e-06,4.249966621398926,1.6442246437072754,0.3868793845176697,1.0,0.9990000128746033,5.156187534332275,11.588578224182129,0.4449370205402374,4.056603908538818,6.384827613830566,0.6353505849838257,5.212621582905756e+21,1.1399859414979403e+24,inf,inf,1.1347732230876425e+24,5282565.5,2.4889868056264704e+16,1.1399859414979403e+24,1.0,5.2256622314453125,poincare,3,16,gaussian,gaussian-ring,60000,0.3,0.3,"[0.0, 0.0, 0.0]","[0.8, 0.0, 0.0]",4,,,False
2026.05.21__173233,0.004028192721307278,0.004176823887974024,9.871044312603772e-05,0.004028192721307278,56.0,4.1847429201880004e-06,0.004116322845220566,0.004116322845220566,-141.95079040527344,-141.95079040527344,-141.95079040527344,-142.54061889648438,0.2912810444831848,0.0,1.0,0.5202452540397644,1.0166186094284058,0.1434590369462967,0.7734159231185913,1.0000001111620804e-06,2.0820993995585013e-06,0.17328450083732605,0.9376171827316284,5.410854339599609,0.5005000233650208,0.46549999713897705,0.11043020337820053,0.09186934679746628,1.2020353078842163,0.41044026613235474,0.3720420002937317,1.1032094955444336,1.6121884711018004e-14,8.848684285300834e-11,6.952562972331036e-25,4.286023439925957e-17,8.847073074136347e-11,8.353158045792952e-05,4.166323924437165e-05,-8.353148587048054e-05,1.0,0.3917335569858551,sphere,3,65,gaussian,gaussian-ring,60000,0.3,0.3,"[0.0, 0.0, 0.0]","[0.8, 0.0, 0.0]",8,,,False
2026.05.21__173241,204.10693359375,182.51361083984375,9.969891107175499e-05,204.10693359375,111.5,0.0005140627035871148,,,,,,13.086368560791016,1123.829833984375,0.0,1.0,14.10600757598877,299.78375244140625,30.335647583007812,77.26374816894531,1.0000001111620804e-06,1.2751748954542563e-06,4.919631004333496,1.5221202373504639,0.30939725041389465,1.0,0.9984999895095825,6.994205951690674,11.587797164916992,0.6035836935043335,4.847445011138916,6.38456392288208,0.759244441986084,3.351922523635687e+21,1.139991057587117e+24,inf,inf,1.1366391544852547e+24,8513677.0,1.1346005656915149e+17,1.139991057587117e+24,1.0,5.61620569229126,poincare,3,16,gaussian,gaussian-ring,60000,0.3,0.3,"[0.0, 0.0, 0.0]","[0.8, 0.0, 0.0]",4,,,False
2026.05.21__173258,200.74722290039062,191.97491455078125,9.974040585802868e-05,200.74722290039062,119.0,0.00033282735967077315,,,,,,12.619539260864258,1104.2249755859375,0.0,1.0,14.037308692932129,288.87933349609375,30.039506912231445,75.94049835205078,1.0000001111620804e-06,1.263637045667565e-06,4.939361572265625,1.5264770984649658,0.30904340744018555,1.0,0.996999979019165,6.992895603179932,11.590999603271484,0.6033039093017578,4.846400737762451,6.385513782501221,0.7589679956436157,8.151089172425858e+21,1.1399867341314747e+24,inf,inf,1.1318356511514983e+24,8157073.5,1.744105817117819e+17,1.1399867341314747e+24,1.0,5.616978645324707,poincare,3,16,gaussian,gaussian-ring,60000,0.3,0.3,"[0.0, 0.0, 0.0]","[0.8, 0.0, 0.0]",4,,,False
2026.05.21__173316,0.002555341925472021,0.0025549568235874176,9.704670083010569e-05,0.002555341925472021,62.0,2.3209800929180346e-05,0.002560629276558757,0.002560629276558757,-475.21258544921875,-475.21258544921875,-489.6050720214844,-490.0895080566406,0.15403613448143005,0.0,1.0,0.34940385818481445,1.2160124778747559,0.17848211526870728,0.6784765720367432,1.0000001111620804e-06,4.070127033628523e-06,0.6901026964187622,1.637208342552185,2.37241268157959,0.460999995470047,0.4074999988079071,0.8343004584312439,0.8262820839881897,1.0097041130065918,0.905241072177887,0.9069123268127441,0.9981570839881897,1.8208387922435953e-11,2.7347811969587223e-17,1.9889402732472697e-18,1.6163906610176904e-31,-1.8208360166860338e-11,1.3022031453147065e-06,1.0172637843197663e-08,-1.3022031453147065e-06,1.0,0.908453106880188,sphere,3,257,gaussian,gaussian-ring,60000,0.3,0.3,"[0.0, 0.0, 0.0]","[0.8, 0.0, 0.0]",1,,,False
2026.05.21__173327,210.01931762695312,223.25405883789062,9.99248877633363e-05,210.01931762695312,98.5,0.0001127446666941978,,,,,,14.48359489440918,1086.4552001953125,0.0,1.0,13.935704231262207,248.77468872070312,29.845401763916016,77.97565460205078,1.0000001111620804e-06,1.6163112377398647e-06,4.249955177307129,1.6442128419876099,0.38687771558761597,1.0,0.9990000128746033,5.156182765960693,11.588611602783203,0.44493529200553894,4.056601524353027,6.384856700897217,0.635347306728363,5.217455071205832e+21,1.1400020823990048e+24,inf,inf,1.1347845361299065e+24,5282565.5,2.4889868056264704e+16,1.1400020823990048e+24,1.0,5.225651264190674,poincare,3,16,gaussian,gaussian-ring,60000,0.3,0.3,"[0.0, 0.0, 0.0]","[0.8, 0.0, 0.0]",8,,,False
2026.05.21__173328,0.0025636041536927223,0.0026169796474277973,9.677498019300401e-05,0.0025636041536927223,62.0,1.4312565326690674e-05,0.0025609235744923353,0.0025609235744923353,-475.43328857421875,-475.43328857421875,-490.0224304199219,-488.8795471191406,0.15140779316425323,0.0,1.0,0.34730321168899536,1.1446987390518188,0.17525909841060638,0.6645782589912415,1.0000001111620804e-06,4.257013188180281e-06,0.7115083932876587,1.644734263420105,2.3116161823272705,0.4560000002384186,0.39533331990242004,0.8227797746658325,0.8287217020988464,0.9928300976753235,0.9044519662857056,0.9068703055381775,0.9973334074020386,2.603302177592035e-20,3.331223417234778e-17,2.5327397581190044e-36,3.7602947563171696e-31,3.328620114410951e-17,4.567681411056512e-13,1.2482384654849809e-21,-4.567348018888473e-13,1.0,0.9044584035873413,poincare,3,16,gaussian,gaussian-ring,60000,0.3,0.3,"[0.0, 0.0, 0.0]","[0.8, 0.0, 0.0]",8,,,False
2026.05.21__173403,0.002564450027421117,0.0025582697708159685,9.704670083010569e-05,0.002564450027421117,62.0,2.491722443664912e-05,0.002547853859141469,0.002547853859141469,-474.84661865234375,-474.84661865234375,-488.91778564453125,-488.24420166015625,0.1529490351676941,0.0,1.0,0.3509816527366638,1.1121865510940552,0.17217041552066803,0.6645724773406982,1.0000001111620804e-06,4.056373200000962e-06,0.644987940788269,1.6357288360595703,2.5360610485076904,0.46050000190734863,0.40933331847190857,0.8337233066558838,0.8276402950286865,1.0073498487472534,0.9056176543235779,0.9069204926490784,0.9985634684562683,1.9678061317139666e-20,2.6478999356804402e-17,2.161234504539143e-36,2.061173155536912e-31,2.645932238439299e-17,5.902125047072373e-16,2.0870904139825987e-27,-5.63733513622239e-16,1.0,0.9071953892707825,sphere,3,257,gaussian,gaussian-ring,60000,0.3,0.3,"[0.0, 0.0, 0.0]","[0.8, 0.0, 0.0]",1,,,False
2026.05.21__173420,0.0010678700637072325,0.0010432255221530795,9.852721996139735e-05,0.0010678700637072325,62.0,8.530914783477783e-06,0.0011067885207012296,0.0011067885207012296,-778.0326538085938,-778.0326538085938,-778.0326538085938,-781.5886840820312,0.30919691920280457,0.0,1.0,0.525022566318512,1.563586950302124,0.1823062300682068,0.8310148119926453,1.0000001111620804e-06,2.153376044589095e-06,0.18978992104530334,1.2143917083740234,6.3986101150512695,0.49950000643730164,0.32983332872390747,0.2209307849407196,0.09114164113998413,2.4240379333496094,0.5786952972412109,0.3703360855579376,1.5626219511032104,8.986620232104169e-29,2.1272580614537376e-37,0.0,0.0,-8.986620232104169e-29,1.3022031453147065e-06,1.0172637843197663e-08,-1.3022031453147065e-06,1.0,0.48776644468307495,sphere,3,257,gaussian,gaussian-ring,60000,0.3,0.3,"[0.0, 0.0, 0.0]","[0.8, 0.0, 0.0]",4,,,False
2026.05.21__173434,9.678478240966797,9.807355880737305,9.981419862015173e-05,9.678478240966797,51.0,0.0,,,,,,-0.9812387824058533,175.0708465576172,0.0,1.0,5.609991550445557,207.44102478027344,11.945968627929688,21.764162063598633,1.0000001111620804e-06,1.2557214859043597e-06,2.6187524795532227,2.3745923042297363,0.9067646265029907,0.019833333790302277,0.1576666682958603,6.3126678466796875,6.039841175079346,1.0451711416244507,4.588740825653076,4.33026647567749,1.0596901178359985,inf,inf,,,,inf,,,1.0,4.619613170623779,poincare,3,64,gaussian,gaussian-ring,60000,0.3,0.3,"[0.0, 0.0, 0.0]","[0.8, 0.0, 0.0]",1,,,False
2026.05.21__173446,9.498377799987793,8.893451690673828,9.981419862015173e-05,9.498377799987793,54.5,0.0,,,,,,-0.9872044324874878,178.9100799560547,0.0,1.0,5.649898529052734,203.47250366210938,12.0126953125,22.25442886352539,1.0000001111620804e-06,1.2700395473075332e-06,2.769605875015259,2.3828887939453125,0.8603711724281311,0.03799999877810478,0.15266665816307068,6.3147077560424805,6.103793144226074,1.0345547199249268,4.588343143463135,4.358767032623291,1.0526700019836426,inf,inf,,,,inf,,,1.0,4.633992671966553,poincare,3,64,gaussian,gaussian-ring,60000,0.3,0.3,"[0.0, 0.0, 0.0]","[0.8, 0.0, 0.0]",1,,,False
2026.05.21__173510,9.71360969543457,6.133110046386719,9.98756950139068e-05,9.71360969543457,50.5,0.0,,,,,,-0.8551880121231079,183.6302947998047,0.0,1.0,5.619359970092773,213.5474853515625,12.237518310546875,21.659873962402344,1.0000001111620804e-06,1.2742634680762421e-06,2.5095601081848145,2.379774570465088,0.9482835531234741,0.027499999850988388,0.1496666669845581,6.355823516845703,6.074546813964844,1.0463041067123413,4.605936050415039,4.344337463378906,1.060215950012207,inf,inf,,,,inf,,,1.0,4.634022235870361,poincare,3,64,gaussian,gaussian-ring,60000,0.3,0.3,"[0.0, 0.0, 0.0]","[0.8, 0.0, 0.0]",1,,,False
2026.05.21__173519,55.42727279663086,59.22701644897461,9.981419862015173e-05,55.42727279663086,97.5,0.0,,,,,,5.5794243812561035,1256.62353515625,0.0,1.0,13.663776397705078,337.6144104003906,32.673484802246094,71.840576171875,1.0000001111620804e-06,2.676761596376309e-06,4.917237281799316,2.9011294841766357,0.5899917483329773,1.0,0.8930000066757202,7.50858211517334,11.532596588134766,0.6510747075080872,5.026142120361328,6.386038303375244,0.7870516777038574,inf,inf,,,,inf,,,1.0,5.8306756019592285,poincare,3,64,gaussian,gaussian-ring,60000,0.3,0.3,"[0.0, 0.0, 0.0]","[0.8, 0.0, 0.0]",4,,,False
2026.05.21__173549,55.398685455322266,52.32615661621094,9.981419862015173e-05,55.398685455322266,96.0,0.0,,,,,,4.130514144897461,1213.36181640625,0.0,1.0,13.395225524902344,325.2882385253906,32.033966064453125,69.9981689453125,1.0000001111620804e-06,3.1115982892515603e-06,4.987723350524902,2.9038760662078857,0.5822046995162964,1.0,0.9038333296775818,7.342516899108887,11.527832984924316,0.6369381546974182,4.96378231048584,6.384627819061279,0.7774584293365479,inf,inf,,,,inf,,,1.0,5.801976680755615,poincare,3,64,gaussian,gaussian-ring,60000,0.3,0.3,"[0.0, 0.0, 0.0]","[0.8, 0.0, 0.0]",4,,,False
2026.05.21__173613,0.0010487112449482083,0.0010232526110485196,9.704670083010569e-05,0.0010487112449482083,96.0,7.216880476335064e-05,0.001049622893333435,0.001049622893333435,-788.7571411132812,-788.7571411132812,-789.3761596679688,-794.4306030273438,0.3159845471382141,0.0,1.0,0.5327019691467285,1.233045220375061,0.1791508048772812,0.8423057198524475,1.0000001111620804e-06,2.131836708940682e-06,0.17618784308433533,1.1006693840026855,6.247135639190674,0.500333309173584,0.40716665983200073,0.16202233731746674,0.09117583930492401,1.7770315408706665,0.49358800053596497,0.37078580260276794,1.331194519996643,7.286827684606122e-39,7.343033111323548e-34,0.0,0.0,7.342960102104103e-34,5.902125047072373e-16,2.0870904139825987e-27,-5.902125047072373e-16,1.0,0.4363522231578827,sphere,3,257,gaussian,gaussian-ring,60000,0.3,0.3,"[0.0, 0.0, 0.0]","[0.8, 0.0, 0.0]",4,,,False
2026.05.21__173626,0.0010341464076191187,0.00101923244073987,9.541044710204005e-05,0.0010341464076191187,79.0,1.2040138244628906e-05,0.0010354317491874099,0.0010354317491874099,-785.3104248046875,-785.3104248046875,-785.3104248046875,-789.3005981445312,0.33989956974983215,0.0,1.0,0.5512054562568665,1.3064924478530884,0.18945416808128357,0.8749080300331116,1.0000001111620804e-06,2.0698153093690053e-06,0.1541951298713684,1.023781180381775,6.639516830444336,0.49950000643730164,0.41999998688697815,0.1088218167424202,0.08891507238149643,1.2238850593566895,0.4068455696105957,0.3660462200641632,1.1114596128463745,0.0,4.00987855804442e-37,0.0,0.0,4.00987855804442e-37,1.3022031453147065e-06,1.0172637843197663e-08,-1.3022031453147065e-06,1.0,0.38719314336776733,sphere,3,257,gaussian,gaussian-ring,60000,0.3,0.3,"[0.0, 0.0, 0.0]","[0.8, 0.0, 0.0]",8,,,False
2026.05.21__173629,54.557899475097656,43.269630432128906,9.98756950139068e-05,54.557899475097656,92.5,0.0,,,,,,1.992329478263855,1131.9476318359375,0.0,1.0,13.035947799682617,310.15313720703125,30.950136184692383,66.14323425292969,1.0000001111620804e-06,1.4736671118953382e-06,5.017815113067627,2.923459529876709,0.5826160311698914,1.0,0.9394999742507935,6.982995986938477,11.534663200378418,0.605392336845398,4.832653522491455,6.38663911819458,0.7566817402839661,inf,inf,,,,inf,,,1.0,5.747411251068115,poincare,3,64,gaussian,gaussian-ring,60000,0.3,0.3,"[0.0, 0.0, 0.0]","[0.8, 0.0, 0.0]",4,,,False
2026.05.21__173637,55.460044860839844,59.09552001953125,9.981419862015173e-05,55.460044860839844,98.5,0.0,,,,,,5.6095499992370605,1255.0628662109375,0.0,1.0,13.658502578735352,337.3350524902344,32.652767181396484,71.8498306274414,1.0000001111620804e-06,2.673872813829803e-06,4.917322158813477,2.901106357574463,0.5899769067764282,1.0,0.8930000066757202,7.508936405181885,11.532598495483398,0.6511052846908569,5.02628755569458,6.386080265045166,0.7870693206787109,inf,inf,,,,inf,,,1.0,5.830748081207275,poincare,3,64,gaussian,gaussian-ring,60000,0.3,0.3,"[0.0, 0.0, 0.0]","[0.8, 0.0, 0.0]",8,,,False
2026.05.21__173656,55.41349411010742,52.46875762939453,9.981419862015173e-05,55.41349411010742,97.0,0.0,,,,,,4.135189533233643,1214.8223876953125,0.0,1.0,13.398744583129883,326.1612854003906,32.05488204956055,69.9996337890625,1.0000001111620804e-06,3.1138615668169223e-06,4.988126754760742,2.9038472175598145,0.5821518301963806,1.0,0.9036666750907898,7.3439764976501465,11.527835845947266,0.6370646357536316,4.964320659637451,6.384647369384766,0.777540385723114,inf,inf,,,,inf,,,1.0,5.802208423614502,poincare,3,64,gaussian,gaussian-ring,60000,0.3,0.3,"[0.0, 0.0, 0.0]","[0.8, 0.0, 0.0]",8,,,False
2026.05.21__173658,0.0010398566955700517,0.001018172362819314,9.730680903885514e-05,0.0010398566955700517,75.0,2.0595267415046692e-05,0.0010292568476870656,0.0010292568476870656,-787.4904174804688,-787.4904174804688,-789.7009887695312,-792.2943115234375,0.31853777170181274,0.0,1.0,0.5335943102836609,1.5710890293121338,0.18351730704307556,0.8322954177856445,1.0000001111620804e-06,2.1193743577896385e-06,0.18310095369815826,1.1470999717712402,6.264849662780762,0.499833345413208,0.3659999966621399,0.1942072957754135,0.08807175606489182,2.2051029205322266,0.5393619537353516,0.3653401732444763,1.4763280153274536,3.1932196835002645e-30,1.2384353529055939e-39,0.0,0.0,-3.1932196835002645e-30,4.567681411056512e-13,1.2482384654849809e-21,-4.567681411056512e-13,1.0,0.4614350497722626,sphere,3,257,gaussian,gaussian-ring,60000,0.3,0.3,"[0.0, 0.0, 0.0]","[0.8, 0.0, 0.0]",8,,,False
2026.05.21__173711,54.547515869140625,43.29780960083008,9.98756950139068e-05,54.547515869140625,98.0,0.0,,,,,,1.9916921854019165,1132.3912353515625,0.0,1.0,13.037466049194336,309.9930419921875,30.95520782470703,66.15096282958984,1.0000001111620804e-06,1.4742186067451257e-06,5.017989158630371,2.9234256744384766,0.5825890898704529,1.0,0.9393333196640015,6.9838151931762695,11.534679412841797,0.6054624319076538,4.832947254180908,6.38665771484375,0.7567256093025208,inf,inf,,,,inf,,,1.0,5.747528076171875,poincare,3,64,gaussian,gaussian-ring,60000,0.3,0.3,"[0.0, 0.0, 0.0]","[0.8, 0.0, 0.0]",8,,,False
2026.05.21__173721,0.0010373571421951056,0.001103091286495328,9.730680903885514e-05,0.0010373571421951056,105.5,0.0002032568008871749,0.0010415521683171391,0.0010415521683171391,-790.9771728515625,-790.9771728515625,-790.9771728515625,-797.1965942382812,0.3411432206630707,0.0,1.0,0.5534048080444336,1.1235684156417847,0.18642856180667877,0.8633414506912231,1.0000001111620804e-06,2.0630127437470946e-06,0.1519368588924408,1.019134521484375,6.707618713378906,0.4984999895095825,0.429666668176651,0.1058841124176979,0.08917544782161713,1.187368392944336,0.39979830384254456,0.36655211448669434,1.0906997919082642,0.0,3.441369484148748e-36,0.0,0.0,3.441369484148748e-36,5.902125047072373e-16,2.0870904139825987e-27,-5.902125047072373e-16,1.0,0.38409337401390076,sphere,3,257,gaussian,gaussian-ring,60000,0.3,0.3,"[0.0, 0.0, 0.0]","[0.8, 0.0, 0.0]",8,,,False
2026.05.21__173741,16.04158592224121,16.196178436279297,9.98756950139068e-05,16.04158592224121,55.0,0.0,,,,,,-27.58903694152832,1298.017822265625,0.0,1.0,13.811516761779785,319.4114685058594,33.246158599853516,72.9843978881836,1.0000001111620804e-06,3.2361676858272403e-06,4.083588600158691,3.309511184692383,0.810441792011261,0.0,0.0,12.746054649353027,5.961355686187744,2.138113498687744,6.738279342651367,4.301952362060547,1.5663305521011353,inf,inf,,,,inf,,,1.0,5.7112250328063965,poincare,3,256,gaussian,gaussian-ring,60000,0.3,0.3,"[0.0, 0.0, 0.0]","[0.8, 0.0, 0.0]",1,,,False
2026.05.21__173820,16.104572296142578,14.927906036376953,9.98756950139068e-05,16.104572296142578,56.5,0.0,,,,,,-27.76506805419922,1335.196533203125,0.0,1.0,13.941300392150879,320.41912841796875,33.67772674560547,75.63619232177734,1.0000001111620804e-06,3.3485582662251545e-06,4.0644917488098145,3.308828353881836,0.8140817880630493,0.0,0.0,12.746938705444336,5.949665546417236,2.142463207244873,6.738521575927734,4.29209566116333,1.5699838399887085,inf,inf,,,,inf,,,1.0,5.705470085144043,poincare,3,256,gaussian,gaussian-ring,60000,0.3,0.3,"[0.0, 0.0, 0.0]","[0.8, 0.0, 0.0]",1,,,False
2026.05.21__173830,16.151378631591797,17.121793746948242,9.981419862015173e-05,16.151378631591797,53.5,0.0,,,,,,-27.597152709960938,1285.5631103515625,0.0,1.0,13.732696533203125,322.3392333984375,33.05504608154297,73.1341781616211,1.0000001111620804e-06,3.2630864552629646e-06,4.103066444396973,3.3216748237609863,0.8095591068267822,0.0,0.0,12.761295318603516,6.0758891105651855,2.1003172397613525,6.742580890655518,4.34720516204834,1.551015019416809,inf,inf,,,,inf,,,1.0,5.734524726867676,poincare,3,256,gaussian,gaussian-ring,60000,0.3,0.3,"[0.0, 0.0, 0.0]","[0.8, 0.0, 0.0]",1,,,False
2026.05.21__173833,0.0011340475175529718,0.0011276057921350002,9.981419862015173e-05,0.0011340475175529718,55.5,3.0805666028754786e-05,,,,,,-1014.7929077148438,0.2644295394420624,0.0,1.0,0.45469409227371216,1.471566915512085,0.23985479772090912,0.8936792612075806,1.0000001111620804e-06,2.9646707844221964e-06,0.704741358757019,1.7045294046401978,2.4186596870422363,0.2693333327770233,0.14916665852069855,0.7922855615615845,0.8265312314033508,0.9585670828819275,0.900635838508606,0.9068155288696289,0.99318528175354,0.0,8.157871432241959e-32,0.0,0.0,8.157871432241959e-32,0.01839584857225418,0.012032370083034039,-0.01839584857225418,1.0,0.9058834910392761,sphere,3,513,gaussian,gaussian-ring,60000,0.3,0.3,"[0.0, 0.0, 0.0]","[0.8, 0.0, 0.0]",1,,,False
2026.05.21__173849,27.624359130859375,27.55824851989746,9.98756950139068e-05,27.624359130859375,74.5,0.0,,,,,,-24.365650177001953,2373.7626953125,0.0,1.0,19.039066314697266,373.2899475097656,44.80506134033203,105.5996322631836,1.0000001111620804e-06,4.8829938350536395e-06,6.731607913970947,3.820194959640503,0.5675011277198792,0.0,0.0,12.685888290405273,11.516284942626953,1.1015608310699463,6.721238136291504,6.3852715492248535,1.0526158809661865,inf,inf,,,,inf,,,1.0,6.742702960968018,poincare,3,256,gaussian,gaussian-ring,60000,0.3,0.3,"[0.0, 0.0, 0.0]","[0.8, 0.0, 0.0]",4,,,False
2026.05.21__173903,28.191740036010742,28.4814395904541,9.981419862015173e-05,28.191740036010742,71.5,0.0,,,,,,-23.564132690429688,2376.849365234375,0.0,1.0,18.82167625427246,375.71844482421875,44.8643684387207,105.52147674560547,1.0000001111620804e-06,6.38732763036387e-06,6.731314659118652,3.8212528228759766,0.5676829814910889,0.0,0.0,12.6884765625,11.516708374023438,1.1017450094223022,6.721977710723877,6.385396957397461,1.0527108907699585,inf,inf,,,,inf,,,1.0,6.742153644561768,poincare,3,256,gaussian,gaussian-ring,60000,0.3,0.3,"[0.0, 0.0, 0.0]","[0.8, 0.0, 0.0]",4,,,False
2026.05.21__173919,0.0011367460247129202,0.0011480008251965046,9.98756950139068e-05,0.0011367460247129202,53.0,4.242360591888428e-05,,,,,,-1020.1327514648438,0.2610727846622467,0.0,1.0,0.4501916170120239,1.4776273965835571,0.24145564436912537,0.8944822549819946,1.0000001111620804e-06,2.9944058042019606e-06,0.7680540084838867,1.699266791343689,2.2124314308166504,0.26883333921432495,0.14633333683013916,0.790601909160614,0.8265782594680786,0.9564756155014038,0.9007997512817383,0.9068969488143921,0.9932767152786255,0.0,9.80060245312344e-32,0.0,0.0,9.80060245312344e-32,0.01895431987941265,0.011974141001701355,-0.01895431987941265,1.0,0.9062270522117615,sphere,3,513,gaussian,gaussian-ring,60000,0.3,0.3,"[0.0, 0.0, 0.0]","[0.8, 0.0, 0.0]",1,,,False
2026.05.21__173936,0.0011295413132756948,0.0011091927299275994,9.969891107175499e-05,0.0011295413132756948,55.0,3.425280374358408e-05,,,,,,-1013.2491455078125,0.2581791877746582,0.0,1.0,0.44835010170936584,1.4191181659698486,0.2384328842163086,0.8775917291641235,1.0000001111620804e-06,3.036936504940968e-06,0.7406042218208313,1.7007040977478027,2.2963736057281494,0.27549999952316284,0.15416666865348816,0.7949205636978149,0.8264568448066711,0.9618415236473083,0.9004867076873779,0.9069242477416992,0.9929018616676331,0.0,7.710331933272319e-32,0.0,0.0,7.710331933272319e-32,0.020043106749653816,0.012826303951442242,-0.020043106749653816,1.0,0.9064615964889526,sphere,3,513,gaussian,gaussian-ring,60000,0.3,0.3,"[0.0, 0.0, 0.0]","[0.8, 0.0, 0.0]",1,,,False
2026.05.21__173951,0.0005946485325694084,0.0006199205527082086,9.730680903885514e-05,0.0005946485325694084,71.0,2.77136769000208e-05,0.0005923265707679093,0.0005923265707679093,-1640.2564697265625,-1640.2564697265625,-1640.2564697265625,-1623.1151123046875,0.9875929951667786,0.0,1.0,0.9743765592575073,1.5178016424179077,0.1952265352010727,1.3091031312942505,1.0000001111620804e-06,1.0710716651374241e-06,0.21217671036720276,1.0852549076080322,5.114863395690918,0.49933332204818726,0.3333333432674408,0.08165738731622696,0.09230294078588486,0.8846673369407654,0.3797304332256317,0.37498876452445984,1.01264488697052,0.0,0.0,0.0,0.0,0.0,0.01839584857225418,0.012032370083034039,-0.01839584857225418,1.0,0.3783002197742462,sphere,3,513,gaussian,gaussian-ring,60000,0.3,0.3,"[0.0, 0.0, 0.0]","[0.8, 0.0, 0.0]",4,,,False
2026.05.21__174015,0.0005970548372715712,0.0006099528982304037,9.704670083010569e-05,0.0005970548372715712,68.0,3.5062432289123535e-05,0.00060423300601542,0.00060423300601542,-1665.1107177734375,-1665.1107177734375,-1665.1107177734375,-1658.9251708984375,0.9904571771621704,0.0,1.0,0.9748995900154114,1.5228779315948486,0.19987063109874725,1.3265587091445923,1.0000001111620804e-06,1.0723175591920153e-06,0.19742321968078613,0.9976719617843628,5.053468227386475,0.49916666746139526,0.4866666793823242,0.06761126965284348,0.09446742385625839,0.7157098650932312,0.33827143907546997,0.3776373565196991,0.895757257938385,0.0,0.0,0.0,0.0,0.0,0.01895431987941265,0.011974141001701355,-0.01895431987941265,1.0,0.3588689863681793,sphere,3,513,gaussian,gaussian-ring,60000,0.3,0.3,"[0.0, 0.0, 0.0]","[0.8, 0.0, 0.0]",4,,,False
2026.05.21__174016,28.08738136291504,20.600271224975586,9.974040585802868e-05,28.08738136291504,71.0,0.0,,,,,,-22.792661666870117,2339.831298828125,0.0,1.0,18.637540817260742,375.7762145996094,44.60484313964844,103.61841583251953,1.0000001111620804e-06,7.657972673769109e-06,6.728433609008789,3.8182945251464844,0.5674864053726196,0.0,0.0,12.679145812988281,11.514954566955566,1.101102590560913,6.719335079193115,6.384899616241455,1.0523792505264282,inf,inf,,,,inf,,,1.0,6.739900588989258,poincare,3,256,gaussian,gaussian-ring,60000,0.3,0.3,"[0.0, 0.0, 0.0]","[0.8, 0.0, 0.0]",4,,,False
2026.05.21__174056,27.766237258911133,27.029666900634766,9.98756950139068e-05,27.766237258911133,84.0,0.0,,,,,,-24.37275505065918,2390.234619140625,0.0,1.0,19.10505485534668,373.26605224609375,44.96574401855469,105.98369598388672,1.0000001111620804e-06,4.869870736001758e-06,6.731555461883545,3.8201181888580322,0.5674941539764404,0.0,0.0,12.685354232788086,11.516291618347168,1.1015138626098633,6.721094608306885,6.3853325843811035,1.0525833368301392,inf,inf,,,,inf,,,1.0,6.742682933807373,poincare,3,256,gaussian,gaussian-ring,60000,0.3,0.3,"[0.0, 0.0, 0.0]","[0.8, 0.0, 0.0]",8,,,False
2026.05.21__174109,28.130573272705078,26.88043975830078,9.981419862015173e-05,28.130573272705078,83.0,0.0,,,,,,-23.584362030029297,2389.98388671875,0.0,1.0,18.85321044921875,375.640380859375,44.9717903137207,105.59078979492188,1.0000001111620804e-06,6.347472663037479e-06,6.7313361167907715,3.821280002593994,0.5676852464675903,0.0,0.0,12.6885404586792,11.516716003417969,1.1017498970031738,6.722005844116211,6.385468006134033,1.0527037382125854,inf,inf,,,,inf,,,1.0,6.742152214050293,poincare,3,256,gaussian,gaussian-ring,60000,0.3,0.3,"[0.0, 0.0, 0.0]","[0.8, 0.0, 0.0]",8,,,False
2026.05.21__174128,27.962661743164062,22.18790054321289,9.974040585802868e-05,27.962661743164062,81.5,0.0,,,,,,-22.772615432739258,2322.498291015625,0.0,1.0,18.587444305419922,375.7455749511719,44.4210090637207,103.41426849365234,1.0000001111620804e-06,7.669346814509481e-06,6.728423595428467,3.818302631378174,0.567488431930542,0.0,0.0,12.679226875305176,11.514961242675781,1.1011089086532593,6.719333171844482,6.384946823120117,1.0523711442947388,inf,inf,,,,inf,,,1.0,6.739901542663574,poincare,3,256,gaussian,gaussian-ring,60000,0.3,0.3,"[0.0, 0.0, 0.0]","[0.8, 0.0, 0.0]",8,,,False
2026.05.21__174137,8.016737937927246,7.132926940917969,9.974040585802868e-05,8.016737937927246,69.5,0.0,,,,,,-60.54032897949219,1305.772705078125,0.0,1.0,13.477805137634277,333.75274658203125,33.498748779296875,70.91657257080078,1.0000001111620804e-06,3.3683895708236378e-06,4.0993733406066895,3.3687210083007812,0.8217648863792419,0.0,0.0,12.83035945892334,6.081957817077637,2.109577178955078,6.7625041007995605,4.35348653793335,1.5533535480499268,inf,inf,,,,inf,,,1.0,5.748976707458496,poincare,3,512,gaussian,gaussian-ring,60000,0.3,0.3,"[0.0, 0.0, 0.0]","[0.8, 0.0, 0.0]",1,,,False
2026.05.21__174144,0.0006018059211783111,0.000595073972363025,9.730680903885514e-05,0.0006018059211783111,68.0,3.6964815080864355e-05,0.0006034442922100425,0.0006034442922100425,-1591.9786376953125,-1591.9786376953125,-1591.9786376953125,-1590.92919921875,1.0038580894470215,0.0,1.0,0.9834327697753906,1.5353546142578125,0.1914171725511551,1.312631607055664,1.0000001111620804e-06,1.0588572649794514e-06,0.2007102072238922,0.9901058673858643,4.933012008666992,0.49816668033599854,0.5161666870117188,0.057167135179042816,0.09342143684625626,0.6119273900985718,0.31619906425476074,0.3757862448692322,0.8414332866668701,0.0,0.0,0.0,0.0,0.0,0.020043106749653816,0.012826303951442242,-0.020043106749653816,1.0,0.34657832980155945,sphere,3,513,gaussian,gaussian-ring,60000,0.3,0.3,"[0.0, 0.0, 0.0]","[0.8, 0.0, 0.0]",4,,,False
2026.05.21__174230,0.0005901175318285823,0.0006178367184475064,9.730680903885514e-05,0.0005901175318285823,68.5,2.5133291273959912e-05,0.00058668915880844,0.00058668915880844,-1655.3668212890625,-1655.3668212890625,-1655.36669921875,-1632.76171875,0.9912154674530029,0.0,1.0,0.9764555096626282,1.50059175491333,0.19411568343639374,1.303420066833496,1.0000001111620804e-06,1.0680575996957486e-06,0.2114543467760086,1.0672391653060913,5.04713773727417,0.49916666746139526,0.3499999940395355,0.07799820601940155,0.09088015556335449,0.8582534193992615,0.3708316385746002,0.37213078141212463,0.9965088963508606,0.0,0.0,0.0,0.0,0.0,0.01839584857225418,0.012032370083034039,-0.01839584857225418,1.0,0.37238427996635437,sphere,3,513,gaussian,gaussian-ring,60000,0.3,0.3,"[0.0, 0.0, 0.0]","[0.8, 0.0, 0.0]",8,,,False
2026.05.21__174250,8.075366973876953,7.550554275512695,9.981419862015173e-05,8.075366973876953,72.5,0.0,,,,,,-60.62091827392578,1305.793701171875,0.0,1.0,13.499371528625488,326.1952819824219,33.44875717163086,72.93354797363281,1.0000001111620804e-06,3.728346655407222e-06,4.111069202423096,3.358154535293579,0.8168567419052124,0.0,0.0,12.828207969665527,5.997159957885742,2.139047145843506,6.761904239654541,4.3170342445373535,1.566330909729004,inf,inf,,,,inf,,,1.0,5.73027229309082,poincare,3,512,gaussian,gaussian-ring,60000,0.3,0.3,"[0.0, 0.0, 0.0]","[0.8, 0.0, 0.0]",1,,,False
2026.05.21__174300,0.0006294643972069025,0.0006015272811055183,9.925681661115959e-05,0.0006294643972069025,63.0,4.6645600377814844e-05,0.0006251503364183009,0.0006251503364183009,-1591.5899658203125,-1591.5899658203125,-1591.58984375,-1584.23388671875,0.9433194398880005,0.0,1.0,0.9543359279632568,1.4991837739944458,0.18017718195915222,1.2644401788711548,1.0000001111620804e-06,1.0893826356550562e-06,0.24265027046203613,1.0148265361785889,4.182260036468506,0.4841666519641876,0.43849998712539673,0.056002795696258545,0.09267833083868027,0.6042706370353699,0.32185500860214233,0.3742092251777649,0.8600937724113464,0.0,0.0,0.0,0.0,0.0,0.01895431987941265,0.011974141001701355,-0.01895431987941265,1.0,0.35109859704971313,sphere,3,513,gaussian,gaussian-ring,60000,0.3,0.3,"[0.0, 0.0, 0.0]","[0.8, 0.0, 0.0]",8,,,False
2026.05.21__174336,8.047568321228027,8.592653274536133,9.98756950139068e-05,8.047568321228027,72.5,0.0,,,,,,-60.22721481323242,1275.7410888671875,0.0,1.0,13.461811065673828,326.54656982421875,33.042999267578125,71.78726196289062,1.0000001111620804e-06,3.683596560222213e-06,4.131413459777832,3.380575180053711,0.8182611465454102,0.0,0.0,12.823060989379883,6.22349214553833,2.0604286193847656,6.7604780197143555,4.410861492156982,1.532688856124878,inf,inf,,,,inf,,,1.0,5.776890754699707,poincare,3,512,gaussian,gaussian-ring,60000,0.3,0.3,"[0.0, 0.0, 0.0]","[0.8, 0.0, 0.0]",1,,,False
2026.05.21__174349,13.866642951965332,12.686498641967773,9.99248877633363e-05,13.866642951965332,62.0,0.0,,,,,,-53.70301055908203,2424.949951171875,0.0,1.0,19.052886962890625,377.25079345703125,45.366600036621094,105.81341552734375,1.0000001111620804e-06,4.208208792988444e-06,6.749423980712891,3.882483959197998,0.5752319097518921,0.0,0.0,12.77076530456543,11.513906478881836,1.10916006565094,6.745794296264648,6.385284423828125,1.0564594268798828,inf,inf,,,,inf,,,1.0,6.754601001739502,poincare,3,512,gaussian,gaussian-ring,60000,0.3,0.3,"[0.0, 0.0, 0.0]","[0.8, 0.0, 0.0]",4,,,False
2026.05.21__174350,0.0005982785951346159,0.0005886220023967326,9.730680903885514e-05,0.0005982785951346159,68.0,2.695620059967041e-05,0.000600815168581903,0.000600815168581903,-1588.8348388671875,-1588.8348388671875,-1588.8348388671875,-1589.7889404296875,1.0059820413589478,0.0,1.0,0.9848396182060242,1.5248336791992188,0.18971997499465942,1.3084630966186523,1.0000062502513174e-06,1.0564623380560079e-06,0.20012453198432922,0.9723399877548218,4.8586745262146,0.4983333349227905,0.5299999713897705,0.05466588959097862,0.09132175892591476,0.5986074805259705,0.3088849186897278,0.3714771270751953,0.8315045833587646,0.0,0.0,0.0,0.0,0.0,0.020043106749653816,0.012826303951442242,-0.020043106749653816,1.0,0.3410497307777405,sphere,3,513,gaussian,gaussian-ring,60000,0.3,0.3,"[0.0, 0.0, 0.0]","[0.8, 0.0, 0.0]",8,,,False
2026.05.21__174404,13.967683792114258,13.701789855957031,9.99248877633363e-05,13.967683792114258,65.0,0.0,,,,,,-53.15080642700195,2413.605224609375,0.0,1.0,18.792274475097656,379.58258056640625,45.28243637084961,104.2859878540039,1.0000001111620804e-06,4.68686266685836e-06,6.750490188598633,3.8817977905273438,0.5750393867492676,0.0,0.0,12.778189659118652,11.515599250793457,1.1096417903900146,6.747877597808838,6.3857598304748535,1.0567070245742798,inf,inf,,,,inf,,,1.0,6.755903720855713,poincare,3,512,gaussian,gaussian-ring,60000,0.3,0.3,"[0.0, 0.0, 0.0]","[0.8, 0.0, 0.0]",4,,,False
2026.05.21__174413,0.14983932673931122,0.13923591375350952,9.98756950139068e-05,0.14983932673931122,44.0,2.376735210418701e-06,,,,,,1.4427249431610107,0.19025829434394836,0.0,1.0,0.409926176071167,0.7426376938819885,0.14893165230751038,0.6425377130508423,1.0000001111620804e-06,3.108184728262131e-06,0.23836897313594818,0.027520570904016495,0.11545365303754807,0.49166667461395264,0.4925000071525574,0.4139846861362457,0.40110403299331665,1.032112956047058,0.6689925789833069,0.6657237410545349,1.0049102306365967,0.5614818334579468,0.5575278997421265,0.06493626534938812,0.06257890164852142,-0.0039539337158203125,0.8612226843833923,0.01604161411523819,-0.3036947250366211,1.0,0.6685276627540588,sphere,5,3,gaussian,gaussian-ring,60000,0.3,0.3,"[0.0, 0.0, 0.0]","[0.8, 0.0, 0.0]",1,,,False
2026.05.21__174514,13.971445083618164,12.914535522460938,9.99248877633363e-05,13.971445083618164,63.5,0.0,,,,,,-53.80353546142578,2358.650634765625,0.0,1.0,18.67919921875,376.6865539550781,44.75439453125,102.76290893554688,1.0000001111620804e-06,3.942526291211834e-06,6.749606609344482,3.8811252117156982,0.5750150084495544,0.0,0.0,12.769993782043457,11.512359619140625,1.1092420816421509,6.745590686798096,6.384828567504883,1.0565030574798584,inf,inf,,,,inf,,,1.0,6.754701614379883,poincare,3,512,gaussian,gaussian-ring,60000,0.3,0.3,"[0.0, 0.0, 0.0]","[0.8, 0.0, 0.0]",4,,,False
2026.05.21__174517,0.14992885291576385,0.14842233061790466,9.981419862015173e-05,0.14992885291576385,44.0,2.3941199742694153e-06,,,,,,1.4179848432540894,0.19088377058506012,0.0,1.0,0.4112106263637543,0.7253286838531494,0.14749933779239655,0.6395944952964783,1.0000001111620804e-06,3.124889190075919e-06,0.23192216455936432,0.02523934096097946,0.10882677882909775,0.5090000033378601,0.49966666102409363,0.41090282797813416,0.3851257264614105,1.0669316053390503,0.6677327156066895,0.6593832969665527,1.012662410736084,0.5597590804100037,0.5544283390045166,0.06522428244352341,0.06256136298179626,-0.0053307414054870605,0.8605703115463257,0.016359271481633186,-0.3061419725418091,1.0,0.6624314188957214,sphere,5,3,gaussian,gaussian-ring,60000,0.3,0.3,"[0.0, 0.0, 0.0]","[0.8, 0.0, 0.0]",1,,,False
2026.05.21__174535,0.14977236092090607,0.14871805906295776,9.981419862015173e-05,0.14977236092090607,44.0,2.106030706272577e-06,,,,,,1.4488459825515747,0.19027067720890045,0.0,1.0,0.4102453589439392,0.7320252060890198,0.14799706637859344,0.6429058909416199,1.0000001111620804e-06,3.1082126952242106e-06,0.23917344212532043,0.02262108027935028,0.09458023309707642,0.4948333203792572,0.5006666779518127,0.400412380695343,0.39807629585266113,1.0058684349060059,0.6640066504478455,0.6642407178878784,0.9996476173400879,0.5598892569541931,0.5608851909637451,0.06376345455646515,0.06304275244474411,0.000995934009552002,0.8627012372016907,0.015791907906532288,-0.30181604623794556,1.0,0.6668657064437866,sphere,5,3,gaussian,gaussian-ring,60000,0.3,0.3,"[0.0, 0.0, 0.0]","[0.8, 0.0, 0.0]",1,,,False
2026.05.21__174622,0.09803047776222229,0.09327457845211029,9.938564471667632e-05,0.09803047776222229,67.0,3.4943222999572754e-06,0.0966062843799591,0.0966062843799591,0.18392221629619598,0.18392221629619598,0.18392221629619598,0.21657216548919678,0.4415416121482849,0.0,1.0,0.6529077291488647,0.9979214072227478,0.12306808680295944,0.8434717655181885,1.0000001111620804e-06,1.642925781197846e-06,0.16244101524353027,0.024890515953302383,0.1532280296087265,0.6761666536331177,0.6299999952316284,0.09336722642183304,0.09049411118030548,1.0317492485046387,0.3643890917301178,0.3541141748428345,1.0290157794952393,0.4721683859825134,0.4706171154975891,0.029774639755487442,0.028707539662718773,-0.0015512405661866069,0.8612226843833923,0.01604161411523819,-0.39060550928115845,1.0,0.3610353171825409,sphere,5,3,gaussian,gaussian-ring,60000,0.3,0.3,"[0.0, 0.0, 0.0]","[0.8, 0.0, 0.0]",4,,,False
2026.05.21__174627,0.09808185696601868,0.09971247613430023,9.925681661115959e-05,0.09808185696601868,65.5,3.1168262921710266e-06,0.09860407561063766,0.09860407561063766,0.1629781574010849,0.1629781574010849,0.1629781424999237,0.16453447937965393,0.4401819109916687,0.0,1.0,0.6513891816139221,0.9829605221748352,0.12574031949043274,0.8447044491767883,1.0000001111620804e-06,1.6441531442978885e-06,0.1625441610813141,0.02259865030646324,0.1390308290719986,0.6704999804496765,0.6464999914169312,0.09201926738023758,0.08980657160282135,1.0246384143829346,0.36114153265953064,0.35356152057647705,1.0214390754699707,0.472007155418396,0.4658886194229126,0.029615743085741997,0.02900203876197338,-0.0061185359954833984,0.8605703115463257,0.016359271481633186,-0.3946816921234131,1.0,0.35740649700164795,sphere,5,3,gaussian,gaussian-ring,60000,0.3,0.3,"[0.0, 0.0, 0.0]","[0.8, 0.0, 0.0]",4,,,False
2026.05.21__174628,13.828348159790039,13.511224746704102,9.99248877633363e-05,13.828348159790039,64.0,0.0,,,,,,-53.70626449584961,2433.96533203125,0.0,1.0,19.090436935424805,377.2652587890625,45.44593048095703,106.10124969482422,1.0000001111620804e-06,4.2023780224553775e-06,6.7494025230407715,3.882481098175049,0.5752333402633667,0.0,0.0,12.770773887634277,11.513898849487305,1.109161615371704,6.745771408081055,6.385229587554932,1.0564650297164917,inf,inf,,,,inf,,,1.0,6.754544734954834,sphere,5,3,gaussian,gaussian-ring,60000,0.3,0.3,"[0.0, 0.0, 0.0]","[0.8, 0.0, 0.0]",4,,,False
2026.05.21__174645,0.09793031215667725,0.09316037595272064,9.938564471667632e-05,0.09793031215667725,66.5,3.491838697300409e-06,0.09647213667631149,0.09647213667631149,0.1836194097995758,0.1836194097995758,0.18361937999725342,0.2162715643644333,0.44182655215263367,0.0,1.0,0.653114914894104,0.9993343353271484,0.12313452363014221,0.8430741429328918,1.0000001111620804e-06,1.6461385712318588e-06,0.16256743669509888,0.025168312713503838,0.15481767058372498,0.6783333420753479,0.6349999904632568,0.0932098776102066,0.09028252959251404,1.0324243307113647,0.36411288380622864,0.35367801785469055,1.0295038223266602,0.47202497720718384,0.47062069177627563,0.029768122360110283,0.028673358261585236,-0.0014042854309082031,0.8612226843833923,0.01604161411523819,-0.3906019330024719,1.0,0.3606841564178467,sphere,5,3,gaussian,gaussian-ring,60000,0.3,0.3,"[0.0, 0.0, 0.0]","[0.8, 0.0, 0.0]",8,,,False
2026.05.21__174714,13.994514465332031,12.98759937286377,9.99248877633363e-05,13.994514465332031,61.5,0.0,,,,,,-53.18788146972656,2426.597900390625,0.0,1.0,18.843238830566406,379.46966552734375,45.40645980834961,104.78701782226562,1.0000001111620804e-06,4.655064458347624e-06,6.750381946563721,3.8817262649536133,0.575037956237793,0.0,0.0,12.77759075164795,11.515592575073242,1.1095904111862183,6.747720241546631,6.385725498199463,1.0566880702972412,inf,inf,,,,inf,,,1.0,6.755739688873291,poincare,3,512,gaussian,gaussian-ring,60000,0.3,0.3,"[0.0, 0.0, 0.0]","[0.8, 0.0, 0.0]",8,,,False
2026.05.21__174720,13.97232437133789,12.526857376098633,9.99248877633363e-05,13.97232437133789,62.5,0.0,,,,,,-53.80291748046875,2325.2958984375,0.0,1.0,18.573579788208008,376.7448425292969,44.43803024291992,101.86499786376953,1.0000001111620804e-06,3.93838945456082e-06,6.749598503112793,3.881131172180176,0.5750166177749634,0.0,0.0,12.770088195800781,11.512350082397461,1.1092512607574463,6.745588779449463,6.384777545928955,1.0565111637115479,inf,inf,,,,inf,,,1.0,6.75469970703125,poincare,3,512,gaussian,gaussian-ring,60000,0.3,0.3,"[0.0, 0.0, 0.0]","[0.8, 0.0, 0.0]",8,,,False
2026.05.21__174735,400.3412780761719,352.0845947265625,9.981419862015173e-05,400.3412780761719,128.5,0.0,,,,,,-1.5702046155929565,467.6943664550781,0.0,1.0,8.835283279418945,203.07611083984375,19.699621200561523,45.842464447021484,1.0000001111620804e-06,2.4517391921108356e-06,0.44879719614982605,0.19571489095687866,0.43608757853507996,0.3229999840259552,0.27533334493637085,4.657474994659424,5.653614044189453,0.8238049149513245,3.5869174003601074,4.057681560516357,0.8839820027351379,18.36481475830078,28.91869354248047,152.6019744873047,196.52777099609375,10.553876876831055,1.164019227027893,0.030698422342538834,27.754671096801758,1.0,3.8103034496307373,poincare,5,2,gaussian,gaussian-ring,60000,0.3,0.3,"[0.0, 0.0, 0.0]","[0.8, 0.0, 0.0]",1,,,False
2026.05.21__174741,0.09812384098768234,0.09948887676000595,9.925681661115959e-05,0.09812384098768234,66.0,3.10440850626037e-06,0.09863701462745667,0.09863701462745667,0.16072624921798706,0.16072624921798706,0.16072623431682587,0.1642434298992157,0.4404999613761902,0.0,1.0,0.651604950428009,0.9830571413040161,0.12589214742183685,0.8451018333435059,1.0000001111620804e-06,1.644609938011854e-06,0.1624773144721985,0.022249916568398476,0.13694168627262115,0.6739999651908875,0.6493332982063293,0.09183182567358017,0.08982984721660614,1.0222864151000977,0.36081641912460327,0.3536795377731323,1.0201789140701294,0.4719484746456146,0.465907484292984,0.029583463445305824,0.029004812240600586,-0.006041020154953003,0.8605703115463257,0.016359271481633186,-0.3946628272533417,1.0,0.35727789998054504,sphere,5,3,gaussian,gaussian-ring,60000,0.3,0.3,"[0.0, 0.0, 0.0]","[0.8, 0.0, 0.0]",8,,,False
2026.05.21__174748,0.09878738224506378,0.08839239180088043,9.896272968035191e-05,0.09878738224506378,67.0,2.8188030682940735e-06,0.09561407566070557,0.09561407566070557,0.20641779899597168,0.20641779899597168,0.20641778409481049,0.1848846822977066,0.443742960691452,0.0,1.0,0.6546207070350647,0.997370183467865,0.12296240031719208,0.8384528160095215,1.0000001111620804e-06,1.658077962929383e-06,0.1592443585395813,0.024672942236065865,0.15493763983249664,0.6791666746139526,0.6416666507720947,0.09033513069152832,0.08962193131446838,1.007957935333252,0.3589492738246918,0.3530815839767456,1.0166184902191162,0.4710303843021393,0.464923620223999,0.02937319502234459,0.02870315872132778,-0.0061067636124789715,0.8627012372016907,0.015791907906532288,-0.39777761697769165,1.0,0.3582302927970886,sphere,5,3,gaussian,gaussian-ring,60000,0.3,0.3,"[0.0, 0.0, 0.0]","[0.8, 0.0, 0.0]",8,,,False
2026.05.21__174752,0.12177293002605438,0.11134728789329529,9.981419862015173e-05,0.12177293002605438,38.0,1.7980734128286713e-06,,,,,,0.7837641835212708,0.1068616732954979,0.0,1.0,0.3161209225654602,0.4607578217983246,0.08319825679063797,0.42693525552749634,1.0000001111620804e-06,3.5622197174234316e-06,0.28808510303497314,0.1096954345703125,0.3807744085788727,0.5131666660308838,0.5018333196640015,0.4098209738731384,0.39921772480010986,1.0265600681304932,0.6674695014953613,0.6652055382728577,1.0034034252166748,0.3630465567111969,0.36625558137893677,0.05597415193915367,0.0582352839410305,0.003209024667739868,0.655271053314209,0.04522089287638664,-0.2890154719352722,1.0,0.6640498638153076,sphere,5,4,gaussian,gaussian-ring,60000,0.3,0.3,"[0.0, 0.0, 0.0]","[0.8, 0.0, 0.0]",1,,,False
2026.05.21__174758,0.12140464782714844,0.12430871278047562,9.98756950139068e-05,0.12140464782714844,38.0,1.6043583173086517e-06,,,,,,0.7912791967391968,0.10498341917991638,0.0,1.0,0.3134912848472595,0.45541706681251526,0.08174503594636917,0.42444831132888794,1.0000001111620804e-06,3.5935090636485256e-06,0.29233086109161377,0.10935252904891968,0.3740711212158203,0.5023333430290222,0.4803333282470703,0.40563255548477173,0.39870738983154297,1.017369031906128,0.668467104434967,0.6647181510925293,1.005639910697937,0.374434232711792,0.3662753105163574,0.05885215848684311,0.05747761204838753,-0.00815892219543457,0.6629590392112732,0.045241210609674454,-0.29668372869491577,1.0,0.6659256219863892,sphere,5,4,gaussian,gaussian-ring,60000,0.3,0.3,"[0.0, 0.0, 0.0]","[0.8, 0.0, 0.0]",1,,,False
2026.05.21__174811,0.12151974439620972,0.11945495009422302,9.98756950139068e-05,0.12151974439620972,38.0,2.4686257802386535e-06,,,,,,0.7603495121002197,0.10725018382072449,0.0,1.0,0.31790271401405334,0.450025349855423,0.0785103440284729,0.41973644495010376,1.0000001111620804e-06,3.4980487271241145e-06,0.2916964888572693,0.1129651665687561,0.3872695863246918,0.5090000033378601,0.48883333802223206,0.3909192681312561,0.3921050727367401,0.9969758987426758,0.6623836159706116,0.6625139117240906,0.9998033046722412,0.369596928358078,0.3637097179889679,0.05605780705809593,0.05844869464635849,-0.005887210369110107,0.6629320979118347,0.044721029698848724,-0.2992223799228668,1.0,0.6651718020439148,sphere,5,4,gaussian,gaussian-ring,60000,0.3,0.3,"[0.0, 0.0, 0.0]","[0.8, 0.0, 0.0]",1,,,False
2026.05.21__174845,396.4841613769531,415.3314514160156,9.95022855931893e-05,396.4841613769531,132.0,0.0,,,,,,-1.8523930311203003,485.888427734375,0.0,1.0,9.069967269897461,205.49485778808594,20.050512313842773,46.695621490478516,1.0000001111620804e-06,2.1211421881162096e-06,0.4497688114643097,0.11436628550291061,0.25427794456481934,0.37566667795181274,0.31849998235702515,5.298496723175049,5.668937683105469,0.9346543550491333,3.8794732093811035,4.062862873077393,0.9548619985580444,23.224010467529297,29.0438289642334,180.34042358398438,195.9576416015625,5.819816589355469,1.1646368503570557,0.032703157514333725,27.87919044494629,1.0,3.968602180480957,poincare,5,2,gaussian,gaussian-ring,60000,0.3,0.3,"[0.0, 0.0, 0.0]","[0.8, 0.0, 0.0]",1,,,False
2026.05.21__174857,0.07859691977500916,0.08519268035888672,9.95022855931893e-05,0.07859691977500916,61.5,1.0530153531362885e-06,,,,,,-1.1675152778625488,0.3438188135623932,0.0,1.0,0.5736211538314819,0.8325571417808533,0.12125269323587418,0.7696021199226379,1.0000001111620804e-06,1.8709411051531788e-06,0.17915169894695282,0.07646265625953674,0.4268040060997009,0.5276666879653931,0.4411666691303253,0.09246466308832169,0.08883429318666458,1.0408668518066406,0.37097737193107605,0.3536342680454254,1.0490424633026123,0.24668078124523163,0.24776481091976166,0.019754718989133835,0.021045738831162453,0.0010840296745300293,0.655271053314209,0.04522089287638664,-0.40750622749328613,1.0,0.363543301820755,sphere,5,4,gaussian,gaussian-ring,60000,0.3,0.3,"[0.0, 0.0, 0.0]","[0.8, 0.0, 0.0]",4,,,False
2026.05.21__174906,0.07896582037210464,0.0750717967748642,9.925681661115959e-05,0.07896582037210464,62.0,1.308818696088565e-06,0.0772821307182312,0.0772821307182312,-1.134016513824463,-1.134016513824463,-1.134016513824463,-1.1250613927841187,0.3494139313697815,0.0,1.0,0.5784403681755066,0.8522754907608032,0.1215452179312706,0.7722301483154297,1.0000001111620804e-06,1.8544311615187326e-06,0.1772606372833252,0.073005810379982,0.4118557274341583,0.5274999737739563,0.46166667342185974,0.09037463366985321,0.09073468297719955,0.9960318803787231,0.3678838312625885,0.35856637358665466,1.0259853601455688,0.2531871795654297,0.2482270449399948,0.020710378885269165,0.02163826674222946,-0.0049601346254348755,0.6629590392112732,0.045241210609674454,-0.4147319793701172,1.0,0.36084648966789246,sphere,5,4,gaussian,gaussian-ring,60000,0.3,0.3,"[0.0, 0.0, 0.0]","[0.8, 0.0, 0.0]",4,,,False
2026.05.21__174908,0.07853751629590988,0.0837196409702301,9.938564471667632e-05,0.07853751629590988,61.0,1.3684233408639557e-06,0.08039884269237518,0.08039884269237518,-1.1140294075012207,-1.1140294075012207,-1.1140291690826416,-1.2170690298080444,0.34850993752479553,0.0,1.0,0.5769696235656738,0.8459444046020508,0.12484704703092575,0.7725488543510437,1.0000001111620804e-06,1.8643901285031461e-06,0.1785423308610916,0.07410746067762375,0.4150693714618683,0.5118333101272583,0.4413333237171173,0.08780692517757416,0.0880737379193306,0.9969705939292908,0.36264103651046753,0.3536459505558014,1.0254353284835815,0.2485962063074112,0.24282991886138916,0.018801238387823105,0.020115643739700317,-0.005766287446022034,0.6629320979118347,0.044721029698848724,-0.42010217905044556,1.0,0.35945406556129456,sphere,5,4,gaussian,gaussian-ring,60000,0.3,0.3,"[0.0, 0.0, 0.0]","[0.8, 0.0, 0.0]",4,,,False
2026.05.21__174917,0.07857884466648102,0.08518631756305695,9.95022855931893e-05,0.07857884466648102,61.5,1.0492900628378266e-06,,,,,,-1.1674946546554565,0.3439207375049591,0.0,1.0,0.5736912488937378,0.8326476812362671,0.12133952975273132,0.7696059346199036,1.0000001111620804e-06,1.8703384512264165e-06,0.17892232537269592,0.07644990086555481,0.42727982997894287,0.5198333263397217,0.43566668033599854,0.09238413721323013,0.0886424332857132,1.0422111749649048,0.3708237409591675,0.35338762402534485,1.0493398904800415,0.24662849307060242,0.24773339927196503,0.019736774265766144,0.02101498655974865,0.0011049062013626099,0.655271053314209,0.04522089287638664,-0.40753763914108276,1.0,0.3633715808391571,sphere,5,4,gaussian,gaussian-ring,60000,0.3,0.3,"[0.0, 0.0, 0.0]","[0.8, 0.0, 0.0]",8,,,False
2026.05.21__174920,0.07893557846546173,0.07498161494731903,9.925681661115959e-05,0.07893557846546173,62.0,1.3187527656555176e-06,0.0772293359041214,0.0772293359041214,-1.1321340799331665,-1.1321340799331665,-1.1321340799331665,-1.125195860862732,0.3496013581752777,0.0,1.0,0.5785844922065735,0.8524301052093506,0.1216282993555069,0.7723725438117981,1.0000001111620804e-06,1.8544390059105353e-06,0.17735660076141357,0.07268894463777542,0.4098462462425232,0.5223333239555359,0.4571666717529297,0.09022229164838791,0.09061400592327118,0.9956770539283752,0.36763444542884827,0.35836777091026306,1.0258580446243286,0.2531166672706604,0.2481929510831833,0.02067676931619644,0.021613147109746933,-0.004923716187477112,0.6629590392112732,0.045241210609674454,-0.4147660732269287,1.0,0.36066049337387085,sphere,5,4,gaussian,gaussian-ring,60000,0.3,0.3,"[0.0, 0.0, 0.0]","[0.8, 0.0, 0.0]",8,,,False
2026.05.21__175000,556.9788818359375,561.0676879882812,9.677498019300401e-05,556.9788818359375,189.0,0.0,552.4156494140625,552.4156494140625,-3.6381373405456543,-3.6381373405456543,-3.638137102127075,-3.706254243850708,1128.8924560546875,0.0,1.0,14.14649486541748,314.5396423339844,30.449420928955078,76.89690399169922,1.0000001111620804e-06,2.0668292108894093e-06,0.4727603495121002,0.019902432337403297,0.042098354548215866,0.43833333253860474,0.41466665267944336,6.990116119384766,7.097231864929199,0.984907329082489,4.638712406158447,4.676863193511963,0.9918426275253296,38.457420349121094,40.16008758544922,20.710756301879883,1.7992744005823624e-07,1.7026673555374146,1.164019227027893,0.030698422342538834,38.99606704711914,1.0,4.632302284240723,poincare,5,2,gaussian,gaussian-ring,60000,0.3,0.3,"[0.0, 0.0, 0.0]","[0.8, 0.0, 0.0]",4,,,False
2026.05.21__175013,0.07851802557706833,0.08371873199939728,9.938564471667632e-05,0.07851802557706833,61.0,1.35724746996857e-06,0.08035442233085632,0.08035442233085632,-1.1131813526153564,-1.1131813526153564,-1.1131813526153564,-1.217505693435669,0.34866219758987427,0.0,1.0,0.577127993106842,0.8459298610687256,0.12472495436668396,0.7727429270744324,1.0000001111620804e-06,1.8627866893439204e-06,0.17847886681556702,0.07391048222780228,0.4141133725643158,0.51583331823349,0.44183334708213806,0.08776473253965378,0.08801371604204178,0.99717116355896,0.36254289746284485,0.3535079061985016,1.0255579948425293,0.24861422181129456,0.24281622469425201,0.0188039168715477,0.020107900723814964,-0.0057979971170425415,0.6629320979118347,0.044721029698848724,-0.4201158881187439,1.0,0.359274297952652,sphere,5,4,gaussian,gaussian-ring,60000,0.3,0.3,"[0.0, 0.0, 0.0]","[0.8, 0.0, 0.0]",8,,,False
2026.05.21__175028,0.015087845735251904,0.015389221720397472,9.888164640869945e-05,0.015087845735251904,62.0,6.581346042366931e-06,0.01528959907591343,0.01528959907591343,-3.5286436080932617,-3.5286436080932617,-3.5286431312561035,-3.532090187072754,0.19043989479541779,0.0,1.0,0.41656312346458435,0.7765088677406311,0.12989896535873413,0.6292048096656799,1.0000001111620804e-06,2.7381086056266213e-06,0.35831648111343384,0.960408627986908,2.6803362369537354,0.4806666672229767,0.4911666810512543,0.37073835730552673,0.3919057548046112,0.9459885358810425,0.6548272967338562,0.6633341312408447,0.9871756434440613,0.005931558087468147,0.005580059252679348,0.000488377409055829,0.0002435264177620411,-0.00035149932955391705,3.451372685958631e-05,2.1310923159489903e-07,0.005545544903725386,1.0,0.6611753702163696,sphere,5,17,gaussian,gaussian-ring,60000,0.3,0.3,"[0.0, 0.0, 0.0]","[0.8, 0.0, 0.0]",1,,,False
2026.05.21__175029,0.014703972265124321,0.01447994727641344,9.730680903885514e-05,0.014703972265124321,63.0,6.804863460274646e-06,0.015032253228127956,0.015032253228127956,-2.5204949378967285,-2.5204949378967285,-3.0276715755462646,-3.073667287826538,0.19250714778900146,0.0,1.0,0.41938915848731995,0.7749622464179993,0.1287885159254074,0.6302495002746582,1.0000001111620804e-06,2.7052574296249077e-06,0.3585863709449768,0.9618104100227356,2.6822280883789062,0.484333336353302,0.4950000047683716,0.36385592818260193,0.39930927753448486,0.911213219165802,0.6525159478187561,0.6656056046485901,0.9803342223167419,0.00607546279206872,0.005500088911503553,0.0005483033019118011,0.0002482928102836013,-0.0005753738805651665,3.1995547033147886e-05,1.4324039909752173e-07,0.005468093324452639,1.0,0.6578080058097839,sphere,5,17,gaussian,gaussian-ring,60000,0.3,0.3,"[0.0, 0.0, 0.0]","[0.8, 0.0, 0.0]",1,,,False
2026.05.21__175040,0.008793406188488007,0.008418614976108074,9.925681661115959e-05,0.008793406188488007,56.0,1.1324882507324219e-06,0.008759744465351105,0.008759744465351105,-15.251728057861328,-15.251728057861328,-15.251726150512695,-15.158965110778809,0.18951377272605896,0.0,1.0,0.430601567029953,0.6958945393562317,0.06385467201471329,0.5346238613128662,1.0000001111620804e-06,2.3743195924907923e-06,0.17457278072834015,0.6032311916351318,3.4554710388183594,0.492166668176651,0.5394999980926514,0.08737300336360931,0.09112612903118134,0.9588139653205872,0.3556119501590729,0.3655276298522949,0.9728729128837585,0.00022776969126425683,0.0004675022792071104,1.3200997273088433e-06,1.2992314623261336e-05,0.00023973258794285357,3.451372685958631e-05,2.1310923159489903e-07,0.0004329885123297572,1.0,0.36073458194732666,sphere,5,17,gaussian,gaussian-ring,60000,0.3,0.3,"[0.0, 0.0, 0.0]","[0.8, 0.0, 0.0]",4,,,False
2026.05.21__175046,556.9796752929688,561.077880859375,9.677498019300401e-05,556.9796752929688,188.0,0.0,552.4165649414062,552.4165649414062,-3.6381382942199707,-3.6381382942199707,-3.6381382942199707,-3.7062551975250244,1128.8917236328125,0.0,1.0,14.14649772644043,314.5398254394531,30.449411392211914,76.89701080322266,1.0000001111620804e-06,2.066824890789576e-06,0.4728790819644928,0.019902747124433517,0.042088452726602554,0.4399999976158142,0.41616666316986084,6.990105628967285,7.097222805023193,0.9849071502685547,4.638716220855713,4.676856517791748,0.991844892501831,38.45736312866211,40.16007614135742,20.711042404174805,1.833912079973743e-07,1.7027130126953125,1.164019227027893,0.030698422342538834,38.996055603027344,1.0,4.632306098937988,poincare,5,2,gaussian,gaussian-ring,60000,0.3,0.3,"[0.0, 0.0, 0.0]","[0.8, 0.0, 0.0]",8,,,False
2026.05.21__175052,686.2713623046875,703.3944091796875,9.95022855931893e-05,686.2713623046875,154.5,0.0,,,,,,-2.6050407886505127,901.6945190429688,0.0,1.0,13.052175521850586,223.29595947265625,26.973047256469727,70.56718444824219,1.0000001111620804e-06,1.8895169660027022e-06,0.40136778354644775,0.14757969975471497,0.36769190430641174,0.3461666703224182,0.2863333225250244,6.653302192687988,7.110071182250977,0.9357574582099915,4.474164962768555,4.681682586669922,0.9556745886802673,34.007904052734375,40.16008377075195,110.34331512451172,1.780777978410697e-07,6.152179718017578,1.1646368503570557,0.032703157514333725,38.995445251464844,1.0,4.57435417175293,poincare,5,2,gaussian,gaussian-ring,60000,0.3,0.3,"[0.0, 0.0, 0.0]","[0.8, 0.0, 0.0]",8,,,False
2026.05.21__175133,0.008716383017599583,0.008303367532789707,9.833202057052404e-05,0.008716383017599583,56.0,1.1809170246124268e-06,0.008966310881078243,0.008966310881078243,-15.064815521240234,-15.064815521240234,-15.064815521240234,-14.938796043395996,0.19049622118473053,0.0,1.0,0.4317309558391571,0.7206503748893738,0.06387729942798615,0.5337777733802795,1.0000001111620804e-06,2.367672095715534e-06,0.17746983468532562,0.6023355722427368,3.394016981124878,0.4986666738986969,0.5429999828338623,0.08447092771530151,0.09129839390516281,0.9252181649208069,0.3510800898075104,0.3654298484325409,0.9607317447662354,0.0002506963792257011,0.00043382341391406953,5.310477718012407e-06,1.316952420893358e-05,0.0001831270201364532,3.1995547033147886e-05,1.4324039909752173e-07,0.0004018278559669852,1.0,0.3585680425167084,sphere,5,17,gaussian,gaussian-ring,60000,0.3,0.3,"[0.0, 0.0, 0.0]","[0.8, 0.0, 0.0]",4,,,False
2026.05.21__175146,0.008712527342140675,0.009308830834925175,9.790589683689177e-05,0.008712527342140675,54.5,1.5099843722055084e-06,0.008862106129527092,0.008862106129527092,-15.199649810791016,-15.199649810791016,-15.199649810791016,-15.245512962341309,0.19027476012706757,0.0,1.0,0.43133223056793213,0.7345712780952454,0.0649130567908287,0.5322887301445007,1.0000001111620804e-06,2.3723425783828134e-06,0.17249123752117157,0.5997990965843201,3.4772732257843018,0.4973333477973938,0.5295000076293945,0.09059849381446838,0.08756988495588303,1.0345849990844727,0.36177682876586914,0.35947486758232117,1.0064038038253784,0.00030725167016498744,0.00037052258267067373,2.97926976600138e-06,1.4387293049367145e-05,6.327091250568628e-05,5.246603905106895e-05,4.77927528663713e-07,0.0003180565545335412,1.0,0.3593888282775879,sphere,5,17,gaussian,gaussian-ring,60000,0.3,0.3,"[0.0, 0.0, 0.0]","[0.8, 0.0, 0.0]",4,,,False
2026.05.21__175148,703.9957275390625,854.8992919921875,9.974040585802868e-05,703.9957275390625,149.5,0.0,,,,,,-2.7287261486053467,901.5914916992188,0.0,1.0,12.840567588806152,226.30755615234375,27.063905715942383,69.49085235595703,1.0000001111620804e-06,2.171312416976434e-06,0.43948841094970703,0.2078571617603302,0.47295254468917847,0.2604999840259552,0.21516667306423187,6.364922046661377,7.104055881500244,0.8959560394287109,4.350694179534912,4.679349422454834,0.9297647476196289,31.341203689575195,40.16006088256836,138.10699462890625,1.7769782800769462e-07,8.818857192993164,1.1662085056304932,0.033839404582977295,38.99385070800781,1.0,4.5126051902771,poincare,5,2,gaussian,gaussian-ring,60000,0.3,0.3,"[0.0, 0.0, 0.0]","[0.8, 0.0, 0.0]",8,,,False
2026.05.21__175149,305.3365173339844,307.7169494628906,9.969891107175499e-05,305.3365173339844,415.5,4.735092443297617e-05,,,,,,8.449080467224121,466.694091796875,0.0,1.0,8.240167617797852,205.68186950683594,19.93296241760254,43.715911865234375,1.0000001111620804e-06,6.261140697461087e-06,0.7208560109138489,0.8801192045211792,1.2209360599517822,0.3804999887943268,0.9581666588783264,1.896086573600769,5.516343593597412,0.3437216281890869,2.1770904064178467,4.160946846008301,0.5232199430465698,95.568603515625,1041.4490966796875,42087.35546875,453400.53125,945.8804931640625,1.6225429773330688,0.5615397691726685,1039.8265380859375,1.0,3.189307928085327,poincare,5,3,gaussian,gaussian-ring,60000,0.3,0.3,"[0.0, 0.0, 0.0]","[0.8, 0.0, 0.0]",1,,,False
2026.05.21__175159,0.008791854605078697,0.008414863608777523,9.925681661115959e-05,0.008791854605078697,56.0,1.0815759878823883e-06,0.008752304129302502,0.008752304129302502,-15.257575988769531,-15.257575988769531,-15.257575988769531,-15.15783977508545,0.18955574929714203,0.0,1.0,0.43065404891967773,0.6956449151039124,0.0638299211859703,0.5352361798286438,1.0000001111620804e-06,2.3739878542983206e-06,0.17446108162403107,0.6032562255859375,3.457826852798462,0.49266666173934937,0.5413333177566528,0.08734048157930374,0.09111426025629044,0.9585819244384766,0.3555357754230499,0.3654612600803375,0.972841203212738,0.00022834964329376817,0.0004703568702097982,1.3328079830898787e-06,1.3517296792997513e-05,0.00024200724146794528,3.451372685958631e-05,2.1310923159489903e-07,0.00043584316154010594,1.0,0.36065641045570374,sphere,5,17,gaussian,gaussian-ring,60000,0.3,0.3,"[0.0, 0.0, 0.0]","[0.8, 0.0, 0.0]",8,,,False
2026.05.21__175205,0.0087148267775774,0.008293373510241508,9.833202057052404e-05,0.0087148267775774,56.0,1.1920928955078125e-06,0.008961670100688934,0.008961670100688934,-15.067511558532715,-15.067511558532715,-15.067510604858398,-14.933792114257812,0.1905207335948944,0.0,1.0,0.43176913261413574,0.7190619111061096,0.06381368637084961,0.5335329174995422,1.0000001111620804e-06,2.3673660507483874e-06,0.1775294542312622,0.6023054122924805,3.392707109451294,0.4971666634082794,0.5418333411216736,0.0843227356672287,0.09117205440998077,0.9248747825622559,0.35081708431243896,0.36529895663261414,0.9603561758995056,0.00024871082860045135,0.0004316742124501616,5.193606739339884e-06,1.3141213457856793e-05,0.00018296335474587977,3.1995547033147886e-05,1.4324039909752173e-07,0.0003996786253992468,1.0,0.3584091067314148,sphere,5,17,gaussian,gaussian-ring,60000,0.3,0.3,"[0.0, 0.0, 0.0]","[0.8, 0.0, 0.0]",8,,,False
2026.05.21__175216,0.008709353394806385,0.009285061620175838,9.790589683689177e-05,0.008709353394806385,54.0,1.6937652844717377e-06,0.00885778944939375,0.00885778944939375,-15.187666893005371,-15.187666893005371,-15.187664985656738,-15.238969802856445,0.19024451076984406,0.0,1.0,0.43129438161849976,0.7343881130218506,0.06493156403303146,0.5320011973381042,1.0000001111620804e-06,2.3726104245724855e-06,0.17289280891418457,0.5999870896339417,3.4702837467193604,0.4970000088214874,0.5291666388511658,0.09059759229421616,0.08746679872274399,1.0357941389083862,0.36189016699790955,0.359305739402771,1.007192850112915,0.0003079615125898272,0.00036758073838427663,3.029407935173367e-06,1.4294497304945253e-05,5.9619229432428256e-05,5.246603905106895e-05,4.77927528663713e-07,0.0003151147102471441,1.0,0.35938572883605957,sphere,5,17,gaussian,gaussian-ring,60000,0.3,0.3,"[0.0, 0.0, 0.0]","[0.8, 0.0, 0.0]",8,,,False
2026.05.21__175243,217.8492889404297,214.91497802734375,9.767507435753942e-05,217.8492889404297,466.0,0.0,298.55926513671875,298.55926513671875,6.892706871032715,6.892706871032715,6.892706871032715,7.045167922973633,472.2295837402344,0.0,1.0,8.40358829498291,198.5790252685547,19.99187469482422,45.10890579223633,1.0000001111620804e-06,4.956407792633399e-06,0.908072292804718,0.7642650008201599,0.8416346311569214,0.44216665625572205,0.9446666836738586,2.2597689628601074,5.572140693664551,0.4055476784706116,2.4287221431732178,4.187893390655518,0.5799388885498047,180.54537963867188,1068.498779296875,115699.7421875,449442.6875,887.9533081054688,1.6349183320999146,0.5882595777511597,1066.8638916015625,1.0,3.3396103382110596,poincare,5,3,gaussian,gaussian-ring,60000,0.3,0.3,"[0.0, 0.0, 0.0]","[0.8, 0.0, 0.0]",1,,,False
2026.05.21__175247,217.04454040527344,171.11204528808594,9.767507435753942e-05,217.04454040527344,406.5,5.43867536180187e-05,304.85430908203125,304.85430908203125,5.460422039031982,5.460422039031982,5.460421562194824,5.365095138549805,459.0799865722656,0.0,1.0,8.279742240905762,201.49063110351562,19.67889404296875,43.733673095703125,1.0000001111620804e-06,3.887574621330714e-06,0.7945206761360168,0.6995547413825989,0.8804740309715271,0.4560000002384186,0.9353333115577698,2.3633296489715576,5.516688823699951,0.42839640378952026,2.5017249584198,4.1609368324279785,0.6012408137321472,170.29725646972656,1049.742431640625,109596.96875,452357.9375,879.4451904296875,1.6247023344039917,0.4943327307701111,1048.11767578125,1.0,3.337714910507202,poincare,5,3,gaussian,gaussian-ring,60000,0.3,0.3,"[0.0, 0.0, 0.0]","[0.8, 0.0, 0.0]",1,,,False
2026.05.21__175304,0.005204550456255674,0.005137518513947725,9.704670083010569e-05,0.005204550456255674,61.5,1.846750637923833e-05,0.005201332736760378,0.005201332736760378,-94.99601745605469,-94.99601745605469,-96.48021697998047,-96.59042358398438,0.19587646424770355,0.0,1.0,0.39676928520202637,1.1032142639160156,0.19588109850883484,0.7533698678016663,1.0000001111620804e-06,3.6349647416500375e-06,0.363654226064682,1.3801474571228027,3.7952191829681396,0.46833333373069763,0.3568333387374878,0.40586990118026733,0.3966805934906006,1.0231655836105347,0.6780557632446289,0.6653389930725098,1.0191131830215454,0.002000500913709402,4.262136243937675e-08,0.0005249528330750763,1.9053697150866328e-13,-0.0020004583057016134,0.08329322189092636,0.04611998423933983,-0.08329317718744278,1.0,0.6755454540252686,sphere,5,65,gaussian,gaussian-ring,60000,0.3,0.3,"[0.0, 0.0, 0.0]","[0.8, 0.0, 0.0]",1,,,False
2026.05.21__175325,0.005209227092564106,0.0051491754129529,9.730680903885514e-05,0.005209227092564106,59.5,1.4409422874450684e-05,0.005214511416852474,0.005214511416852474,-92.413330078125,-92.413330078125,-94.71603393554688,-95.43171691894531,0.19759601354599,0.0,1.0,0.3974360227584839,1.0717064142227173,0.19885410368442535,0.7636516094207764,1.0000001111620804e-06,3.6933272440364817e-06,0.3638816177845001,1.3742239475250244,3.7765684127807617,0.4713333249092102,0.38233333826065063,0.39237940311431885,0.3953990042209625,0.9923630952835083,0.6725040674209595,0.6656431555747986,1.0103071928024292,0.0018603787757456303,3.2876929623171236e-08,0.0005433158949017525,7.401731679824997e-14,-0.001860345946624875,0.08776155859231949,0.04990372806787491,-0.0877615287899971,1.0,0.6684897541999817,sphere,5,65,gaussian,gaussian-ring,60000,0.3,0.3,"[0.0, 0.0, 0.0]","[0.8, 0.0, 0.0]",1,,,False
2026.05.21__175326,0.0051924665458500385,0.005188001785427332,9.730680903885514e-05,0.0051924665458500385,62.0,1.3459473848342896e-05,0.0051796999759972095,0.0051796999759972095,-93.30303955078125,-93.30303955078125,-96.10974884033203,-95.83818817138672,0.19267071783542633,0.0,1.0,0.39332571625709534,1.0855156183242798,0.19455835223197937,0.7480433583259583,1.0000001111620804e-06,3.7457439248100854e-06,0.3742569088935852,1.3820778131484985,3.6928584575653076,0.47200000286102295,0.3648333251476288,0.3947019875049591,0.3991096615791321,0.9889562129974365,0.673484206199646,0.6661995649337769,1.010934591293335,0.00023791412240825593,4.071747028433492e-08,1.4252226719690952e-05,1.4826958020727754e-13,-0.0002378734207013622,0.08478067070245743,0.048357635736465454,-0.08478063344955444,1.0,0.6677514314651489,sphere,5,65,gaussian,gaussian-ring,60000,0.3,0.3,"[0.0, 0.0, 0.0]","[0.8, 0.0, 0.0]",1,,,False
2026.05.21__175331,533.5592651367188,548.964599609375,9.99248877633363e-05,533.5592651367188,168.0,0.0016338825225830078,,,,,,8.773582458496094,776.8833618164062,0.0,1.0,11.5825777053833,202.2729034423828,25.319307327270508,65.34541320800781,1.0000001111620804e-06,3.551817599145579e-06,1.0729132890701294,1.006668210029602,0.9382568597793579,0.5568333268165588,0.6768333315849304,2.8008065223693848,6.85745096206665,0.40843260288238525,2.772510051727295,4.767430782318115,0.581552267074585,357.6735534667969,1612.829345703125,247411.3125,0.0012318288208916783,1255.15576171875,1.6225429773330688,0.5615397691726685,1611.206787109375,1.0,3.823700428009033,poincare,5,3,gaussian,gaussian-ring,60000,0.3,0.3,"[0.0, 0.0, 0.0]","[0.8, 0.0, 0.0]",4,,,False
2026.05.21__175334,523.7421264648438,457.7001953125,9.981419862015173e-05,523.7421264648438,138.0,0.001514320494607091,,,,,,8.812491416931152,772.5751953125,0.0,1.0,11.483137130737305,205.07733154296875,25.24611473083496,65.01143646240234,1.0000001111620804e-06,3.5891648622055072e-06,1.2550077438354492,0.9949420690536499,0.7927776575088501,0.5721666812896729,0.6815000176429749,2.8370871543884277,6.851510524749756,0.41408199071884155,2.7915244102478027,4.765043258666992,0.5858340263366699,379.38433837890625,1612.8297119140625,268340.0,0.0012151941191405058,1233.4453125,1.6349183320999146,0.5882595777511597,1611.1947021484375,1.0,3.8416309356689453,poincare,5,3,gaussian,gaussian-ring,60000,0.3,0.3,"[0.0, 0.0, 0.0]","[0.8, 0.0, 0.0]",4,,,False
2026.05.21__175340,0.003362357849255204,0.003369515761733055,9.812489588512108e-05,0.003362357849255204,64.0,9.628633961256128e-06,0.0034008068032562733,0.0034008068032562733,-144.72476196289062,-144.72476196289062,-144.72474670410156,-144.73826599121094,0.3942582905292511,0.0,1.0,0.6099485158920288,0.9898728728294373,0.14897054433822632,0.8671424388885498,1.0000001111620804e-06,1.7511298437966616e-06,0.18903176486492157,0.9273261427879333,4.905663967132568,0.4951666593551636,0.37933334708213806,0.09520471096038818,0.09225140511989594,1.0320136547088623,0.38991019129753113,0.36708924174308777,1.0621672868728638,2.077702766778433e-11,1.0609896294866417e-09,7.032498282409188e-19,3.4660425147803623e-15,1.040212582736899e-09,0.08329322189092636,0.04611998423933983,-0.08329322189092636,1.0,0.3794601261615753,sphere,5,65,gaussian,gaussian-ring,60000,0.3,0.3,"[0.0, 0.0, 0.0]","[0.8, 0.0, 0.0]",4,,,False
2026.05.21__175352,518.588623046875,596.8684692382812,9.98756950139068e-05,518.588623046875,172.0,0.001549323438666761,,,,,,8.524730682373047,774.6979370117188,0.0,1.0,11.521013259887695,202.33929443359375,25.278575897216797,64.84466552734375,1.0000001111620804e-06,3.4634065286809346e-06,1.2811121940612793,0.9868322610855103,0.7702933549880981,0.5668333172798157,0.6894999742507935,2.856668710708618,6.836668014526367,0.41784512996673584,2.8028721809387207,4.759504318237305,0.5888999700546265,375.5943298339844,1612.8304443359375,260798.640625,0.001237634220160544,1237.236083984375,1.6247023344039917,0.4943327307701111,1611.2056884765625,1.0,3.8326075077056885,poincare,5,3,gaussian,gaussian-ring,60000,0.3,0.3,"[0.0, 0.0, 0.0]","[0.8, 0.0, 0.0]",4,,,False
2026.05.21__175353,0.0033364940900355577,0.003444237634539604,9.730680903885514e-05,0.0033364940900355577,69.5,1.021971274894895e-05,0.0033634963911026716,0.0033634963911026716,-144.7318878173828,-144.7318878173828,-145.28311157226562,-145.87770080566406,0.40272945165634155,0.0,1.0,0.6168268918991089,0.9821197390556335,0.14891713857650757,0.8678573966026306,1.0000001111620804e-06,1.7323998235951876e-06,0.18475988507270813,0.9033136367797852,4.889122009277344,0.49799999594688416,0.3986666798591614,0.09134509414434433,0.0874614343047142,1.0444042682647705,0.38056400418281555,0.3587140738964081,1.060911774635315,1.5799436411945145e-11,4.131416320163339e-10,2.584014005917918e-19,6.646587068974506e-16,3.97342214686347e-10,0.08776155859231949,0.04990372806787491,-0.08776155859231949,1.0,0.3705899119377136,sphere,5,65,gaussian,gaussian-ring,60000,0.3,0.3,"[0.0, 0.0, 0.0]","[0.8, 0.0, 0.0]",4,,,False
2026.05.21__175505,0.003345290431752801,0.0033417209051549435,9.852721996139735e-05,0.003345290431752801,63.0,1.440197229385376e-05,0.0034364955499768257,0.0034364955499768257,-144.0083465576172,-144.0083465576172,-144.0083465576172,-144.6990509033203,0.39239293336868286,0.0,1.0,0.6087990999221802,0.9920246005058289,0.14732518792152405,0.8633591532707214,1.0000001111620804e-06,1.7530130662635202e-06,0.18972277641296387,0.9275025129318237,4.888725280761719,0.4964999854564667,0.38199999928474426,0.09700897336006165,0.09200114011764526,1.0544322729110718,0.39276549220085144,0.3664836287498474,1.0717135667800903,1.0934492894465464e-10,5.636148214804848e-10,2.2236060777136127e-17,7.009106582487505e-16,4.5426989947472407e-10,0.08478067070245743,0.048357635736465454,-0.08478067070245743,1.0,0.3802551329135895,sphere,5,65,gaussian,gaussian-ring,60000,0.3,0.3,"[0.0, 0.0, 0.0]","[0.8, 0.0, 0.0]",4,,,False
2026.05.21__175510,533.5592651367188,548.9700927734375,9.99248877633363e-05,533.5592651367188,171.5,0.0016338725108653307,,,,,,8.77358627319336,776.8804321289062,0.0,1.0,11.582568168640137,202.27325439453125,25.319257736206055,65.34549713134766,1.0000001111620804e-06,3.5518137337930966e-06,1.0730503797531128,1.006671667098999,0.9381401538848877,0.5568333268165588,0.6766666769981384,2.8008062839508057,6.857457637786865,0.40843215584754944,2.772510051727295,4.767431735992432,0.5815521478652954,357.6764221191406,1612.829345703125,247422.09375,0.0012290594168007374,1255.1529541015625,1.6225429773330688,0.5615397691726685,1611.206787109375,1.0,3.8236923217773438,poincare,5,3,gaussian,gaussian-ring,60000,0.3,0.3,"[0.0, 0.0, 0.0]","[0.8, 0.0, 0.0]",8,,,False
2026.05.21__175514,523.7420043945312,457.70233154296875,9.981419862015173e-05,523.7420043945312,137.5,0.0015143330674618483,,,,,,8.812500953674316,772.5763549804688,0.0,1.0,11.483144760131836,205.07928466796875,25.246135711669922,65.01136016845703,1.0000001111620804e-06,3.5891573588742176e-06,1.2548472881317139,0.9949405789375305,0.7928777933120728,0.5719999670982361,0.6815000176429749,2.837087869644165,6.851498603820801,0.4140828549861908,2.7915244102478027,4.765041351318359,0.585834264755249,379.38055419921875,1612.8294677734375,268330.21875,0.0012285086559131742,1233.448974609375,1.6349183320999146,0.5882595777511597,1611.1944580078125,1.0,3.8416407108306885,poincare,5,3,gaussian,gaussian-ring,60000,0.3,0.3,"[0.0, 0.0, 0.0]","[0.8, 0.0, 0.0]",8,,,False
2026.05.21__175521,0.003360714530572295,0.0033665515948086977,9.812489588512108e-05,0.003360714530572295,63.5,1.2082357898179907e-05,0.003402828937396407,0.003402828937396407,-144.29794311523438,-144.29794311523438,-144.29791259765625,-144.43008422851562,0.39442285895347595,0.0,1.0,0.6100995540618896,0.9893423914909363,0.14890438318252563,0.8683377504348755,1.0000001111620804e-06,1.7505384448668337e-06,0.1894528865814209,0.9269048571586609,4.8925347328186035,0.49816668033599854,0.3816666603088379,0.09494010359048843,0.09217517822980881,1.029996395111084,0.3894486129283905,0.3669681251049042,1.0612601041793823,1.7474353561364175e-11,1.1326237725484134e-09,4.525007271946434e-19,3.794126962613923e-15,1.1151494172523257e-09,0.08329322189092636,0.04611998423933983,-0.08329322189092636,1.0,0.379118412733078,sphere,5,65,gaussian,gaussian-ring,60000,0.3,0.3,"[0.0, 0.0, 0.0]","[0.8, 0.0, 0.0]",8,,,False
2026.05.21__175522,0.0033358284272253513,0.0034427419304847717,9.730680903885514e-05,0.0033358284272253513,68.5,1.033395528793335e-05,0.003360792063176632,0.003360792063176632,-144.4961700439453,-144.4961700439453,-145.23826599121094,-146.17950439453125,0.40284430980682373,0.0,1.0,0.6169443130493164,0.9817124009132385,0.14881400763988495,0.8680957555770874,1.0000001111620804e-06,1.7317802303296048e-06,0.18442386388778687,0.9029253721237183,4.895925045013428,0.4948333203792572,0.39649999141693115,0.09131187200546265,0.08734946697950363,1.0453627109527588,0.38054442405700684,0.35838428139686584,1.0618335008621216,1.548920020022493e-11,3.9726766321024343e-10,2.4618443408287226e-19,6.223694752750363e-16,3.817784699489124e-10,0.08776155859231949,0.04990372806787491,-0.08776155859231949,1.0,0.3704371750354767,sphere,5,65,gaussian,gaussian-ring,60000,0.3,0.3,"[0.0, 0.0, 0.0]","[0.8, 0.0, 0.0]",8,,,False
2026.05.21__175532,518.58935546875,596.8688354492188,9.98756950139068e-05,518.58935546875,172.5,0.0015493831597268581,,,,,,8.524739265441895,774.6956787109375,0.0,1.0,11.521005630493164,202.33895874023438,25.278535842895508,64.84477996826172,1.0000001111620804e-06,3.463397433733917e-06,1.281078815460205,0.9868350625038147,0.7703155875205994,0.5663333535194397,0.6894999742507935,2.8566598892211914,6.836678504943848,0.4178432524204254,2.802873134613037,4.759494304656982,0.5889014005661011,375.5852355957031,1612.8297119140625,260784.796875,0.0012409875635057688,1237.244384765625,1.6247023344039917,0.4943327307701111,1611.204833984375,1.0,3.832595109939575,poincare,5,3,gaussian,gaussian-ring,60000,0.3,0.3,"[0.0, 0.0, 0.0]","[0.8, 0.0, 0.0]",8,,,False
2026.05.21__175535,74.32088470458984,81.9912109375,9.99248877633363e-05,74.32088470458984,103.0,0.0,,,,,,-1.3440191745758057,496.6773376464844,0.0,1.0,8.932164192199707,221.26055908203125,20.40725326538086,46.92363357543945,1.0000001111620804e-06,1.742443828334217e-06,1.5585612058639526,1.7398821115493774,1.1163387298583984,0.2561666667461395,0.9714999794960022,2.9538469314575195,5.452606678009033,0.5417311787605286,3.0309765338897705,4.267209529876709,0.710294783115387,1.239910332849359e+22,6.767332178628425e+23,inf,inf,6.643341235415482e+23,277015166976.0,1.441280823499634e+26,6.767332178628425e+23,1.0,3.730649948120117,poincare,5,16,gaussian,gaussian-ring,60000,0.3,0.3,"[0.0, 0.0, 0.0]","[0.8, 0.0, 0.0]",1,,,False
2026.05.21__175559,0.0013863755157217383,0.0013866485096514225,9.755525388754904e-05,0.0013863755157217383,74.0,6.1330697462835815e-06,0.0013870728434994817,0.0013870728434994817,-609.6325073242188,-609.6325073242188,-628.4991455078125,-626.6162719726562,0.09738820046186447,0.0,1.0,0.27578142285346985,0.9879981279373169,0.14580431580543518,0.5459151268005371,1.0000001111620804e-06,5.092226729175309e-06,0.3523140549659729,1.5026774406433105,4.265164852142334,0.4391666650772095,0.3578333258628845,0.37939196825027466,0.3972582519054413,0.9550260305404663,0.6660673022270203,0.6665289998054504,0.99930739402771,4.590130942005999e-08,1.1028271603129856e-26,8.715063393172073e-12,0.0,-4.590130942005999e-08,0.0003467551141511649,0.00022631172032561153,-0.0003467551141511649,1.0,0.6656506061553955,sphere,5,257,gaussian,gaussian-ring,60000,0.3,0.3,"[0.0, 0.0, 0.0]","[0.8, 0.0, 0.0]",1,,,False
2026.05.21__175651,72.89130401611328,80.52857971191406,9.974040585802868e-05,72.89130401611328,103.0,0.0,,,,,,-1.1282825469970703,493.1977233886719,0.0,1.0,8.811580657958984,248.09033203125,20.324443817138672,46.0460090637207,1.0000001111620804e-06,1.6606620647507953e-06,1.6196653842926025,1.7080140113830566,1.0545474290847778,0.2538333237171173,0.9616666436195374,3.071089744567871,5.425321102142334,0.5660659670829773,3.1065173149108887,4.255240440368652,0.7300450801849365,1.4564629935917116e+22,6.559537532973431e+23,inf,inf,6.413891121024269e+23,788793851904.0,3.1932698235266525e+27,6.559537532973431e+23,1.0,3.7554984092712402,poincare,5,16,gaussian,gaussian-ring,60000,0.3,0.3,"[0.0, 0.0, 0.0]","[0.8, 0.0, 0.0]",1,,,False
2026.05.21__175656,116.70374298095703,123.36915588378906,9.99248877633363e-05,116.70374298095703,115.5,0.0,,,,,,-3.9827961921691895,905.4796752929688,0.0,1.0,12.433287620544434,246.47523498535156,27.380516052246094,68.52324676513672,1.0000001111620804e-06,1.488829184381757e-06,3.4558467864990234,1.816952109336853,0.5257618427276611,1.0,0.8118333220481873,4.095051288604736,6.526488304138184,0.6274509429931641,3.6524767875671387,4.780970573425293,0.7639614343643188,7.561766252176655e+22,1.1400168542057825e+24,inf,inf,1.0643991826768167e+24,277015166976.0,1.441280823499634e+26,1.1400168542057825e+24,1.0,4.280953407287598,poincare,5,16,gaussian,gaussian-ring,60000,0.3,0.3,"[0.0, 0.0, 0.0]","[0.8, 0.0, 0.0]",4,,,False
2026.05.21__175657,0.001385382143780589,0.0013687963364645839,9.619697812013328e-05,0.001385382143780589,72.5,3.769993782043457e-06,0.0014087469317018986,0.0014087469317018986,-601.777099609375,-601.777099609375,-622.3180541992188,-623.7499389648438,0.10491807758808136,0.0,1.0,0.28655803203582764,1.0261064767837524,0.15073300898075104,0.5592865347862244,1.0000001111620804e-06,4.921856543660397e-06,0.3493534326553345,1.494853138923645,4.278913974761963,0.44333332777023315,0.3544999957084656,0.379041463136673,0.3906784653663635,0.9702133536338806,0.665363073348999,0.6635012626647949,1.0028060674667358,4.316074608823328e-08,1.3843129920788576e-26,1.0389496554741307e-11,0.0,-4.316074608823328e-08,0.0006730068707838655,0.00044765439815819263,-0.0006730068707838655,1.0,0.6676477789878845,sphere,5,257,gaussian,gaussian-ring,60000,0.3,0.3,"[0.0, 0.0, 0.0]","[0.8, 0.0, 0.0]",1,,,False
2026.05.21__175710,110.7906723022461,105.83308410644531,9.974040585802868e-05,110.7906723022461,128.5,0.0,,,,,,-5.164590835571289,884.1800537109375,0.0,1.0,11.965781211853027,298.2294921875,27.157546997070312,64.6009292602539,1.0000001111620804e-06,1.4360534805746283e-06,4.023695945739746,1.7362942695617676,0.4315173029899597,1.0,0.5354999899864197,5.476830005645752,6.528157711029053,0.8389549255371094,4.332611560821533,4.781613826751709,0.9060982465744019,1.4101653138823988e+23,1.1400206732582665e+24,inf,inf,9.990041058412297e+23,788793851904.0,3.1932698235266525e+27,1.1400206732582665e+24,1.0,4.611196994781494,poincare,5,16,gaussian,gaussian-ring,60000,0.3,0.3,"[0.0, 0.0, 0.0]","[0.8, 0.0, 0.0]",4,,,False
2026.05.21__175712,0.0013903714716434479,0.0013453586725518107,9.619697812013328e-05,0.0013903714716434479,73.5,4.275391347619006e-06,0.0013828121591359377,0.0013828121591359377,-613.004638671875,-613.004638671875,-625.6070556640625,-623.2040405273438,0.10305118560791016,0.0,1.0,0.2830233871936798,0.9548349380493164,0.15124556422233582,0.5596877932548523,1.0000001111620804e-06,5.2199493438820355e-06,0.34696295857429504,1.4943513870239258,4.306947708129883,0.44600000977516174,0.3564999997615814,0.3863760530948639,0.3949384093284607,0.9783198237419128,0.6674525141716003,0.665474534034729,1.0029722452163696,1.849638847744022e-16,1.0714902001134654e-26,2.0483071441722465e-28,0.0,-1.849638847744022e-16,0.0001508532150182873,4.942285158904269e-05,-0.0001508532150182873,1.0,0.6656220555305481,sphere,5,257,gaussian,gaussian-ring,60000,0.3,0.3,"[0.0, 0.0, 0.0]","[0.8, 0.0, 0.0]",1,,,False
2026.05.21__175713,0.000837161554954946,0.0008273443672806025,9.730680903885514e-05,0.000837161554954946,89.5,0.00013402353215496987,0.0008310390985570848,0.0008310390985570848,-822.6771850585938,-822.6771850585938,-822.6770629882812,-826.0233154296875,0.2299523949623108,0.0,1.0,0.4476947486400604,0.9523888230323792,0.17156876623630524,0.7153432369232178,1.0000001111620804e-06,2.835347231666674e-06,0.17359289526939392,1.0235166549682617,5.8960747718811035,0.4983333349227905,0.33399999141693115,0.10453493148088455,0.08906190097332001,1.1737334728240967,0.40466561913490295,0.3608303964138031,1.1214841604232788,1.451324819501213e-41,8.071640693148688e-32,0.0,0.0,8.071640693148688e-32,0.0003467551141511649,0.00022631172032561153,-0.0003467551141511649,1.0,0.384234219789505,sphere,5,257,gaussian,gaussian-ring,60000,0.3,0.3,"[0.0, 0.0, 0.0]","[0.8, 0.0, 0.0]",4,,,False
2026.05.21__175714,116.69849395751953,123.38047790527344,9.99248877633363e-05,116.69849395751953,115.5,0.0,,,,,,-3.9826231002807617,905.4137573242188,0.0,1.0,12.432915687561035,246.42689514160156,27.379491806030273,68.51947021484375,1.0000001111620804e-06,1.4888366877130466e-06,3.4558050632476807,1.8169690370559692,0.5257729887962341,1.0,0.8119999766349792,4.0949201583862305,6.526499271392822,0.6274297833442688,3.6524081230163574,4.780972003936768,0.7639468312263489,7.564088308144527e+22,1.1400198806247321e+24,inf,inf,1.0643790065504861e+24,277015166976.0,1.441280823499634e+26,1.1400198806247321e+24,1.0,4.28092622756958,poincare,5,16,gaussian,gaussian-ring,60000,0.3,0.3,"[0.0, 0.0, 0.0]","[0.8, 0.0, 0.0]",8,,,False
2026.05.21__175730,0.0008273111889138818,0.0007901311037130654,9.730680903885514e-05,0.0008273111889138818,91.5,3.0037635951885022e-05,0.0008363064262084663,0.0008363064262084663,-821.3690795898438,-821.3690795898438,-821.3690185546875,-824.8422241210938,0.2344001829624176,0.0,1.0,0.4524754285812378,0.9209051728248596,0.1719847470521927,0.7176413536071777,1.0000001111620804e-06,2.8632125577132683e-06,0.16908644139766693,1.0120735168457031,5.985538959503174,0.4988333284854889,0.3618333339691162,0.10250557214021683,0.08810752630233765,1.163414478302002,0.3992792069911957,0.3600059449672699,1.1090905666351318,0.0,3.4361973721420336e-33,0.0,0.0,3.4361973721420336e-33,0.0006730068707838655,0.00044765439815819263,-0.0006730068707838655,1.0,0.3804653286933899,sphere,5,257,gaussian,gaussian-ring,60000,0.3,0.3,"[0.0, 0.0, 0.0]","[0.8, 0.0, 0.0]",4,,,False
2026.05.21__175832,111.28665924072266,99.46243286132812,9.974040585802868e-05,111.28665924072266,128.0,6.054217737982981e-05,,,,,,-5.428734302520752,904.7787475585938,0.0,1.0,12.156410217285156,289.20172119140625,27.435527801513672,66.44496154785156,1.0000001111620804e-06,1.4195867379385163e-06,4.0811357498168945,1.7301239967346191,0.42393195629119873,1.0,0.5271666646003723,5.521227836608887,6.5259504318237305,0.8460419774055481,4.35067081451416,4.780733585357666,0.9100425839424133,1.6462470687969068e+23,1.1400206732582665e+24,inf,inf,9.753959483641774e+23,710958514176.0,1.322307477685088e+27,1.1400206732582665e+24,1.0,4.618582725524902,poincare,5,16,gaussian,gaussian-ring,60000,0.3,0.3,"[0.0, 0.0, 0.0]","[0.8, 0.0, 0.0]",8,,,False
2026.05.21__175836,110.78898620605469,105.81241607666016,9.974040585802868e-05,110.78898620605469,128.5,0.0,,,,,,-5.16459321975708,884.2315673828125,0.0,1.0,11.96594524383545,298.2164306640625,27.1583251953125,64.6017837524414,1.0000001111620804e-06,1.4360705336002866e-06,4.023684501647949,1.736297845840454,0.43151941895484924,1.0,0.5361666679382324,5.4768524169921875,6.528172969818115,0.8389562964439392,4.332620143890381,4.781615257263184,0.9060996770858765,1.4101864808006474e+23,1.1400223305829294e+24,inf,inf,9.990036734956654e+23,788793851904.0,3.1932698235266525e+27,1.1400223305829294e+24,1.0,4.611194610595703,poincare,5,16,gaussian,gaussian-ring,60000,0.3,0.3,"[0.0, 0.0, 0.0]","[0.8, 0.0, 0.0]",8,,,False
2026.05.21__175842,0.0008322304929606616,0.000858739425893873,9.730680903885514e-05,0.0008322304929606616,94.0,3.645569086074829e-05,0.0008449338492937386,0.0008449338492937386,-818.0640258789062,-818.0640258789062,-818.0639038085938,-824.8557739257812,0.2301141321659088,0.0,1.0,0.4485248923301697,0.9394321441650391,0.16999566555023193,0.7108321189880371,1.0000001111620804e-06,2.876183316402603e-06,0.17141878604888916,1.0387380123138428,6.059650897979736,0.49916666746139526,0.34066665172576904,0.11046890169382095,0.08927521854639053,1.2373971939086914,0.414673388004303,0.36131608486175537,1.1476749181747437,0.0,4.086958758938929e-30,0.0,0.0,4.086958758938929e-30,0.0001508532150182873,4.942285158904269e-05,-0.0001508532150182873,1.0,0.38932541012763977,sphere,5,257,gaussian,gaussian-ring,60000,0.3,0.3,"[0.0, 0.0, 0.0]","[0.8, 0.0, 0.0]",4,,,False
2026.05.21__175843,26.82912826538086,32.51447296142578,9.981419862015173e-05,26.82912826538086,103.5,0.0,,,,,,-14.472681045532227,766.9022216796875,0.0,1.0,11.293684959411621,287.7796325683594,25.25298500061035,56.33210372924805,1.0000001111620804e-06,2.147147824871354e-06,2.6901562213897705,3.201707124710083,1.1901565790176392,0.014833332970738411,0.25183331966400146,6.010751247406006,5.415881633758545,1.1098380088806152,4.56557035446167,4.263782024383545,1.0707794427871704,inf,inf,,,,inf,,,1.0,4.634098052978516,poincare,5,64,gaussian,gaussian-ring,60000,0.3,0.3,"[0.0, 0.0, 0.0]","[0.8, 0.0, 0.0]",1,,,False
2026.05.21__175854,26.19160270690918,26.34720230102539,9.99248877633363e-05,26.19160270690918,104.5,0.0,,,,,,-14.681679725646973,784.1288452148438,0.0,1.0,11.308019638061523,286.7238464355469,25.53444480895996,56.43696975708008,1.0000001111620804e-06,2.130770781150204e-06,2.8269824981689453,3.2069637775421143,1.134412407875061,0.027000000700354576,0.25599998235702515,5.997320175170898,5.438262939453125,1.102800726890564,4.559512138366699,4.2778496742248535,1.0658420324325562,inf,inf,,,,inf,,,1.0,4.638710975646973,poincare,5,64,gaussian,gaussian-ring,60000,0.3,0.3,"[0.0, 0.0, 0.0]","[0.8, 0.0, 0.0]",1,,,False
2026.05.21__175855,26.98784065246582,18.759870529174805,9.98756950139068e-05,26.98784065246582,104.5,0.0,,,,,,-14.599797248840332,757.2076416015625,0.0,1.0,11.187773704528809,295.4835510253906,25.110509872436523,55.00282669067383,1.0000001111620804e-06,2.0954114461346762e-06,2.5758328437805176,3.2040772438049316,1.2438994646072388,0.018166666850447655,0.23499999940395355,6.044774055480957,5.4235100746154785,1.1145501136779785,4.579730987548828,4.268405437469482,1.072937250137329,inf,inf,,,,inf,,,1.0,4.6423540115356445,poincare,5,64,gaussian,gaussian-ring,60000,0.3,0.3,"[0.0, 0.0, 0.0]","[0.8, 0.0, 0.0]",1,,,False
2026.05.21__175953,0.0008370745927095413,0.0008280622423626482,9.730680903885514e-05,0.0008370745927095413,89.5,6.535152351716533e-05,0.0008304445655085146,0.0008304445655085146,-822.2716674804688,-822.2716674804688,-822.2716674804688,-826.013671875,0.2300247848033905,0.0,1.0,0.44772204756736755,0.9549534320831299,0.17170174419879913,0.7145082950592041,1.0000001111620804e-06,2.8404369913914707e-06,0.1730756163597107,1.0237617492675781,5.915112495422363,0.49900001287460327,0.33533331751823425,0.10473234951496124,0.08890093863010406,1.1780792474746704,0.40500590205192566,0.36055824160575867,1.123274564743042,1.4328276797721255e-41,1.3822703899002925e-31,0.0,0.0,1.3822703899002925e-31,0.0003467551141511649,0.00022631172032561153,-0.0003467551141511649,1.0,0.38427749276161194,sphere,5,257,gaussian,gaussian-ring,60000,0.3,0.3,"[0.0, 0.0, 0.0]","[0.8, 0.0, 0.0]",8,,,False
2026.05.21__180005,0.0008269210229627788,0.0007890826091170311,9.730680903885514e-05,0.0008269210229627788,90.0,3.118378299404867e-05,0.0008352938457392156,0.0008352938457392156,-821.7224731445312,-821.7224731445312,-821.722412109375,-824.3455810546875,0.23419645428657532,0.0,1.0,0.45230984687805176,0.9190213084220886,0.1718253195285797,0.7182169556617737,1.0000001111620804e-06,2.864270754798781e-06,0.16906246542930603,1.01248300075531,5.988810062408447,0.4984999895095825,0.3630000054836273,0.10254736244678497,0.08806229382753372,1.1644866466522217,0.39942753314971924,0.359950453042984,1.1096736192703247,0.0,1.7816642777757012e-33,0.0,0.0,1.7816642777757012e-33,0.0006730068707838655,0.00044765439815819263,-0.0006730068707838655,1.0,0.3804674446582794,sphere,5,257,gaussian,gaussian-ring,60000,0.3,0.3,"[0.0, 0.0, 0.0]","[0.8, 0.0, 0.0]",8,,,False
2026.05.21__180011,0.0008319137268699706,0.000860639673192054,9.730680903885514e-05,0.0008319137268699706,89.0,2.397969365119934e-05,0.0008448653970845044,0.0008448653970845044,-819.0469360351562,-819.0469360351562,-819.0468139648438,-824.440673828125,0.2303057312965393,0.0,1.0,0.4487459361553192,0.943303644657135,0.16998052597045898,0.7109651565551758,1.0000001111620804e-06,2.8763345198967727e-06,0.1714763641357422,1.0376293659210205,6.051151275634766,0.4975000023841858,0.3398333191871643,0.11013752967119217,0.08916373550891876,1.2352278232574463,0.41412922739982605,0.3610479235649109,1.1470201015472412,0.0,2.5258642690695128e-30,0.0,0.0,2.5258642690695128e-30,0.0001508532150182873,4.942285158904269e-05,-0.0001508532150182873,1.0,0.38891977071762085,sphere,5,257,gaussian,gaussian-ring,60000,0.3,0.3,"[0.0, 0.0, 0.0]","[0.8, 0.0, 0.0]",8,,,False
2026.05.21__180017,37.04625701904297,38.02687072753906,9.981419862015173e-05,37.04625701904297,113.0,0.0,,,,,,-15.672281265258789,1222.048095703125,0.0,1.0,13.918617248535156,321.22393798828125,32.03432083129883,73.07469940185547,1.0000001111620804e-06,6.928207767487038e-06,4.295936584472656,3.342214822769165,0.7779944539070129,1.0,0.1848333328962326,6.019158840179443,6.482085704803467,0.9285836815834045,4.560698986053467,4.7779860496521,0.9545232653617859,inf,inf,,,,inf,,,1.0,4.881552696228027,poincare,5,64,gaussian,gaussian-ring,60000,0.3,0.3,"[0.0, 0.0, 0.0]","[0.8, 0.0, 0.0]",4,,,False
2026.05.21__180021,37.183135986328125,32.376861572265625,9.981419862015173e-05,37.183135986328125,110.5,0.0,,,,,,-15.794639587402344,1166.0457763671875,0.0,1.0,13.569791793823242,317.5421142578125,31.223953247070312,71.35053253173828,1.0000001111620804e-06,7.289787845365936e-06,4.233975887298584,3.345533609390259,0.790163516998291,1.0,0.18316666781902313,5.997496128082275,6.478886127471924,0.9256986379623413,4.552174091339111,4.776729583740234,0.9529896378517151,inf,inf,,,,inf,,,1.0,4.877882957458496,poincare,5,64,gaussian,gaussian-ring,60000,0.3,0.3,"[0.0, 0.0, 0.0]","[0.8, 0.0, 0.0]",4,,,False
2026.05.21__180023,0.0004272059886716306,0.0004156354407314211,9.677498019300401e-05,0.0004272059886716306,82.5,0.0002404662373010069,0.00043078596354462206,0.00043078596354462206,-1134.366943359375,-1134.366943359375,-1134.36669921875,-1135.049560546875,0.2368604689836502,0.0,1.0,0.45497408509254456,0.9577672481536865,0.1726214587688446,0.7406534552574158,1.0000001111620804e-06,2.7656419661070686e-06,0.44014307856559753,1.7211066484451294,3.910334348678589,0.44200000166893005,0.09166666865348816,0.4867302179336548,0.3897770047187805,1.2487401962280273,0.6991370320320129,0.6627768874168396,1.0548603534698486,1.442572526970967e-26,0.0,0.0,0.0,-1.442572526970967e-26,5.022006199477999e-34,0.0,-5.022006199477999e-34,1.0,0.693880558013916,sphere,5,513,gaussian,gaussian-ring,60000,0.3,0.3,"[0.0, 0.0, 0.0]","[0.8, 0.0, 0.0]",1,,,False
2026.05.21__180034,36.88785934448242,28.19152069091797,9.98756950139068e-05,36.88785934448242,110.0,0.0,,,,,,-15.562000274658203,1101.2537841796875,0.0,1.0,13.289708137512207,306.6105651855469,30.366497039794922,67.71452331542969,1.0000001111620804e-06,3.032017502846429e-06,4.326868057250977,3.3635635375976562,0.7773667573928833,1.0,0.1536666601896286,6.053476333618164,6.483457088470459,0.9336803555488586,4.579509258270264,4.778540134429932,0.9583490490913391,inf,inf,,,,inf,,,1.0,4.893801212310791,poincare,5,64,gaussian,gaussian-ring,60000,0.3,0.3,"[0.0, 0.0, 0.0]","[0.8, 0.0, 0.0]",4,,,False
2026.05.21__180040,37.23843002319336,38.051856994628906,9.981419862015173e-05,37.23843002319336,113.0,0.0,,,,,,-15.667520523071289,1244.173095703125,0.0,1.0,14.008892059326172,321.5703430175781,32.333003997802734,73.4061508178711,1.0000001111620804e-06,6.9560705924232025e-06,4.299692153930664,3.3426880836486816,0.7774249911308289,1.0,0.18416666984558105,6.01963472366333,6.482067584991455,0.9286596775054932,4.5609965324401855,4.777988433837891,0.9545850157737732,inf,inf,,,,inf,,,1.0,4.881812572479248,poincare,5,64,gaussian,gaussian-ring,60000,0.3,0.3,"[0.0, 0.0, 0.0]","[0.8, 0.0, 0.0]",8,,,False
2026.05.21__180047,37.1899299621582,32.59598159790039,9.981419862015173e-05,37.1899299621582,110.5,0.0,,,,,,-15.794113159179688,1163.407470703125,0.0,1.0,13.563305854797363,317.45440673828125,31.188610076904297,71.33255767822266,1.0000001111620804e-06,7.289578661584528e-06,4.234259128570557,3.345567464828491,0.7901187539100647,1.0,0.1836666613817215,5.997442245483398,6.478874206542969,0.9256919622421265,4.552163124084473,4.776731491088867,0.9529869556427002,inf,inf,,,,inf,,,1.0,4.877878189086914,poincare,5,64,gaussian,gaussian-ring,60000,0.3,0.3,"[0.0, 0.0, 0.0]","[0.8, 0.0, 0.0]",8,,,False
2026.05.21__180141,0.000497021246701479,0.0004844632640015334,9.981419862015173e-05,0.000497021246701479,56.0,2.9303133487701416e-05,,,,,,-1019.80126953125,0.18833111226558685,0.0,1.0,0.40159931778907776,1.0708528757095337,0.16431808471679688,0.7194336652755737,1.0000001111620804e-06,2.936722921731416e-06,0.6144796013832092,1.8128035068511963,2.9501442909240723,0.19216667115688324,0.016999999061226845,0.39809277653694153,0.3951246738433838,1.007511854171753,0.6729528307914734,0.6650882959365845,1.0118248462677002,0.0,0.0,0.0,0.0,0.0,7.240015468013971e-31,0.0,-7.240015468013971e-31,1.0,0.6746741533279419,sphere,5,513,gaussian,gaussian-ring,60000,0.3,0.3,"[0.0, 0.0, 0.0]","[0.8, 0.0, 0.0]",1,,,False
2026.05.21__180210,36.95692443847656,28.284988403320312,9.98756950139068e-05,36.95692443847656,110.0,0.0,,,,,,-15.561123847961426,1106.088623046875,0.0,1.0,13.309563636779785,306.38934326171875,30.442644119262695,67.81004333496094,1.0000001111620804e-06,3.0300843718578108e-06,4.327480316162109,3.363616943359375,0.7772691249847412,1.0,0.1536666601896286,6.053436279296875,6.483457088470459,0.933674156665802,4.579507350921631,4.778544902801514,0.9583476781845093,inf,inf,,,,inf,,,1.0,4.893818378448486,poincare,5,64,gaussian,gaussian-ring,60000,0.3,0.3,"[0.0, 0.0, 0.0]","[0.8, 0.0, 0.0]",8,,,False
2026.05.21__180213,12.436774253845215,10.911362648010254,9.98756950139068e-05,12.436774253845215,97.5,0.0,,,,,,-56.56422424316406,1583.1566162109375,0.0,1.0,15.443527221679688,318.3758850097656,36.621036529541016,84.9932861328125,1.0000001111620804e-06,3.8343332562362775e-06,3.3324859142303467,3.67936110496521,1.1040890216827393,0.0,0.0,7.647001266479492,5.385391712188721,1.419952630996704,5.220179080963135,4.253896236419678,1.2271524667739868,inf,inf,,,,inf,,,1.0,4.968900203704834,poincare,5,256,gaussian,gaussian-ring,60000,0.3,0.3,"[0.0, 0.0, 0.0]","[0.8, 0.0, 0.0]",1,,,False
2026.05.21__180225,12.87299919128418,12.52287769317627,9.981419862015173e-05,12.87299919128418,103.0,0.0,,,,,,-56.46858215332031,1557.578369140625,0.0,1.0,15.118961334228516,320.8658447265625,36.36507034301758,82.7080307006836,1.0000001111620804e-06,4.14088708566851e-06,3.3159358501434326,3.6782727241516113,1.1092714071273804,0.0,0.0,7.6572160720825195,5.361813545227051,1.428101897239685,5.223885536193848,4.239528179168701,1.2321856021881104,inf,inf,,,,inf,,,1.0,4.963104248046875,poincare,5,256,gaussian,gaussian-ring,60000,0.3,0.3,"[0.0, 0.0, 0.0]","[0.8, 0.0, 0.0]",1,,,False
2026.05.21__180234,12.684186935424805,13.142523765563965,9.981419862015173e-05,12.684186935424805,106.0,0.0,,,,,,-56.63694381713867,1544.468017578125,0.0,1.0,15.079115867614746,318.93963623046875,36.27029800415039,81.22217559814453,1.0000001111620804e-06,3.914896751666674e-06,3.3590149879455566,3.685137987136841,1.0970889329910278,0.0,0.0,7.655649662017822,5.414383411407471,1.4139467477798462,5.223310470581055,4.2682085037231445,1.2237712144851685,inf,inf,,,,inf,,,1.0,4.976641654968262,poincare,5,256,gaussian,gaussian-ring,60000,0.3,0.3,"[0.0, 0.0, 0.0]","[0.8, 0.0, 0.0]",1,,,False
2026.05.21__180237,15.083362579345703,15.638980865478516,9.98756950139068e-05,15.083362579345703,115.5,0.0,,,,,,-57.61872863769531,1981.77001953125,0.0,1.0,17.191364288330078,333.9716491699219,41.00617599487305,96.47330474853516,1.0000001111620804e-06,6.622564796998631e-06,5.216606616973877,3.8471245765686035,0.7374764680862427,0.0,0.0,7.60923957824707,6.469610214233398,1.1761512756347656,5.206356048583984,4.776419162750244,1.0900124311447144,inf,inf,,,,inf,,,1.0,5.22231912612915,poincare,5,256,gaussian,gaussian-ring,60000,0.3,0.3,"[0.0, 0.0, 0.0]","[0.8, 0.0, 0.0]",4,,,False
2026.05.21__180248,0.0004246207536198199,0.0004231302591506392,9.755525388754904e-05,0.0004246207536198199,77.0,0.00015171988343354315,0.0004299103457015008,0.0004299103457015008,-1149.0250244140625,-1149.0250244140625,-1149.02490234375,-1145.3927001953125,0.23131170868873596,0.0,1.0,0.44751080870628357,0.9486792683601379,0.176031693816185,0.7370845675468445,1.0000001111620804e-06,2.8640615710173734e-06,0.4027617573738098,1.7109984159469604,4.248165130615234,0.4488333463668823,0.11266666650772095,0.471884548664093,0.39779308438301086,1.1862562894821167,0.6967153549194336,0.6664445996284485,1.0454211235046387,3.7355470186480103e-34,0.0,0.0,0.0,-3.7355470186480103e-34,4.2249148699393235e-42,0.0,-4.2249148699393235e-42,1.0,0.6912569403648376,sphere,5,513,gaussian,gaussian-ring,60000,0.3,0.3,"[0.0, 0.0, 0.0]","[0.8, 0.0, 0.0]",1,,,False
2026.05.21__180302,0.00028559015481732786,0.0002808396820910275,9.974040585802868e-05,0.00028559015481732786,50.5,3.952781480620615e-05,,,,,,-1397.19921875,0.19146205484867096,0.0,1.0,0.4260891377925873,1.1600439548492432,0.09918154776096344,0.6061325073242188,1.0000001111620804e-06,2.427903837087797e-06,0.24189245700836182,0.9974854588508606,4.123672962188721,0.42133334279060364,0.44699999690055847,0.04647143930196762,0.09086243808269501,0.511448323726654,0.29309579730033875,0.36642587184906006,0.7998774647712708,0.0,0.0,0.0,0.0,0.0,5.022006199477999e-34,0.0,-5.022006199477999e-34,1.0,0.33511367440223694,sphere,5,513,gaussian,gaussian-ring,60000,0.3,0.3,"[0.0, 0.0, 0.0]","[0.8, 0.0, 0.0]",4,,,False
2026.05.21__180307,0.0002499436668585986,0.0002765331300906837,9.400689305039123e-05,0.0002499436668585986,86.0,9.572505950927734e-05,0.0002535392122808844,0.0002535392122808844,-1543.9310302734375,-1543.9310302734375,-1543.9307861328125,-1532.4931640625,0.20924890041351318,0.0,1.0,0.4499683976173401,0.9281301498413086,0.08211182802915573,0.5770930051803589,1.0000001111620804e-06,2.2951453502173536e-06,0.18143105506896973,0.9345144629478455,5.150796413421631,0.4950000047683716,0.562666654586792,0.09842907637357712,0.09274047613143921,1.0613389015197754,0.377102792263031,0.3684036135673523,1.0236132144927979,0.0,0.0,0.0,0.0,0.0,7.240015468013971e-31,0.0,-7.240015468013971e-31,1.0,0.3733682334423065,sphere,5,513,gaussian,gaussian-ring,60000,0.3,0.3,"[0.0, 0.0, 0.0]","[0.8, 0.0, 0.0]",4,,,False
2026.05.21__180357,15.42004108428955,15.771147727966309,9.981419862015173e-05,15.42004108428955,116.0,0.0,,,,,,-57.644840240478516,1922.0523681640625,0.0,1.0,16.746503829956055,335.6938781738281,40.4296760559082,94.04707336425781,1.0000001111620804e-06,8.571508260502014e-06,5.215028762817383,3.846916437149048,0.7376596927642822,0.0,0.0,7.604300022125244,6.4699320793151855,1.1753292083740234,5.204538822174072,4.7765374183654785,1.0896049737930298,inf,inf,,,,inf,,,1.0,5.2207794189453125,poincare,5,256,gaussian,gaussian-ring,60000,0.3,0.3,"[0.0, 0.0, 0.0]","[0.8, 0.0, 0.0]",4,,,False
2026.05.21__180420,0.0002837225911207497,0.00029573432402685285,9.969891107175499e-05,0.0002837225911207497,53.5,7.168203592300415e-05,,,,,,-1399.42822265625,0.1964704543352127,0.0,1.0,0.4303605854511261,1.2844716310501099,0.10564523190259933,0.61533522605896,1.0000001111620804e-06,2.4113928702718113e-06,0.24211785197257996,0.9933407306671143,4.102715969085693,0.4256666600704193,0.4483333230018616,0.04645759239792824,0.09144606441259384,0.5080326795578003,0.2930831015110016,0.3660074770450592,0.8007570505142212,0.0,0.0,0.0,0.0,0.0,4.2249148699393235e-42,0.0,-4.2249148699393235e-42,1.0,0.3349972367286682,sphere,5,513,gaussian,gaussian-ring,60000,0.3,0.3,"[0.0, 0.0, 0.0]","[0.8, 0.0, 0.0]",4,,,False
2026.05.21__180447,15.460647583007812,11.881141662597656,9.974040585802868e-05,15.460647583007812,116.0,0.0,,,,,,-57.65441131591797,1885.6973876953125,0.0,1.0,16.532827377319336,336.28863525390625,40.117286682128906,91.83924102783203,1.0000001111620804e-06,9.53190556174377e-06,5.212364196777344,3.8430967330932617,0.7373039722442627,0.0,0.0,7.59646463394165,6.468765735626221,1.1743298768997192,5.201639175415039,4.776063442230225,1.0891059637069702,inf,inf,,,,inf,,,1.0,5.218489646911621,poincare,5,256,gaussian,gaussian-ring,60000,0.3,0.3,"[0.0, 0.0, 0.0]","[0.8, 0.0, 0.0]",4,,,False
2026.05.21__180450,0.00028540060156956315,0.00028048851527273655,9.974040585802868e-05,0.00028540060156956315,50.5,4.0565926610725e-05,,,,,,-1397.32421875,0.19157811999320984,0.0,1.0,0.42618680000305176,1.1671279668807983,0.09933861345052719,0.6056388020515442,1.0000001111620804e-06,2.4275527721329127e-06,0.24177499115467072,0.9972656965255737,4.124767780303955,0.42399999499320984,0.4508333206176758,0.046426720917224884,0.09087725728750229,0.5108728408813477,0.29296043515205383,0.36641743779182434,0.7995264530181885,0.0,0.0,0.0,0.0,0.0,5.022006199477999e-34,0.0,-5.022006199477999e-34,1.0,0.3350406587123871,sphere,5,513,gaussian,gaussian-ring,60000,0.3,0.3,"[0.0, 0.0, 0.0]","[0.8, 0.0, 0.0]",8,,,False
2026.05.21__180500,15.067994117736816,15.438765525817871,9.98756950139068e-05,15.067994117736816,116.0,0.0,,,,,,-57.62344741821289,1953.3682861328125,0.0,1.0,17.089046478271484,334.039306640625,40.69820785522461,95.78511810302734,1.0000001111620804e-06,6.684129857603693e-06,5.216612815856934,3.8471462726593018,0.7374796271324158,0.0,0.0,7.609350204467773,6.469609260559082,1.176168441772461,5.206386566162109,4.776418209075928,1.0900189876556396,inf,inf,,,,inf,,,1.0,5.222321033477783,poincare,5,256,gaussian,gaussian-ring,60000,0.3,0.3,"[0.0, 0.0, 0.0]","[0.8, 0.0, 0.0]",8,,,False
2026.05.21__180508,15.389470100402832,15.95095443725586,9.981419862015173e-05,15.389470100402832,116.5,0.0,,,,,,-57.647613525390625,1933.1748046875,0.0,1.0,16.784393310546875,335.7975769042969,40.55503463745117,94.32852935791016,1.0000001111620804e-06,8.594361133873463e-06,5.214975357055664,3.8468704223632812,0.7376583814620972,0.0,0.0,7.6040754318237305,6.469954490661621,1.1752903461456299,5.204464435577393,4.776540279388428,1.0895887613296509,inf,inf,,,,inf,,,1.0,5.220728397369385,poincare,5,256,gaussian,gaussian-ring,60000,0.3,0.3,"[0.0, 0.0, 0.0]","[0.8, 0.0, 0.0]",8,,,False
2026.05.21__180512,15.436527252197266,11.752796173095703,9.974040585802868e-05,15.436527252197266,115.5,0.0,,,,,,-57.65525436401367,1884.49267578125,0.0,1.0,16.52419090270996,336.2914123535156,40.10194778442383,91.72377014160156,1.0000001111620804e-06,9.514995326753706e-06,5.212507724761963,3.843219518661499,0.7373071908950806,0.0,0.0,7.596979141235352,6.468764305114746,1.1744096279144287,5.2018303871154785,4.776065349578857,1.089145541191101,inf,inf,,,,inf,,,1.0,5.218625545501709,poincare,5,256,gaussian,gaussian-ring,60000,0.3,0.3,"[0.0, 0.0, 0.0]","[0.8, 0.0, 0.0]",8,,,False
2026.05.21__180613,0.00024993173428811133,0.00027639331528916955,9.400689305039123e-05,0.00024993173428811133,86.0,8.4933519246988e-05,0.0002535142411943525,0.0002535142411943525,-1543.997802734375,-1543.997802734375,-1543.9976806640625,-1531.0606689453125,0.20933370292186737,0.0,1.0,0.4500651955604553,0.932260274887085,0.08209319412708282,0.5763244032859802,1.0000001111620804e-06,2.294572595928912e-06,0.18178963661193848,0.9347966909408569,5.142189025878906,0.4973333477973938,0.5640000104904175,0.09860973060131073,0.09267516434192657,1.064036250114441,0.377488374710083,0.3682817816734314,1.024998664855957,0.0,0.0,0.0,0.0,0.0,7.240015468013971e-31,0.0,-7.240015468013971e-31,1.0,0.3735623359680176,sphere,5,513,gaussian,gaussian-ring,60000,0.3,0.3,"[0.0, 0.0, 0.0]","[0.8, 0.0, 0.0]",8,,,False
2026.05.21__180630,6.258091926574707,5.567167282104492,9.99248877633363e-05,6.258091926574707,100.0,0.0,,,,,,-113.99290466308594,1631.6793212890625,0.0,1.0,15.33753776550293,321.984375,37.3382453918457,83.37922668457031,1.0000001111620804e-06,4.012748831883073e-06,3.345496416091919,3.729060173034668,1.1146507263183594,0.0,0.0,7.684551239013672,5.432884693145752,1.4144513607025146,5.234241485595703,4.276642322540283,1.2239137887954712,inf,inf,,,,inf,,,1.0,4.987399578094482,poincare,5,512,gaussian,gaussian-ring,60000,0.3,0.3,"[0.0, 0.0, 0.0]","[0.8, 0.0, 0.0]",1,,,False
2026.05.21__180636,0.0002836117928382009,0.0002958225959446281,9.969891107175499e-05,0.0002836117928382009,53.0,7.077803456922993e-05,,,,,,-1399.7669677734375,0.19648520648479462,0.0,1.0,0.4303716719150543,1.2800637483596802,0.1056845486164093,0.6143419742584229,1.0000001111620804e-06,2.4113319341267925e-06,0.2417687028646469,0.9924204349517822,4.10483455657959,0.42649999260902405,0.4468333423137665,0.04640989750623703,0.09131285548210144,0.5082515478134155,0.2929326891899109,0.3657098710536957,0.8009974956512451,0.0,0.0,0.0,0.0,0.0,4.2249148699393235e-42,0.0,-4.2249148699393235e-42,1.0,0.3347317576408386,sphere,5,513,gaussian,gaussian-ring,60000,0.3,0.3,"[0.0, 0.0, 0.0]","[0.8, 0.0, 0.0]",8,,,False
2026.05.21__180718,0.07958065718412399,0.07434143126010895,9.98756950139068e-05,0.07958065718412399,47.0,1.389533281326294e-06,,,,,,-0.019498540088534355,0.05334773659706116,0.0,1.0,0.22201120853424072,0.3512625992298126,0.06362346559762955,0.3146968483924866,1.0000001111620804e-06,5.426950792752905e-06,0.18443578481674194,0.025440014898777008,0.13793426752090454,0.5166666507720947,0.4908333420753479,0.1503114253282547,0.1457701027393341,1.0311540365219116,0.4219759404659271,0.4158041179180145,1.0148431062698364,0.6155222654342651,0.6178693771362305,0.04563041776418686,0.04660096392035484,0.002347111701965332,0.7459798455238342,0.04477667063474655,-0.12811040878295898,1.0,0.4213659167289734,sphere,10,3,gaussian,gaussian-ring,60000,0.3,0.3,"[0.0, 0.0, 0.0]","[0.8, 0.0, 0.0]",1,,,False
2026.05.21__180726,6.335844993591309,6.420347213745117,9.99248877633363e-05,6.335844993591309,99.0,0.0,,,,,,-113.83750915527344,1597.184326171875,0.0,1.0,15.117972373962402,323.6683654785156,36.90903091430664,83.34807586669922,1.0000001111620804e-06,4.148830157646444e-06,3.3703713417053223,3.7214598655700684,1.1041691303253174,0.0,0.0,7.685187339782715,5.39958381652832,1.4232925176620483,5.234483242034912,4.2598676681518555,1.2287901639938354,inf,inf,,,,inf,,,1.0,4.978868007659912,poincare,5,512,gaussian,gaussian-ring,60000,0.3,0.3,"[0.0, 0.0, 0.0]","[0.8, 0.0, 0.0]",1,,,False
2026.05.21__180734,6.220236301422119,6.364010810852051,9.960671741282567e-05,6.220236301422119,99.0,0.0,,,,,,-114.00362396240234,1579.563720703125,0.0,1.0,14.931986808776855,326.5504455566406,36.761512756347656,81.43443298339844,1.0000001111620804e-06,3.980112978752004e-06,3.3942437171936035,3.737578868865967,1.1011520624160767,0.0,0.0,7.694232940673828,5.471437454223633,1.4062544107437134,5.237759113311768,4.297171115875244,1.2188854217529297,inf,inf,,,,inf,,,1.0,4.999985218048096,poincare,5,512,gaussian,gaussian-ring,60000,0.3,0.3,"[0.0, 0.0, 0.0]","[0.8, 0.0, 0.0]",1,,,False
2026.05.21__180735,0.07920724153518677,0.07774560153484344,9.98756950139068e-05,0.07920724153518677,47.5,1.430511474609375e-06,,,,,,-0.04054276645183563,0.05338801443576813,0.0,1.0,0.22167550027370453,0.36077556014060974,0.06509029120206833,0.3179229199886322,1.0000001111620804e-06,5.515945304068737e-06,0.17650538682937622,0.026501063257455826,0.1501430869102478,0.5076666474342346,0.4566666781902313,0.14889296889305115,0.13969609141349792,1.065834879875183,0.42008402943611145,0.40839871764183044,1.028612494468689,0.6172311305999756,0.616385281085968,0.046908486634492874,0.04621284827589989,-0.0008458495140075684,0.7451066374778748,0.04542659595608711,-0.12872129678726196,1.0,0.4147871136665344,sphere,10,3,gaussian,gaussian-ring,60000,0.3,0.3,"[0.0, 0.0, 0.0]","[0.8, 0.0, 0.0]",1,,,False
2026.05.21__180750,7.599839210510254,6.447479248046875,9.99248877633363e-05,7.599839210510254,114.0,0.0,,,,,,-114.6884994506836,2050.264892578125,0.0,1.0,17.262340545654297,338.4202575683594,41.826133728027344,96.86766815185547,1.0000001111620804e-06,5.5501996030216105e-06,5.229346752166748,3.894371509552002,0.7447147369384766,0.0,0.0,7.662105560302734,6.467828750610352,1.1846487522125244,5.2261152267456055,4.7761759757995605,1.0942049026489258,inf,inf,,,,inf,,,1.0,5.2322211265563965,poincare,5,512,gaussian,gaussian-ring,60000,0.3,0.3,"[0.0, 0.0, 0.0]","[0.8, 0.0, 0.0]",4,,,False
2026.05.21__180805,0.07972317934036255,0.08116979897022247,9.98756950139068e-05,0.07972317934036255,45.5,1.5224019307424896e-06,,,,,,-0.02627411112189293,0.053967125713825226,0.0,1.0,0.22322562336921692,0.35390469431877136,0.06424027681350708,0.3169444501399994,1.0000001111620804e-06,5.393079845816828e-06,0.18110424280166626,0.025688588619232178,0.14184421300888062,0.5223333239555359,0.4963333308696747,0.1451685130596161,0.1448221653699875,1.0023915767669678,0.41687721014022827,0.4136601984500885,1.0077768564224243,0.6186284422874451,0.6189180612564087,0.0447140596807003,0.046760331839323044,0.00028961896896362305,0.7482395768165588,0.04451986774802208,-0.12932151556015015,1.0,0.4170093536376953,sphere,10,3,gaussian,gaussian-ring,60000,0.3,0.3,"[0.0, 0.0, 0.0]","[0.8, 0.0, 0.0]",1,,,False
2026.05.21__180821,0.06875146180391312,0.06729522347450256,9.938564471667632e-05,0.06875146180391312,54.5,1.3758739214608795e-06,0.06832674890756607,0.06832674890756607,-0.3820008635520935,-0.3820008635520935,-0.3820008635520935,-0.3707842528820038,0.08620211482048035,0.0,1.0,0.27920636534690857,0.4866904318332672,0.0906880795955658,0.4288129508495331,1.0000001111620804e-06,4.362405434221728e-06,0.1632279008626938,0.02533537521958351,0.15521472692489624,0.5394999980926514,0.4791666567325592,0.09691959619522095,0.09011285752058029,1.075535774230957,0.35497990250587463,0.3417126536369324,1.0388257503509521,0.6196986436843872,0.6233299374580383,0.03982015699148178,0.03869885951280594,0.0036312935408204794,0.7459798455238342,0.04477667063474655,-0.12264984846115112,1.0,0.3497380018234253,sphere,10,3,gaussian,gaussian-ring,60000,0.3,0.3,"[0.0, 0.0, 0.0]","[0.8, 0.0, 0.0]",4,,,False
2026.05.21__180842,0.06853737682104111,0.06909896433353424,9.98756950139068e-05,0.06853737682104111,56.0,1.4652808886239654e-06,,,,,,-0.3384132385253906,0.0849165990948677,0.0,1.0,0.27637234330177307,0.48694339394569397,0.0923374742269516,0.4240698516368866,1.0000001111620804e-06,4.581765097100288e-06,0.1634272336959839,0.024824989959597588,0.15190240740776062,0.5351666808128357,0.49416667222976685,0.09715265035629272,0.08951389789581299,1.0853359699249268,0.3548608124256134,0.34177595376968384,1.0382847785949707,0.6189787983894348,0.6204116940498352,0.040805719792842865,0.03939399495720863,0.0014328956604003906,0.7451066374778748,0.04542659595608711,-0.12469488382339478,1.0,0.34880197048187256,sphere,10,3,gaussian,gaussian-ring,60000,0.3,0.3,"[0.0, 0.0, 0.0]","[0.8, 0.0, 0.0]",4,,,False
2026.05.21__180914,0.06883097440004349,0.06423589587211609,9.974040585802868e-05,0.06883097440004349,55.0,1.112619997911679e-06,,,,,,-0.37353652715682983,0.08643575012683868,0.0,1.0,0.2794785499572754,0.4761035144329071,0.09115921705961227,0.425324410200119,1.0000001111620804e-06,4.404426817927742e-06,0.15887734293937683,0.02712562121450901,0.17073309421539307,0.5270000100135803,0.49183332920074463,0.09583908319473267,0.08948227763175964,1.0710397958755493,0.35239842534065247,0.3413965106010437,1.0322262048721313,0.6195422410964966,0.6186965703964233,0.03944488242268562,0.039477817714214325,-0.0008456707000732422,0.7482395768165588,0.04451986774802208,-0.1295430064201355,1.0,0.3485381603240967,sphere,10,3,gaussian,gaussian-ring,60000,0.3,0.3,"[0.0, 0.0, 0.0]","[0.8, 0.0, 0.0]",4,,,False
2026.05.21__180941,0.06874958425760269,0.06729435175657272,9.938564471667632e-05,0.06874958425760269,54.5,1.3560056686401367e-06,0.06832768023014069,0.06832768023014069,-0.38199296593666077,-0.38199296593666077,-0.38199296593666077,-0.37079963088035583,0.08620163053274155,0.0,1.0,0.2792052626609802,0.48671528697013855,0.09068894386291504,0.42886844277381897,1.0000001111620804e-06,4.3641766751534306e-06,0.16323411464691162,0.025332020595669746,0.15518827736377716,0.5361666679382324,0.4801666736602783,0.0969148576259613,0.09010465443134308,1.0755810737609863,0.35497593879699707,0.34169670939445496,1.038862705230713,0.6196901202201843,0.6233355402946472,0.039824578911066055,0.038695622235536575,0.0036454200744628906,0.7459798455238342,0.04477667063474655,-0.12264424562454224,1.0,0.3497268557548523,sphere,10,3,gaussian,gaussian-ring,60000,0.3,0.3,"[0.0, 0.0, 0.0]","[0.8, 0.0, 0.0]",8,,,False
2026.05.21__180946,0.06853865832090378,0.0691232979297638,9.98756950139068e-05,0.06853865832090378,56.0,1.50377547925018e-06,,,,,,-0.3382693827152252,0.08492204546928406,0.0,1.0,0.27638381719589233,0.48694658279418945,0.0923326313495636,0.4240648150444031,1.0000001111620804e-06,4.590449862007517e-06,0.16343533992767334,0.024797337129712105,0.1517256796360016,0.5379999876022339,0.49416667222976685,0.09715039283037186,0.08952192962169647,1.085213303565979,0.3548594117164612,0.34179234504699707,1.0382308959960938,0.6189737319946289,0.6204147338867188,0.04080469161272049,0.039394475519657135,0.0014410018920898438,0.7451066374778748,0.04542659595608711,-0.12469184398651123,1.0,0.3488045930862427,sphere,10,3,gaussian,gaussian-ring,60000,0.3,0.3,"[0.0, 0.0, 0.0]","[0.8, 0.0, 0.0]",8,,,False
2026.05.21__180947,0.06882938742637634,0.06423568725585938,9.974040585802868e-05,0.06882938742637634,55.0,1.1175870895385742e-06,,,,,,-0.3735295534133911,0.0864376351237297,0.0,1.0,0.27948322892189026,0.4760686755180359,0.09115524590015411,0.425315797328949,1.0000001111620804e-06,4.405017534736544e-06,0.15890519320964813,0.02710699662566185,0.1705859750509262,0.5221666693687439,0.48633334040641785,0.09584062546491623,0.08947686851024628,1.0711218118667603,0.3523982763290405,0.341390460729599,1.032244086265564,0.6195328235626221,0.6186864972114563,0.039443884044885635,0.03947993740439415,-0.0008463263511657715,0.7482395768165588,0.04451986774802208,-0.12955307960510254,1.0,0.3485378324985504,sphere,10,3,gaussian,gaussian-ring,60000,0.3,0.3,"[0.0, 0.0, 0.0]","[0.8, 0.0, 0.0]",8,,,False
2026.05.21__181006,7.656181812286377,7.250149250030518,9.960671741282567e-05,7.656181812286377,103.5,0.0,,,,,,-114.87484741210938,1911.725830078125,0.0,1.0,16.321779251098633,343.1882629394531,40.54092788696289,91.54815673828125,1.0000001111620804e-06,1.0823945558513515e-05,5.224061965942383,3.8855865001678467,0.7437865138053894,0.0,0.0,7.636991024017334,6.466766834259033,1.180959701538086,5.2169413566589355,4.775760173797607,1.0923792123794556,inf,inf,,,,inf,,,1.0,5.226958751678467,poincare,5,512,gaussian,gaussian-ring,60000,0.3,0.3,"[0.0, 0.0, 0.0]","[0.8, 0.0, 0.0]",4,,,False
2026.05.21__181024,0.059105802327394485,0.06243320181965828,9.925681661115959e-05,0.059105802327394485,44.0,9.114543786381546e-07,0.059971749782562256,0.059971749782562256,-1.284523367881775,-1.284523367881775,-1.2845232486724854,-1.3076632022857666,0.04048825800418854,0.0,1.0,0.1867716908454895,0.3346821963787079,0.0747884064912796,0.303318053483963,1.0000001111620804e-06,7.272700258909026e-06,0.1947374939918518,0.09275881946086884,0.47632747888565063,0.4868333339691162,0.47333332896232605,0.14791008830070496,0.14334139227867126,1.0318728685379028,0.4227362871170044,0.4131735861301422,1.0231444835662842,0.41874152421951294,0.42279767990112305,0.04485325515270233,0.04279822111129761,0.004056155681610107,0.4583214819431305,0.0714024156332016,-0.035523802042007446,1.0,0.4169292747974396,sphere,10,4,gaussian,gaussian-ring,60000,0.3,0.3,"[0.0, 0.0, 0.0]","[0.8, 0.0, 0.0]",1,,,False
2026.05.21__181025,0.059628430753946304,0.059047967195510864,9.960671741282567e-05,0.059628430753946304,49.5,1.137455342359317e-06,,,,,,-1.2782765626907349,0.03861219063401222,0.0,1.0,0.18083475530147552,0.3417673408985138,0.0767989382147789,0.30427154898643494,1.0000001111620804e-06,7.631341759406496e-06,0.19976890087127686,0.09255187213420868,0.4632946848869324,0.49916666746139526,0.4726666808128357,0.15174996852874756,0.14463047683238983,1.0492254495620728,0.42646169662475586,0.41490674018859863,1.027849555015564,0.4294624924659729,0.4243183732032776,0.04632437974214554,0.042581707239151,-0.0051441490650177,0.4688051640987396,0.07333838194608688,-0.044486820697784424,1.0,0.4187847375869751,sphere,10,4,gaussian,gaussian-ring,60000,0.3,0.3,"[0.0, 0.0, 0.0]","[0.8, 0.0, 0.0]",1,,,False
2026.05.21__181051,0.05918627232313156,0.061271555721759796,9.974040585802868e-05,0.05918627232313156,49.0,1.096477149076236e-06,,,,,,-1.269097924232483,0.04127776622772217,0.0,1.0,0.18713819980621338,0.3522765040397644,0.07901053130626678,0.3140107989311218,1.0000001111620804e-06,7.260508937179111e-06,0.2035500854253769,0.09509263187646866,0.46717068552970886,0.5106666684150696,0.4808333218097687,0.1440889686346054,0.14068475365638733,1.0241974592208862,0.4184417724609375,0.4113551080226898,1.0172276496887207,0.42605534195899963,0.4191642999649048,0.044657979160547256,0.04396766051650047,-0.006891041994094849,0.46801984310150146,0.07315079867839813,-0.04885554686188698,1.0,0.4172189235687256,sphere,10,4,gaussian,gaussian-ring,60000,0.3,0.3,"[0.0, 0.0, 0.0]","[0.8, 0.0, 0.0]",1,,,False
2026.05.21__181057,0.05139048397541046,0.04731746017932892,9.925681661115959e-05,0.05139048397541046,55.0,5.550682544708252e-07,0.052168771624565125,0.052168771624565125,-1.8480192422866821,-1.8480192422866821,-1.8480192422866821,-1.8882193565368652,0.06945785880088806,0.0,1.0,0.24938486516475677,0.43703898787498474,0.0851077064871788,0.39350858330726624,1.0000001111620804e-06,4.7915841605572496e-06,0.17146559059619904,0.0780201405286789,0.4550192356109619,0.492333322763443,0.4533333480358124,0.09619750082492828,0.0884552001953125,1.087527871131897,0.3588261306285858,0.3400712311267853,1.0551499128341675,0.4193955957889557,0.42487332224845886,0.03951811045408249,0.03645893931388855,0.005477726459503174,0.4583214819431305,0.0714024156332016,-0.03344815969467163,1.0,0.3505074977874756,sphere,10,4,gaussian,gaussian-ring,60000,0.3,0.3,"[0.0, 0.0, 0.0]","[0.8, 0.0, 0.0]",4,,,False
2026.05.21__181101,0.05227508395910263,0.0509994737803936,9.974040585802868e-05,0.05227508395910263,56.0,8.593003144596878e-07,,,,,,-1.732127070426941,0.06939228624105453,0.0,1.0,0.2446383237838745,0.43877196311950684,0.09761359542608261,0.40051403641700745,1.0000001111620804e-06,5.387867076933617e-06,0.17796415090560913,0.08347591757774353,0.4690603017807007,0.5376666784286499,0.4793333411216736,0.09714695066213608,0.0905279740691185,1.0731152296066284,0.3593275249004364,0.3445005416870117,1.043039083480835,0.4292595088481903,0.4227503538131714,0.04153120517730713,0.036774542182683945,-0.006509155500680208,0.4688051640987396,0.07333838194608688,-0.04605481028556824,1.0,0.3503108620643616,sphere,10,4,gaussian,gaussian-ring,60000,0.3,0.3,"[0.0, 0.0, 0.0]","[0.8, 0.0, 0.0]",4,,,False
2026.05.21__181102,7.561343193054199,6.413348197937012,9.99248877633363e-05,7.561343193054199,116.0,0.0,,,,,,-114.68743896484375,2068.751953125,0.0,1.0,17.323043823242188,338.3927307128906,42.01762008666992,97.28489685058594,1.0000001111620804e-06,5.545633030124009e-06,5.229341983795166,3.8943395614624023,0.744709312915802,0.0,0.0,7.661966323852539,6.467828273773193,1.1846272945404053,5.226054668426514,4.776171684265137,1.0941932201385498,inf,inf,,,,inf,,,1.0,5.232200622558594,poincare,5,512,gaussian,gaussian-ring,60000,0.3,0.3,"[0.0, 0.0, 0.0]","[0.8, 0.0, 0.0]",8,,,False
2026.05.21__181116,7.664257526397705,7.773650646209717,9.98756950139068e-05,7.664257526397705,115.0,0.0,,,,,,-114.9034652709961,1936.8189697265625,0.0,1.0,16.618148803710938,340.5576171875,40.6876335144043,93.59297943115234,1.0000001111620804e-06,8.389431059185881e-06,5.229281902313232,3.892183303833008,0.7443054914474487,0.0,0.0,7.661783695220947,6.468954563140869,1.1843929290771484,5.225993633270264,4.776606559753418,1.0940808057785034,inf,inf,,,,inf,,,1.0,5.232142925262451,poincare,5,512,gaussian,gaussian-ring,60000,0.3,0.3,"[0.0, 0.0, 0.0]","[0.8, 0.0, 0.0]",8,,,False
2026.05.21__181134,0.05194412171840668,0.05298709124326706,9.981419862015173e-05,0.05194412171840668,54.5,9.561578053762787e-07,,,,,,-1.7839887142181396,0.07163593918085098,0.0,1.0,0.24861985445022583,0.44108667969703674,0.09902221709489822,0.4023338556289673,1.0000001111620804e-06,5.407815933722304e-06,0.17809931933879852,0.08287786692380905,0.4653463065624237,0.5306666493415833,0.4676666557788849,0.09367549419403076,0.08772832155227661,1.0677907466888428,0.35324183106422424,0.3403565287590027,1.0378581285476685,0.427107572555542,0.41828906536102295,0.03997095674276352,0.03603333979845047,-0.008818507194519043,0.46801984310150146,0.07315079867839813,-0.049730777740478516,1.0,0.3486391305923462,sphere,10,4,gaussian,gaussian-ring,60000,0.3,0.3,"[0.0, 0.0, 0.0]","[0.8, 0.0, 0.0]",4,,,False
2026.05.21__181144,0.05139045789837837,0.04730100929737091,9.925681661115959e-05,0.05139045789837837,54.0,6.332993507385254e-07,0.052165400236845016,0.052165400236845016,-1.848321557044983,-1.848321557044983,-1.8483214378356934,-1.8882527351379395,0.06945542246103287,0.0,1.0,0.24938398599624634,0.43702974915504456,0.08509611338376999,0.3934907913208008,1.0000001111620804e-06,4.790647835761774e-06,0.1714666485786438,0.07800637930631638,0.454936146736145,0.4909999966621399,0.45366665720939636,0.09620391577482224,0.08844941854476929,1.0876715183258057,0.35883596539497375,0.3400682806968689,1.0551879405975342,0.41939330101013184,0.4248815178871155,0.03951522707939148,0.03646230697631836,0.005488216876983643,0.4583214819431305,0.0714024156332016,-0.033439964056015015,1.0,0.3505153954029083,sphere,10,4,gaussian,gaussian-ring,60000,0.3,0.3,"[0.0, 0.0, 0.0]","[0.8, 0.0, 0.0]",8,,,False
2026.05.21__181147,7.635502815246582,7.101390838623047,9.960671741282567e-05,7.635502815246582,100.5,0.0,,,,,,-114.85863494873047,1926.0670166015625,0.0,1.0,16.365026473999023,343.237060546875,40.6917724609375,92.12894439697266,1.0000001111620804e-06,1.0671912605175748e-05,5.223952293395996,3.8854644298553467,0.7437787055969238,0.0,0.0,7.636564254760742,6.466766834259033,1.1808936595916748,5.216769695281982,4.775765419006348,1.0923421382904053,inf,inf,,,,inf,,,1.0,5.226894378662109,poincare,5,512,gaussian,gaussian-ring,60000,0.3,0.3,"[0.0, 0.0, 0.0]","[0.8, 0.0, 0.0]",8,,,False
2026.05.21__181200,0.05227501690387726,0.05100831389427185,9.974040585802868e-05,0.05227501690387726,56.0,8.940696716308594e-07,,,,,,-1.732134222984314,0.0693948045372963,0.0,1.0,0.24464651942253113,0.43877461552619934,0.0976061001420021,0.4005175828933716,1.0000001111620804e-06,5.38717631570762e-06,0.17796549201011658,0.0834808275103569,0.46908435225486755,0.5363333225250244,0.4779999852180481,0.09714175760746002,0.09052544087171555,1.0730878114700317,0.3593220114707947,0.3444981276988983,1.0430305004119873,0.4292586147785187,0.4227484464645386,0.04153123125433922,0.03677540645003319,-0.006510167848318815,0.4688051640987396,0.07333838194608688,-0.04605671763420105,1.0,0.3503093719482422,sphere,10,4,gaussian,gaussian-ring,60000,0.3,0.3,"[0.0, 0.0, 0.0]","[0.8, 0.0, 0.0]",8,,,False
2026.05.21__181210,0.051944389939308167,0.05298524349927902,9.981419862015173e-05,0.051944389939308167,54.0,9.064872870112595e-07,,,,,,-1.784136414527893,0.07164004445075989,0.0,1.0,0.24862581491470337,0.44110873341560364,0.09902798384428024,0.40234360098838806,1.0000001111620804e-06,5.410421636042884e-06,0.1780931055545807,0.08290276676416397,0.46550241112709045,0.5266666412353516,0.46283334493637085,0.09367822110652924,0.08772990107536316,1.0678026676177979,0.3532414436340332,0.3403574824333191,1.0378543138504028,0.42710405588150024,0.41829344630241394,0.03996885567903519,0.036030467599630356,-0.008810579776763916,0.46801984310150146,0.07315079867839813,-0.049726393073797226,1.0,0.348636269569397,sphere,10,4,gaussian,gaussian-ring,60000,0.3,0.3,"[0.0, 0.0, 0.0]","[0.8, 0.0, 0.0]",8,,,False
2026.05.21__181216,0.0077094403095543385,0.0074381292797625065,9.911583038046956e-05,0.0077094403095543385,56.0,7.989506229932886e-06,0.007870889268815517,0.007870889268815517,-16.198627471923828,-16.198627471923828,-16.198627471923828,-16.151142120361328,0.11764174699783325,0.0,1.0,0.32940536737442017,0.5884573459625244,0.09538794308900833,0.477721244096756,1.0000001111620804e-06,3.4928987133753253e-06,0.2244287133216858,0.7248237133026123,3.2296390533447266,0.48116666078567505,0.48116666078567505,0.13151590526103973,0.14302150905132294,0.919553279876709,0.4107380509376526,0.4149240255355835,0.9899114370346069,0.005973980762064457,0.0035149783361703157,0.0008772703586146235,7.002044003456831e-05,-0.002459001960232854,0.005018879659473896,0.002291138283908367,-0.0015039013233035803,1.0,0.41315868496894836,sphere,10,17,gaussian,gaussian-ring,60000,0.3,0.3,"[0.0, 0.0, 0.0]","[0.8, 0.0, 0.0]",1,,,False
2026.05.21__181243,0.007805806118994951,0.007583816070109606,9.938564471667632e-05,0.007805806118994951,56.0,2.898275852203369e-06,0.007745981682091951,0.007745981682091951,-16.839248657226562,-16.839248657226562,-16.83924674987793,-16.850826263427734,0.11829095333814621,0.0,1.0,0.32964178919792175,0.5679270625114441,0.09794332087039948,0.4879071116447449,1.0000001111620804e-06,3.488662287054467e-06,0.22320593893527985,0.7306087017059326,3.273249626159668,0.4763333201408386,0.4751666784286499,0.13043396174907684,0.1460096389055252,0.8933243155479431,0.41009166836738586,0.41584908962249756,0.9861550331115723,0.005483467597514391,0.003491625189781189,0.0007147475844249129,8.363002416444942e-05,-0.001991842407733202,0.0041500357910990715,0.0014652900863438845,-0.0006584106013178825,1.0,0.4138825535774231,sphere,10,17,gaussian,gaussian-ring,60000,0.3,0.3,"[0.0, 0.0, 0.0]","[0.8, 0.0, 0.0]",1,,,False
2026.05.21__181304,0.007337762508541346,0.006787028629332781,9.541044710204005e-05,0.007337762508541346,55.5,5.473693363455823e-06,0.007721312809735537,0.007721312809735537,-14.59882926940918,-14.59882926940918,-16.375642776489258,-16.439016342163086,0.11780185252428055,0.0,1.0,0.32970482110977173,0.5746687650680542,0.09522949904203415,0.4792819321155548,1.0000001111620804e-06,3.4812549074558774e-06,0.22293038666248322,0.7297024130821228,3.2732295989990234,0.484333336353302,0.4778333306312561,0.13393791019916534,0.14207880198955536,0.9427015781402588,0.4137723743915558,0.4136037230491638,1.0004078149795532,0.005399902351200581,0.003389677731320262,0.0006397882243618369,8.141440048348159e-05,-0.0020102246198803186,0.0047045135870575905,0.0018344743875786662,-0.0013148358557373285,1.0,0.4148212969303131,sphere,10,17,gaussian,gaussian-ring,60000,0.3,0.3,"[0.0, 0.0, 0.0]","[0.8, 0.0, 0.0]",1,,,False
2026.05.21__181310,0.006955742835998535,0.007048357743769884,9.925681661115959e-05,0.006955742835998535,56.0,2.436339855194092e-06,0.007017979864031076,0.007017979864031076,-19.370906829833984,-19.370906829833984,-19.370906829833984,-19.138755798339844,0.13332337141036987,0.0,1.0,0.35398849844932556,0.5849900841712952,0.08941188454627991,0.4981650114059448,1.0000001111620804e-06,3.0556066121789627e-06,0.19776543974876404,0.6350798606872559,3.2112784385681152,0.49566665291786194,0.5053333044052124,0.0876728743314743,0.09105852991342545,0.9628189206123352,0.3499622941017151,0.3489353060722351,1.0029431581497192,0.0053696478717029095,0.0032411760184913874,0.0006261543603613973,6.498047878267244e-05,-0.002128471853211522,0.005018879659473896,0.002291138283908367,-0.0017777036409825087,1.0,0.3514280617237091,sphere,10,17,gaussian,gaussian-ring,60000,0.3,0.3,"[0.0, 0.0, 0.0]","[0.8, 0.0, 0.0]",4,,,False
2026.05.21__181319,0.0069975825026631355,0.006815464701503515,9.938564471667632e-05,0.0069975825026631355,55.5,1.7931064348886139e-06,0.006909856107085943,0.006909856107085943,-19.360698699951172,-19.360698699951172,-19.360698699951172,-19.095190048217773,0.13374722003936768,0.0,1.0,0.35507938265800476,0.5607367157936096,0.08739401400089264,0.4924403429031372,1.0000001111620804e-06,3.031700316569186e-06,0.20015119016170502,0.6419181823730469,3.2071666717529297,0.5,0.5019999742507935,0.08788115531206131,0.09120752662420273,0.963529646396637,0.35152310132980347,0.3488086462020874,1.0077821016311646,0.005253718700259924,0.0031415317207574844,0.000736995367333293,7.199051469797269e-05,-0.002112187212333083,0.0041500357910990715,0.0014652900863438845,-0.0010085043031722307,1.0,0.3521083891391754,sphere,10,17,gaussian,gaussian-ring,60000,0.3,0.3,"[0.0, 0.0, 0.0]","[0.8, 0.0, 0.0]",4,,,False
2026.05.21__181341,0.006959771737456322,0.0065884641371667385,9.925681661115959e-05,0.006959771737456322,56.0,1.6478201132485992e-06,0.006973937153816223,0.006973937153816223,-19.16226577758789,-19.16226577758789,-19.162263870239258,-19.205814361572266,0.1334313452243805,0.0,1.0,0.35450688004493713,0.5609179139137268,0.08798011392354965,0.4951472580432892,1.0000001111620804e-06,3.04197760669922e-06,0.19837279617786407,0.6353113651275635,3.20261287689209,0.4948333203792572,0.5021666884422302,0.08909470587968826,0.08751241862773895,1.018080711364746,0.35227862000465393,0.34395426511764526,1.0242018699645996,0.004598597064614296,0.003022158285602927,0.00040458186413161457,5.2711278840433806e-05,-0.0015764387790113688,0.0047045135870575905,0.0018344743875786662,-0.0016823553014546633,1.0,0.34811556339263916,sphere,10,17,gaussian,gaussian-ring,60000,0.3,0.3,"[0.0, 0.0, 0.0]","[0.8, 0.0, 0.0]",4,,,False
2026.05.21__181347,369.35211181640625,371.7729797363281,9.98756950139068e-05,369.35211181640625,292.5,0.0008097092504613101,,,,,,1.1047805547714233,416.4393310546875,0.0,1.0,8.25626277923584,158.35606384277344,18.646284103393555,46.37508773803711,1.0000001111620804e-06,6.953435786272166e-06,0.43687719106674194,0.8033245205879211,1.8387879133224487,0.18033333122730255,0.11966666579246521,1.4185826778411865,3.1978039741516113,0.4436115324497223,1.8636701107025146,3.091036081314087,0.6029273271560669,16.47728157043457,39.00825500488281,191.36302185058594,31.445697784423828,22.530973434448242,1.3599690198898315,0.17594218254089355,37.648284912109375,1.0,2.483027696609497,poincare,10,2,gaussian,gaussian-ring,60000,0.3,0.3,"[0.0, 0.0, 0.0]","[0.8, 0.0, 0.0]",1,,,False
2026.05.21__181410,0.006955752614885569,0.0070485216565430164,9.925681661115959e-05,0.006955752614885569,56.0,2.3084382974047912e-06,0.007017547730356455,0.007017547730356455,-19.37163734436035,-19.37163734436035,-19.37163543701172,-19.13741111755371,0.13332541286945343,0.0,1.0,0.3539913296699524,0.5849809646606445,0.08941181749105453,0.49814534187316895,1.0000001111620804e-06,3.055567276533111e-06,0.19777140021324158,0.6351085901260376,3.211326837539673,0.4958333373069763,0.5044999718666077,0.08767775446176529,0.09106411784887314,0.9628134965896606,0.3499704897403717,0.3489396274089813,1.0029544830322266,0.005369098857045174,0.003241261700168252,0.0006258578505367041,6.506394129246473e-05,-0.0021278366912156343,0.005018879659473896,0.002291138283908367,-0.001777617959305644,1.0,0.35143816471099854,sphere,10,17,gaussian,gaussian-ring,60000,0.3,0.3,"[0.0, 0.0, 0.0]","[0.8, 0.0, 0.0]",8,,,False
2026.05.21__181423,270.4144592285156,245.5757293701172,9.790589683689177e-05,270.4144592285156,1110.5,0.0001943868846865371,344.29608154296875,344.29608154296875,0.5224863886833191,0.5224863886833191,0.5224863886833191,0.5943406820297241,453.105712890625,0.0,1.0,8.504220008850098,177.99298095703125,19.452939987182617,46.67344284057617,1.0000001111620804e-06,8.369626812054776e-06,0.41791409254074097,0.6102224588394165,1.4601624011993408,0.13650000095367432,0.08616666495800018,2.0718095302581787,3.198652982711792,0.6477131247520447,2.3003530502319336,3.092411518096924,0.7438702583312988,20.232656478881836,38.91331100463867,172.28421020507812,33.41673278808594,18.680654525756836,1.362160086631775,0.19860534369945526,37.551151275634766,1.0,2.7046751976013184,poincare,10,2,gaussian,gaussian-ring,60000,0.3,0.3,"[0.0, 0.0, 0.0]","[0.8, 0.0, 0.0]",1,,,False
2026.05.21__181435,0.006997625809162855,0.0068159024231135845,9.938564471667632e-05,0.006997625809162855,55.5,1.875062821454776e-06,0.006909913849085569,0.006909913849085569,-19.361125946044922,-19.361125946044922,-19.361125946044922,-19.095029830932617,0.13374753296375275,0.0,1.0,0.3550797998905182,0.5607379674911499,0.08739437162876129,0.49247533082962036,1.0000001111620804e-06,3.031677806575317e-06,0.2001458704471588,0.6419464945793152,3.207393169403076,0.5009999871253967,0.5023333430290222,0.08788348734378815,0.09120497852563858,0.9635820388793945,0.35152995586395264,0.3488105535507202,1.0077961683273315,0.0052544670179486275,0.0031417077407240868,0.0007373286643996835,7.199633546406403e-05,-0.0021127592772245407,0.0041500357910990715,0.0014652900863438845,-0.0010083280503749847,1.0,0.35211315751075745,sphere,10,17,gaussian,gaussian-ring,60000,0.3,0.3,"[0.0, 0.0, 0.0]","[0.8, 0.0, 0.0]",8,,,False
2026.05.21__181437,356.1119079589844,431.06048583984375,9.974040585802868e-05,356.1119079589844,340.5,0.00024913004017435014,,,,,,0.4752005338668823,430.2836608886719,0.0,1.0,8.316509246826172,165.010986328125,18.945104598999023,46.043296813964844,1.0000001111620804e-06,5.537977358471835e-06,0.41137832403182983,0.689188539981842,1.6753156185150146,0.13599999248981476,0.08283333480358124,1.6955784559249878,3.1893203258514404,0.5316425561904907,2.0314033031463623,3.0858423709869385,0.6582977771759033,17.01714515686035,38.78561019897461,174.01425170898438,36.41209030151367,21.768465042114258,1.3662647008895874,0.2003798633813858,37.41934585571289,1.0,2.560978412628174,poincare,10,2,gaussian,gaussian-ring,60000,0.3,0.3,"[0.0, 0.0, 0.0]","[0.8, 0.0, 0.0]",1,,,False
2026.05.21__181439,0.006959828082472086,0.006588905584067106,9.925681661115959e-05,0.006959828082472086,56.0,1.7558535319039947e-06,0.006973802112042904,0.006973802112042904,-19.161893844604492,-19.161893844604492,-19.16189193725586,-19.20557975769043,0.13342908024787903,0.0,1.0,0.35450389981269836,0.56093829870224,0.08797915279865265,0.4951004683971405,1.0000001111620804e-06,3.042017624466098e-06,0.1983775645494461,0.6353294849395752,3.202627658843994,0.4958333373069763,0.5023333430290222,0.08909406512975693,0.0875106006860733,1.018094539642334,0.35227930545806885,0.3439531922340393,1.0242071151733398,0.004598457366228104,0.003022214863449335,0.00040462796459905803,5.2665745897684246e-05,-0.0015762425027787685,0.0047045135870575905,0.0018344743875786662,-0.0016822986071929336,1.0,0.34811100363731384,sphere,10,17,gaussian,gaussian-ring,60000,0.3,0.3,"[0.0, 0.0, 0.0]","[0.8, 0.0, 0.0]",8,,,False
2026.05.21__181452,391.0798034667969,393.5208435058594,9.98756950139068e-05,391.0798034667969,155.0,0.001142938737757504,,,,,,1.276181936264038,436.37603759765625,0.0,1.0,8.566790580749512,157.00254821777344,19.03645896911621,47.875244140625,1.0000001111620804e-06,8.939368854044005e-06,0.4192393124103546,0.8524166941642761,2.0332462787628174,0.195333331823349,0.13566666841506958,1.5016106367111206,3.27292537689209,0.4587976932525635,1.9260447025299072,3.137064218521118,0.6139641404151917,18.295448303222656,40.16050338745117,206.0316925048828,1.419402479996279e-07,21.865055084228516,1.3599690198898315,0.17594218254089355,38.800533294677734,1.0,2.540980339050293,poincare,10,2,gaussian,gaussian-ring,60000,0.3,0.3,"[0.0, 0.0, 0.0]","[0.8, 0.0, 0.0]",4,,,False
2026.05.21__181501,0.0024001176934689283,0.002257790183648467,9.925681661115959e-05,0.0024001176934689283,62.0,1.2353683814581018e-05,0.0023966997396200895,0.0023966997396200895,-146.5736541748047,-146.5736541748047,-146.5736541748047,-146.73167419433594,0.08943978697061539,0.0,1.0,0.27180472016334534,0.6195538640022278,0.12450601905584335,0.48549872636795044,1.0000001111620804e-06,5.332844921213109e-06,0.22165870666503906,1.0351932048797607,4.670212268829346,0.46650001406669617,0.414166659116745,0.1476779729127884,0.14607250690460205,1.010990858078003,0.4300992488861084,0.4172752797603607,1.0307327508926392,9.074124562857833e-09,6.157776510917756e-10,1.0102149965076496e-13,5.866048325662036e-16,-8.458346911766057e-09,0.05569305270910263,0.03367721661925316,-0.05569305270910263,1.0,0.4224921762943268,sphere,10,65,gaussian,gaussian-ring,60000,0.3,0.3,"[0.0, 0.0, 0.0]","[0.8, 0.0, 0.0]",1,,,False
2026.05.21__181506,0.002289785072207451,0.002241680398583412,9.400689305039123e-05,0.002289785072207451,62.5,1.185387372970581e-05,0.0023003218229860067,0.0023003218229860067,-143.41610717773438,-143.41610717773438,-146.56512451171875,-145.97076416015625,0.08854571729898453,0.0,1.0,0.2710537016391754,0.5890373587608337,0.12265254557132721,0.47770020365715027,1.0000001111620804e-06,5.1753099796769675e-06,0.22944530844688416,1.046903133392334,4.562756538391113,0.46700000762939453,0.40799999237060547,0.1470331847667694,0.1427353322505951,1.0301105976104736,0.431022584438324,0.4156685769557953,1.0369380712509155,3.195066611283437e-08,2.0051579840973943e-10,3.766510757799435e-13,1.553930249085787e-17,-3.175015095280287e-08,0.059021320194005966,0.03543296456336975,-0.059021320194005966,1.0,0.4249700605869293,sphere,10,65,gaussian,gaussian-ring,60000,0.3,0.3,"[0.0, 0.0, 0.0]","[0.8, 0.0, 0.0]",1,,,False
2026.05.21__181530,380.9504089355469,410.5911560058594,9.981419862015173e-05,380.9504089355469,178.5,0.0007789333467371762,,,,,,0.8536794185638428,441.36224365234375,0.0,1.0,8.48936939239502,160.0108642578125,19.16257095336914,47.7342414855957,1.0000001111620804e-06,7.012758487690007e-06,0.419001966714859,0.8052865266799927,1.921915888786316,0.2136666625738144,0.14900000393390656,1.554663062095642,3.281708240509033,0.4737359285354614,1.9737802743911743,3.1419239044189453,0.6282075643539429,18.491182327270508,40.16048812866211,207.4572296142578,1.5826958588149864e-07,21.6693058013916,1.362160086631775,0.19860534369945526,38.7983283996582,1.0,2.5694785118103027,poincare,10,2,gaussian,gaussian-ring,60000,0.3,0.3,"[0.0, 0.0, 0.0]","[0.8, 0.0, 0.0]",4,,,False
2026.05.21__181532,376.83172607421875,392.3134460449219,9.98756950139068e-05,376.83172607421875,159.5,0.0010041121859103441,,,,,,1.343151569366455,441.6094055175781,0.0,1.0,8.55880355834961,156.12750244140625,19.138813018798828,47.981693267822266,1.0000001111620804e-06,9.481476809014566e-06,0.4225122332572937,0.8336877226829529,1.9731682538986206,0.21166667342185974,0.14733333885669708,1.5310713052749634,3.27889347076416,0.4669475555419922,1.9514684677124023,3.1400861740112305,0.6214696764945984,18.745073318481445,40.16048812866211,212.34185791015625,1.511031797463147e-07,21.415414810180664,1.3662647008895874,0.2003798633813858,38.79422378540039,1.0,2.5532541275024414,poincare,10,2,gaussian,gaussian-ring,60000,0.3,0.3,"[0.0, 0.0, 0.0]","[0.8, 0.0, 0.0]",4,,,False
2026.05.21__181535,0.00227886950597167,0.0021899761632084846,9.343546844320372e-05,0.00227886950597167,61.0,2.0119050532230176e-05,0.0022628414444625378,0.0022628414444625378,-141.90823364257812,-141.90823364257812,-146.40768432617188,-145.64566040039062,0.09014386683702469,0.0,1.0,0.2722989618778229,0.6194669604301453,0.1262812316417694,0.48380154371261597,1.0000001111620804e-06,5.276719093672e-06,0.2260626256465912,1.041792392730713,4.608423709869385,0.4846666753292084,0.4113333225250244,0.14596745371818542,0.14599914848804474,0.9997829794883728,0.43004849553108215,0.41723355650901794,1.0307140350341797,7.155802705938186e-08,5.384933055019303e-10,3.5385353501504735e-12,2.6467235855877163e-16,-7.101953514165871e-08,0.05939080938696861,0.03560388460755348,-0.05939080938696861,1.0,0.42579883337020874,sphere,10,65,gaussian,gaussian-ring,60000,0.3,0.3,"[0.0, 0.0, 0.0]","[0.8, 0.0, 0.0]",1,,,False
2026.05.21__181555,0.0020739438477903605,0.002026271540671587,9.730680903885514e-05,0.0020739438477903605,57.0,6.982435934332898e-06,0.0021078833378851414,0.0021078833378851414,-146.82896423339844,-146.82896423339844,-156.51942443847656,-156.75973510742188,0.10453853011131287,0.0,1.0,0.297633558511734,0.6181846261024475,0.12610165774822235,0.5012860298156738,1.0000001111620804e-06,4.618852926796535e-06,0.20034442842006683,0.9238652586936951,4.611384391784668,0.4964999854564667,0.4244999885559082,0.1006748229265213,0.09210502356290817,1.0930438041687012,0.3767302334308624,0.3497948944568634,1.0770032405853271,2.7352975440209093e-09,1.4291466621241256e-10,3.0802505592833138e-15,5.693990804327678e-18,-2.5923827529084065e-09,0.05569305270910263,0.03367721661925316,-0.05569305270910263,1.0,0.364265501499176,sphere,10,65,gaussian,gaussian-ring,60000,0.3,0.3,"[0.0, 0.0, 0.0]","[0.8, 0.0, 0.0]",4,,,False
2026.05.21__181604,0.0020222978200763464,0.0019494501175358891,9.400689305039123e-05,0.0020222978200763464,57.5,1.630683800613042e-05,0.0020175979007035494,0.0020175979007035494,-154.07180786132812,-154.07180786132812,-158.502197265625,-159.5594940185547,0.10576766729354858,0.0,1.0,0.30026787519454956,0.5986548066139221,0.12480314075946808,0.502903163433075,1.0000001111620804e-06,4.494607310334686e-06,0.19867663085460663,0.9233569502830505,4.647536277770996,0.4934999942779541,0.39800000190734863,0.10126364976167679,0.08720386773347855,1.161228895187378,0.3789176940917969,0.3427181541919708,1.1056249141693115,5.065758923450403e-09,1.3969073120456699e-10,6.296610842860921e-15,1.495043592150382e-17,-4.926067997956807e-09,0.059021320194005966,0.03543296456336975,-0.059021320194005966,1.0,0.36317765712738037,sphere,10,65,gaussian,gaussian-ring,60000,0.3,0.3,"[0.0, 0.0, 0.0]","[0.8, 0.0, 0.0]",4,,,False
2026.05.21__181632,391.08013916015625,393.52264404296875,9.98756950139068e-05,391.08013916015625,163.5,0.001142956200055778,,,,,,1.2761772871017456,436.3756103515625,0.0,1.0,8.56678581237793,157.0026092529297,19.036453247070312,47.87528610229492,1.0000001111620804e-06,8.939327926782425e-06,0.41926777362823486,0.8524426221847534,2.033169984817505,0.19550000131130219,0.13583333790302277,1.5014649629592896,3.2729153633117676,0.45875459909439087,1.925946831703186,3.1370608806610107,0.6139335036277771,18.290565490722656,40.160499572753906,205.841064453125,1.4377930313003162e-07,21.86993408203125,1.3599690198898315,0.17594218254089355,38.80052947998047,1.0,2.540933847427368,poincare,10,2,gaussian,gaussian-ring,60000,0.3,0.3,"[0.0, 0.0, 0.0]","[0.8, 0.0, 0.0]",8,,,False
2026.05.21__181633,380.94866943359375,410.5913391113281,9.981419862015173e-05,380.94866943359375,180.0,0.0007789134397171438,,,,,,0.8536764979362488,441.36370849609375,0.0,1.0,8.489378929138184,160.01113891601562,19.16260528564453,47.7341194152832,1.0000001111620804e-06,7.012745300016832e-06,0.4189243018627167,0.8052902221679688,1.9222805500030518,0.21400000154972076,0.148499995470047,1.554629921913147,3.2817037105560303,0.4737264811992645,1.9737614393234253,3.1419291496276855,0.6282005310058594,18.490262985229492,40.16048812866211,207.42080688476562,1.5213123560897657e-07,21.670225143432617,1.362160086631775,0.19860534369945526,38.7983283996582,1.0,2.569462299346924,poincare,10,2,gaussian,gaussian-ring,60000,0.3,0.3,"[0.0, 0.0, 0.0]","[0.8, 0.0, 0.0]",8,,,False
2026.05.21__181641,0.0020145252346992493,0.0019866793882101774,9.573353599989787e-05,0.0020145252346992493,56.0,1.3870497241441626e-05,0.002055954188108444,0.002055954188108444,-149.44512939453125,-149.44512939453125,-154.89100646972656,-155.517822265625,0.10533110797405243,0.0,1.0,0.29876628518104553,0.632568895816803,0.12662668526172638,0.5031668543815613,1.0000001111620804e-06,4.6228442442952655e-06,0.19880376756191254,0.9195590615272522,4.625461101531982,0.49533334374427795,0.4248333275318146,0.09959960728883743,0.09169956296682358,1.086151361465454,0.3754081130027771,0.34916239976882935,1.0751676559448242,3.334832632262419e-09,1.9009642471257138e-10,7.614631378238292e-15,1.3400282909967196e-17,-3.144736249183211e-09,0.05939080938696861,0.03560388460755348,-0.05939080938696861,1.0,0.3643990159034729,sphere,10,65,gaussian,gaussian-ring,60000,0.3,0.3,"[0.0, 0.0, 0.0]","[0.8, 0.0, 0.0]",4,,,False
2026.05.21__181710,376.83270263671875,392.31793212890625,9.98756950139068e-05,376.83270263671875,162.5,0.0010041717905551195,,,,,,1.3431464433670044,441.6112976074219,0.0,1.0,8.558819770812988,156.12744140625,19.13885498046875,47.98149871826172,1.0000001111620804e-06,9.48133038036758e-06,0.42250850796699524,0.8336842656135559,1.973177194595337,0.21183332800865173,0.14633333683013916,1.5310660600662231,3.2788939476013184,0.4669458866119385,1.9514671564102173,3.140090227127075,0.6214684844017029,18.74496078491211,40.160484313964844,212.33154296875,1.5103162809282367e-07,21.415523529052734,1.3662647008895874,0.2003798633813858,38.794219970703125,1.0,2.5532500743865967,poincare,10,2,gaussian,gaussian-ring,60000,0.3,0.3,"[0.0, 0.0, 0.0]","[0.8, 0.0, 0.0]",8,,,False
2026.05.21__181713,224.14407348632812,238.37271118164062,9.99248877633363e-05,224.14407348632812,237.5,0.004373735748231411,,,,,,-1.273229956626892,523.141357421875,0.0,1.0,9.43134593963623,182.03102111816406,20.81428337097168,52.653682708740234,1.0000001111620804e-06,3.3291262298007496e-06,0.9313124418258667,0.5831814408302307,0.626193106174469,0.5040000081062317,0.5878333449363708,1.771691083908081,3.00093936920166,0.5903788208961487,2.2760045528411865,3.113266706466675,0.7310663461685181,427.2035827636719,1554.7186279296875,285288.15625,75192.375,1127.5150146484375,2.8293633460998535,12.499123573303223,1551.8892822265625,1.0,2.7033042907714844,poincare,10,3,gaussian,gaussian-ring,60000,0.3,0.3,"[0.0, 0.0, 0.0]","[0.8, 0.0, 0.0]",1,,,False
2026.05.21__181724,0.00207393616437912,0.002026177942752838,9.730680903885514e-05,0.00207393616437912,57.0,6.989886514929822e-06,0.0021079538855701685,0.0021079538855701685,-146.8152618408203,-146.8152618408203,-156.5037841796875,-156.74969482421875,0.10453993827104568,0.0,1.0,0.29763928055763245,0.6181435585021973,0.1260937750339508,0.5013046860694885,1.0000001111620804e-06,4.620119398168754e-06,0.20036788284778595,0.9238606095314026,4.610821723937988,0.49566665291786194,0.4241666793823242,0.10066916793584824,0.09210480749607086,1.092984914779663,0.37672293186187744,0.34979626536369324,1.076978087425232,2.739799942474974e-09,1.4247367174924364e-10,3.0921801713124433e-15,5.58473058516708e-18,-2.5973265760370623e-09,0.05569305270910263,0.03367721661925316,-0.05569305270910263,1.0,0.3642662763595581,sphere,10,65,gaussian,gaussian-ring,60000,0.3,0.3,"[0.0, 0.0, 0.0]","[0.8, 0.0, 0.0]",8,,,False
2026.05.21__181754,0.002022301545366645,0.0019496376626193523,9.400689305039123e-05,0.002022301545366645,57.5,1.6182661056518555e-05,0.002017602324485779,0.002017602324485779,-154.08135986328125,-154.08135986328125,-158.49868774414062,-159.5737762451172,0.10576965659856796,0.0,1.0,0.30027279257774353,0.5986181497573853,0.12479937076568604,0.5029157996177673,1.0000001111620804e-06,4.492177140491549e-06,0.19867467880249023,0.9233250617980957,4.647421836853027,0.4938333332538605,0.398499995470047,0.10125893354415894,0.0872015580534935,1.161205530166626,0.378909707069397,0.3427070677280426,1.1056373119354248,5.0566026921217144e-09,1.3962102307640833e-10,6.270226190070423e-15,1.4905008816623633e-17,-4.916981488634065e-09,0.059021320194005966,0.03543296456336975,-0.059021320194005966,1.0,0.3631683886051178,sphere,10,65,gaussian,gaussian-ring,60000,0.3,0.3,"[0.0, 0.0, 0.0]","[0.8, 0.0, 0.0]",8,,,False
2026.05.21__181758,0.002014458877965808,0.0019860744941979647,9.573353599989787e-05,0.002014458877965808,56.0,1.4393280252988916e-05,0.0020559816621243954,0.0020559816621243954,-149.45065307617188,-149.45065307617188,-154.89356994628906,-155.51719665527344,0.10533170402050018,0.0,1.0,0.29877084493637085,0.6325896978378296,0.12661831080913544,0.5032328963279724,1.0000001111620804e-06,4.621541847882327e-06,0.19880947470664978,0.9195814728736877,4.625441074371338,0.4946666657924652,0.42500001192092896,0.09960035234689713,0.09169747680425644,1.0861842632293701,0.3754115104675293,0.349161297082901,1.0751806497573853,3.3375915364786124e-09,1.8953648373010168e-10,7.631226447740898e-15,1.3214198705006041e-17,-3.1480551498930254e-09,0.05939080938696861,0.03560388460755348,-0.05939080938696861,1.0,0.36439934372901917,sphere,10,65,gaussian,gaussian-ring,60000,0.3,0.3,"[0.0, 0.0, 0.0]","[0.8, 0.0, 0.0]",8,,,False
2026.05.21__181813,220.09518432617188,200.9187469482422,9.974040585802868e-05,220.09518432617188,284.5,0.005488759372383356,,,,,,-1.7346820831298828,524.1420288085938,0.0,1.0,9.435100555419922,191.1007080078125,20.805641174316406,52.36198806762695,1.0000001111620804e-06,2.970958803416579e-06,0.7643194794654846,0.49562862515449524,0.6484573483467102,0.5285000205039978,0.5741666555404663,1.9547288417816162,2.98618745803833,0.6545901298522949,2.4208614826202393,3.1058521270751953,0.7794515490531921,524.2342529296875,1553.7879638671875,323792.71875,78103.90625,1029.5537109375,2.8103132247924805,8.558148384094238,1550.9776611328125,1.0,2.7709720134735107,poincare,10,3,gaussian,gaussian-ring,60000,0.3,0.3,"[0.0, 0.0, 0.0]","[0.8, 0.0, 0.0]",1,,,False
2026.05.21__181826,0.0004077619523741305,0.00041184472502209246,9.730680903885514e-05,0.0004077619523741305,77.0,1.3767741620540619e-05,0.00040604162495583296,0.00040604162495583296,-687.152099609375,-687.152099609375,-715.3787231445312,-715.1704711914062,0.1324390023946762,0.0,1.0,0.3469320833683014,0.6006262898445129,0.10980410873889923,0.5298585891723633,1.0000001111620804e-06,3.4085576317011146e-06,0.24034559726715088,1.1854500770568848,4.932272911071777,0.45750001072883606,0.3698333203792572,0.12242031842470169,0.14375220239162445,0.851606547832489,0.41393211483955383,0.4155980348587036,0.9959916472434998,7.143067225375937e-17,2.6372437098593057e-42,3.0506444438867696e-29,0.0,-7.143067225375937e-17,0.00024112252867780626,0.00015712808817625046,-0.00024112252867780626,1.0,0.4158321022987366,sphere,10,257,gaussian,gaussian-ring,60000,0.3,0.3,"[0.0, 0.0, 0.0]","[0.8, 0.0, 0.0]",1,,,False
2026.05.21__181831,228.71881103515625,232.5596923828125,9.969891107175499e-05,228.71881103515625,177.0,0.007159409113228321,,,,,,-2.3998677730560303,592.7564697265625,0.0,1.0,10.215860366821289,214.74850463867188,22.079565048217773,55.93511962890625,1.0000001111620804e-06,2.4572013899160083e-06,1.1042680740356445,0.37866121530532837,0.3429069519042969,0.5625,0.4794999957084656,2.389225482940674,3.069612741470337,0.7783475518226624,2.7402853965759277,3.15982985496521,0.8672256469726562,857.223388671875,1612.864013671875,382430.21875,0.0010305984178557992,755.6406860351562,2.8293633460998535,12.499123573303223,1610.03466796875,1.0,2.9582855701446533,poincare,10,3,gaussian,gaussian-ring,60000,0.3,0.3,"[0.0, 0.0, 0.0]","[0.8, 0.0, 0.0]",4,,,False
2026.05.21__181847,0.00041046534897759557,0.0003924224874936044,9.677498019300401e-05,0.00041046534897759557,74.5,1.1452783837739844e-05,0.0004150504246354103,0.0004150504246354103,-678.9750366210938,-678.9750366210938,-723.3661499023438,-729.8034057617188,0.13301323354244232,0.0,1.0,0.3457995057106018,0.6151996850967407,0.1158205196261406,0.5379912257194519,1.0000001111620804e-06,3.4844247238652315e-06,0.25209975242614746,1.2291450500488281,4.875629901885986,0.46050000190734863,0.30799999833106995,0.12525427341461182,0.1406921148300171,0.8902721405029297,0.4207382798194885,0.41248056292533875,1.0200196504592896,5.768787184057267e-11,1.6417949119660995e-37,1.9951133153635998e-17,0.0,-5.768787184057267e-11,7.54764987505041e-05,3.222584928153083e-05,-7.54764987505041e-05,1.0,0.4188059866428375,sphere,10,257,gaussian,gaussian-ring,60000,0.3,0.3,"[0.0, 0.0, 0.0]","[0.8, 0.0, 0.0]",1,,,False
2026.05.21__181850,227.16195678710938,202.49142456054688,9.981419862015173e-05,227.16195678710938,133.5,0.005627082660794258,,,,,,-1.9961252212524414,558.9591064453125,0.0,1.0,9.829968452453613,196.57020568847656,21.443756103515625,54.84840774536133,1.0000001111620804e-06,2.7878727451025043e-06,0.8856992125511169,0.48827505111694336,0.5512876510620117,0.559333324432373,0.45633333921432495,2.1139283180236816,3.0657949447631836,0.6895204782485962,2.540215253829956,3.157620429992676,0.8044713735580444,645.1397705078125,1612.864990234375,369656.65625,0.0009423879673704505,967.7252197265625,2.8764898777008057,13.993627548217773,1609.988525390625,1.0,2.863888740539551,poincare,10,3,gaussian,gaussian-ring,60000,0.3,0.3,"[0.0, 0.0, 0.0]","[0.8, 0.0, 0.0]",4,,,False
2026.05.21__181859,227.31195068359375,205.0723114013672,9.974040585802868e-05,227.31195068359375,161.5,0.006849510129541159,,,,,,-2.471311569213867,572.770751953125,0.0,1.0,9.993179321289062,207.40065002441406,21.69293785095215,54.89996337890625,1.0000001111620804e-06,2.550927547417814e-06,0.8373116254806519,0.405608206987381,0.48441728949546814,0.562833309173584,0.4894999861717224,2.3148510456085205,3.056209087371826,0.7574257254600525,2.685753107070923,3.152378559112549,0.851976752281189,789.0106811523438,1612.8643798828125,381799.75,0.0009594914154149592,823.8535766601562,2.8103132247924805,8.558148384094238,1610.053955078125,1.0,2.9261205196380615,poincare,10,3,gaussian,gaussian-ring,60000,0.3,0.3,"[0.0, 0.0, 0.0]","[0.8, 0.0, 0.0]",4,,,False
2026.05.21__181920,0.0004092651652172208,0.00038852725992910564,9.790589683689177e-05,0.0004092651652172208,61.0,1.0694066986616235e-05,0.00043372364598326385,0.00043372364598326385,-692.0602416992188,-692.0602416992188,-692.0601806640625,-685.4274291992188,0.14030249416828156,0.0,1.0,0.35502636432647705,0.6164391040802002,0.11916601657867432,0.5443531274795532,1.0000001111620804e-06,3.386325261089951e-06,0.3041987717151642,1.36080002784729,4.473391056060791,0.4651666581630707,0.19249999523162842,0.17493818700313568,0.1430274397134781,1.223109245300293,0.46628984808921814,0.415324866771698,1.1227110624313354,1.1280325276158886e-15,3.4197287723382836e-41,4.681603279296969e-27,0.0,-1.1280325276158886e-15,1.6847895949467784e-06,1.6981230643864365e-08,-1.6847895949467784e-06,1.0,0.4489881098270416,sphere,10,257,gaussian,gaussian-ring,60000,0.3,0.3,"[0.0, 0.0, 0.0]","[0.8, 0.0, 0.0]",1,,,False
2026.05.21__182004,228.7213897705078,232.5640869140625,9.969891107175499e-05,228.7213897705078,184.0,0.007159059401601553,,,,,,-2.3998451232910156,592.73486328125,0.0,1.0,10.215696334838867,214.7403564453125,22.07915687561035,55.933895111083984,1.0000001111620804e-06,2.457268465150264e-06,1.1040520668029785,0.3786786198616028,0.34298983216285706,0.562666654586792,0.4793333411216736,2.389178991317749,3.069620370864868,0.7783305048942566,2.7402539253234863,3.159837245941162,0.8672136068344116,857.1790161132812,1612.8643798828125,382430.75,0.000981511315330863,755.6852416992188,2.8293633460998535,12.499123573303223,1610.0347900390625,1.0,2.958265542984009,sphere,10,257,gaussian,gaussian-ring,60000,0.3,0.3,"[0.0, 0.0, 0.0]","[0.8, 0.0, 0.0]",4,,,False
2026.05.21__182005,227.16311645507812,202.4910125732422,9.981419862015173e-05,227.16311645507812,132.5,0.005626986268907785,,,,,,-1.9961130619049072,558.9651489257812,0.0,1.0,9.83000373840332,196.56991577148438,21.44387435913086,54.84911346435547,1.0000001111620804e-06,2.78788843388611e-06,0.8857277631759644,0.4882744252681732,0.5512691736221313,0.559333324432373,0.45633333921432495,2.113929510116577,3.0657854080200195,0.689522922039032,2.5402164459228516,3.1576180458068848,0.8044723868370056,645.1529541015625,1612.864990234375,369675.78125,0.0009400256676599383,967.7119750976562,2.8764898777008057,13.993627548217773,1609.988525390625,1.0,2.8638880252838135,poincare,10,3,gaussian,gaussian-ring,60000,0.3,0.3,"[0.0, 0.0, 0.0]","[0.8, 0.0, 0.0]",8,,,False
2026.05.21__182011,0.0003640230279415846,0.0003543732163961977,9.730680903885514e-05,0.0003640230279415846,80.0,4.0260452806251124e-05,0.00036352130700834095,0.00036352130700834095,-731.5079956054688,-731.5079956054688,-744.801513671875,-748.068359375,0.1498110592365265,0.0,1.0,0.3754521608352661,0.595750093460083,0.09398727118968964,0.5332726836204529,1.0000001111620804e-06,2.9079535579512594e-06,0.20131874084472656,0.9369470477104187,4.65404748916626,0.49016666412353516,0.47699999809265137,0.0661555826663971,0.08805114775896072,0.7513312697410583,0.3209892213344574,0.34400469064712524,0.9330955147743225,1.3425402757278986e-14,1.3900011961054304e-39,1.0732054240774729e-24,0.0,-1.3425402757278986e-14,7.54764987505041e-05,3.222584928153083e-05,-7.54764987505041e-05,1.0,0.3343731164932251,sphere,10,257,gaussian,gaussian-ring,60000,0.3,0.3,"[0.0, 0.0, 0.0]","[0.8, 0.0, 0.0]",4,,,False
2026.05.21__182016,227.3131561279297,205.0659637451172,9.974040585802868e-05,227.3131561279297,163.5,0.006849467754364014,,,,,,-2.4713025093078613,572.7593994140625,0.0,1.0,9.99311351776123,207.40966796875,21.692705154418945,54.89952087402344,1.0000001111620804e-06,2.550919816712849e-06,0.8371972441673279,0.4056113660335541,0.4844871759414673,0.5631666779518127,0.4898333251476288,2.314845323562622,3.0562188625335693,0.7574213743209839,2.6857519149780273,3.152384042739868,0.8519748449325562,789.0193481445312,1612.864013671875,381819.46875,0.0009619625634513795,823.8446655273438,2.8103132247924805,8.558148384094238,1610.0537109375,1.0,2.9261221885681152,poincare,10,3,gaussian,gaussian-ring,60000,0.3,0.3,"[0.0, 0.0, 0.0]","[0.8, 0.0, 0.0]",8,,,False
2026.05.21__182030,50.21724319458008,52.82013702392578,9.99248877633363e-05,50.21724319458008,119.0,0.0,,,,,,-7.57462739944458,570.886474609375,0.0,1.0,9.485017776489258,236.23638916015625,21.899635314941406,50.30963134765625,1.0000001111620804e-06,1.8247467323817546e-06,1.634669542312622,2.515026330947876,1.538553237915039,0.01899999938905239,0.48483332991600037,2.254169225692749,2.7795870304107666,0.8109727501869202,2.697328567504883,3.093794584274292,0.8718512654304504,1.862289606809467e+23,1.094512339455643e+24,inf,inf,9.082833067171022e+23,4.879371184185268e+20,inf,1.0940244374864122e+24,1.0,3.1028475761413574,poincare,10,16,gaussian,gaussian-ring,60000,0.3,0.3,"[0.0, 0.0, 0.0]","[0.8, 0.0, 0.0]",1,,,False
2026.05.21__182044,48.98278045654297,42.01261520385742,9.969891107175499e-05,48.98278045654297,244.5,0.0008379605715163052,,,,,,-7.063955307006836,577.5155639648438,0.0,1.0,9.168105125427246,338.9347229003906,22.127696990966797,48.58283233642578,1.0000001111620804e-06,3.102642267549527e-06,1.993580937385559,2.4339652061462402,1.2209011316299438,0.007833333685994148,0.3356666564941406,2.652322292327881,2.778651714324951,0.954535722732544,2.982780694961548,3.092869520187378,0.9644055962562561,2.6461461659848845e+23,1.0958173024836698e+24,inf,inf,8.312026498563844e+23,4.2605994652264196e+20,inf,1.0953911538725295e+24,1.0,3.224919557571411,poincare,10,16,gaussian,gaussian-ring,60000,0.3,0.3,"[0.0, 0.0, 0.0]","[0.8, 0.0, 0.0]",1,,,False
2026.05.21__182114,0.00036667086533270776,0.0003630632418207824,9.790589683689177e-05,0.00036667086533270776,75.5,4.646678644348867e-05,0.0003844394232146442,0.0003844394232146442,-739.100830078125,-739.100830078125,-739.1007690429688,-743.9147338867188,0.1485583782196045,0.0,1.0,0.373631089925766,0.5863402485847473,0.09443259984254837,0.5282326936721802,1.0000001111620804e-06,2.9374464247666765e-06,0.21873430907726288,1.0673052072525024,4.879459381103516,0.4880000054836273,0.3504999876022339,0.08261946588754654,0.08902831375598907,0.9280134439468384,0.35901781916618347,0.34474608302116394,1.0413976907730103,3.6951358639569776e-11,2.3948190755311124e-41,8.190825143561335e-18,0.0,-3.6951358639569776e-11,1.6847895949467784e-06,1.6981230643864365e-08,-1.6847895949467784e-06,1.0,0.35469409823417664,sphere,10,257,gaussian,gaussian-ring,60000,0.3,0.3,"[0.0, 0.0, 0.0]","[0.8, 0.0, 0.0]",4,,,False
2026.05.21__182137,0.0003658299974631518,0.0003678810317069292,9.730680903885514e-05,0.0003658299974631518,74.5,1.1595897376537323e-05,0.00036177440779283643,0.00036177440779283643,-732.587646484375,-732.587646484375,-737.5123901367188,-742.0534057617188,0.1517978459596634,0.0,1.0,0.377506822347641,0.6034826040267944,0.09627599269151688,0.5412716269493103,1.0000001111620804e-06,2.8999284040764906e-06,0.20041394233703613,0.9279422760009766,4.630128383636475,0.4908333420753479,0.47099998593330383,0.06639959663152695,0.08858159184455872,0.7495869398117065,0.32129234075546265,0.34421637654304504,0.9334021806716919,5.989595280799127e-15,1.4188146951288773e-41,1.9991753096584575e-25,0.0,-5.989595280799127e-15,0.00024112252867780626,0.00015712808817625046,-0.00024112252867780626,1.0,0.33404919505119324,sphere,10,257,gaussian,gaussian-ring,60000,0.3,0.3,"[0.0, 0.0, 0.0]","[0.8, 0.0, 0.0]",8,,,False
2026.05.21__182146,47.9305534362793,47.32304000854492,9.974040585802868e-05,47.9305534362793,223.5,0.000704516947735101,,,,,,-6.842263221740723,555.0223999023438,0.0,1.0,8.984026908874512,315.1986999511719,21.724407196044922,46.51841735839844,1.0000001111620804e-06,3.2237699088000227e-06,1.9173754453659058,2.4420762062072754,1.2736557722091675,0.008833332918584347,0.3098333179950714,2.6693429946899414,2.781749963760376,0.9595913290977478,2.9950754642486572,3.0953502655029297,0.9676047563552856,2.584065666417448e+23,1.0964044277598909e+24,inf,inf,8.37997825089349e+23,2.5347720613501442e+20,inf,1.0961508570864714e+24,1.0,3.2331595420837402,poincare,10,16,gaussian,gaussian-ring,60000,0.3,0.3,"[0.0, 0.0, 0.0]","[0.8, 0.0, 0.0]",1,,,False
2026.05.21__182150,51.75076675415039,55.096771240234375,9.99248877633363e-05,51.75076675415039,115.0,0.0,,,,,,-7.532308578491211,602.2774047851562,0.0,1.0,9.76671028137207,226.77821350097656,22.490724563598633,52.024322509765625,1.0000001111620804e-06,1.7895499695441686e-06,2.4942550659179688,2.522867202758789,1.0114712715148926,1.0,0.18966667354106903,2.3175721168518066,2.828425168991089,0.8193860650062561,2.7414700984954834,3.1304266452789307,0.8757496476173401,2.073040595403852e+23,1.1401915938713245e+24,inf,inf,9.328875883741348e+23,4.879371184185268e+20,inf,1.1397036919020937e+24,1.0,3.1399059295654297,poincare,10,16,gaussian,gaussian-ring,60000,0.3,0.3,"[0.0, 0.0, 0.0]","[0.8, 0.0, 0.0]",4,,,False
2026.05.21__182153,0.00036401947727426887,0.00035434740129858255,9.730680903885514e-05,0.00036401947727426887,80.5,4.082918167114258e-05,0.0003634876338765025,0.0003634876338765025,-731.5490112304688,-731.5490112304688,-744.8463134765625,-748.0624389648438,0.14980413019657135,0.0,1.0,0.37544363737106323,0.5957350134849548,0.09398462623357773,0.5332109928131104,1.0000001111620804e-06,2.9079910746077076e-06,0.2013351023197174,0.9370101094245911,4.653982639312744,0.49033331871032715,0.47749999165534973,0.06615832448005676,0.08805370330810547,0.7513406872749329,0.32100048661231995,0.34401077032089233,0.9331117272377014,1.3588075434799174e-14,1.3388650125452892e-39,1.0993931409404817e-24,0.0,-1.3588075434799174e-14,7.54764987505041e-05,3.222584928153083e-05,-7.54764987505041e-05,1.0,0.3343821167945862,sphere,10,257,gaussian,gaussian-ring,60000,0.3,0.3,"[0.0, 0.0, 0.0]","[0.8, 0.0, 0.0]",8,,,False
2026.05.21__182156,0.00036667136009782553,0.00036310788709670305,9.790589683689177e-05,0.00036667136009782553,76.5,4.6124059736030176e-05,0.00038442647201009095,0.00038442647201009095,-739.0658569335938,-739.0658569335938,-739.0658569335938,-743.9085693359375,0.14855758845806122,0.0,1.0,0.3736283481121063,0.5863026976585388,0.09443937242031097,0.5282803773880005,1.0000001111620804e-06,2.9374280074989656e-06,0.21875382959842682,1.0677919387817383,4.88124942779541,0.4883333444595337,0.3503333330154419,0.08271899074316025,0.08902714401483536,0.9291435480117798,0.35919445753097534,0.34473973512649536,1.0419292449951172,3.765272815758891e-11,2.358385315458667e-41,8.504712061884383e-18,0.0,-3.765272815758891e-11,1.6847895949467784e-06,1.6981230643864365e-08,-1.6847895949467784e-06,1.0,0.35478654503822327,sphere,10,257,gaussian,gaussian-ring,60000,0.3,0.3,"[0.0, 0.0, 0.0]","[0.8, 0.0, 0.0]",8,,,False
2026.05.21__182203,50.055694580078125,42.077884674072266,9.969891107175499e-05,50.055694580078125,140.0,0.0,,,,,,-2.638547420501709,599.0671997070312,0.0,1.0,9.398123741149902,278.3197021484375,22.51545524597168,49.954620361328125,1.0000001111620804e-06,2.962600547107286e-06,2.9065122604370117,2.4491889476776123,0.8426556587219238,0.9596666693687439,0.03583333268761635,2.8951613903045654,2.828155040740967,1.0236927270889282,3.1412131786346436,3.130236864089966,1.0035065412521362,3.4600330877635786e+23,1.1401908012377901e+24,inf,inf,7.941875284902292e+23,4.2605994652264196e+20,inf,1.1397647246842438e+24,1.0,3.3186140060424805,poincare,10,16,gaussian,gaussian-ring,60000,0.3,0.3,"[0.0, 0.0, 0.0]","[0.8, 0.0, 0.0]",4,,,False
2026.05.21__182210,49.17496109008789,47.518310546875,9.974040585802868e-05,49.17496109008789,141.0,0.0,,,,,,-3.012086868286133,584.2822265625,0.0,1.0,9.248085021972656,273.2689514160156,22.28151512145996,48.18677520751953,1.0000001111620804e-06,3.127239097011625e-06,2.8581838607788086,2.457733631134033,0.8598935008049011,0.9925000071525574,0.034833334386348724,2.8845109939575195,2.8293495178222656,1.019496202468872,3.134889602661133,3.1309492588043213,1.0012584924697876,3.307105255936884e+23,1.1401919541592947e+24,inf,inf,8.094814645944033e+23,2.5347720613501442e+20,inf,1.1399384555434693e+24,1.0,3.317260980606079,poincare,10,16,gaussian,gaussian-ring,60000,0.3,0.3,"[0.0, 0.0, 0.0]","[0.8, 0.0, 0.0]",4,,,False
2026.05.21__182238,51.75650405883789,55.112831115722656,9.99248877633363e-05,51.75650405883789,115.5,0.0,,,,,,-7.532383441925049,602.7119750976562,0.0,1.0,9.769492149353027,226.40512084960938,22.49930191040039,52.048301696777344,1.0000001111620804e-06,1.7898478290589992e-06,2.4941787719726562,2.5230062007904053,1.011557936668396,1.0,0.1901666671037674,2.317068099975586,2.8284246921539307,0.8192079067230225,2.7411060333251953,3.130431890487671,0.8756319880485535,2.0718030062262506e+23,1.140192530620047e+24,inf,inf,9.330121759542264e+23,4.879371184185268e+20,inf,1.1397045565932222e+24,1.0,3.139756917953491,poincare,10,16,gaussian,gaussian-ring,60000,0.3,0.3,"[0.0, 0.0, 0.0]","[0.8, 0.0, 0.0]",8,,,False
2026.05.21__182255,0.0002011326141655445,0.0001925393589772284,9.343546844320372e-05,0.0002011326141655445,85.0,4.599429666996002e-05,0.00020246670464985073,0.00020246670464985073,-1592.03271484375,-1592.03271484375,-1607.02880859375,-1601.490478515625,0.1389026790857315,0.0,1.0,0.3562087416648865,0.6683773994445801,0.10950622707605362,0.5182438492774963,1.0000001111620804e-06,3.3211106256203493e-06,0.23540745675563812,1.1992533206939697,5.0943732261657715,0.4620000123977661,0.3631666600704193,0.11459165811538696,0.14225135743618011,0.8055575489997864,0.40571171045303345,0.41408246755599976,0.9797847270965576,0.0,0.0,0.0,0.0,0.0,1.4798480151512194e-05,1.313749521614227e-06,-1.4798480151512194e-05,1.0,0.41263529658317566,sphere,10,513,gaussian,gaussian-ring,60000,0.3,0.3,"[0.0, 0.0, 0.0]","[0.8, 0.0, 0.0]",1,,,False
2026.05.21__182330,50.056846618652344,42.087921142578125,9.969891107175499e-05,50.056846618652344,140.5,0.0,,,,,,-2.6234123706817627,598.4511108398438,0.0,1.0,9.39510440826416,278.4671936035156,22.501489639282227,49.94865798950195,1.0000001111620804e-06,2.9620919121953193e-06,2.90669846534729,2.4491846561431885,0.8426001667976379,0.9591666460037231,0.03583333268761635,2.895439863204956,2.828155040740967,1.0237911939620972,3.141383409500122,3.130232095718384,1.0035624504089355,3.460544336393278e+23,1.1401897203738795e+24,inf,inf,7.941352867345518e+23,4.2605994652264196e+20,inf,1.1397636438203333e+24,1.0,3.318711519241333,poincare,10,16,gaussian,gaussian-ring,60000,0.3,0.3,"[0.0, 0.0, 0.0]","[0.8, 0.0, 0.0]",8,,,False
2026.05.21__182338,49.15138244628906,47.417083740234375,9.974040585802868e-05,49.15138244628906,140.5,0.0,,,,,,-3.00656795501709,584.3882446289062,0.0,1.0,9.248805046081543,273.25592041015625,22.28390121459961,48.19011306762695,1.0000001111620804e-06,3.127130412394763e-06,2.8582377433776855,2.457740545272827,0.8598796129226685,0.9926666617393494,0.03466666489839554,2.884559154510498,2.829352617263794,1.0195120573043823,3.134918212890625,3.1309571266174316,1.001265287399292,3.307046168709773e+23,1.1401902968346318e+24,inf,inf,8.094856439348575e+23,2.5347720613501442e+20,inf,1.1399367982188064e+24,1.0,3.31728458404541,poincare,10,16,gaussian,gaussian-ring,60000,0.3,0.3,"[0.0, 0.0, 0.0]","[0.8, 0.0, 0.0]",8,,,False
2026.05.21__182353,0.00020167177717667073,0.0002082202408928424,9.400689305039123e-05,0.00020167177717667073,83.0,1.584552228450775e-05,0.00020245034829713404,0.00020245034829713404,-1602.8018798828125,-1602.8018798828125,-1627.1392822265625,-1629.35595703125,0.13048231601715088,0.0,1.0,0.3461584746837616,0.6316422820091248,0.10306566208600998,0.5068536996841431,1.0000001111620804e-06,3.381097940291511e-06,0.2436867207288742,1.2229260206222534,5.018435001373291,0.4595000147819519,0.3583333194255829,0.11586958169937134,0.14506113529205322,0.7987637519836426,0.40783554315567017,0.4168352484703064,0.9784095287322998,0.0,0.0,0.0,0.0,0.0,7.660873961867765e-05,2.8966138415853493e-05,-7.660873961867765e-05,1.0,0.4146609604358673,poincare,10,64,gaussian,gaussian-ring,60000,0.3,0.3,"[0.0, 0.0, 0.0]","[0.8, 0.0, 0.0]",1,,,False
2026.05.21__182357,26.477039337158203,23.574405670166016,9.981419862015173e-05,26.477039337158203,121.0,0.0,,,,,,-19.343847274780273,1221.364013671875,0.0,1.0,13.800111770629883,270.177490234375,32.04460906982422,77.05921936035156,1.0000001111620804e-06,8.2401093095541e-06,2.492302656173706,3.700078010559082,1.4846022129058838,0.0,0.0,3.640324831008911,2.7575337886810303,1.320137858390808,3.5912816524505615,3.0924012660980225,1.1613245010375977,inf,inf,,,,inf,,,1.0,3.6273443698883057,poincare,10,64,gaussian,gaussian-ring,60000,0.3,0.3,"[0.0, 0.0, 0.0]","[0.8, 0.0, 0.0]",1,,,False
2026.05.21__182419,26.610408782958984,21.356266021728516,9.98756950139068e-05,26.610408782958984,120.5,0.0,,,,,,-19.09238624572754,1167.060546875,0.0,1.0,13.594971656799316,265.1421203613281,31.317827224731445,74.5110855102539,1.0000001111620804e-06,5.006930678064236e-06,2.5791525840759277,3.6977345943450928,1.433701515197754,0.0,0.0,3.660569429397583,2.7562057971954346,1.328118920326233,3.602325439453125,3.0910391807556152,1.1654092073440552,inf,inf,,,,inf,,,1.0,3.630708932876587,poincare,10,64,gaussian,gaussian-ring,60000,0.3,0.3,"[0.0, 0.0, 0.0]","[0.8, 0.0, 0.0]",1,,,False
2026.05.21__182426,0.00020019439398311079,0.00018756657664198428,9.400689305039123e-05,0.00020019439398311079,84.5,2.1709749489673413e-05,0.00019617762882262468,0.00019617762882262468,-1592.077880859375,-1592.077880859375,-1617.6527099609375,-1598.490966796875,0.1391742080450058,0.0,1.0,0.35556724667549133,0.6582393646240234,0.11265386641025543,0.5196296572685242,1.0000001111620804e-06,3.3512258141854545e-06,0.24160344898700714,1.2122845649719238,5.017662048339844,0.4571666717529297,0.3636666536331177,0.11059737205505371,0.14546158909797668,0.7603201270103455,0.4017951786518097,0.41793903708457947,0.9613726139068604,0.0,0.0,0.0,0.0,0.0,2.176572344581018e-08,2.8377289667397276e-12,-2.176572344581018e-08,1.0,0.4137442111968994,sphere,10,513,gaussian,gaussian-ring,60000,0.3,0.3,"[0.0, 0.0, 0.0]","[0.8, 0.0, 0.0]",1,,,False
2026.05.21__182434,0.00017922020924743265,0.0001782173931133002,9.541044710204005e-05,0.00017922020924743265,75.5,1.1009474292222876e-05,0.0001902862568385899,0.0001902862568385899,-1680.47119140625,-1680.47119140625,-1680.47119140625,-1659.066650390625,0.14790679514408112,0.0,1.0,0.37127330899238586,0.7194775938987732,0.10019125044345856,0.5244382619857788,1.0000001111620804e-06,3.0673791115987115e-06,0.20122414827346802,0.9920098185539246,4.929874420166016,0.4893333315849304,0.4505000114440918,0.07806813716888428,0.09095098823308945,0.8583539128303528,0.3434985876083374,0.3495379090309143,0.9827219843864441,0.0,0.0,0.0,0.0,0.0,1.4798480151512194e-05,1.313749521614227e-06,-1.4798480151512194e-05,1.0,0.3481740653514862,sphere,10,513,gaussian,gaussian-ring,60000,0.3,0.3,"[0.0, 0.0, 0.0]","[0.8, 0.0, 0.0]",4,,,False
2026.05.21__182442,0.00017935424693860114,0.00019376467389520258,9.437429253011942e-05,0.00017935424693860114,81.0,3.2680731237633154e-05,0.00018168608949054033,0.00018168608949054033,-1696.9478759765625,-1696.9478759765625,-1696.9478759765625,-1680.5765380859375,0.15444466471672058,0.0,1.0,0.3767281472682953,0.5938531756401062,0.11176656186580658,0.5267133712768555,1.0000001111620804e-06,3.154696969431825e-06,0.21839118003845215,1.1392152309417725,5.216397762298584,0.4891666769981384,0.2828333377838135,0.09866385906934738,0.0919068232178688,1.073520541191101,0.3880135416984558,0.3504656255245209,1.1071372032165527,2.7046398433346584e-36,0.0,0.0,0.0,-2.7046398433346584e-36,7.660873961867765e-05,2.8966138415853493e-05,-7.660873961867765e-05,1.0,0.3720729649066925,sphere,10,513,gaussian,gaussian-ring,60000,0.3,0.3,"[0.0, 0.0, 0.0]","[0.8, 0.0, 0.0]",4,,,False
2026.05.21__182521,26.52243995666504,24.526912689208984,9.969891107175499e-05,26.52243995666504,134.0,0.0,,,,,,-21.512855529785156,1376.263916015625,0.0,1.0,14.4981689453125,280.1072082519531,34.123966217041016,82.12996673583984,1.0000001111620804e-06,3.376962695256225e-06,3.3078629970550537,3.6649208068847656,1.1079421043395996,0.2916666567325592,0.00016666666488163173,3.54600191116333,2.8006110191345215,1.2661529779434204,3.5355241298675537,3.124932289123535,1.131392240524292,inf,inf,,,,inf,,,1.0,3.6126341819763184,poincare,10,64,gaussian,gaussian-ring,60000,0.3,0.3,"[0.0, 0.0, 0.0]","[0.8, 0.0, 0.0]",4,,,False
2026.05.21__182523,26.47413444519043,25.80218505859375,9.974040585802868e-05,26.47413444519043,118.0,0.0,,,,,,-20.502769470214844,1308.3681640625,0.0,1.0,14.072615623474121,270.0482482910156,33.25281524658203,79.93583679199219,1.0000001111620804e-06,8.641201930004172e-06,3.4771740436553955,3.6887927055358887,1.0608593225479126,0.0,0.0,3.5833189487457275,2.7989161014556885,1.2802523374557495,3.5584957599639893,3.123910903930664,1.1391156911849976,inf,inf,,,,inf,,,1.0,3.6254072189331055,poincare,10,64,gaussian,gaussian-ring,60000,0.3,0.3,"[0.0, 0.0, 0.0]","[0.8, 0.0, 0.0]",4,,,False
2026.05.21__182545,27.004650115966797,22.363174438476562,9.98756950139068e-05,27.004650115966797,113.5,0.0,,,,,,-19.262935638427734,1190.172119140625,0.0,1.0,13.71707820892334,258.916748046875,31.62373924255371,75.0881576538086,1.0000001111620804e-06,5.925118784944061e-06,3.6008310317993164,3.7103281021118164,1.0304088592529297,0.0,0.0,3.6513547897338867,2.8013410568237305,1.3034310340881348,3.5971686840057373,3.1253652572631836,1.1509594917297363,inf,inf,,,,inf,,,1.0,3.6450424194335938,poincare,10,64,gaussian,gaussian-ring,60000,0.3,0.3,"[0.0, 0.0, 0.0]","[0.8, 0.0, 0.0]",4,,,False
2026.05.21__182548,26.612958908081055,24.728525161743164,9.969891107175499e-05,26.612958908081055,135.5,0.0,,,,,,-21.478591918945312,1372.7252197265625,0.0,1.0,14.468100547790527,279.16290283203125,34.07134246826172,81.88545989990234,1.0000001111620804e-06,3.4350489386270056e-06,3.3184304237365723,3.666090250015259,1.1047663688659668,0.056333333253860474,0.00016666666488163173,3.5480618476867676,2.8006155490875244,1.2668864727020264,3.5367965698242188,3.124929666519165,1.1318004131317139,inf,inf,,,,inf,,,1.0,3.6133549213409424,poincare,10,64,gaussian,gaussian-ring,60000,0.3,0.3,"[0.0, 0.0, 0.0]","[0.8, 0.0, 0.0]",8,,,False
2026.05.21__182611,26.157371520996094,19.731407165527344,9.95022855931893e-05,26.157371520996094,138.5,0.0,,,,,,-22.43688201904297,1295.064453125,0.0,1.0,13.986673355102539,278.4938659667969,33.09706497192383,79.41898345947266,1.0000001111620804e-06,2.6282405087840743e-06,3.243093490600586,3.656078338623047,1.1273428201675415,1.0,0.0004999999655410647,3.5159170627593994,2.7989161014556885,1.2561709880828857,3.5174543857574463,3.123918294906616,1.1259751319885254,inf,inf,,,,inf,,,1.0,3.603391170501709,poincare,10,64,gaussian,gaussian-ring,60000,0.3,0.3,"[0.0, 0.0, 0.0]","[0.8, 0.0, 0.0]",8,,,False
2026.05.21__182709,0.0001795903517631814,0.0001807111402740702,9.573353599989787e-05,0.0001795903517631814,72.5,2.242003938590642e-05,0.0001908372505567968,0.0001908372505567968,-1687.7984619140625,-1687.7984619140625,-1687.79833984375,-1690.7923583984375,0.15050235390663147,0.0,1.0,0.3741826117038727,0.6873879432678223,0.10227339714765549,0.5311040282249451,1.0000001111620804e-06,3.06702190755459e-06,0.19165334105491638,0.9362593293190002,4.885171413421631,0.48883333802223206,0.515333354473114,0.06579019129276276,0.09097147732973099,0.7231957912445068,0.3163115680217743,0.34854191541671753,0.9075281023979187,0.0,0.0,0.0,0.0,0.0,2.176572344581018e-08,2.8377289667397276e-12,-2.176572344581018e-08,1.0,0.33544206619262695,sphere,10,513,gaussian,gaussian-ring,60000,0.3,0.3,"[0.0, 0.0, 0.0]","[0.8, 0.0, 0.0]",4,,,False
2026.05.21__182715,26.99652099609375,22.07941436767578,9.98756950139068e-05,26.99652099609375,112.0,0.0,,,,,,-19.266084671020508,1190.2391357421875,0.0,1.0,13.721887588500977,258.9454040527344,31.639570236206055,75.2092056274414,1.0000001111620804e-06,5.954298103461042e-06,3.6005616188049316,3.710205316543579,1.0304518938064575,0.0,0.0,3.651093006134033,2.8013415336608887,1.3033373355865479,3.597019910812378,3.125373601913452,1.1509087085723877,inf,inf,,,,inf,,,1.0,3.6449804306030273,poincare,10,64,gaussian,gaussian-ring,60000,0.3,0.3,"[0.0, 0.0, 0.0]","[0.8, 0.0, 0.0]",8,,,False
2026.05.21__182718,6.501940727233887,6.478379249572754,9.98756950139068e-05,6.501940727233887,120.0,0.0,,,,,,-69.68119049072266,1279.0098876953125,0.0,1.0,13.65360164642334,272.5678405761719,33.004329681396484,76.53160095214844,1.0000001111620804e-06,9.830412636802066e-06,2.6008596420288086,3.8633124828338623,1.485398292541504,0.0,0.0,3.8051769733428955,2.7476789951324463,1.3848695755004883,3.681771755218506,3.088768482208252,1.1919869184494019,inf,inf,,,,inf,,,1.0,3.674926996231079,poincare,10,256,gaussian,gaussian-ring,60000,0.3,0.3,"[0.0, 0.0, 0.0]","[0.8, 0.0, 0.0]",1,,,False
2026.05.21__182738,6.480123996734619,7.260133743286133,9.981419862015173e-05,6.480123996734619,115.5,0.0,,,,,,-69.83892059326172,1232.6546630859375,0.0,1.0,13.306812286376953,280.15478515625,32.39131164550781,75.09285736083984,1.0000001111620804e-06,1.2284565855225082e-05,2.588251829147339,3.861325740814209,1.4918663501739502,0.0,0.0,3.802307605743408,2.7437617778778076,1.3858009576797485,3.6802797317504883,3.0846784114837646,1.1930837631225586,inf,inf,,,,inf,,,1.0,3.6718204021453857,poincare,10,256,gaussian,gaussian-ring,60000,0.3,0.3,"[0.0, 0.0, 0.0]","[0.8, 0.0, 0.0]",1,,,False
2026.05.21__182746,6.569483757019043,6.955618858337402,9.981419862015173e-05,6.569483757019043,121.0,0.0,,,,,,-69.85199737548828,1197.3548583984375,0.0,1.0,13.145544052124023,270.3099670410156,31.98379898071289,72.89945983886719,1.0000001111620804e-06,1.1757052561733872e-05,2.630267381668091,3.8623697757720947,1.4684324264526367,0.0,0.0,3.803837299346924,2.749685525894165,1.3833717107772827,3.6810715198516846,3.090151786804199,1.1912269592285156,inf,inf,,,,inf,,,1.0,3.6747069358825684,poincare,10,256,gaussian,gaussian-ring,60000,0.3,0.3,"[0.0, 0.0, 0.0]","[0.8, 0.0, 0.0]",1,,,False
2026.05.21__182808,6.566591262817383,6.017335891723633,9.98756950139068e-05,6.566591262817383,123.0,0.0,,,,,,-69.96025848388672,1325.301513671875,0.0,1.0,13.8432035446167,269.78857421875,33.611480712890625,77.87651824951172,1.0000001111620804e-06,1.1281537808827125e-05,3.6875460147857666,3.8764564990997314,1.0512293577194214,0.0,0.0,3.798050880432129,2.793128252029419,1.3597838878631592,3.6780595779418945,3.122913360595703,1.1777654886245728,inf,inf,,,,inf,,,1.0,3.6899309158325195,poincare,10,256,gaussian,gaussian-ring,60000,0.3,0.3,"[0.0, 0.0, 0.0]","[0.8, 0.0, 0.0]",4,,,False
2026.05.21__182811,0.00017921769176609814,0.00017821807705331594,9.541044710204005e-05,0.00017921769176609814,75.0,1.0922551155090332e-05,0.00019028021779377013,0.00019028021779377013,-1680.5155029296875,-1680.5155029296875,-1680.515380859375,-1659.0743408203125,0.14790461957454681,0.0,1.0,0.3712725341320038,0.7195541262626648,0.1001836359500885,0.5243762135505676,1.0000001111620804e-06,3.067167426706874e-06,0.20122526586055756,0.9920647144317627,4.930120468139648,0.49016666412353516,0.4506666660308838,0.07807271927595139,0.0909581333398819,0.8583369255065918,0.34350964426994324,0.3495456278324127,0.9827319979667664,0.0,0.0,0.0,0.0,0.0,1.4798480151512194e-05,1.313749521614227e-06,-1.4798480151512194e-05,1.0,0.3481820523738861,sphere,10,513,gaussian,gaussian-ring,60000,0.3,0.3,"[0.0, 0.0, 0.0]","[0.8, 0.0, 0.0]",8,,,False
2026.05.21__182833,0.00017935690993908793,0.00019376772979740053,9.437429253011942e-05,0.00017935690993908793,79.5,3.537287193466909e-05,0.00018168827227782458,0.00018168827227782458,-1696.980712890625,-1696.980712890625,-1696.980712890625,-1680.5142822265625,0.15444543957710266,0.0,1.0,0.37673094868659973,0.5939149856567383,0.111760713160038,0.5266686081886292,1.0000001111620804e-06,3.1543472687189933e-06,0.21839268505573273,1.1391868591308594,5.2162322998046875,0.4891666769981384,0.2828333377838135,0.09865667670965195,0.0919085368514061,1.0734223127365112,0.3880031704902649,0.3504669964313507,1.1071033477783203,2.7530755341774545e-36,0.0,0.0,0.0,-2.7530755341774545e-36,7.660873961867765e-05,2.8966138415853493e-05,-7.660873961867765e-05,1.0,0.3720678985118866,sphere,10,513,gaussian,gaussian-ring,60000,0.3,0.3,"[0.0, 0.0, 0.0]","[0.8, 0.0, 0.0]",8,,,False
2026.05.21__182835,0.00017958473472390324,0.00018070783698931336,9.573353599989787e-05,0.00017958473472390324,73.0,2.2567188352695666e-05,0.0001908390549942851,0.0001908390549942851,-1687.977294921875,-1687.977294921875,-1687.977294921875,-1690.9415283203125,0.15051588416099548,0.0,1.0,0.37419915199279785,0.6874625086784363,0.10227885842323303,0.5310440063476562,1.0000001111620804e-06,3.0668313684145687e-06,0.1916043758392334,0.9361261129379272,4.8857245445251465,0.48899999260902405,0.51583331823349,0.06576405465602875,0.09096869826316833,0.7229306101799011,0.3162476122379303,0.34853360056877136,0.907366156578064,0.0,0.0,0.0,0.0,0.0,2.176572344581018e-08,2.8377289667397276e-12,-2.176572344581018e-08,1.0,0.3354024887084961,sphere,10,513,gaussian,gaussian-ring,60000,0.3,0.3,"[0.0, 0.0, 0.0]","[0.8, 0.0, 0.0]",8,,,False
2026.05.21__182902,6.635556221008301,7.156022071838379,9.981419862015173e-05,6.635556221008301,121.5,0.0,,,,,,-70.18315124511719,1248.1591796875,0.0,1.0,13.368813514709473,270.4658508300781,32.61978530883789,75.63040161132812,1.0000001111620804e-06,1.2438421435945202e-05,3.6855456829071045,3.8749189376831055,1.0513826608657837,0.0,0.0,3.7924652099609375,2.7933080196380615,1.357696771621704,3.6751372814178467,3.1230218410491943,1.1767888069152832,inf,inf,,,,inf,,,1.0,3.6881210803985596,poincare,10,256,gaussian,gaussian-ring,60000,0.3,0.3,"[0.0, 0.0, 0.0]","[0.8, 0.0, 0.0]",4,,,False
2026.05.21__182955,6.653536796569824,7.494411468505859,9.981419862015173e-05,6.653536796569824,121.0,0.0,,,,,,-70.21746826171875,1223.5509033203125,0.0,1.0,13.247077941894531,270.7740783691406,32.34440994262695,73.95684051513672,1.0000001111620804e-06,1.270187658519717e-05,3.6852707862854004,3.872920513153076,1.0509188175201416,0.0,0.0,3.7930402755737305,2.792679786682129,1.358208179473877,3.6754343509674072,3.1226584911346436,1.1770209074020386,inf,inf,,,,inf,,,1.0,3.6878371238708496,poincare,10,256,gaussian,gaussian-ring,60000,0.3,0.3,"[0.0, 0.0, 0.0]","[0.8, 0.0, 0.0]",4,,,False
2026.05.21__183019,6.599318504333496,6.366462707519531,9.98756950139068e-05,6.599318504333496,123.5,0.0,,,,,,-69.96504974365234,1313.02685546875,0.0,1.0,13.796941757202148,269.8002624511719,33.458858489990234,77.62980651855469,1.0000001111620804e-06,1.1301527592877392e-05,3.6875295639038086,3.8764255046844482,1.0512256622314453,0.0,0.0,3.7979745864868164,2.7931222915649414,1.3597594499588013,3.678020477294922,3.1229214668273926,1.1777498722076416,inf,inf,,,,inf,,,1.0,3.689910888671875,poincare,10,256,gaussian,gaussian-ring,60000,0.3,0.3,"[0.0, 0.0, 0.0]","[0.8, 0.0, 0.0]",8,,,False
2026.05.21__183028,6.6538615226745605,7.459591388702393,9.981419862015173e-05,6.6538615226745605,122.0,0.0,,,,,,-70.18411254882812,1246.6273193359375,0.0,1.0,13.376550674438477,270.460693359375,32.57973861694336,76.01558685302734,1.0000001111620804e-06,1.2370237527647987e-05,3.6855251789093018,3.8749125003814697,1.051386833190918,0.0,0.0,3.7923920154571533,2.793306350708008,1.3576712608337402,3.675114631652832,3.123018980026245,1.1767827272415161,inf,inf,,,,inf,,,1.0,3.6881039142608643,poincare,10,256,gaussian,gaussian-ring,60000,0.3,0.3,"[0.0, 0.0, 0.0]","[0.8, 0.0, 0.0]",8,,,False
2026.05.21__183048,6.583836078643799,4.78222131729126,9.974040585802868e-05,6.583836078643799,118.0,0.0,,,,,,-70.33992004394531,1227.5235595703125,0.0,1.0,13.216999053955078,272.0500183105469,32.42030715942383,74.02730560302734,1.0000001111620804e-06,1.182641790364869e-05,3.6832149028778076,3.8700881004333496,1.050736427307129,0.0,0.0,3.7872369289398193,2.792672634124756,1.3561335802078247,3.6723947525024414,3.1226465702056885,1.1760519742965698,inf,inf,,,,inf,,,1.0,3.686157464981079,poincare,10,256,gaussian,gaussian-ring,60000,0.3,0.3,"[0.0, 0.0, 0.0]","[0.8, 0.0, 0.0]",8,,,False
2026.05.21__183205,3.2119925022125244,2.8415980339050293,9.99248877633363e-05,3.2119925022125244,118.5,0.0,,,,,,-138.7626190185547,1281.31201171875,0.0,1.0,13.564421653747559,271.61956787109375,33.092323303222656,76.15089416503906,1.0000001111620804e-06,7.732824997219723e-06,2.608942985534668,3.892683267593384,1.492053747177124,0.0,0.0,3.8310904502868652,2.7477571964263916,1.3942608833312988,3.6954922676086426,3.0892717838287354,1.1962339878082275,inf,inf,,,,inf,,,1.0,3.682582139968872,poincare,10,512,gaussian,gaussian-ring,60000,0.3,0.3,"[0.0, 0.0, 0.0]","[0.8, 0.0, 0.0]",1,,,False
2026.05.21__183503,3.245387554168701,3.48009991645813,9.98756950139068e-05,3.245387554168701,119.5,0.0,,,,,,-138.97776794433594,1232.4581298828125,0.0,1.0,13.205613136291504,275.08477783203125,32.4542350769043,74.4332046508789,1.0000001111620804e-06,1.181375773740001e-05,2.6541333198547363,3.888885974884033,1.4652187824249268,0.0,0.0,3.8309595584869385,2.745011329650879,1.3956079483032227,3.6954121589660645,3.0865769386291504,1.1972525119781494,inf,inf,,,,inf,,,1.0,3.6808652877807617,poincare,10,512,gaussian,gaussian-ring,60000,0.3,0.3,"[0.0, 0.0, 0.0]","[0.8, 0.0, 0.0]",1,,,False
2026.05.21__183541,3.236179828643799,2.832099437713623,9.99248877633363e-05,3.236179828643799,115.5,0.0,,,,,,-138.74440002441406,1205.3360595703125,0.0,1.0,13.151679992675781,273.166015625,32.10769271850586,72.89532470703125,1.0000001111620804e-06,7.478168299712706e-06,2.6911721229553223,3.8931682109832764,1.4466441869735718,0.0,0.0,3.8304338455200195,2.753913402557373,1.390905737876892,3.6951496601104736,3.0945041179656982,1.1941008567810059,inf,inf,,,,inf,,,1.0,3.6850905418395996,poincare,10,512,gaussian,gaussian-ring,60000,0.3,0.3,"[0.0, 0.0, 0.0]","[0.8, 0.0, 0.0]",1,,,False
2026.05.21__183659,3.270534038543701,2.932326316833496,9.99248877633363e-05,3.270534038543701,110.5,0.0,,,,,,-138.98251342773438,1320.5916748046875,0.0,1.0,13.732941627502441,273.1337585449219,33.5927619934082,77.16133117675781,1.0000001111620804e-06,8.996898941404652e-06,3.6969125270843506,3.9065394401550293,1.0567033290863037,0.0,0.0,3.8272440433502197,2.7920429706573486,1.3707681894302368,3.6935107707977295,3.1226861476898193,1.182799220085144,inf,inf,,,,inf,,,1.0,3.698096990585327,poincare,10,512,gaussian,gaussian-ring,60000,0.3,0.3,"[0.0, 0.0, 0.0]","[0.8, 0.0, 0.0]",4,,,False
2026.05.21__183705,3.2697489261627197,3.379220485687256,9.98756950139068e-05,3.2697489261627197,112.5,0.0,,,,,,-139.2950439453125,1245.4532470703125,0.0,1.0,13.258654594421387,273.93548583984375,32.61332702636719,75.05593872070312,1.0000001111620804e-06,1.3687744285562076e-05,3.696246862411499,3.9031972885131836,1.055989384651184,0.0,0.0,3.82547926902771,2.7926321029663086,1.369847059249878,3.692595958709717,3.1230292320251465,1.1823763847351074,inf,inf,,,,inf,,,1.0,3.6974036693573,poincare,10,512,gaussian,gaussian-ring,60000,0.3,0.3,"[0.0, 0.0, 0.0]","[0.8, 0.0, 0.0]",4,,,False
2026.05.21__183714,3.2912395000457764,2.702598810195923,9.99248877633363e-05,3.2912395000457764,110.5,0.0,,,,,,-138.898681640625,1233.77880859375,0.0,1.0,13.288570404052734,272.89208984375,32.49104309082031,74.0750503540039,1.0000001111620804e-06,8.659352715767454e-06,3.696988821029663,3.9050357341766357,1.056274652481079,0.0,0.0,3.8276965618133545,2.791487693786621,1.3712031841278076,3.6937363147735596,3.122345447540283,1.1830005645751953,inf,inf,,,,inf,,,1.0,3.6981451511383057,poincare,10,512,gaussian,gaussian-ring,60000,0.3,0.3,"[0.0, 0.0, 0.0]","[0.8, 0.0, 0.0]",4,,,False
2026.05.21__183840,3.27018141746521,2.988560199737549,9.99248877633363e-05,3.27018141746521,113.5,0.0,,,,,,-138.97158813476562,1321.3646240234375,0.0,1.0,13.746010780334473,273.12841796875,33.593448638916016,77.3930435180664,1.0000001111620804e-06,8.929682735470124e-06,3.6969285011291504,3.9065754413604736,1.0567084550857544,0.0,0.0,3.827324867248535,2.7920429706573486,1.3707971572875977,3.693542242050171,3.1226816177368164,1.1828110218048096,inf,inf,,,,inf,,,1.0,3.6981136798858643,poincare,10,512,gaussian,gaussian-ring,60000,0.3,0.3,"[0.0, 0.0, 0.0]","[0.8, 0.0, 0.0]",8,,,False
2026.05.21__183916,3.2708487510681152,3.545262336730957,9.98756950139068e-05,3.2708487510681152,111.5,0.0,,,,,,-139.2941436767578,1246.1787109375,0.0,1.0,13.259411811828613,273.9469909667969,32.634063720703125,74.89713287353516,1.0000001111620804e-06,1.3702228898182511e-05,3.6962318420410156,3.9032108783721924,1.0559972524642944,0.0,0.0,3.825503349304199,2.7926321029663086,1.3698557615280151,3.6926045417785645,3.1230316162109375,1.1823781728744507,inf,inf,,,,inf,,,1.0,3.697373628616333,poincare,10,512,gaussian,gaussian-ring,60000,0.3,0.3,"[0.0, 0.0, 0.0]","[0.8, 0.0, 0.0]",8,,,False
2026.05.21__184035,3.2935938835144043,2.840689182281494,9.99248877633363e-05,3.2935938835144043,109.0,0.0,,,,,,-138.89990234375,1228.857177734375,0.0,1.0,13.262425422668457,272.93115234375,32.42807388305664,73.84309387207031,1.0000001111620804e-06,8.680953214934561e-06,3.696988821029663,3.9051060676574707,1.0562936067581177,0.0,0.0,3.8277597427368164,2.791487693786621,1.3712257146835327,3.69376277923584,3.1223409175872803,1.1830106973648071,inf,inf,,,,inf,,,1.0,3.6981592178344727,poincare,10,512,gaussian,gaussian-ring,60000,0.3,0.3,"[0.0, 0.0, 0.0]","[0.8, 0.0, 0.0]",8,,,False
2026.05.22__113205,2202.724853515625,2363.72998046875,9.99248877633363e-05,2202.724853515625,179.0,0.0,,,,,,-2.0792462825775146,6487.24658203125,0.0,1.0,33.524658203125,567.1773071289062,73.02262115478516,186.33558654785156,1.0000001111620804e-06,1.0545051054577925e-06,0.4724205434322357,0.05122761055827141,0.1084364652633667,0.359499990940094,0.3216666579246521,36.20819091796875,37.951541900634766,0.9540637731552124,10.626058578491211,10.923381805419922,0.9727810025215149,36.028682708740234,40.15254592895508,47.71321487426758,0.08923061937093735,4.123863220214844,1.03084135055542,0.0010012990096583962,39.1217041015625,1.0,10.77365493774414,poincare,1,2,gaussian,gaussian-ring,60000,0.3,0.3,"[0.0, 0.0, 0.0]","[0.8, 0.0, 0.0]",4,,,False
2026.05.22__113210,0.2252994030714035,0.19225949048995972,9.925681661115959e-05,0.2252994030714035,112.0,9.90430544334231e-06,0.21769289672374725,0.21769289672374725,1.826564908027649,1.826564908027649,1.826564908027649,1.8072835206985474,5.681856632232666,0.0,1.0,2.3752684593200684,2.8375751972198486,0.197916641831398,2.611473560333252,1.0008122899307637e-06,4.292545554562821e-07,0.15700288116931915,0.0270991288125515,0.17260274291038513,0.8939999938011169,0.9148333072662354,0.08926312625408173,0.09161867201328278,0.9742896556854248,0.3679768741130829,0.3624151349067688,1.0153464078903198,0.20583276450634003,0.2011989802122116,0.006804602220654488,0.006291688419878483,-0.004633799195289612,0.9705438017845154,0.0008338046609424055,-0.7693448066711426,1.0,0.36909154057502747,sphere,1,3,gaussian,gaussian-ring,60000,0.3,0.3,"[0.0, 0.0, 0.0]","[0.8, 0.0, 0.0]",8,,,False
2026.05.22__113338,0.007687837351113558,0.007595358416438103,9.938564471667632e-05,0.007687837351113558,47.5,4.0908653318183497e-05,0.007669334299862385,0.007669334299862385,-410.2947082519531,-410.2947082519531,-410.2947082519531,-411.1262512207031,0.3741840720176697,0.0,1.0,0.5338667035102844,1.5549182891845703,0.2982330024242401,1.0216180086135864,1.0000001111620804e-06,3.330131448819884e-06,0.7312939167022705,0.98616623878479,1.3485225439071655,0.49916666746139526,0.4673333466053009,1.0756224393844604,1.0174833536148071,1.0571401119232178,1.2841224670410156,1.2606226205825806,1.018641471862793,9.475221673937995e-08,9.94893269989916e-08,1.761227795549214e-11,1.5414759312742943e-12,4.737110259611654e-09,4.6512758922201414e-11,1.2680445525505174e-17,9.944281487150874e-08,1.0,1.2722387313842773,sphere,1,257,gaussian,gaussian-ring,60000,0.3,0.3,"[0.0, 0.0, 0.0]","[0.8, 0.0, 0.0]",1,,,False
2026.05.22__113343,2203.365966796875,2363.824462890625,9.99248877633363e-05,2203.365966796875,182.0,0.0,,,,,,-2.079780340194702,6487.65673828125,0.0,1.0,33.526248931884766,567.1842651367188,73.02461242675781,186.34262084960938,1.0000001111620804e-06,1.0544532642597915e-06,0.47582992911338806,0.05138137936592102,0.10798266530036926,0.3581666648387909,0.32100000977516174,36.208858489990234,37.95484161376953,0.9539983868598938,10.626152992248535,10.924044609069824,0.9727306365966797,36.03002166748047,40.160240173339844,47.70419692993164,7.716072047969647e-08,4.130218505859375,1.03084135055542,0.0010012990096583962,39.129398345947266,1.0,10.774039268493652,poincare,1,2,gaussian,gaussian-ring,60000,0.3,0.3,"[0.0, 0.0, 0.0]","[0.8, 0.0, 0.0]",8,,,False
2026.05.22__113522,183.96400451660156,152.34584045410156,9.98756950139068e-05,183.96400451660156,80.0,0.0,,,,,,232.85269165039062,1433.8216552734375,0.0,1.0,15.770428657531738,292.4642028808594,34.35068130493164,86.21939849853516,1.0000001111620804e-06,1.1710965281963581e-06,7.785323143005371,2.505039930343628,0.32176440954208374,1.0,1.0,10.453378677368164,37.151206970214844,0.28137385845184326,5.725700378417969,11.48820972442627,0.49839797616004944,inf,inf,,,,1.662128704584286e+32,inf,inf,1.0,8.607970237731934,poincare,1,64,gaussian,gaussian-ring,60000,0.3,0.3,"[0.0, 0.0, 0.0]","[0.8, 0.0, 0.0]",8,,,False
2026.05.22__113557,0.19781258702278137,0.20776565372943878,9.852721996139735e-05,0.19781258702278137,51.0,1.5497207641601562e-06,0.2019253671169281,0.2019253671169281,3.2725515365600586,3.2725515365600586,3.2725515365600586,3.267220973968506,0.36814621090888977,0.0,1.0,0.5405405163764954,1.1399507522583008,0.275290310382843,1.0244009494781494,1.0000001111620804e-06,2.610242063383339e-06,0.3577904999256134,0.08044177293777466,0.2248292714357376,0.484333336353302,0.492000013589859,0.9710118770599365,0.9670831561088562,1.0040624141693115,1.0701169967651367,1.0704474449157715,0.9996913075447083,0.5094272494316101,0.508952260017395,0.05593423545360565,0.05561527609825134,-0.0004749894142150879,0.84157794713974,0.013600246049463749,-0.33262568712234497,1.0,1.0737754106521606,sphere,2,4,gaussian,gaussian-ring,60000,0.3,0.3,"[0.0, 0.0, 0.0]","[0.8, 0.0, 0.0]",1,,,False
2026.05.22__113710,1059.9249267578125,1082.90966796875,9.981419862015173e-05,1059.9249267578125,145.5,0.0,,,,,,-2.2313199043273926,1586.1163330078125,0.0,1.0,17.419172286987305,287.5632629394531,35.7871208190918,94.58727264404297,1.0000001111620804e-06,1.5255153584803338e-06,0.43513166904449463,0.10970243066549301,0.2521131932735443,0.39133334159851074,0.33500000834465027,11.563429832458496,12.228468894958496,0.9456155896186829,5.949915885925293,6.168643951416016,0.9645419716835022,35.285552978515625,40.16008758544922,90.6865005493164,3.5061975722783245e-07,4.874534606933594,1.0949018001556396,0.009602326899766922,39.065185546875,1.0,6.03787088394165,poincare,3,2,gaussian,gaussian-ring,60000,0.3,0.3,"[0.0, 0.0, 0.0]","[0.8, 0.0, 0.0]",8,,,False
2026.05.22__113720,0.19977867603302002,0.19782979786396027,9.911583038046956e-05,0.19977867603302002,49.0,3.998478405264905e-06,0.20756559073925018,0.20756559073925018,3.247523069381714,3.247523069381714,3.247523069381714,3.2689661979675293,0.3648388981819153,0.0,1.0,0.537080705165863,1.1239845752716064,0.27594810724258423,1.015824317932129,1.0000001111620804e-06,2.6543093554209918e-06,0.36792251467704773,0.080338254570961,0.2183564305305481,0.4898333251476288,0.4908333420753479,0.9899561405181885,0.9706447720527649,1.0198954343795776,1.0746992826461792,1.0718324184417725,1.0026746988296509,0.5083057284355164,0.510642945766449,0.054358698427677155,0.05552239343523979,0.002337217330932617,0.8418706655502319,0.013209682889282703,-0.33122771978378296,1.0,1.0753052234649658,sphere,2,4,gaussian,gaussian-ring,60000,0.3,0.3,"[0.0, 0.0, 0.0]","[0.8, 0.0, 0.0]",1,,,False
2026.05.22__113838,0.12802810966968536,0.13339494168758392,9.925681661115959e-05,0.12802810966968536,77.5,5.3147473408898804e-06,0.12811508774757385,0.12811508774757385,0.7305530309677124,0.7305530309677124,0.7305529713630676,0.7164007425308228,1.122827172279358,0.0,1.0,1.0505295991897583,1.4738624095916748,0.1377554088830948,1.2445913553237915,1.0000001111620804e-06,9.976579349313397e-07,0.1641947627067566,0.029450321570038795,0.17936211824417114,0.7643333077430725,0.7463333606719971,0.08844181150197983,0.09123087674379349,0.9694284796714783,0.3624139428138733,0.35921230912208557,1.0089128017425537,0.3691689074039459,0.36203646659851074,0.020766455680131912,0.019475746899843216,-0.007132440339773893,0.9132959246635437,0.0068057021126151085,-0.5512593984603882,1.0,0.3603578209877014,sphere,3,3,gaussian,gaussian-ring,60000,0.3,0.3,"[0.0, 0.0, 0.0]","[0.8, 0.0, 0.0]",4,,,False
2026.05.22__113848,608.5454711914062,462.6519470214844,9.790589683689177e-05,608.5454711914062,152.0,0.0,784.7511596679688,784.7511596679688,-1.216776967048645,-1.216776967048645,-1.216776967048645,-1.0665804147720337,1483.5111083984375,0.0,1.0,17.318601608276367,266.8644714355469,34.3588752746582,93.51399993896484,1.0000001111620804e-06,1.2587839819389046e-06,2.139275074005127,0.14272259175777435,0.06671539694070816,0.528166651725769,0.4684999883174896,11.775368690490723,11.97168254852295,0.9836018085479736,6.249526023864746,6.323058128356934,0.988370954990387,1442.9090576171875,1612.82666015625,170377.09375,0.0022140832152217627,169.917724609375,1.3254554271697998,0.11104421317577362,1611.501220703125,1.0,6.292870998382568,poincare,3,3,gaussian,gaussian-ring,60000,0.3,0.3,"[0.0, 0.0, 0.0]","[0.8, 0.0, 0.0]",4,,,False
2026.05.22__114000,0.129995658993721,0.13023249804973602,9.969891107175499e-05,0.129995658993721,71.5,4.244347564963391e-06,,,,,,0.7196709513664246,1.122765302658081,0.0,1.0,1.0506463050842285,1.4941797256469727,0.13685736060142517,1.2393430471420288,1.0000001111620804e-06,9.838788628258044e-07,0.16041046380996704,0.030457690358161926,0.18987345695495605,0.7771666646003723,0.7398333549499512,0.08908571302890778,0.09191633760929108,0.9692043662071228,0.3641741871833801,0.3604573905467987,1.0103113651275635,0.3695109784603119,0.3619617223739624,0.02077624388039112,0.01969967968761921,-0.007549285888671875,0.9147016406059265,0.006523377727717161,-0.5527399778366089,1.0,0.36529600620269775,sphere,3,3,gaussian,gaussian-ring,60000,0.3,0.3,"[0.0, 0.0, 0.0]","[0.8, 0.0, 0.0]",4,,,False
2026.05.22__114103,758.8839111328125,619.844482421875,9.95022855931893e-05,758.8839111328125,152.0,0.0,,,,,,-1.3183715343475342,1445.3953857421875,0.0,1.0,16.908288955688477,270.3243408203125,33.960933685302734,91.7109603881836,1.0000001111620804e-06,1.3095433359922026e-06,2.3995275497436523,0.1662391573190689,0.06927995383739471,0.5423333048820496,0.46816667914390564,11.696101188659668,11.963374137878418,0.9776591658592224,6.220158100128174,6.3206024169921875,0.9841085076332092,1407.2667236328125,1612.8336181640625,200971.609375,0.002181449206545949,205.5670166015625,1.331274151802063,0.1150217056274414,1611.5023193359375,1.0,6.294393062591553,poincare,3,3,gaussian,gaussian-ring,60000,0.3,0.3,"[0.0, 0.0, 0.0]","[0.8, 0.0, 0.0]",8,,,False
2026.05.22__114113,0.12885841727256775,0.12693171203136444,9.969891107175499e-05,0.12885841727256775,71.0,4.167357928963611e-06,,,,,,0.7044457197189331,1.12736976146698,0.0,1.0,1.0527223348617554,1.4999781847000122,0.1376444548368454,1.2418107986450195,1.0000001111620804e-06,9.831767329160357e-07,0.1625666320323944,0.03072996437549591,0.18902996182441711,0.7850000262260437,0.7516666650772095,0.08707322180271149,0.08965940028429031,0.9711555242538452,0.3603370487689972,0.35631391406059265,1.0112910270690918,0.3684224784374237,0.3608185350894928,0.020421385765075684,0.019311070442199707,-0.007603973615914583,0.9147016406059265,0.006523377727717161,-0.5538831353187561,1.0,0.3615177273750305,sphere,3,3,gaussian,gaussian-ring,60000,0.3,0.3,"[0.0, 0.0, 0.0]","[0.8, 0.0, 0.0]",8,,,False
2026.05.22__114225,0.10414305329322815,0.09779735654592514,9.938564471667632e-05,0.10414305329322815,72.5,3.9214887692651246e-06,0.10193800181150436,0.10193800181150436,-0.45675837993621826,-0.45675837993621826,-0.4567583501338959,-0.45716002583503723,0.9551318287849426,0.0,1.0,0.9681671261787415,1.324512004852295,0.1331333965063095,1.1605292558670044,1.0000001111620804e-06,1.0670902383935754e-06,0.17874953150749207,0.0699387788772583,0.39126691222190857,0.5333333015441895,0.44583332538604736,0.08550384640693665,0.09064149856567383,0.9433189034461975,0.36522871255874634,0.3625616729259491,1.00735604763031,0.15493892133235931,0.151786670088768,0.008613943122327328,0.010337906889617443,-0.0031522512435913086,0.775188148021698,0.024586038663983345,-0.6234014630317688,1.0,0.3617287874221802,sphere,3,4,gaussian,gaussian-ring,60000,0.3,0.3,"[0.0, 0.0, 0.0]","[0.8, 0.0, 0.0]",8,,,False
2026.05.22__114256,614.2998046875,573.1995849609375,9.755525388754904e-05,614.2998046875,206.5,0.0,587.1004028320312,587.1004028320312,-2.644583225250244,-2.644583225250244,-2.644582986831665,-2.589468479156494,1989.521484375,0.0,1.0,18.781967163085938,383.6465759277344,40.35717010498047,103.5949478149414,1.0000001111620804e-06,1.704297687865619e-06,1.7033300399780273,0.08595336228609085,0.05046194791793823,0.5243332982063293,0.5143333077430725,11.514456748962402,11.944398880004883,0.9640046954154968,6.192002773284912,6.315122604370117,0.9805039763450623,1425.296630859375,1612.8330078125,132436.828125,0.00221518543548882,187.536376953125,1.3274755477905273,0.10365123301744461,1611.5054931640625,1.0,6.252274513244629,poincare,3,3,gaussian,gaussian-ring,60000,0.3,0.3,"[0.0, 0.0, 0.0]","[0.8, 0.0, 0.0]",8,,,False
2026.05.22__114343,0.01733638346195221,0.017719285562634468,9.730680903885514e-05,0.01733638346195221,65.5,1.0579824447631836e-06,0.01728321611881256,0.01728321611881256,-23.838659286499023,-23.838659286499023,-23.838659286499023,-23.89713478088379,0.3078966736793518,0.0,1.0,0.5345930457115173,0.8721643686294556,0.14851424098014832,0.7692771553993225,1.0000001111620804e-06,2.0654124455177225e-06,0.184131920337677,0.632718026638031,3.4362213611602783,0.5056666731834412,0.5036666393280029,0.09317885339260101,0.08748189359903336,1.0651215314865112,0.3747073709964752,0.36443981528282166,1.0281734466552734,3.5059154470218346e-05,4.6322227717610076e-05,8.98280632100068e-08,1.3798364761896664e-06,1.1263074156886432e-05,0.0008451190078631043,2.1426329112728126e-05,-0.0007987967110238969,1.0,0.36843839287757874,sphere,3,17,gaussian,gaussian-ring,60000,0.3,0.3,"[0.0, 0.0, 0.0]","[0.8, 0.0, 0.0]",8,,,False
2026.05.22__114527,0.010054221376776695,0.01001614797860384,9.812489588512108e-05,0.010054221376776695,48.5,2.228716948593501e-05,0.01014613825827837,0.01014613825827837,-69.2352066040039,-69.2352066040039,-69.2352066040039,-69.43109130859375,0.17488789558410645,0.0,1.0,0.3769097626209259,1.2194633483886719,0.1808391958475113,0.685090184211731,1.0000001111620804e-06,3.810683665506076e-06,0.6555410623550415,1.4816465377807617,2.2601888179779053,0.5040000081062317,0.5074999928474426,0.8409706950187683,0.8323285579681396,1.010383129119873,0.9066914319992065,0.9069350361824036,0.9997314214706421,5.9673886426026e-05,5.180742391530657e-06,1.78669342858484e-05,1.2448831965272689e-09,-5.449314267025329e-05,8.353158045792952e-05,4.166323924437165e-05,-7.835083670215681e-05,1.0,0.904310941696167,sphere,3,65,gaussian,gaussian-ring,60000,0.3,0.3,"[0.0, 0.0, 0.0]","[0.8, 0.0, 0.0]",1,,,False
2026.05.22__114532,399.55877685546875,434.25079345703125,9.960671741282567e-05,399.55877685546875,134.0,0.0,,,,,,-1.8386013507843018,480.1341247558594,0.0,1.0,8.995369911193848,200.8600616455078,19.914339065551758,46.419464111328125,1.0000001111620804e-06,2.1055107026768383e-06,0.556394100189209,0.09475061297416687,0.17029406130313873,0.40283334255218506,0.3240000009536743,5.377046585083008,5.610531806945801,0.9583844542503357,3.9186227321624756,4.032682418823242,0.9717161655426025,23.960166931152344,28.708520889282227,182.43612670898438,202.6970672607422,4.748353958129883,1.1662085056304932,0.033839404582977295,27.542312622070312,1.0,3.9761576652526855,poincare,5,2,gaussian,gaussian-ring,60000,0.3,0.3,"[0.0, 0.0, 0.0]","[0.8, 0.0, 0.0]",1,,,False
2026.05.22__114715,686.2705078125,703.3953247070312,9.95022855931893e-05,686.2705078125,153.5,0.0,,,,,,-2.60504150390625,901.6926879882812,0.0,1.0,13.052166938781738,223.29379272460938,26.97301483154297,70.56717681884766,1.0000001111620804e-06,1.8895175344368909e-06,0.40138453245162964,0.14757879078388214,0.367674320936203,0.3448333442211151,0.2849999964237213,6.653306484222412,7.110071182250977,0.935758113861084,4.474170684814453,4.681680202484131,0.955676257610321,34.007972717285156,40.16008377075195,110.34283447265625,1.7939939311872877e-07,6.152111530303955,1.1646368503570557,0.032703157514333725,38.995445251464844,1.0,4.574367046356201,poincare,5,2,gaussian,gaussian-ring,60000,0.3,0.3,"[0.0, 0.0, 0.0]","[0.8, 0.0, 0.0]",4,,,False
2026.05.22__114720,0.015191804617643356,0.015063073486089706,9.925681661115959e-05,0.015191804617643356,67.5,1.1006991371687036e-05,0.015168610028922558,0.015168610028922558,-2.744367837905884,-2.744367837905884,-2.7443671226501465,-2.673454761505127,0.1914924681186676,0.0,1.0,0.41820353269577026,0.7948669195175171,0.1287078708410263,0.6326438784599304,1.0000001111620804e-06,2.703388872760115e-06,0.3568297028541565,0.9572690725326538,2.6827054023742676,0.49016666412353516,0.5038333535194397,0.36913469433784485,0.39467838406562805,0.9352797269821167,0.655170202255249,0.6647167801856995,0.9856380820274353,0.007219295017421246,0.005454348400235176,0.0007127586286514997,0.0002619549341034144,-0.0017649466171860695,5.246603905106895e-05,4.77927528663713e-07,0.005401882342994213,1.0,0.660912036895752,sphere,5,17,gaussian,gaussian-ring,60000,0.3,0.3,"[0.0, 0.0, 0.0]","[0.8, 0.0, 0.0]",1,,,False
2026.05.22__114843,0.0033435248769819736,0.0033287634141743183,9.852721996139735e-05,0.0033435248769819736,63.5,1.498560141044436e-05,0.003436935367062688,0.003436935367062688,-143.8680877685547,-143.8680877685547,-143.8680877685547,-144.47235107421875,0.39250603318214417,0.0,1.0,0.6089150309562683,0.9930585026741028,0.14723187685012817,0.8642724752426147,1.0000001111620804e-06,1.7524351960673812e-06,0.18969866633415222,0.9272065162658691,4.887786388397217,0.4988333284854889,0.3843333423137665,0.09685533493757248,0.09185801446437836,1.0544027090072632,0.3925139307975769,0.3662867546081543,1.0716028213500977,1.0637910691224661e-10,5.705440009329266e-10,2.1164330833926697e-17,6.885671118062096e-16,4.6416490095957386e-10,0.08478067070245743,0.048357635736465454,-0.08478067070245743,1.0,0.3800405263900757,sphere,5,65,gaussian,gaussian-ring,60000,0.3,0.3,"[0.0, 0.0, 0.0]","[0.8, 0.0, 0.0]",8,,,False
2026.05.22__114904,2.649219512939453,3.2782950401306152,9.974040585802868e-05,2.649219512939453,44.0,0.0,,,,,,2.189152956008911,5.896823406219482,0.0,1.0,1.9671618938446045,21.53770637512207,1.4164042472839355,4.42237663269043,1.0000001111620804e-06,7.483351396331273e-07,0.4154982566833496,0.011532187461853027,0.027755077928304672,0.4728333353996277,0.4560000002384186,5.006754398345947,4.973410606384277,1.0067044496536255,3.2671515941619873,3.2577784061431885,1.002877116203308,2.2938055992126465,2.2993645668029785,1.029249668121338,1.083453893661499,0.005558967590332031,1.0305960178375244,0.0009604442166164517,1.268768548965454,1.0,3.254462480545044,poincare,1,2,gaussian,gaussian-ring,60000,0.3,0.3,"[0.0, 0.0, 0.0]","[0.8, 0.0, 0.0]",1,,,False
2026.05.22__115039,0.0003658263594843447,0.00036783789983019233,9.730680903885514e-05,0.0003658263594843447,74.0,1.1393179192964453e-05,0.00036177673609927297,0.00036177673609927297,-732.6254272460938,-732.6254272460938,-737.5835571289062,-742.0516967773438,0.15179772675037384,0.0,1.0,0.3775051534175873,0.6034309267997742,0.09628179669380188,0.541348397731781,1.0000001111620804e-06,2.900002527894685e-06,0.2004181444644928,0.9279897212982178,4.630268096923828,0.4896666705608368,0.47066667675971985,0.06640543788671494,0.08858571201562881,0.7496179342269897,0.3213079869747162,0.34422212839126587,0.9334321022033691,6.0969672947754506e-15,1.424279759139744e-41,2.0713835693583464e-25,0.0,-6.0969672947754506e-15,0.00024112252867780626,0.00015712808817625046,-0.00024112252867780626,1.0,0.33405959606170654,sphere,10,257,gaussian,gaussian-ring,60000,0.3,0.3,"[0.0, 0.0, 0.0]","[0.8, 0.0, 0.0]",4,,,False
2026.05.22__115404,71.02304077148438,73.55296325683594,9.98756950139068e-05,71.02304077148438,103.5,2.3633241653442383e-05,,,,,,-1.3037219047546387,504.6276550292969,0.0,1.0,8.8980131149292,243.2205810546875,20.57258415222168,46.69845962524414,1.0000001111620804e-06,1.712236667117395e-06,1.6987371444702148,1.7176289558410645,1.0111210346221924,0.2381666600704193,0.9626666903495789,3.0337250232696533,5.452520370483398,0.5563894510269165,3.0780386924743652,4.267435550689697,0.721285343170166,1.1991329403832956e+22,6.717418603814293e+23,inf,inf,6.597505399847956e+23,710958514176.0,1.322307477685088e+27,6.717418603814293e+23,1.0,3.7485039234161377,poincare,5,16,gaussian,gaussian-ring,60000,0.3,0.3,"[0.0, 0.0, 0.0]","[0.8, 0.0, 0.0]",1,,,False
2026.05.22__115806,0.2262076437473297,0.2319890260696411,9.888164640869945e-05,0.2262076437473297,64.0,1.8278757352163666e-06,0.23276329040527344,0.23276329040527344,4.0546555519104,4.0546555519104,4.0546555519104,4.056914806365967,0.6873483061790466,0.0,1.0,0.7384337782859802,1.5718861818313599,0.376491904258728,1.4307223558425903,1.0000001111620804e-06,2.0280799617466982e-06,0.2798556983470917,0.018604768440127373,0.06647986173629761,0.4701666533946991,0.45750001072883606,1.0750235319137573,1.0172680616378784,1.0567750930786133,1.2400928735733032,1.2129640579223633,1.022365689277649,0.8056497573852539,0.8173026442527771,0.019483404234051704,0.015941524878144264,0.011652886867523193,0.9705438017845154,0.0008338046609424055,-0.15324115753173828,1.0,1.2199342250823975,sphere,1,3,gaussian,gaussian-ring,60000,0.3,0.3,"[0.0, 0.0, 0.0]","[0.8, 0.0, 0.0]",1,,,False
2026.05.22__120602,703.9954833984375,854.901123046875,9.974040585802868e-05,703.9954833984375,149.5,0.0,,,,,,-2.7287254333496094,901.5884399414062,0.0,1.0,12.840550422668457,226.30758666992188,27.063859939575195,69.49087524414062,1.0000001111620804e-06,2.1713110527343815e-06,0.4394046664237976,0.20785710215568542,0.4730425477027893,0.2601666748523712,0.21533332765102386,6.364922523498535,7.104071140289307,0.8959542512893677,4.3506951332092285,4.679361343383789,0.929762601852417,31.341205596923828,40.160072326660156,138.10708618164062,1.7763689186267584e-07,8.818866729736328,1.1662085056304932,0.033839404582977295,38.99386215209961,1.0,4.512621879577637,poincare,5,2,gaussian,gaussian-ring,60000,0.3,0.3,"[0.0, 0.0, 0.0]","[0.8, 0.0, 0.0]",4,,,False
