,train/loss,train/loss_step,train/loss_epoch,nfe,integ_error,val/rfm_loss,val/rfm_loss_epoch,val/loss,val/loss_epoch,val/loss_best,test/loss,test_vec/rfm_loss,test_vec/alignment,test_vec/finite_fraction,test_vec/norm_mean,test_vec/norm_max,test_vec/norm_std,test_vec/norm_p95,test_vec/tangency_violation_abs,test_vec/tangency_violation_rel,test_sample/sinkhorn_knopp,test_sample/tangent_sinkhorn_knopp,test_sample/tangent_to_geodesic_sinkhorn_ratio,test_sample/ambient_sinkhorn_knopp,test_sample/ambient_to_geodesic_sinkhorn_ratio,test_sample/mmd2,test_sample/tangent_mmd2,test_sample/tangent_to_geodesic_mmd2_ratio,test_sample/ambient_mmd2,test_sample/ambient_to_geodesic_mmd2_ratio,test_sample/epsilon_coverage,test_sample/epsilon_coverage_eps,test_sample/epsilon_precision,test_sample/epsilon_precision_eps,test_sample/tangent_epsilon_coverage,test_sample/tangent_epsilon_coverage_eps,test_sample/tangent_epsilon_precision,test_sample/tangent_epsilon_precision_eps,test_sample/ambient_epsilon_coverage,test_sample/ambient_epsilon_coverage_eps,test_sample/ambient_epsilon_precision,test_sample/ambient_epsilon_precision_eps,test_sample/snr_sinkhorn_r_mean,test_sample/snr_sinkhorn_r_std,test_sample/snr_sinkhorn_r,test_sample/snr_sinkhorn_e_mean,test_sample/snr_sinkhorn_e_std,test_sample/snr_sinkhorn_e,test_sample/snr_ratio_sinkhorn_r_over_e,test_sample/snr_sinkhorn_ambient_mean,test_sample/snr_sinkhorn_ambient_std,test_sample/snr_sinkhorn_ambient,test_sample/snr_ratio_sinkhorn_r_over_ambient,test_sample/snr_mmd2_r_mean,test_sample/snr_mmd2_r_std,test_sample/snr_mmd2_r,test_sample/snr_mmd2_e_mean,test_sample/snr_mmd2_e_std,test_sample/snr_mmd2_e,test_sample/snr_ratio_mmd2_r_over_e,test_sample/snr_mmd2_ambient_mean,test_sample/snr_mmd2_ambient_std,test_sample/snr_mmd2_ambient,test_sample/snr_ratio_mmd2_r_over_ambient,test_sample/frechet_variance_pred,test_sample/frechet_variance_target,test_sample/frechet_variance_ratio,test_sample/tangent_frechet_variance_pred,test_sample/tangent_frechet_variance_target,test_sample/tangent_frechet_variance_ratio,test_sample/ambient_frechet_variance_pred,test_sample/ambient_frechet_variance_target,test_sample/ambient_frechet_variance_ratio,test_sample/dispersion_predicted,test_sample/dispersion_target,test_sample/dispersion_ratio,test_sample/tangent_dispersion_predicted,test_sample/tangent_dispersion_target,test_sample/tangent_dispersion_ratio,test_sample/ambient_dispersion_predicted,test_sample/ambient_dispersion_target,test_sample/ambient_dispersion_ratio,test_sample/volume_scaling_mean_pred,test_sample/volume_scaling_mean_target,test_sample/volume_scaling_variance_pred,test_sample/volume_scaling_variance_target,test_sample/volume_scaling_gap_target_minus_pred,test_sample/volume_scaling_mean_start,test_sample/volume_scaling_variance_start,test_sample/volume_scaling_gap_start_target,test_sample/finite_fraction,test_sample/paired_geodesic_dist,manifold,curvature,dim,x0_dist,x1_dist,n_samples,std_x0,std_x1,mean_x0,mean_x1,radius_x1,weights,origin,normalize_tangent_distributions
norm__euc_d16_s34,0.00884966179728508,0.008924044668674469,0.00884966179728508,20.0,0.0,0.008866961114108562,0.008866961114108562,15.425156593322754,15.425156593322754,15.406010627746582,15.406876564025879,0.2525598406791687,0.0,1.0,0.5024017691612244,0.5527437329292297,0.012335753999650478,0.5232229232788086,0.0,0.0,0.7694761753082275,0.7694761753082275,1.0,0.7694761753082275,1.0,0.00013780593872070312,0.00013780593872070312,1.0,0.00013780593872070312,1.0,0.4938333332538605,0.7716294527053833,0.49683332443237305,0.7716294527053833,0.4938333332538605,0.7716294527053833,0.49683332443237305,0.7716294527053833,0.4938333332538605,0.7716294527053833,0.49683332443237305,0.7716294527053833,0.7841110229492188,0.000888892391230911,882.1212768554688,0.7843343019485474,0.0007893015281297266,993.7067260742188,0.8877078294754028,0.7844669818878174,0.0007601625402458012,1031.97265625,0.8547913432121277,0.00017514625506009907,2.4429486074950546e-05,7.169461727142334,0.00017195145483128726,2.226083779532928e-05,7.724392414093018,0.9281585812568665,0.00016423464694526047,2.7525877158041112e-05,5.966554641723633,1.2016083002090454,1.441359043121338,1.4401979446411133,1.000806212425232,1.441359043121338,1.4401979446411133,1.000806212425232,1.441359043121338,1.4401979446411133,1.000806212425232,1.671450138092041,1.671033501625061,1.0002493858337402,1.671450138092041,1.671033501625061,1.0002493858337402,1.671450138092041,1.671033501625061,1.0002493858337402,1.0,1.0,0.0,0.0,0.0,1.0,0.0,0.0,1.0,1.6703652143478394,euclidean,0.0,16,gaussian,gaussian,60000,0.3,0.3,"[0.0, 0.0, 0.0, 0.0, 0.0, 0.0, 0.0, 0.0, 0.0, 0.0, 0.0, 0.0, 0.0, 0.0, 0.0, 0.0]","[0.125, 0.125, 0.125, 0.125, 0.125, 0.125, 0.125, 0.125, 0.125, 0.125, 0.125, 0.125, 0.125, 0.125, 0.125, 0.125]",1,,,True
norm__euc_d16_s42,0.008859368041157722,0.008886130526661873,0.008859368041157722,50.0,0.0,0.008893980644643307,0.008893980644643307,15.390788078308105,15.390788078308105,15.37568187713623,15.371037483215332,0.6825374364852905,0.0,1.0,0.7876941561698914,1.7284801006317139,0.2490900307893753,1.2439467906951904,0.0,0.0,0.768429696559906,0.768429696559906,1.0,0.768429696559906,1.0,0.00016796588897705078,0.00016796588897705078,1.0,0.00016796588897705078,1.0,0.4975000023841858,0.7721395492553711,0.5121666789054871,0.7721395492553711,0.4975000023841858,0.7721395492553711,0.5121666789054871,0.7721395492553711,0.4975000023841858,0.7721395492553711,0.5121666789054871,0.7721395492553711,0.7831225395202637,0.0006615612655878067,1183.7491455078125,0.7830097079277039,0.0009315638453699648,840.532470703125,1.4083324670791626,0.7832998037338257,0.0008851024904288352,884.9819946289062,1.3375968933105469,0.00020514329662546515,3.107796510448679e-05,6.600924491882324,0.00020261605095583946,3.384185038157739e-05,5.987144947052002,1.1025161743164062,0.0002125501778209582,3.5397210012888536e-05,6.004715442657471,1.099290132522583,1.430890440940857,1.43804132938385,0.9950273633003235,1.4308903217315674,1.43804132938385,0.9950272440910339,1.4308903217315674,1.43804132938385,0.9950272440910339,1.6650694608688354,1.669467568397522,0.9973655343055725,1.6650694608688354,1.669467568397522,0.9973655343055725,1.6650694608688354,1.669467568397522,0.9973655343055725,1.0,1.0,0.0,0.0,0.0,1.0,0.0,0.0,1.0,1.6690397262573242,euclidean,0.0,16,gaussian,gaussian,60000,0.3,0.3,"[0.0, 0.0, 0.0, 0.0, 0.0, 0.0, 0.0, 0.0, 0.0, 0.0, 0.0, 0.0, 0.0, 0.0, 0.0, 0.0]","[0.125, 0.125, 0.125, 0.125, 0.125, 0.125, 0.125, 0.125, 0.125, 0.125, 0.125, 0.125, 0.125, 0.125, 0.125, 0.125]",1,,,True
norm__euc_d16_s50,0.008864792995154858,0.008797220885753632,0.008864792995154858,56.0,0.0,0.008967055939137936,0.008967055939137936,15.418825149536133,15.418825149536133,15.337153434753418,15.341154098510742,0.6643975377082825,0.0,1.0,0.77618807554245,1.7549911737442017,0.2488526552915573,1.2419971227645874,0.0,0.0,0.7705647945404053,0.7705647945404053,1.0,0.7705647945404053,1.0,0.00015878677368164062,0.00015878677368164062,1.0,0.00015878677368164062,1.0,0.5049999952316284,0.7744866013526917,0.5080000162124634,0.7744866013526917,0.5049999952316284,0.7744866013526917,0.5080000162124634,0.7744866013526917,0.5049999952316284,0.7744866013526917,0.5080000162124634,0.7744866013526917,0.7851744890213013,0.0007926550460979342,990.5625610351562,0.7849773168563843,0.0010380796156823635,756.1821899414062,1.3099523782730103,0.7848936915397644,0.0008881105459295213,883.7793579101562,1.1208257675170898,0.00019514562154654413,3.701749665196985e-05,5.2717132568359375,0.00019253892241977155,2.9027985874563456e-05,6.632871627807617,0.7947859764099121,0.00018949908553622663,2.4404534997302108e-05,7.764912128448486,0.6789147257804871,1.4362601041793823,1.447332501411438,0.9923497438430786,1.4362601041793823,1.447332501411438,0.9923497438430786,1.4362601041793823,1.447332501411438,0.9923497438430786,1.6692441701889038,1.6748965978622437,0.9966251850128174,1.6692441701889038,1.6748965978622437,0.9966251850128174,1.6692441701889038,1.6748965978622437,0.9966251850128174,1.0,1.0,0.0,0.0,0.0,1.0,0.0,0.0,1.0,1.668783187866211,euclidean,0.0,16,gaussian,gaussian,60000,0.3,0.3,"[0.0, 0.0, 0.0, 0.0, 0.0, 0.0, 0.0, 0.0, 0.0, 0.0, 0.0, 0.0, 0.0, 0.0, 0.0, 0.0]","[0.125, 0.125, 0.125, 0.125, 0.125, 0.125, 0.125, 0.125, 0.125, 0.125, 0.125, 0.125, 0.125, 0.125, 0.125, 0.125]",1,,,True
norm__euc_d256_s34,0.000702788180205971,0.0007056513568386436,0.000702788180205971,20.0,0.0,0.0007026972598396242,0.0007026972598396242,246.75689697265625,246.75689697265625,246.7568359375,246.77003479003906,0.24613897502422333,0.0,1.0,0.49596723914146423,0.517714262008667,0.012466433458030224,0.5156524181365967,0.0,0.0,5.913285255432129,5.913285255432129,1.0,5.913285255432129,1.0,0.00013267993927001953,0.00013267993927001953,1.0,0.00013267993927001953,1.0,0.4975000023841858,5.832565784454346,0.5036666393280029,5.832565784454346,0.4975000023841858,5.832565784454346,0.5036666393280029,5.832565784454346,0.4975000023841858,5.832565784454346,0.5036666393280029,5.832565784454346,5.927993297576904,0.0012892691884189844,4597.9482421875,5.927988052368164,0.0013275870587676764,4465.23486328125,1.0297214984893799,5.9282050132751465,0.0009522116743028164,6225.72216796875,0.7385405898094177,0.00016681353736203164,7.2611674113431945e-06,22.97337532043457,0.0001661181595409289,7.38060953153763e-06,22.507375717163086,1.0207042694091797,0.0001665870368015021,6.922474312887061e-06,24.064668655395508,0.9546517133712769,23.07817268371582,23.03767204284668,1.0017579793930054,23.07817268371582,23.03767204284668,1.0017579793930054,23.07817268371582,23.03767204284668,1.0017579793930054,6.787816524505615,6.781876087188721,1.0008759498596191,6.787816524505615,6.781876087188721,1.0008759498596191,6.787816524505615,6.781876087188721,1.0008759498596191,1.0,1.0,0.0,0.0,0.0,1.0,0.0,0.0,1.0,6.785794258117676,euclidean,0.0,256,gaussian,gaussian,60000,0.3,0.3,"[0.0, 0.0, 0.0, 0.0, 0.0, 0.0, 0.0, 0.0, 0.0, 0.0, 0.0, 0.0, 0.0, 0.0, 0.0, 0.0, 0.0, 0.0, 0.0, 0.0, 0.0, 0.0, 0.0, 0.0, 0.0, 0.0, 0.0, 0.0, 0.0, 0.0, 0.0, 0.0, 0.0, 0.0, 0.0, 0.0, 0.0, 0.0, 0.0, 0.0, 0.0, 0.0, 0.0, 0.0, 0.0, 0.0, 0.0, 0.0, 0.0, 0.0, 0.0, 0.0, 0.0, 0.0, 0.0, 0.0, 0.0, 0.0, 0.0, 0.0, 0.0, 0.0, 0.0, 0.0, 0.0, 0.0, 0.0, 0.0, 0.0, 0.0, 0.0, 0.0, 0.0, 0.0, 0.0, 0.0, 0.0, 0.0, 0.0, 0.0, 0.0, 0.0, 0.0, 0.0, 0.0, 0.0, 0.0, 0.0, 0.0, 0.0, 0.0, 0.0, 0.0, 0.0, 0.0, 0.0, 0.0, 0.0, 0.0, 0.0, 0.0, 0.0, 0.0, 0.0, 0.0, 0.0, 0.0, 0.0, 0.0, 0.0, 0.0, 0.0, 0.0, 0.0, 0.0, 0.0, 0.0, 0.0, 0.0, 0.0, 0.0, 0.0, 0.0, 0.0, 0.0, 0.0, 0.0, 0.0, 0.0, 0.0, 0.0, 0.0, 0.0, 0.0, 0.0, 0.0, 0.0, 0.0, 0.0, 0.0, 0.0, 0.0, 0.0, 0.0, 0.0, 0.0, 0.0, 0.0, 0.0, 0.0, 0.0, 0.0, 0.0, 0.0, 0.0, 0.0, 0.0, 0.0, 0.0, 0.0, 0.0, 0.0, 0.0, 0.0, 0.0, 0.0, 0.0, 0.0, 0.0, 0.0, 0.0, 0.0, 0.0, 0.0, 0.0, 0.0, 0.0, 0.0, 0.0, 0.0, 0.0, 0.0, 0.0, 0.0, 0.0, 0.0, 0.0, 0.0, 0.0, 0.0, 0.0, 0.0, 0.0, 0.0, 0.0, 0.0, 0.0, 0.0, 0.0, 0.0, 0.0, 0.0, 0.0, 0.0, 0.0, 0.0, 0.0, 0.0, 0.0, 0.0, 0.0, 0.0, 0.0, 0.0, 0.0, 0.0, 0.0, 0.0, 0.0, 0.0, 0.0, 0.0, 0.0, 0.0, 0.0, 0.0, 0.0, 0.0, 0.0, 0.0, 0.0, 0.0, 0.0, 0.0, 0.0, 0.0, 0.0, 0.0, 0.0, 0.0, 0.0, 0.0, 0.0, 0.0, 0.0, 0.0, 0.0, 0.0, 0.0, 0.0, 0.0, 0.0, 0.0, 0.0, 0.0, 0.0]","[0.03125, 0.03125, 0.03125, 0.03125, 0.03125, 0.03125, 0.03125, 0.03125, 0.03125, 0.03125, 0.03125, 0.03125, 0.03125, 0.03125, 0.03125, 0.03125, 0.03125, 0.03125, 0.03125, 0.03125, 0.03125, 0.03125, 0.03125, 0.03125, 0.03125, 0.03125, 0.03125, 0.03125, 0.03125, 0.03125, 0.03125, 0.03125, 0.03125, 0.03125, 0.03125, 0.03125, 0.03125, 0.03125, 0.03125, 0.03125, 0.03125, 0.03125, 0.03125, 0.03125, 0.03125, 0.03125, 0.03125, 0.03125, 0.03125, 0.03125, 0.03125, 0.03125, 0.03125, 0.03125, 0.03125, 0.03125, 0.03125, 0.03125, 0.03125, 0.03125, 0.03125, 0.03125, 0.03125, 0.03125, 0.03125, 0.03125, 0.03125, 0.03125, 0.03125, 0.03125, 0.03125, 0.03125, 0.03125, 0.03125, 0.03125, 0.03125, 0.03125, 0.03125, 0.03125, 0.03125, 0.03125, 0.03125, 0.03125, 0.03125, 0.03125, 0.03125, 0.03125, 0.03125, 0.03125, 0.03125, 0.03125, 0.03125, 0.03125, 0.03125, 0.03125, 0.03125, 0.03125, 0.03125, 0.03125, 0.03125, 0.03125, 0.03125, 0.03125, 0.03125, 0.03125, 0.03125, 0.03125, 0.03125, 0.03125, 0.03125, 0.03125, 0.03125, 0.03125, 0.03125, 0.03125, 0.03125, 0.03125, 0.03125, 0.03125, 0.03125, 0.03125, 0.03125, 0.03125, 0.03125, 0.03125, 0.03125, 0.03125, 0.03125, 0.03125, 0.03125, 0.03125, 0.03125, 0.03125, 0.03125, 0.03125, 0.03125, 0.03125, 0.03125, 0.03125, 0.03125, 0.03125, 0.03125, 0.03125, 0.03125, 0.03125, 0.03125, 0.03125, 0.03125, 0.03125, 0.03125, 0.03125, 0.03125, 0.03125, 0.03125, 0.03125, 0.03125, 0.03125, 0.03125, 0.03125, 0.03125, 0.03125, 0.03125, 0.03125, 0.03125, 0.03125, 0.03125, 0.03125, 0.03125, 0.03125, 0.03125, 0.03125, 0.03125, 0.03125, 0.03125, 0.03125, 0.03125, 0.03125, 0.03125, 0.03125, 0.03125, 0.03125, 0.03125, 0.03125, 0.03125, 0.03125, 0.03125, 0.03125, 0.03125, 0.03125, 0.03125, 0.03125, 0.03125, 0.03125, 0.03125, 0.03125, 0.03125, 0.03125, 0.03125, 0.03125, 0.03125, 0.03125, 0.03125, 0.03125, 0.03125, 0.03125, 0.03125, 0.03125, 0.03125, 0.03125, 0.03125, 0.03125, 0.03125, 0.03125, 0.03125, 0.03125, 0.03125, 0.03125, 0.03125, 0.03125, 0.03125, 0.03125, 0.03125, 0.03125, 0.03125, 0.03125, 0.03125, 0.03125, 0.03125, 0.03125, 0.03125, 0.03125, 0.03125, 0.03125, 0.03125, 0.03125, 0.03125, 0.03125, 0.03125, 0.03125, 0.03125, 0.03125, 0.03125, 0.03125, 0.03125, 0.03125, 0.03125, 0.03125, 0.03125, 0.03125, 0.03125, 0.03125, 0.03125, 0.03125, 0.03125, 0.03125, 0.03125]",1,,,True
norm__euc_d256_s42,0.0007027094252407551,0.0007006749510765076,0.0007027094252407551,20.0,0.0,0.0007028215914033353,0.0007028215914033353,246.7666015625,246.7666015625,246.76654052734375,246.771484375,0.24807006120681763,0.0,1.0,0.49804016947746277,0.5070847868919373,0.00510795135051012,0.5061509013175964,0.0,0.0,5.911056041717529,5.911056041717529,1.0,5.911056041717529,1.0,0.00014126300811767578,0.00014126300811767578,1.0,0.00014126300811767578,1.0,0.5044999718666077,5.828334808349609,0.5018333196640015,5.828334808349609,0.5044999718666077,5.828334808349609,0.5018333196640015,5.828334808349609,0.5044999718666077,5.828334808349609,0.5018333196640015,5.828334808349609,5.926052570343018,0.0012935280101373792,4581.31005859375,5.925756454467773,0.0015711179003119469,3771.681640625,1.2146598100662231,5.925888538360596,0.001256803167052567,4715.048828125,0.9716357588768005,0.00017212232341989875,6.34295884083258e-06,27.135969161987305,0.00017571848002262414,6.529698566737352e-06,26.910655975341797,1.0083726644515991,0.00017098983516916633,5.966420758340973e-06,28.658695220947266,0.9468668699264526,23.026212692260742,23.0410099029541,0.9993577599525452,23.026212692260742,23.0410099029541,0.9993577599525452,23.026212692260742,23.0410099029541,0.9993577599525452,6.780139923095703,6.7822465896606445,0.9996894001960754,6.780139923095703,6.7822465896606445,0.9996894001960754,6.780139923095703,6.7822465896606445,0.9996894001960754,1.0,1.0,0.0,0.0,0.0,1.0,0.0,0.0,1.0,6.779058456420898,euclidean,0.0,256,gaussian,gaussian,60000,0.3,0.3,"[0.0, 0.0, 0.0, 0.0, 0.0, 0.0, 0.0, 0.0, 0.0, 0.0, 0.0, 0.0, 0.0, 0.0, 0.0, 0.0, 0.0, 0.0, 0.0, 0.0, 0.0, 0.0, 0.0, 0.0, 0.0, 0.0, 0.0, 0.0, 0.0, 0.0, 0.0, 0.0, 0.0, 0.0, 0.0, 0.0, 0.0, 0.0, 0.0, 0.0, 0.0, 0.0, 0.0, 0.0, 0.0, 0.0, 0.0, 0.0, 0.0, 0.0, 0.0, 0.0, 0.0, 0.0, 0.0, 0.0, 0.0, 0.0, 0.0, 0.0, 0.0, 0.0, 0.0, 0.0, 0.0, 0.0, 0.0, 0.0, 0.0, 0.0, 0.0, 0.0, 0.0, 0.0, 0.0, 0.0, 0.0, 0.0, 0.0, 0.0, 0.0, 0.0, 0.0, 0.0, 0.0, 0.0, 0.0, 0.0, 0.0, 0.0, 0.0, 0.0, 0.0, 0.0, 0.0, 0.0, 0.0, 0.0, 0.0, 0.0, 0.0, 0.0, 0.0, 0.0, 0.0, 0.0, 0.0, 0.0, 0.0, 0.0, 0.0, 0.0, 0.0, 0.0, 0.0, 0.0, 0.0, 0.0, 0.0, 0.0, 0.0, 0.0, 0.0, 0.0, 0.0, 0.0, 0.0, 0.0, 0.0, 0.0, 0.0, 0.0, 0.0, 0.0, 0.0, 0.0, 0.0, 0.0, 0.0, 0.0, 0.0, 0.0, 0.0, 0.0, 0.0, 0.0, 0.0, 0.0, 0.0, 0.0, 0.0, 0.0, 0.0, 0.0, 0.0, 0.0, 0.0, 0.0, 0.0, 0.0, 0.0, 0.0, 0.0, 0.0, 0.0, 0.0, 0.0, 0.0, 0.0, 0.0, 0.0, 0.0, 0.0, 0.0, 0.0, 0.0, 0.0, 0.0, 0.0, 0.0, 0.0, 0.0, 0.0, 0.0, 0.0, 0.0, 0.0, 0.0, 0.0, 0.0, 0.0, 0.0, 0.0, 0.0, 0.0, 0.0, 0.0, 0.0, 0.0, 0.0, 0.0, 0.0, 0.0, 0.0, 0.0, 0.0, 0.0, 0.0, 0.0, 0.0, 0.0, 0.0, 0.0, 0.0, 0.0, 0.0, 0.0, 0.0, 0.0, 0.0, 0.0, 0.0, 0.0, 0.0, 0.0, 0.0, 0.0, 0.0, 0.0, 0.0, 0.0, 0.0, 0.0, 0.0, 0.0, 0.0, 0.0, 0.0, 0.0, 0.0, 0.0, 0.0, 0.0, 0.0, 0.0, 0.0, 0.0, 0.0, 0.0, 0.0, 0.0, 0.0, 0.0, 0.0, 0.0, 0.0]","[0.03125, 0.03125, 0.03125, 0.03125, 0.03125, 0.03125, 0.03125, 0.03125, 0.03125, 0.03125, 0.03125, 0.03125, 0.03125, 0.03125, 0.03125, 0.03125, 0.03125, 0.03125, 0.03125, 0.03125, 0.03125, 0.03125, 0.03125, 0.03125, 0.03125, 0.03125, 0.03125, 0.03125, 0.03125, 0.03125, 0.03125, 0.03125, 0.03125, 0.03125, 0.03125, 0.03125, 0.03125, 0.03125, 0.03125, 0.03125, 0.03125, 0.03125, 0.03125, 0.03125, 0.03125, 0.03125, 0.03125, 0.03125, 0.03125, 0.03125, 0.03125, 0.03125, 0.03125, 0.03125, 0.03125, 0.03125, 0.03125, 0.03125, 0.03125, 0.03125, 0.03125, 0.03125, 0.03125, 0.03125, 0.03125, 0.03125, 0.03125, 0.03125, 0.03125, 0.03125, 0.03125, 0.03125, 0.03125, 0.03125, 0.03125, 0.03125, 0.03125, 0.03125, 0.03125, 0.03125, 0.03125, 0.03125, 0.03125, 0.03125, 0.03125, 0.03125, 0.03125, 0.03125, 0.03125, 0.03125, 0.03125, 0.03125, 0.03125, 0.03125, 0.03125, 0.03125, 0.03125, 0.03125, 0.03125, 0.03125, 0.03125, 0.03125, 0.03125, 0.03125, 0.03125, 0.03125, 0.03125, 0.03125, 0.03125, 0.03125, 0.03125, 0.03125, 0.03125, 0.03125, 0.03125, 0.03125, 0.03125, 0.03125, 0.03125, 0.03125, 0.03125, 0.03125, 0.03125, 0.03125, 0.03125, 0.03125, 0.03125, 0.03125, 0.03125, 0.03125, 0.03125, 0.03125, 0.03125, 0.03125, 0.03125, 0.03125, 0.03125, 0.03125, 0.03125, 0.03125, 0.03125, 0.03125, 0.03125, 0.03125, 0.03125, 0.03125, 0.03125, 0.03125, 0.03125, 0.03125, 0.03125, 0.03125, 0.03125, 0.03125, 0.03125, 0.03125, 0.03125, 0.03125, 0.03125, 0.03125, 0.03125, 0.03125, 0.03125, 0.03125, 0.03125, 0.03125, 0.03125, 0.03125, 0.03125, 0.03125, 0.03125, 0.03125, 0.03125, 0.03125, 0.03125, 0.03125, 0.03125, 0.03125, 0.03125, 0.03125, 0.03125, 0.03125, 0.03125, 0.03125, 0.03125, 0.03125, 0.03125, 0.03125, 0.03125, 0.03125, 0.03125, 0.03125, 0.03125, 0.03125, 0.03125, 0.03125, 0.03125, 0.03125, 0.03125, 0.03125, 0.03125, 0.03125, 0.03125, 0.03125, 0.03125, 0.03125, 0.03125, 0.03125, 0.03125, 0.03125, 0.03125, 0.03125, 0.03125, 0.03125, 0.03125, 0.03125, 0.03125, 0.03125, 0.03125, 0.03125, 0.03125, 0.03125, 0.03125, 0.03125, 0.03125, 0.03125, 0.03125, 0.03125, 0.03125, 0.03125, 0.03125, 0.03125, 0.03125, 0.03125, 0.03125, 0.03125, 0.03125, 0.03125, 0.03125, 0.03125, 0.03125, 0.03125, 0.03125, 0.03125, 0.03125, 0.03125, 0.03125, 0.03125, 0.03125, 0.03125, 0.03125, 0.03125, 0.03125, 0.03125, 0.03125, 0.03125]",1,,,True
norm__euc_d256_s50,0.000702574267052114,0.0006985219661146402,0.000702574267052114,20.0,0.0,0.0007036286988295615,0.0007036286988295615,246.77658081054688,246.77658081054688,246.7765350341797,246.77064514160156,0.24903935194015503,0.0,1.0,0.4990202784538269,0.5066978335380554,0.004259049892425537,0.505708634853363,0.0,0.0,5.91227912902832,5.91227912902832,1.0,5.91227912902832,1.0,0.00014793872833251953,0.00014793872833251953,1.0,0.00014793872833251953,1.0,0.49300000071525574,5.829126358032227,0.5041666626930237,5.829126358032227,0.49300000071525574,5.829126358032227,0.5041666626930237,5.829126358032227,0.49300000071525574,5.829126358032227,0.5041666626930237,5.829126358032227,5.9271674156188965,0.0014333132421597838,4135.291015625,5.927059173583984,0.0013114510802552104,4519.46630859375,0.9149954319000244,5.926914215087891,0.0011079654796048999,5349.3671875,0.7730430364608765,0.00018025639292318374,7.0345226959034335e-06,25.624536514282227,0.0001799186138669029,5.784303994005313e-06,31.104625701904297,0.8238175511360168,0.0001760840677889064,7.627104878338287e-06,23.08661651611328,1.1099302768707275,23.047260284423828,23.040010452270508,1.000314712524414,23.047260284423828,23.040010452270508,1.000314712524414,23.047260284423828,23.040010452270508,1.000314712524414,6.783217430114746,6.782174587249756,1.0001537799835205,6.783217430114746,6.782174587249756,1.0001537799835205,6.783217430114746,6.782174587249756,1.0001537799835205,1.0,1.0,0.0,0.0,0.0,1.0,0.0,0.0,1.0,6.7825727462768555,euclidean,0.0,256,gaussian,gaussian,60000,0.3,0.3,"[0.0, 0.0, 0.0, 0.0, 0.0, 0.0, 0.0, 0.0, 0.0, 0.0, 0.0, 0.0, 0.0, 0.0, 0.0, 0.0, 0.0, 0.0, 0.0, 0.0, 0.0, 0.0, 0.0, 0.0, 0.0, 0.0, 0.0, 0.0, 0.0, 0.0, 0.0, 0.0, 0.0, 0.0, 0.0, 0.0, 0.0, 0.0, 0.0, 0.0, 0.0, 0.0, 0.0, 0.0, 0.0, 0.0, 0.0, 0.0, 0.0, 0.0, 0.0, 0.0, 0.0, 0.0, 0.0, 0.0, 0.0, 0.0, 0.0, 0.0, 0.0, 0.0, 0.0, 0.0, 0.0, 0.0, 0.0, 0.0, 0.0, 0.0, 0.0, 0.0, 0.0, 0.0, 0.0, 0.0, 0.0, 0.0, 0.0, 0.0, 0.0, 0.0, 0.0, 0.0, 0.0, 0.0, 0.0, 0.0, 0.0, 0.0, 0.0, 0.0, 0.0, 0.0, 0.0, 0.0, 0.0, 0.0, 0.0, 0.0, 0.0, 0.0, 0.0, 0.0, 0.0, 0.0, 0.0, 0.0, 0.0, 0.0, 0.0, 0.0, 0.0, 0.0, 0.0, 0.0, 0.0, 0.0, 0.0, 0.0, 0.0, 0.0, 0.0, 0.0, 0.0, 0.0, 0.0, 0.0, 0.0, 0.0, 0.0, 0.0, 0.0, 0.0, 0.0, 0.0, 0.0, 0.0, 0.0, 0.0, 0.0, 0.0, 0.0, 0.0, 0.0, 0.0, 0.0, 0.0, 0.0, 0.0, 0.0, 0.0, 0.0, 0.0, 0.0, 0.0, 0.0, 0.0, 0.0, 0.0, 0.0, 0.0, 0.0, 0.0, 0.0, 0.0, 0.0, 0.0, 0.0, 0.0, 0.0, 0.0, 0.0, 0.0, 0.0, 0.0, 0.0, 0.0, 0.0, 0.0, 0.0, 0.0, 0.0, 0.0, 0.0, 0.0, 0.0, 0.0, 0.0, 0.0, 0.0, 0.0, 0.0, 0.0, 0.0, 0.0, 0.0, 0.0, 0.0, 0.0, 0.0, 0.0, 0.0, 0.0, 0.0, 0.0, 0.0, 0.0, 0.0, 0.0, 0.0, 0.0, 0.0, 0.0, 0.0, 0.0, 0.0, 0.0, 0.0, 0.0, 0.0, 0.0, 0.0, 0.0, 0.0, 0.0, 0.0, 0.0, 0.0, 0.0, 0.0, 0.0, 0.0, 0.0, 0.0, 0.0, 0.0, 0.0, 0.0, 0.0, 0.0, 0.0, 0.0, 0.0, 0.0, 0.0, 0.0, 0.0, 0.0, 0.0, 0.0, 0.0, 0.0, 0.0, 0.0, 0.0]","[0.03125, 0.03125, 0.03125, 0.03125, 0.03125, 0.03125, 0.03125, 0.03125, 0.03125, 0.03125, 0.03125, 0.03125, 0.03125, 0.03125, 0.03125, 0.03125, 0.03125, 0.03125, 0.03125, 0.03125, 0.03125, 0.03125, 0.03125, 0.03125, 0.03125, 0.03125, 0.03125, 0.03125, 0.03125, 0.03125, 0.03125, 0.03125, 0.03125, 0.03125, 0.03125, 0.03125, 0.03125, 0.03125, 0.03125, 0.03125, 0.03125, 0.03125, 0.03125, 0.03125, 0.03125, 0.03125, 0.03125, 0.03125, 0.03125, 0.03125, 0.03125, 0.03125, 0.03125, 0.03125, 0.03125, 0.03125, 0.03125, 0.03125, 0.03125, 0.03125, 0.03125, 0.03125, 0.03125, 0.03125, 0.03125, 0.03125, 0.03125, 0.03125, 0.03125, 0.03125, 0.03125, 0.03125, 0.03125, 0.03125, 0.03125, 0.03125, 0.03125, 0.03125, 0.03125, 0.03125, 0.03125, 0.03125, 0.03125, 0.03125, 0.03125, 0.03125, 0.03125, 0.03125, 0.03125, 0.03125, 0.03125, 0.03125, 0.03125, 0.03125, 0.03125, 0.03125, 0.03125, 0.03125, 0.03125, 0.03125, 0.03125, 0.03125, 0.03125, 0.03125, 0.03125, 0.03125, 0.03125, 0.03125, 0.03125, 0.03125, 0.03125, 0.03125, 0.03125, 0.03125, 0.03125, 0.03125, 0.03125, 0.03125, 0.03125, 0.03125, 0.03125, 0.03125, 0.03125, 0.03125, 0.03125, 0.03125, 0.03125, 0.03125, 0.03125, 0.03125, 0.03125, 0.03125, 0.03125, 0.03125, 0.03125, 0.03125, 0.03125, 0.03125, 0.03125, 0.03125, 0.03125, 0.03125, 0.03125, 0.03125, 0.03125, 0.03125, 0.03125, 0.03125, 0.03125, 0.03125, 0.03125, 0.03125, 0.03125, 0.03125, 0.03125, 0.03125, 0.03125, 0.03125, 0.03125, 0.03125, 0.03125, 0.03125, 0.03125, 0.03125, 0.03125, 0.03125, 0.03125, 0.03125, 0.03125, 0.03125, 0.03125, 0.03125, 0.03125, 0.03125, 0.03125, 0.03125, 0.03125, 0.03125, 0.03125, 0.03125, 0.03125, 0.03125, 0.03125, 0.03125, 0.03125, 0.03125, 0.03125, 0.03125, 0.03125, 0.03125, 0.03125, 0.03125, 0.03125, 0.03125, 0.03125, 0.03125, 0.03125, 0.03125, 0.03125, 0.03125, 0.03125, 0.03125, 0.03125, 0.03125, 0.03125, 0.03125, 0.03125, 0.03125, 0.03125, 0.03125, 0.03125, 0.03125, 0.03125, 0.03125, 0.03125, 0.03125, 0.03125, 0.03125, 0.03125, 0.03125, 0.03125, 0.03125, 0.03125, 0.03125, 0.03125, 0.03125, 0.03125, 0.03125, 0.03125, 0.03125, 0.03125, 0.03125, 0.03125, 0.03125, 0.03125, 0.03125, 0.03125, 0.03125, 0.03125, 0.03125, 0.03125, 0.03125, 0.03125, 0.03125, 0.03125, 0.03125, 0.03125, 0.03125, 0.03125, 0.03125, 0.03125, 0.03125, 0.03125, 0.03125, 0.03125, 0.03125]",1,,,True
norm__euc_d2_s34,0.07178253680467606,0.0753442570567131,0.07178253680467606,38.0,0.0,0.07064799964427948,0.07064799964427948,1.9175673723220825,1.9175673723220825,1.8971830606460571,1.8823744058609009,0.27323323488235474,0.0,1.0,0.5157687664031982,1.2720569372177124,0.08491045236587524,0.6800352931022644,0.0,0.0,0.01681630127131939,0.01681630127131939,1.0,0.01681630127131939,1.0,0.001416921615600586,0.001416921615600586,1.0,0.001416921615600586,1.0,0.4973333477973938,0.006965499371290207,0.5168333053588867,0.006965499371290207,0.4973333477973938,0.006965499371290207,0.5168333053588867,0.006965499371290207,0.4973333477973938,0.006965499371290207,0.5168333053588867,0.006965499371290207,0.017263833433389664,0.0005913820350542665,29.192354202270508,0.017348425462841988,0.0007768985233269632,22.330358505249023,1.3072943687438965,0.01730557344853878,0.0005093427607789636,33.97628402709961,0.8591979742050171,0.0014422815293073654,0.00010874590225284919,13.262858390808105,0.0014489572495222092,0.0001273658126592636,11.376343727111816,1.1658278703689575,0.0014417011989280581,0.0001540087250759825,9.361166954040527,1.4167953729629517,0.193536177277565,0.1813248097896576,1.0673452615737915,0.193536177277565,0.1813247948884964,1.0673454999923706,0.193536177277565,0.1813247948884964,1.0673454999923706,0.5412608981132507,0.5334434509277344,1.0146546363830566,0.5412608981132507,0.5334434509277344,1.0146546363830566,0.5412608981132507,0.5334434509277344,1.0146546363830566,1.0,1.0,0.0,0.0,0.0,1.0,0.0,0.0,1.0,0.537193775177002,euclidean,0.0,2,gaussian,gaussian,60000,0.3,0.3,"[0.0, 0.0]","[0.35355339, 0.35355339]",1,,,True
norm__euc_d2_s42,0.07165098935365677,0.0655311644077301,0.07165098935365677,20.0,0.0,0.06942156702280045,0.06942156702280045,1.9312961101531982,1.9312961101531982,1.8998883962631226,1.90131676197052,0.24948430061340332,0.0,1.0,0.49937406182289124,0.5629140734672546,0.010474897921085358,0.5163777470588684,0.0,0.0,0.002252102131024003,0.002252102131024003,1.0,0.002252102131024003,1.0,0.00024640560150146484,0.00024640560150146484,1.0,0.00024640560150146484,1.0,0.49149999022483826,0.006829394493252039,0.49433332681655884,0.006829394493252039,0.49149999022483826,0.006829394493252039,0.49433332681655884,0.006829394493252039,0.49149999022483826,0.006829394493252039,0.49433332681655884,0.006829394493252039,0.0027683975640684366,0.00013323350867722183,20.778539657592773,0.002777908695861697,0.00011364488455001265,24.443763732910156,0.8500548601150513,0.0027996168937534094,0.00013383865007199347,20.917850494384766,0.9933400750160217,0.00026175580569542944,8.346671529579908e-05,3.136050224304199,0.0002680023608263582,0.00010160356760025024,2.637725830078125,1.1889219284057617,0.0002769271668512374,0.00010703437874326482,2.587273120880127,1.2121063470840454,0.17517390847206116,0.17680306732654572,0.990785539150238,0.17517390847206116,0.17680306732654572,0.990785539150238,0.17517390847206116,0.17680306732654572,0.990785539150238,0.5251245498657227,0.527102530002594,0.9962474703788757,0.5251245498657227,0.527102530002594,0.9962474703788757,0.5251245498657227,0.527102530002594,0.9962474703788757,1.0,1.0,0.0,0.0,0.0,1.0,0.0,0.0,1.0,0.5224510431289673,euclidean,0.0,2,gaussian,gaussian,60000,0.3,0.3,"[0.0, 0.0]","[0.35355339, 0.35355339]",1,,,True
norm__euc_d2_s50,0.07132381945848465,0.06943058222532272,0.07132381945848465,38.0,0.0,0.07095137238502502,0.07095137238502502,1.9303449392318726,1.9303449392318726,1.9108268022537231,1.9186536073684692,0.26582035422325134,0.0,1.0,0.5076956152915955,1.2742562294006348,0.08979290723800659,0.6823790669441223,0.0,0.0,0.019205385819077492,0.019205385819077492,1.0,0.019205385819077492,1.0,0.0023075342178344727,0.0023075342178344727,1.0,0.0023075342178344727,1.0,0.4858333468437195,0.006794805638492107,0.48516666889190674,0.006794805638492107,0.4858333468437195,0.006794805638492107,0.48516666889190674,0.006794805638492107,0.4858333468437195,0.006794805638492107,0.48516666889190674,0.006794805638492107,0.01980961300432682,0.0007221983978524804,27.42959976196289,0.0197462048381567,0.0006777499802410603,29.13494300842285,0.9414673447608948,0.01981741562485695,0.000720658281352371,27.49904441833496,0.9974746704101562,0.002342109102755785,0.00025129481218755245,9.320164680480957,0.0023416162002831697,0.0002547982439864427,9.190079689025879,1.0141549110412598,0.0024029375053942204,0.00023272122780326754,10.325389862060547,0.9026452898979187,0.20029522478580475,0.17506085336208344,1.1441463232040405,0.20029522478580475,0.17506085336208344,1.1441463232040405,0.20029522478580475,0.17506085336208344,1.1441463232040405,0.5491551756858826,0.52455073595047,1.046905755996704,0.5491551756858826,0.52455073595047,1.046905755996704,0.5491551756858826,0.52455073595047,1.046905755996704,1.0,1.0,0.0,0.0,0.0,1.0,0.0,0.0,1.0,0.5386094450950623,euclidean,0.0,2,gaussian,gaussian,60000,0.3,0.3,"[0.0, 0.0]","[0.35355339, 0.35355339]",1,,,True
norm__euc_d3_s34,0.04768374189734459,0.0460328608751297,0.04768374189734459,26.0,0.0,0.04648764058947563,0.04648764058947563,2.88149356842041,2.88149356842041,2.87367844581604,2.8770651817321777,0.26069071888923645,0.0,1.0,0.5094062685966492,0.7727043628692627,0.03457116335630417,0.5788037776947021,0.0,0.0,0.01389293186366558,0.01389293186366558,1.0,0.01389293186366558,1.0,0.00041031837463378906,0.00041031837463378906,1.0,0.00041031837463378906,1.0,0.5094999670982361,0.03459525108337402,0.5143333077430725,0.03459525108337402,0.5094999670982361,0.03459525108337402,0.5143333077430725,0.03459525108337402,0.5094999670982361,0.03459525108337402,0.5143333077430725,0.03459525108337402,0.015899600461125374,0.0003758429957088083,42.3038330078125,0.015944436192512512,0.00028812847449444234,55.33794403076172,0.764463484287262,0.015963798388838768,0.00032703092438168824,48.81433868408203,0.8666272163391113,0.00045067074825055897,9.110817336477339e-05,4.946545600891113,0.00046623946400359273,9.756274084793404e-05,4.778868198394775,1.03508722782135,0.0004760066804010421,0.0001249601336894557,3.8092682361602783,1.2985553741455078,0.2723364531993866,0.26962044835090637,1.0100734233856201,0.2723364531993866,0.26962044835090637,1.0100734233856201,0.2723364531993866,0.26962044835090637,1.0100734233856201,0.6785229444503784,0.6767982244491577,1.002548336982727,0.6785229444503784,0.6767982244491577,1.002548336982727,0.6785229444503784,0.6767982244491577,1.002548336982727,1.0,1.0,0.0,0.0,0.0,1.0,0.0,0.0,1.0,0.6779779195785522,euclidean,0.0,3,gaussian,gaussian,60000,0.3,0.3,"[0.0, 0.0, 0.0]","[0.28867513, 0.28867513, 0.28867513]",1,,,True
norm__euc_d3_s42,0.04747571051120758,0.04852955788373947,0.04747571051120758,26.0,0.0,0.048164498060941696,0.048164498060941696,2.887253999710083,2.887253999710083,2.848371744155884,2.8514342308044434,0.2715165615081787,0.0,1.0,0.5164336562156677,1.0857473611831665,0.06936570256948471,0.6583192944526672,0.0,0.0,0.021882928907871246,0.021882928907871246,1.0,0.021882928907871246,1.0,0.0005502700805664062,0.0005502700805664062,1.0,0.0005502700805664062,1.0,0.4986666738986969,0.03493344411253929,0.5133333206176758,0.03493344411253929,0.4986666738986969,0.03493344411253929,0.5133333206176758,0.03493344411253929,0.4986666738986969,0.03493344411253929,0.5133333206176758,0.03493344411253929,0.02389996126294136,0.0005434546619653702,43.977840423583984,0.02394973486661911,0.00048182971659116447,49.705806732177734,0.8847625851631165,0.0238226056098938,0.000534256745595485,44.59018325805664,0.9862671494483948,0.0005862315883859992,7.601575634907931e-05,7.711974620819092,0.0005818208446726203,7.932989683467895e-05,7.334194183349609,1.0515094995498657,0.0005671183462254703,8.816726767690852e-05,6.432299613952637,1.198945164680481,0.2792712450027466,0.26995378732681274,1.0345150232315063,0.2792712450027466,0.26995378732681274,1.0345150232315063,0.2792712450027466,0.26995378732681274,1.0345150232315063,0.6836462616920471,0.6775373816490173,1.0090161561965942,0.6836462616920471,0.6775373816490173,1.0090161561965942,0.6836462616920471,0.6775373816490173,1.0090161561965942,1.0,1.0,0.0,0.0,0.0,1.0,0.0,0.0,1.0,0.6779830455780029,euclidean,0.0,3,gaussian,gaussian,60000,0.3,0.3,"[0.0, 0.0, 0.0]","[0.28867513, 0.28867513, 0.28867513]",1,,,True
norm__euc_d3_s50,0.047723084688186646,0.043177299201488495,0.047723084688186646,20.0,0.0,0.047078654170036316,0.047078654170036316,2.8766989707946777,2.8766989707946777,2.855470657348633,2.854923725128174,0.24900498986244202,0.0,1.0,0.49885958433151245,0.5579829812049866,0.012004134245216846,0.5198521018028259,0.0,0.0,0.011329437606036663,0.011329437606036663,1.0,0.011329437606036663,1.0,0.0003057718276977539,0.0003057718276977539,1.0,0.0003057718276977539,1.0,0.5040000081062317,0.0347992479801178,0.5113333463668823,0.0347992479801178,0.5040000081062317,0.0347992479801178,0.5113333463668823,0.0347992479801178,0.5040000081062317,0.0347992479801178,0.5113333463668823,0.0347992479801178,0.013443022035062313,0.00023055436031427234,58.3073844909668,0.01338869333267212,0.00025071288109757006,53.402496337890625,1.091847538948059,0.013363558799028397,0.0002101200370816514,63.59963607788086,0.9167879819869995,0.0003027161001227796,6.450100772781298e-05,4.693199634552002,0.0003146966337226331,8.417764183832332e-05,3.7384824752807617,1.255375623703003,0.00034186046104878187,8.943134889705107e-05,3.822601795196533,1.2277499437332153,0.26658186316490173,0.26900777220726013,0.9909819960594177,0.26658186316490173,0.26900777220726013,0.9909819960594177,0.26658186316490173,0.26900777220726013,0.9909819960594177,0.6727975606918335,0.6760624647140503,0.9951707124710083,0.6727975606918335,0.6760624647140503,0.9951707124710083,0.6727975606918335,0.6760624647140503,0.9951707124710083,1.0,1.0,0.0,0.0,0.0,1.0,0.0,0.0,1.0,0.6698644161224365,euclidean,0.0,3,gaussian,gaussian,60000,0.3,0.3,"[0.0, 0.0, 0.0]","[0.28867513, 0.28867513, 0.28867513]",1,,,True
norm__euc_d4_s34,0.035692427307367325,0.03545232117176056,0.035692427307367325,20.0,0.0,0.03581302985548973,0.03581302985548973,3.8504931926727295,3.8504931926727295,3.8322272300720215,3.8348405361175537,0.2525447905063629,0.0,1.0,0.5022704005241394,0.6030327081680298,0.01639719121158123,0.53279048204422,0.0,0.0,0.035379111766815186,0.035379111766815186,1.0,0.035379111766815186,1.0,0.00010764598846435547,0.00010764598846435547,1.0,0.00010764598846435547,1.0,0.5094999670982361,0.08106976002454758,0.51583331823349,0.08106976002454758,0.5094999670982361,0.08106976002454758,0.51583331823349,0.08106976002454758,0.5094999670982361,0.08106976002454758,0.51583331823349,0.08106976002454758,0.04057243838906288,0.0002594205434434116,156.39639282226562,0.0406288243830204,0.00030652317218482494,132.5473175048828,1.1799287796020508,0.04059190675616264,0.0002657087752595544,152.76840209960938,1.0237482786178589,0.000151646148879081,4.6726847358513623e-05,3.245374917984009,0.0001399000611854717,4.657158933696337e-05,3.003978729248047,1.080358862876892,0.00013161104288883507,4.752517634187825e-05,2.7692909240722656,1.1719155311584473,0.35481417179107666,0.36321505904197693,0.9768708348274231,0.3548141419887543,0.36321505904197693,0.9768707156181335,0.3548141419887543,0.36321505904197693,0.9768707156181335,0.7930418252944946,0.8008806705474854,0.9902121424674988,0.7930418252944946,0.8008806705474854,0.9902121424674988,0.7930418252944946,0.8008806705474854,0.9902121424674988,1.0,1.0,0.0,0.0,0.0,1.0,0.0,0.0,1.0,0.7944917678833008,euclidean,0.0,4,gaussian,gaussian,60000,0.3,0.3,"[0.0, 0.0, 0.0, 0.0]","[0.25, 0.25, 0.25, 0.25]",1,,,True
norm__euc_d4_s42,0.03550942614674568,0.036133673042058945,0.03550942614674568,20.0,0.0,0.035646528005599976,0.035646528005599976,3.8581721782684326,3.8581721782684326,3.8404343128204346,3.83630108833313,0.25662094354629517,0.0,1.0,0.5062810778617859,0.6289741396903992,0.017330218106508255,0.5395757555961609,0.0,0.0,0.03698280081152916,0.03698280081152916,1.0,0.03698280081152916,1.0,0.0002015829086303711,0.0002015829086303711,1.0,0.0002015829086303711,1.0,0.4886666536331177,0.07987130433320999,0.4893333315849304,0.07987130433320999,0.4886666536331177,0.07987130433320999,0.4893333315849304,0.07987130433320999,0.4886666536331177,0.07987130433320999,0.4893333315849304,0.07987130433320999,0.04229530319571495,0.00036903913132846355,114.60926055908203,0.04223160818219185,0.0003066328354179859,137.72695922851562,0.8321482539176941,0.04223610833287239,0.00034803556627593935,121.35572814941406,0.9444075226783752,0.00022312402143143117,4.9139343900606036e-05,4.540639400482178,0.0002297759201610461,6.583930371562019e-05,3.48995041847229,1.3010611534118652,0.00022558770433533937,5.7386496337130666e-05,3.9310240745544434,1.1550779342651367,0.3644425868988037,0.3607955873012543,1.0101083517074585,0.3644425868988037,0.3607955873012543,1.0101083517074585,0.3644425868988037,0.3607955873012543,1.0101083517074585,0.801962673664093,0.7994963526725769,1.0030847787857056,0.801962673664093,0.7994963526725769,1.0030847787857056,0.801962673664093,0.7994963526725769,1.0030847787857056,1.0,1.0,0.0,0.0,0.0,1.0,0.0,0.0,1.0,0.8022158145904541,euclidean,0.0,4,gaussian,gaussian,60000,0.3,0.3,"[0.0, 0.0, 0.0, 0.0]","[0.25, 0.25, 0.25, 0.25]",1,,,True
norm__euc_d4_s50,0.0355658233165741,0.035104960203170776,0.0355658233165741,32.0,0.0,0.03548426181077957,0.03548426181077957,3.855591058731079,3.855591058731079,3.827328681945801,3.8397676944732666,0.33604252338409424,0.0,1.0,0.5573223233222961,1.3476256132125854,0.15943409502506256,0.8843201398849487,0.0,0.0,0.043407246470451355,0.043407246470451355,1.0,0.043407246470451355,1.0,0.00032973289489746094,0.00032973289489746094,1.0,0.00032973289489746094,1.0,0.48266667127609253,0.07972808182239532,0.4866666793823242,0.07972808182239532,0.48266667127609253,0.07972808182239532,0.4866666793823242,0.07972808182239532,0.48266667127609253,0.07972808182239532,0.4866666793823242,0.07972808182239532,0.04866122826933861,0.0004945800174027681,98.38899230957031,0.048518046736717224,0.0005629131337627769,86.19100189208984,1.141522765159607,0.04862982779741287,0.0004954059841111302,98.16156005859375,1.0023168325424194,0.0003812750510405749,7.125115371309221e-05,5.351141929626465,0.00036807061405852437,7.063026714604348e-05,5.211230754852295,1.0268479585647583,0.0003798604302573949,6.293869228102267e-05,6.035403728485107,0.886625349521637,0.375876784324646,0.3566010594367981,1.0540540218353271,0.375876784324646,0.3566010594367981,1.0540540218353271,0.375876784324646,0.3566010594367981,1.0540540218353271,0.8109622597694397,0.7937347292900085,1.0217043161392212,0.8109622597694397,0.7937347292900085,1.0217043161392212,0.8109622597694397,0.7937347292900085,1.0217043161392212,1.0,1.0,0.0,0.0,0.0,1.0,0.0,0.0,1.0,0.8001339435577393,euclidean,0.0,4,gaussian,gaussian,60000,0.3,0.3,"[0.0, 0.0, 0.0, 0.0]","[0.25, 0.25, 0.25, 0.25]",1,,,True
norm__euc_d512_s34,0.0003515442367643118,0.00035125145222991705,0.0003515442367643118,20.0,0.0,0.00035124237183481455,0.00035124237183481455,493.5353698730469,493.5353698730469,493.53533935546875,493.5304260253906,0.253528892993927,0.0,1.0,0.5031042098999023,0.5391350388526917,0.02036675252020359,0.5356351733207703,0.0,0.0,8.732542991638184,8.732542991638184,1.0,8.732542991638184,1.0,0.00014722347259521484,0.00014722347259521484,1.0,0.00014722347259521484,1.0,0.4569999873638153,8.62785816192627,0.49433332681655884,8.62785816192627,0.4569999873638153,8.62785816192627,0.49433332681655884,8.62785816192627,0.4569999873638153,8.62785816192627,0.49433332681655884,8.62785816192627,8.747310638427734,0.0015878262929618359,5508.98486328125,8.746917724609375,0.0015153071144595742,5772.37353515625,0.95437091588974,8.746788024902344,0.0014482868136838078,6039.40283203125,0.9121737480163574,0.00018080869631376117,5.0112844292016234e-06,36.08031463623047,0.00017895697965286672,3.656951321318047e-06,48.93611526489258,0.7372941970825195,0.00017973979993257672,5.0087164709111676e-06,35.88540267944336,1.0054315328598022,46.12253189086914,46.05839920043945,1.0013923645019531,46.12253189086914,46.05839920043945,1.0013923645019531,46.12253189086914,46.05839920043945,1.0013923645019531,9.600580215454102,9.593847274780273,1.0007017850875854,9.600580215454102,9.593847274780273,1.0007017850875854,9.600580215454102,9.593847274780273,1.0007017850875854,1.0,1.0,0.0,0.0,0.0,1.0,0.0,0.0,1.0,9.598260879516602,euclidean,0.0,512,gaussian,gaussian,60000,0.3,0.3,"[0.0, 0.0, 0.0, 0.0, 0.0, 0.0, 0.0, 0.0, 0.0, 0.0, 0.0, 0.0, 0.0, 0.0, 0.0, 0.0, 0.0, 0.0, 0.0, 0.0, 0.0, 0.0, 0.0, 0.0, 0.0, 0.0, 0.0, 0.0, 0.0, 0.0, 0.0, 0.0, 0.0, 0.0, 0.0, 0.0, 0.0, 0.0, 0.0, 0.0, 0.0, 0.0, 0.0, 0.0, 0.0, 0.0, 0.0, 0.0, 0.0, 0.0, 0.0, 0.0, 0.0, 0.0, 0.0, 0.0, 0.0, 0.0, 0.0, 0.0, 0.0, 0.0, 0.0, 0.0, 0.0, 0.0, 0.0, 0.0, 0.0, 0.0, 0.0, 0.0, 0.0, 0.0, 0.0, 0.0, 0.0, 0.0, 0.0, 0.0, 0.0, 0.0, 0.0, 0.0, 0.0, 0.0, 0.0, 0.0, 0.0, 0.0, 0.0, 0.0, 0.0, 0.0, 0.0, 0.0, 0.0, 0.0, 0.0, 0.0, 0.0, 0.0, 0.0, 0.0, 0.0, 0.0, 0.0, 0.0, 0.0, 0.0, 0.0, 0.0, 0.0, 0.0, 0.0, 0.0, 0.0, 0.0, 0.0, 0.0, 0.0, 0.0, 0.0, 0.0, 0.0, 0.0, 0.0, 0.0, 0.0, 0.0, 0.0, 0.0, 0.0, 0.0, 0.0, 0.0, 0.0, 0.0, 0.0, 0.0, 0.0, 0.0, 0.0, 0.0, 0.0, 0.0, 0.0, 0.0, 0.0, 0.0, 0.0, 0.0, 0.0, 0.0, 0.0, 0.0, 0.0, 0.0, 0.0, 0.0, 0.0, 0.0, 0.0, 0.0, 0.0, 0.0, 0.0, 0.0, 0.0, 0.0, 0.0, 0.0, 0.0, 0.0, 0.0, 0.0, 0.0, 0.0, 0.0, 0.0, 0.0, 0.0, 0.0, 0.0, 0.0, 0.0, 0.0, 0.0, 0.0, 0.0, 0.0, 0.0, 0.0, 0.0, 0.0, 0.0, 0.0, 0.0, 0.0, 0.0, 0.0, 0.0, 0.0, 0.0, 0.0, 0.0, 0.0, 0.0, 0.0, 0.0, 0.0, 0.0, 0.0, 0.0, 0.0, 0.0, 0.0, 0.0, 0.0, 0.0, 0.0, 0.0, 0.0, 0.0, 0.0, 0.0, 0.0, 0.0, 0.0, 0.0, 0.0, 0.0, 0.0, 0.0, 0.0, 0.0, 0.0, 0.0, 0.0, 0.0, 0.0, 0.0, 0.0, 0.0, 0.0, 0.0, 0.0, 0.0, 0.0, 0.0, 0.0, 0.0, 0.0, 0.0, 0.0, 0.0, 0.0, 0.0, 0.0, 0.0, 0.0, 0.0, 0.0, 0.0, 0.0, 0.0, 0.0, 0.0, 0.0, 0.0, 0.0, 0.0, 0.0, 0.0, 0.0, 0.0, 0.0, 0.0, 0.0, 0.0, 0.0, 0.0, 0.0, 0.0, 0.0, 0.0, 0.0, 0.0, 0.0, 0.0, 0.0, 0.0, 0.0, 0.0, 0.0, 0.0, 0.0, 0.0, 0.0, 0.0, 0.0, 0.0, 0.0, 0.0, 0.0, 0.0, 0.0, 0.0, 0.0, 0.0, 0.0, 0.0, 0.0, 0.0, 0.0, 0.0, 0.0, 0.0, 0.0, 0.0, 0.0, 0.0, 0.0, 0.0, 0.0, 0.0, 0.0, 0.0, 0.0, 0.0, 0.0, 0.0, 0.0, 0.0, 0.0, 0.0, 0.0, 0.0, 0.0, 0.0, 0.0, 0.0, 0.0, 0.0, 0.0, 0.0, 0.0, 0.0, 0.0, 0.0, 0.0, 0.0, 0.0, 0.0, 0.0, 0.0, 0.0, 0.0, 0.0, 0.0, 0.0, 0.0, 0.0, 0.0, 0.0, 0.0, 0.0, 0.0, 0.0, 0.0, 0.0, 0.0, 0.0, 0.0, 0.0, 0.0, 0.0, 0.0, 0.0, 0.0, 0.0, 0.0, 0.0, 0.0, 0.0, 0.0, 0.0, 0.0, 0.0, 0.0, 0.0, 0.0, 0.0, 0.0, 0.0, 0.0, 0.0, 0.0, 0.0, 0.0, 0.0, 0.0, 0.0, 0.0, 0.0, 0.0, 0.0, 0.0, 0.0, 0.0, 0.0, 0.0, 0.0, 0.0, 0.0, 0.0, 0.0, 0.0, 0.0, 0.0, 0.0, 0.0, 0.0, 0.0, 0.0, 0.0, 0.0, 0.0, 0.0, 0.0, 0.0, 0.0, 0.0, 0.0, 0.0, 0.0, 0.0, 0.0, 0.0, 0.0, 0.0, 0.0, 0.0, 0.0, 0.0, 0.0, 0.0, 0.0, 0.0, 0.0, 0.0, 0.0, 0.0, 0.0, 0.0, 0.0, 0.0, 0.0, 0.0, 0.0, 0.0, 0.0, 0.0, 0.0, 0.0, 0.0, 0.0, 0.0, 0.0, 0.0, 0.0, 0.0, 0.0, 0.0, 0.0, 0.0, 0.0, 0.0, 0.0, 0.0, 0.0, 0.0, 0.0, 0.0, 0.0, 0.0, 0.0, 0.0, 0.0, 0.0, 0.0, 0.0, 0.0, 0.0, 0.0, 0.0, 0.0, 0.0, 0.0, 0.0, 0.0, 0.0, 0.0, 0.0, 0.0, 0.0, 0.0, 0.0, 0.0, 0.0, 0.0, 0.0]","[0.02209709, 0.02209709, 0.02209709, 0.02209709, 0.02209709, 0.02209709, 0.02209709, 0.02209709, 0.02209709, 0.02209709, 0.02209709, 0.02209709, 0.02209709, 0.02209709, 0.02209709, 0.02209709, 0.02209709, 0.02209709, 0.02209709, 0.02209709, 0.02209709, 0.02209709, 0.02209709, 0.02209709, 0.02209709, 0.02209709, 0.02209709, 0.02209709, 0.02209709, 0.02209709, 0.02209709, 0.02209709, 0.02209709, 0.02209709, 0.02209709, 0.02209709, 0.02209709, 0.02209709, 0.02209709, 0.02209709, 0.02209709, 0.02209709, 0.02209709, 0.02209709, 0.02209709, 0.02209709, 0.02209709, 0.02209709, 0.02209709, 0.02209709, 0.02209709, 0.02209709, 0.02209709, 0.02209709, 0.02209709, 0.02209709, 0.02209709, 0.02209709, 0.02209709, 0.02209709, 0.02209709, 0.02209709, 0.02209709, 0.02209709, 0.02209709, 0.02209709, 0.02209709, 0.02209709, 0.02209709, 0.02209709, 0.02209709, 0.02209709, 0.02209709, 0.02209709, 0.02209709, 0.02209709, 0.02209709, 0.02209709, 0.02209709, 0.02209709, 0.02209709, 0.02209709, 0.02209709, 0.02209709, 0.02209709, 0.02209709, 0.02209709, 0.02209709, 0.02209709, 0.02209709, 0.02209709, 0.02209709, 0.02209709, 0.02209709, 0.02209709, 0.02209709, 0.02209709, 0.02209709, 0.02209709, 0.02209709, 0.02209709, 0.02209709, 0.02209709, 0.02209709, 0.02209709, 0.02209709, 0.02209709, 0.02209709, 0.02209709, 0.02209709, 0.02209709, 0.02209709, 0.02209709, 0.02209709, 0.02209709, 0.02209709, 0.02209709, 0.02209709, 0.02209709, 0.02209709, 0.02209709, 0.02209709, 0.02209709, 0.02209709, 0.02209709, 0.02209709, 0.02209709, 0.02209709, 0.02209709, 0.02209709, 0.02209709, 0.02209709, 0.02209709, 0.02209709, 0.02209709, 0.02209709, 0.02209709, 0.02209709, 0.02209709, 0.02209709, 0.02209709, 0.02209709, 0.02209709, 0.02209709, 0.02209709, 0.02209709, 0.02209709, 0.02209709, 0.02209709, 0.02209709, 0.02209709, 0.02209709, 0.02209709, 0.02209709, 0.02209709, 0.02209709, 0.02209709, 0.02209709, 0.02209709, 0.02209709, 0.02209709, 0.02209709, 0.02209709, 0.02209709, 0.02209709, 0.02209709, 0.02209709, 0.02209709, 0.02209709, 0.02209709, 0.02209709, 0.02209709, 0.02209709, 0.02209709, 0.02209709, 0.02209709, 0.02209709, 0.02209709, 0.02209709, 0.02209709, 0.02209709, 0.02209709, 0.02209709, 0.02209709, 0.02209709, 0.02209709, 0.02209709, 0.02209709, 0.02209709, 0.02209709, 0.02209709, 0.02209709, 0.02209709, 0.02209709, 0.02209709, 0.02209709, 0.02209709, 0.02209709, 0.02209709, 0.02209709, 0.02209709, 0.02209709, 0.02209709, 0.02209709, 0.02209709, 0.02209709, 0.02209709, 0.02209709, 0.02209709, 0.02209709, 0.02209709, 0.02209709, 0.02209709, 0.02209709, 0.02209709, 0.02209709, 0.02209709, 0.02209709, 0.02209709, 0.02209709, 0.02209709, 0.02209709, 0.02209709, 0.02209709, 0.02209709, 0.02209709, 0.02209709, 0.02209709, 0.02209709, 0.02209709, 0.02209709, 0.02209709, 0.02209709, 0.02209709, 0.02209709, 0.02209709, 0.02209709, 0.02209709, 0.02209709, 0.02209709, 0.02209709, 0.02209709, 0.02209709, 0.02209709, 0.02209709, 0.02209709, 0.02209709, 0.02209709, 0.02209709, 0.02209709, 0.02209709, 0.02209709, 0.02209709, 0.02209709, 0.02209709, 0.02209709, 0.02209709, 0.02209709, 0.02209709, 0.02209709, 0.02209709, 0.02209709, 0.02209709, 0.02209709, 0.02209709, 0.02209709, 0.02209709, 0.02209709, 0.02209709, 0.02209709, 0.02209709, 0.02209709, 0.02209709, 0.02209709, 0.02209709, 0.02209709, 0.02209709, 0.02209709, 0.02209709, 0.02209709, 0.02209709, 0.02209709, 0.02209709, 0.02209709, 0.02209709, 0.02209709, 0.02209709, 0.02209709, 0.02209709, 0.02209709, 0.02209709, 0.02209709, 0.02209709, 0.02209709, 0.02209709, 0.02209709, 0.02209709, 0.02209709, 0.02209709, 0.02209709, 0.02209709, 0.02209709, 0.02209709, 0.02209709, 0.02209709, 0.02209709, 0.02209709, 0.02209709, 0.02209709, 0.02209709, 0.02209709, 0.02209709, 0.02209709, 0.02209709, 0.02209709, 0.02209709, 0.02209709, 0.02209709, 0.02209709, 0.02209709, 0.02209709, 0.02209709, 0.02209709, 0.02209709, 0.02209709, 0.02209709, 0.02209709, 0.02209709, 0.02209709, 0.02209709, 0.02209709, 0.02209709, 0.02209709, 0.02209709, 0.02209709, 0.02209709, 0.02209709, 0.02209709, 0.02209709, 0.02209709, 0.02209709, 0.02209709, 0.02209709, 0.02209709, 0.02209709, 0.02209709, 0.02209709, 0.02209709, 0.02209709, 0.02209709, 0.02209709, 0.02209709, 0.02209709, 0.02209709, 0.02209709, 0.02209709, 0.02209709, 0.02209709, 0.02209709, 0.02209709, 0.02209709, 0.02209709, 0.02209709, 0.02209709, 0.02209709, 0.02209709, 0.02209709, 0.02209709, 0.02209709, 0.02209709, 0.02209709, 0.02209709, 0.02209709, 0.02209709, 0.02209709, 0.02209709, 0.02209709, 0.02209709, 0.02209709, 0.02209709, 0.02209709, 0.02209709, 0.02209709, 0.02209709, 0.02209709, 0.02209709, 0.02209709, 0.02209709, 0.02209709, 0.02209709, 0.02209709, 0.02209709, 0.02209709, 0.02209709, 0.02209709, 0.02209709, 0.02209709, 0.02209709, 0.02209709, 0.02209709, 0.02209709, 0.02209709, 0.02209709, 0.02209709, 0.02209709, 0.02209709, 0.02209709, 0.02209709, 0.02209709, 0.02209709, 0.02209709, 0.02209709, 0.02209709, 0.02209709, 0.02209709, 0.02209709, 0.02209709, 0.02209709, 0.02209709, 0.02209709, 0.02209709, 0.02209709, 0.02209709, 0.02209709, 0.02209709, 0.02209709, 0.02209709, 0.02209709, 0.02209709, 0.02209709, 0.02209709, 0.02209709, 0.02209709, 0.02209709, 0.02209709, 0.02209709, 0.02209709, 0.02209709, 0.02209709, 0.02209709, 0.02209709, 0.02209709, 0.02209709, 0.02209709, 0.02209709, 0.02209709, 0.02209709, 0.02209709, 0.02209709, 0.02209709, 0.02209709, 0.02209709, 0.02209709, 0.02209709, 0.02209709, 0.02209709, 0.02209709, 0.02209709, 0.02209709, 0.02209709, 0.02209709, 0.02209709, 0.02209709, 0.02209709, 0.02209709, 0.02209709, 0.02209709, 0.02209709, 0.02209709, 0.02209709, 0.02209709, 0.02209709, 0.02209709, 0.02209709, 0.02209709, 0.02209709, 0.02209709, 0.02209709, 0.02209709, 0.02209709, 0.02209709, 0.02209709, 0.02209709, 0.02209709, 0.02209709, 0.02209709, 0.02209709, 0.02209709, 0.02209709, 0.02209709, 0.02209709, 0.02209709, 0.02209709, 0.02209709, 0.02209709, 0.02209709, 0.02209709, 0.02209709, 0.02209709, 0.02209709, 0.02209709, 0.02209709, 0.02209709, 0.02209709, 0.02209709, 0.02209709, 0.02209709, 0.02209709, 0.02209709, 0.02209709, 0.02209709, 0.02209709]",1,,,True
norm__euc_d512_s42,0.00035165672306902707,0.0003515648713801056,0.00035165672306902707,20.0,0.0,0.00035141422995366156,0.00035141422995366156,493.5268859863281,493.5268859863281,493.52679443359375,493.5459899902344,0.25404608249664307,0.0,1.0,0.5037922263145447,0.5310767889022827,0.015473999083042145,0.5284277200698853,0.0,0.0,8.728693962097168,8.728693962097168,1.0,8.728693962097168,1.0,0.000148773193359375,0.000148773193359375,1.0,0.000148773193359375,1.0,0.5131666660308838,8.638197898864746,0.5021666884422302,8.638197898864746,0.5131666660308838,8.638197898864746,0.5021666884422302,8.638197898864746,0.5131666660308838,8.638197898864746,0.5021666884422302,8.638197898864746,8.743328094482422,0.0011680959723889828,7485.11083984375,8.743003845214844,0.0014712041011080146,5942.75390625,1.2595356702804565,8.743542671203613,0.0015046251937747002,5811.10986328125,1.2880690097808838,0.00018383664428256452,7.397982699330896e-06,24.84956169128418,0.0001819809403968975,4.689690740633523e-06,38.804466247558594,0.6403788924217224,0.00018163521599490196,5.883537141926354e-06,30.87177276611328,0.8049282431602478,46.04182434082031,46.089599609375,0.9989633560180664,46.04182434082031,46.089599609375,0.9989633560180664,46.04182434082031,46.089599609375,0.9989633560180664,9.592106819152832,9.597147941589355,0.9994747042655945,9.592106819152832,9.597147941589355,0.9994747042655945,9.592106819152832,9.597147941589355,0.9994747042655945,1.0,1.0,0.0,0.0,0.0,1.0,0.0,0.0,1.0,9.594954490661621,euclidean,0.0,512,gaussian,gaussian,60000,0.3,0.3,"[0.0, 0.0, 0.0, 0.0, 0.0, 0.0, 0.0, 0.0, 0.0, 0.0, 0.0, 0.0, 0.0, 0.0, 0.0, 0.0, 0.0, 0.0, 0.0, 0.0, 0.0, 0.0, 0.0, 0.0, 0.0, 0.0, 0.0, 0.0, 0.0, 0.0, 0.0, 0.0, 0.0, 0.0, 0.0, 0.0, 0.0, 0.0, 0.0, 0.0, 0.0, 0.0, 0.0, 0.0, 0.0, 0.0, 0.0, 0.0, 0.0, 0.0, 0.0, 0.0, 0.0, 0.0, 0.0, 0.0, 0.0, 0.0, 0.0, 0.0, 0.0, 0.0, 0.0, 0.0, 0.0, 0.0, 0.0, 0.0, 0.0, 0.0, 0.0, 0.0, 0.0, 0.0, 0.0, 0.0, 0.0, 0.0, 0.0, 0.0, 0.0, 0.0, 0.0, 0.0, 0.0, 0.0, 0.0, 0.0, 0.0, 0.0, 0.0, 0.0, 0.0, 0.0, 0.0, 0.0, 0.0, 0.0, 0.0, 0.0, 0.0, 0.0, 0.0, 0.0, 0.0, 0.0, 0.0, 0.0, 0.0, 0.0, 0.0, 0.0, 0.0, 0.0, 0.0, 0.0, 0.0, 0.0, 0.0, 0.0, 0.0, 0.0, 0.0, 0.0, 0.0, 0.0, 0.0, 0.0, 0.0, 0.0, 0.0, 0.0, 0.0, 0.0, 0.0, 0.0, 0.0, 0.0, 0.0, 0.0, 0.0, 0.0, 0.0, 0.0, 0.0, 0.0, 0.0, 0.0, 0.0, 0.0, 0.0, 0.0, 0.0, 0.0, 0.0, 0.0, 0.0, 0.0, 0.0, 0.0, 0.0, 0.0, 0.0, 0.0, 0.0, 0.0, 0.0, 0.0, 0.0, 0.0, 0.0, 0.0, 0.0, 0.0, 0.0, 0.0, 0.0, 0.0, 0.0, 0.0, 0.0, 0.0, 0.0, 0.0, 0.0, 0.0, 0.0, 0.0, 0.0, 0.0, 0.0, 0.0, 0.0, 0.0, 0.0, 0.0, 0.0, 0.0, 0.0, 0.0, 0.0, 0.0, 0.0, 0.0, 0.0, 0.0, 0.0, 0.0, 0.0, 0.0, 0.0, 0.0, 0.0, 0.0, 0.0, 0.0, 0.0, 0.0, 0.0, 0.0, 0.0, 0.0, 0.0, 0.0, 0.0, 0.0, 0.0, 0.0, 0.0, 0.0, 0.0, 0.0, 0.0, 0.0, 0.0, 0.0, 0.0, 0.0, 0.0, 0.0, 0.0, 0.0, 0.0, 0.0, 0.0, 0.0, 0.0, 0.0, 0.0, 0.0, 0.0, 0.0, 0.0, 0.0, 0.0, 0.0, 0.0, 0.0, 0.0, 0.0, 0.0, 0.0, 0.0, 0.0, 0.0, 0.0, 0.0, 0.0, 0.0, 0.0, 0.0, 0.0, 0.0, 0.0, 0.0, 0.0, 0.0, 0.0, 0.0, 0.0, 0.0, 0.0, 0.0, 0.0, 0.0, 0.0, 0.0, 0.0, 0.0, 0.0, 0.0, 0.0, 0.0, 0.0, 0.0, 0.0, 0.0, 0.0, 0.0, 0.0, 0.0, 0.0, 0.0, 0.0, 0.0, 0.0, 0.0, 0.0, 0.0, 0.0, 0.0, 0.0, 0.0, 0.0, 0.0, 0.0, 0.0, 0.0, 0.0, 0.0, 0.0, 0.0, 0.0, 0.0, 0.0, 0.0, 0.0, 0.0, 0.0, 0.0, 0.0, 0.0, 0.0, 0.0, 0.0, 0.0, 0.0, 0.0, 0.0, 0.0, 0.0, 0.0, 0.0, 0.0, 0.0, 0.0, 0.0, 0.0, 0.0, 0.0, 0.0, 0.0, 0.0, 0.0, 0.0, 0.0, 0.0, 0.0, 0.0, 0.0, 0.0, 0.0, 0.0, 0.0, 0.0, 0.0, 0.0, 0.0, 0.0, 0.0, 0.0, 0.0, 0.0, 0.0, 0.0, 0.0, 0.0, 0.0, 0.0, 0.0, 0.0, 0.0, 0.0, 0.0, 0.0, 0.0, 0.0, 0.0, 0.0, 0.0, 0.0, 0.0, 0.0, 0.0, 0.0, 0.0, 0.0, 0.0, 0.0, 0.0, 0.0, 0.0, 0.0, 0.0, 0.0, 0.0, 0.0, 0.0, 0.0, 0.0, 0.0, 0.0, 0.0, 0.0, 0.0, 0.0, 0.0, 0.0, 0.0, 0.0, 0.0, 0.0, 0.0, 0.0, 0.0, 0.0, 0.0, 0.0, 0.0, 0.0, 0.0, 0.0, 0.0, 0.0, 0.0, 0.0, 0.0, 0.0, 0.0, 0.0, 0.0, 0.0, 0.0, 0.0, 0.0, 0.0, 0.0, 0.0, 0.0, 0.0, 0.0, 0.0, 0.0, 0.0, 0.0, 0.0, 0.0, 0.0, 0.0, 0.0, 0.0, 0.0, 0.0, 0.0, 0.0, 0.0, 0.0, 0.0, 0.0, 0.0, 0.0, 0.0, 0.0, 0.0, 0.0, 0.0, 0.0, 0.0, 0.0, 0.0, 0.0, 0.0, 0.0, 0.0, 0.0, 0.0, 0.0, 0.0, 0.0, 0.0, 0.0, 0.0, 0.0, 0.0, 0.0, 0.0, 0.0, 0.0, 0.0, 0.0, 0.0, 0.0, 0.0, 0.0, 0.0, 0.0, 0.0, 0.0, 0.0, 0.0, 0.0, 0.0]","[0.02209709, 0.02209709, 0.02209709, 0.02209709, 0.02209709, 0.02209709, 0.02209709, 0.02209709, 0.02209709, 0.02209709, 0.02209709, 0.02209709, 0.02209709, 0.02209709, 0.02209709, 0.02209709, 0.02209709, 0.02209709, 0.02209709, 0.02209709, 0.02209709, 0.02209709, 0.02209709, 0.02209709, 0.02209709, 0.02209709, 0.02209709, 0.02209709, 0.02209709, 0.02209709, 0.02209709, 0.02209709, 0.02209709, 0.02209709, 0.02209709, 0.02209709, 0.02209709, 0.02209709, 0.02209709, 0.02209709, 0.02209709, 0.02209709, 0.02209709, 0.02209709, 0.02209709, 0.02209709, 0.02209709, 0.02209709, 0.02209709, 0.02209709, 0.02209709, 0.02209709, 0.02209709, 0.02209709, 0.02209709, 0.02209709, 0.02209709, 0.02209709, 0.02209709, 0.02209709, 0.02209709, 0.02209709, 0.02209709, 0.02209709, 0.02209709, 0.02209709, 0.02209709, 0.02209709, 0.02209709, 0.02209709, 0.02209709, 0.02209709, 0.02209709, 0.02209709, 0.02209709, 0.02209709, 0.02209709, 0.02209709, 0.02209709, 0.02209709, 0.02209709, 0.02209709, 0.02209709, 0.02209709, 0.02209709, 0.02209709, 0.02209709, 0.02209709, 0.02209709, 0.02209709, 0.02209709, 0.02209709, 0.02209709, 0.02209709, 0.02209709, 0.02209709, 0.02209709, 0.02209709, 0.02209709, 0.02209709, 0.02209709, 0.02209709, 0.02209709, 0.02209709, 0.02209709, 0.02209709, 0.02209709, 0.02209709, 0.02209709, 0.02209709, 0.02209709, 0.02209709, 0.02209709, 0.02209709, 0.02209709, 0.02209709, 0.02209709, 0.02209709, 0.02209709, 0.02209709, 0.02209709, 0.02209709, 0.02209709, 0.02209709, 0.02209709, 0.02209709, 0.02209709, 0.02209709, 0.02209709, 0.02209709, 0.02209709, 0.02209709, 0.02209709, 0.02209709, 0.02209709, 0.02209709, 0.02209709, 0.02209709, 0.02209709, 0.02209709, 0.02209709, 0.02209709, 0.02209709, 0.02209709, 0.02209709, 0.02209709, 0.02209709, 0.02209709, 0.02209709, 0.02209709, 0.02209709, 0.02209709, 0.02209709, 0.02209709, 0.02209709, 0.02209709, 0.02209709, 0.02209709, 0.02209709, 0.02209709, 0.02209709, 0.02209709, 0.02209709, 0.02209709, 0.02209709, 0.02209709, 0.02209709, 0.02209709, 0.02209709, 0.02209709, 0.02209709, 0.02209709, 0.02209709, 0.02209709, 0.02209709, 0.02209709, 0.02209709, 0.02209709, 0.02209709, 0.02209709, 0.02209709, 0.02209709, 0.02209709, 0.02209709, 0.02209709, 0.02209709, 0.02209709, 0.02209709, 0.02209709, 0.02209709, 0.02209709, 0.02209709, 0.02209709, 0.02209709, 0.02209709, 0.02209709, 0.02209709, 0.02209709, 0.02209709, 0.02209709, 0.02209709, 0.02209709, 0.02209709, 0.02209709, 0.02209709, 0.02209709, 0.02209709, 0.02209709, 0.02209709, 0.02209709, 0.02209709, 0.02209709, 0.02209709, 0.02209709, 0.02209709, 0.02209709, 0.02209709, 0.02209709, 0.02209709, 0.02209709, 0.02209709, 0.02209709, 0.02209709, 0.02209709, 0.02209709, 0.02209709, 0.02209709, 0.02209709, 0.02209709, 0.02209709, 0.02209709, 0.02209709, 0.02209709, 0.02209709, 0.02209709, 0.02209709, 0.02209709, 0.02209709, 0.02209709, 0.02209709, 0.02209709, 0.02209709, 0.02209709, 0.02209709, 0.02209709, 0.02209709, 0.02209709, 0.02209709, 0.02209709, 0.02209709, 0.02209709, 0.02209709, 0.02209709, 0.02209709, 0.02209709, 0.02209709, 0.02209709, 0.02209709, 0.02209709, 0.02209709, 0.02209709, 0.02209709, 0.02209709, 0.02209709, 0.02209709, 0.02209709, 0.02209709, 0.02209709, 0.02209709, 0.02209709, 0.02209709, 0.02209709, 0.02209709, 0.02209709, 0.02209709, 0.02209709, 0.02209709, 0.02209709, 0.02209709, 0.02209709, 0.02209709, 0.02209709, 0.02209709, 0.02209709, 0.02209709, 0.02209709, 0.02209709, 0.02209709, 0.02209709, 0.02209709, 0.02209709, 0.02209709, 0.02209709, 0.02209709, 0.02209709, 0.02209709, 0.02209709, 0.02209709, 0.02209709, 0.02209709, 0.02209709, 0.02209709, 0.02209709, 0.02209709, 0.02209709, 0.02209709, 0.02209709, 0.02209709, 0.02209709, 0.02209709, 0.02209709, 0.02209709, 0.02209709, 0.02209709, 0.02209709, 0.02209709, 0.02209709, 0.02209709, 0.02209709, 0.02209709, 0.02209709, 0.02209709, 0.02209709, 0.02209709, 0.02209709, 0.02209709, 0.02209709, 0.02209709, 0.02209709, 0.02209709, 0.02209709, 0.02209709, 0.02209709, 0.02209709, 0.02209709, 0.02209709, 0.02209709, 0.02209709, 0.02209709, 0.02209709, 0.02209709, 0.02209709, 0.02209709, 0.02209709, 0.02209709, 0.02209709, 0.02209709, 0.02209709, 0.02209709, 0.02209709, 0.02209709, 0.02209709, 0.02209709, 0.02209709, 0.02209709, 0.02209709, 0.02209709, 0.02209709, 0.02209709, 0.02209709, 0.02209709, 0.02209709, 0.02209709, 0.02209709, 0.02209709, 0.02209709, 0.02209709, 0.02209709, 0.02209709, 0.02209709, 0.02209709, 0.02209709, 0.02209709, 0.02209709, 0.02209709, 0.02209709, 0.02209709, 0.02209709, 0.02209709, 0.02209709, 0.02209709, 0.02209709, 0.02209709, 0.02209709, 0.02209709, 0.02209709, 0.02209709, 0.02209709, 0.02209709, 0.02209709, 0.02209709, 0.02209709, 0.02209709, 0.02209709, 0.02209709, 0.02209709, 0.02209709, 0.02209709, 0.02209709, 0.02209709, 0.02209709, 0.02209709, 0.02209709, 0.02209709, 0.02209709, 0.02209709, 0.02209709, 0.02209709, 0.02209709, 0.02209709, 0.02209709, 0.02209709, 0.02209709, 0.02209709, 0.02209709, 0.02209709, 0.02209709, 0.02209709, 0.02209709, 0.02209709, 0.02209709, 0.02209709, 0.02209709, 0.02209709, 0.02209709, 0.02209709, 0.02209709, 0.02209709, 0.02209709, 0.02209709, 0.02209709, 0.02209709, 0.02209709, 0.02209709, 0.02209709, 0.02209709, 0.02209709, 0.02209709, 0.02209709, 0.02209709, 0.02209709, 0.02209709, 0.02209709, 0.02209709, 0.02209709, 0.02209709, 0.02209709, 0.02209709, 0.02209709, 0.02209709, 0.02209709, 0.02209709, 0.02209709, 0.02209709, 0.02209709, 0.02209709, 0.02209709, 0.02209709, 0.02209709, 0.02209709, 0.02209709, 0.02209709, 0.02209709, 0.02209709, 0.02209709, 0.02209709, 0.02209709, 0.02209709, 0.02209709, 0.02209709, 0.02209709, 0.02209709, 0.02209709, 0.02209709, 0.02209709, 0.02209709, 0.02209709, 0.02209709, 0.02209709, 0.02209709, 0.02209709, 0.02209709, 0.02209709, 0.02209709, 0.02209709, 0.02209709, 0.02209709, 0.02209709, 0.02209709, 0.02209709, 0.02209709, 0.02209709, 0.02209709, 0.02209709, 0.02209709, 0.02209709, 0.02209709, 0.02209709, 0.02209709, 0.02209709, 0.02209709, 0.02209709, 0.02209709, 0.02209709, 0.02209709, 0.02209709, 0.02209709, 0.02209709, 0.02209709, 0.02209709, 0.02209709, 0.02209709]",1,,,True
norm__euc_d512_s50,0.0003516848955769092,0.0003522485203575343,0.0003516848955769092,20.0,0.0,0.00035133774508722126,0.00035133774508722126,493.5439147949219,493.5439147949219,493.5438232421875,493.562744140625,0.24850398302078247,0.0,1.0,0.49833837151527405,0.521197497844696,0.01275910995900631,0.5184289813041687,0.0,0.0,8.731630325317383,8.731630325317383,1.0,8.731630325317383,1.0,0.0001455545425415039,0.0001455545425415039,1.0,0.0001455545425415039,1.0,0.5083333253860474,8.6434326171875,0.5108333230018616,8.6434326171875,0.5083333253860474,8.6434326171875,0.5108333230018616,8.6434326171875,0.5083333253860474,8.6434326171875,0.5108333230018616,8.6434326171875,8.746786117553711,0.00120143115054816,7280.30517578125,8.746459007263184,0.0011572357034310699,7558.06201171875,0.9632503390312195,8.74633502960205,0.0015001848805695772,5830.17138671875,1.2487292289733887,0.0001782775070751086,4.367789188108873e-06,40.8164176940918,0.00017679932352621108,4.47820366389351e-06,39.47996139526367,1.0338515043258667,0.0001775026466930285,5.531584065465722e-06,32.088932037353516,1.2719780206680298,46.071895599365234,46.12314987182617,0.9988887310028076,46.071895599365234,46.12314987182617,0.9988887310028076,46.071895599365234,46.12314987182617,0.9988887310028076,9.595280647277832,9.600579261779785,0.9994481801986694,9.595280647277832,9.600579261779785,0.9994481801986694,9.595280647277832,9.600579261779785,0.9994481801986694,1.0,1.0,0.0,0.0,0.0,1.0,0.0,0.0,1.0,9.598261833190918,euclidean,0.0,512,gaussian,gaussian,60000,0.3,0.3,"[0.0, 0.0, 0.0, 0.0, 0.0, 0.0, 0.0, 0.0, 0.0, 0.0, 0.0, 0.0, 0.0, 0.0, 0.0, 0.0, 0.0, 0.0, 0.0, 0.0, 0.0, 0.0, 0.0, 0.0, 0.0, 0.0, 0.0, 0.0, 0.0, 0.0, 0.0, 0.0, 0.0, 0.0, 0.0, 0.0, 0.0, 0.0, 0.0, 0.0, 0.0, 0.0, 0.0, 0.0, 0.0, 0.0, 0.0, 0.0, 0.0, 0.0, 0.0, 0.0, 0.0, 0.0, 0.0, 0.0, 0.0, 0.0, 0.0, 0.0, 0.0, 0.0, 0.0, 0.0, 0.0, 0.0, 0.0, 0.0, 0.0, 0.0, 0.0, 0.0, 0.0, 0.0, 0.0, 0.0, 0.0, 0.0, 0.0, 0.0, 0.0, 0.0, 0.0, 0.0, 0.0, 0.0, 0.0, 0.0, 0.0, 0.0, 0.0, 0.0, 0.0, 0.0, 0.0, 0.0, 0.0, 0.0, 0.0, 0.0, 0.0, 0.0, 0.0, 0.0, 0.0, 0.0, 0.0, 0.0, 0.0, 0.0, 0.0, 0.0, 0.0, 0.0, 0.0, 0.0, 0.0, 0.0, 0.0, 0.0, 0.0, 0.0, 0.0, 0.0, 0.0, 0.0, 0.0, 0.0, 0.0, 0.0, 0.0, 0.0, 0.0, 0.0, 0.0, 0.0, 0.0, 0.0, 0.0, 0.0, 0.0, 0.0, 0.0, 0.0, 0.0, 0.0, 0.0, 0.0, 0.0, 0.0, 0.0, 0.0, 0.0, 0.0, 0.0, 0.0, 0.0, 0.0, 0.0, 0.0, 0.0, 0.0, 0.0, 0.0, 0.0, 0.0, 0.0, 0.0, 0.0, 0.0, 0.0, 0.0, 0.0, 0.0, 0.0, 0.0, 0.0, 0.0, 0.0, 0.0, 0.0, 0.0, 0.0, 0.0, 0.0, 0.0, 0.0, 0.0, 0.0, 0.0, 0.0, 0.0, 0.0, 0.0, 0.0, 0.0, 0.0, 0.0, 0.0, 0.0, 0.0, 0.0, 0.0, 0.0, 0.0, 0.0, 0.0, 0.0, 0.0, 0.0, 0.0, 0.0, 0.0, 0.0, 0.0, 0.0, 0.0, 0.0, 0.0, 0.0, 0.0, 0.0, 0.0, 0.0, 0.0, 0.0, 0.0, 0.0, 0.0, 0.0, 0.0, 0.0, 0.0, 0.0, 0.0, 0.0, 0.0, 0.0, 0.0, 0.0, 0.0, 0.0, 0.0, 0.0, 0.0, 0.0, 0.0, 0.0, 0.0, 0.0, 0.0, 0.0, 0.0, 0.0, 0.0, 0.0, 0.0, 0.0, 0.0, 0.0, 0.0, 0.0, 0.0, 0.0, 0.0, 0.0, 0.0, 0.0, 0.0, 0.0, 0.0, 0.0, 0.0, 0.0, 0.0, 0.0, 0.0, 0.0, 0.0, 0.0, 0.0, 0.0, 0.0, 0.0, 0.0, 0.0, 0.0, 0.0, 0.0, 0.0, 0.0, 0.0, 0.0, 0.0, 0.0, 0.0, 0.0, 0.0, 0.0, 0.0, 0.0, 0.0, 0.0, 0.0, 0.0, 0.0, 0.0, 0.0, 0.0, 0.0, 0.0, 0.0, 0.0, 0.0, 0.0, 0.0, 0.0, 0.0, 0.0, 0.0, 0.0, 0.0, 0.0, 0.0, 0.0, 0.0, 0.0, 0.0, 0.0, 0.0, 0.0, 0.0, 0.0, 0.0, 0.0, 0.0, 0.0, 0.0, 0.0, 0.0, 0.0, 0.0, 0.0, 0.0, 0.0, 0.0, 0.0, 0.0, 0.0, 0.0, 0.0, 0.0, 0.0, 0.0, 0.0, 0.0, 0.0, 0.0, 0.0, 0.0, 0.0, 0.0, 0.0, 0.0, 0.0, 0.0, 0.0, 0.0, 0.0, 0.0, 0.0, 0.0, 0.0, 0.0, 0.0, 0.0, 0.0, 0.0, 0.0, 0.0, 0.0, 0.0, 0.0, 0.0, 0.0, 0.0, 0.0, 0.0, 0.0, 0.0, 0.0, 0.0, 0.0, 0.0, 0.0, 0.0, 0.0, 0.0, 0.0, 0.0, 0.0, 0.0, 0.0, 0.0, 0.0, 0.0, 0.0, 0.0, 0.0, 0.0, 0.0, 0.0, 0.0, 0.0, 0.0, 0.0, 0.0, 0.0, 0.0, 0.0, 0.0, 0.0, 0.0, 0.0, 0.0, 0.0, 0.0, 0.0, 0.0, 0.0, 0.0, 0.0, 0.0, 0.0, 0.0, 0.0, 0.0, 0.0, 0.0, 0.0, 0.0, 0.0, 0.0, 0.0, 0.0, 0.0, 0.0, 0.0, 0.0, 0.0, 0.0, 0.0, 0.0, 0.0, 0.0, 0.0, 0.0, 0.0, 0.0, 0.0, 0.0, 0.0, 0.0, 0.0, 0.0, 0.0, 0.0, 0.0, 0.0, 0.0, 0.0, 0.0, 0.0, 0.0, 0.0, 0.0, 0.0, 0.0, 0.0, 0.0, 0.0, 0.0, 0.0, 0.0, 0.0, 0.0, 0.0, 0.0, 0.0, 0.0, 0.0, 0.0, 0.0, 0.0, 0.0, 0.0, 0.0, 0.0, 0.0, 0.0, 0.0, 0.0, 0.0, 0.0, 0.0, 0.0, 0.0, 0.0, 0.0, 0.0, 0.0, 0.0]","[0.02209709, 0.02209709, 0.02209709, 0.02209709, 0.02209709, 0.02209709, 0.02209709, 0.02209709, 0.02209709, 0.02209709, 0.02209709, 0.02209709, 0.02209709, 0.02209709, 0.02209709, 0.02209709, 0.02209709, 0.02209709, 0.02209709, 0.02209709, 0.02209709, 0.02209709, 0.02209709, 0.02209709, 0.02209709, 0.02209709, 0.02209709, 0.02209709, 0.02209709, 0.02209709, 0.02209709, 0.02209709, 0.02209709, 0.02209709, 0.02209709, 0.02209709, 0.02209709, 0.02209709, 0.02209709, 0.02209709, 0.02209709, 0.02209709, 0.02209709, 0.02209709, 0.02209709, 0.02209709, 0.02209709, 0.02209709, 0.02209709, 0.02209709, 0.02209709, 0.02209709, 0.02209709, 0.02209709, 0.02209709, 0.02209709, 0.02209709, 0.02209709, 0.02209709, 0.02209709, 0.02209709, 0.02209709, 0.02209709, 0.02209709, 0.02209709, 0.02209709, 0.02209709, 0.02209709, 0.02209709, 0.02209709, 0.02209709, 0.02209709, 0.02209709, 0.02209709, 0.02209709, 0.02209709, 0.02209709, 0.02209709, 0.02209709, 0.02209709, 0.02209709, 0.02209709, 0.02209709, 0.02209709, 0.02209709, 0.02209709, 0.02209709, 0.02209709, 0.02209709, 0.02209709, 0.02209709, 0.02209709, 0.02209709, 0.02209709, 0.02209709, 0.02209709, 0.02209709, 0.02209709, 0.02209709, 0.02209709, 0.02209709, 0.02209709, 0.02209709, 0.02209709, 0.02209709, 0.02209709, 0.02209709, 0.02209709, 0.02209709, 0.02209709, 0.02209709, 0.02209709, 0.02209709, 0.02209709, 0.02209709, 0.02209709, 0.02209709, 0.02209709, 0.02209709, 0.02209709, 0.02209709, 0.02209709, 0.02209709, 0.02209709, 0.02209709, 0.02209709, 0.02209709, 0.02209709, 0.02209709, 0.02209709, 0.02209709, 0.02209709, 0.02209709, 0.02209709, 0.02209709, 0.02209709, 0.02209709, 0.02209709, 0.02209709, 0.02209709, 0.02209709, 0.02209709, 0.02209709, 0.02209709, 0.02209709, 0.02209709, 0.02209709, 0.02209709, 0.02209709, 0.02209709, 0.02209709, 0.02209709, 0.02209709, 0.02209709, 0.02209709, 0.02209709, 0.02209709, 0.02209709, 0.02209709, 0.02209709, 0.02209709, 0.02209709, 0.02209709, 0.02209709, 0.02209709, 0.02209709, 0.02209709, 0.02209709, 0.02209709, 0.02209709, 0.02209709, 0.02209709, 0.02209709, 0.02209709, 0.02209709, 0.02209709, 0.02209709, 0.02209709, 0.02209709, 0.02209709, 0.02209709, 0.02209709, 0.02209709, 0.02209709, 0.02209709, 0.02209709, 0.02209709, 0.02209709, 0.02209709, 0.02209709, 0.02209709, 0.02209709, 0.02209709, 0.02209709, 0.02209709, 0.02209709, 0.02209709, 0.02209709, 0.02209709, 0.02209709, 0.02209709, 0.02209709, 0.02209709, 0.02209709, 0.02209709, 0.02209709, 0.02209709, 0.02209709, 0.02209709, 0.02209709, 0.02209709, 0.02209709, 0.02209709, 0.02209709, 0.02209709, 0.02209709, 0.02209709, 0.02209709, 0.02209709, 0.02209709, 0.02209709, 0.02209709, 0.02209709, 0.02209709, 0.02209709, 0.02209709, 0.02209709, 0.02209709, 0.02209709, 0.02209709, 0.02209709, 0.02209709, 0.02209709, 0.02209709, 0.02209709, 0.02209709, 0.02209709, 0.02209709, 0.02209709, 0.02209709, 0.02209709, 0.02209709, 0.02209709, 0.02209709, 0.02209709, 0.02209709, 0.02209709, 0.02209709, 0.02209709, 0.02209709, 0.02209709, 0.02209709, 0.02209709, 0.02209709, 0.02209709, 0.02209709, 0.02209709, 0.02209709, 0.02209709, 0.02209709, 0.02209709, 0.02209709, 0.02209709, 0.02209709, 0.02209709, 0.02209709, 0.02209709, 0.02209709, 0.02209709, 0.02209709, 0.02209709, 0.02209709, 0.02209709, 0.02209709, 0.02209709, 0.02209709, 0.02209709, 0.02209709, 0.02209709, 0.02209709, 0.02209709, 0.02209709, 0.02209709, 0.02209709, 0.02209709, 0.02209709, 0.02209709, 0.02209709, 0.02209709, 0.02209709, 0.02209709, 0.02209709, 0.02209709, 0.02209709, 0.02209709, 0.02209709, 0.02209709, 0.02209709, 0.02209709, 0.02209709, 0.02209709, 0.02209709, 0.02209709, 0.02209709, 0.02209709, 0.02209709, 0.02209709, 0.02209709, 0.02209709, 0.02209709, 0.02209709, 0.02209709, 0.02209709, 0.02209709, 0.02209709, 0.02209709, 0.02209709, 0.02209709, 0.02209709, 0.02209709, 0.02209709, 0.02209709, 0.02209709, 0.02209709, 0.02209709, 0.02209709, 0.02209709, 0.02209709, 0.02209709, 0.02209709, 0.02209709, 0.02209709, 0.02209709, 0.02209709, 0.02209709, 0.02209709, 0.02209709, 0.02209709, 0.02209709, 0.02209709, 0.02209709, 0.02209709, 0.02209709, 0.02209709, 0.02209709, 0.02209709, 0.02209709, 0.02209709, 0.02209709, 0.02209709, 0.02209709, 0.02209709, 0.02209709, 0.02209709, 0.02209709, 0.02209709, 0.02209709, 0.02209709, 0.02209709, 0.02209709, 0.02209709, 0.02209709, 0.02209709, 0.02209709, 0.02209709, 0.02209709, 0.02209709, 0.02209709, 0.02209709, 0.02209709, 0.02209709, 0.02209709, 0.02209709, 0.02209709, 0.02209709, 0.02209709, 0.02209709, 0.02209709, 0.02209709, 0.02209709, 0.02209709, 0.02209709, 0.02209709, 0.02209709, 0.02209709, 0.02209709, 0.02209709, 0.02209709, 0.02209709, 0.02209709, 0.02209709, 0.02209709, 0.02209709, 0.02209709, 0.02209709, 0.02209709, 0.02209709, 0.02209709, 0.02209709, 0.02209709, 0.02209709, 0.02209709, 0.02209709, 0.02209709, 0.02209709, 0.02209709, 0.02209709, 0.02209709, 0.02209709, 0.02209709, 0.02209709, 0.02209709, 0.02209709, 0.02209709, 0.02209709, 0.02209709, 0.02209709, 0.02209709, 0.02209709, 0.02209709, 0.02209709, 0.02209709, 0.02209709, 0.02209709, 0.02209709, 0.02209709, 0.02209709, 0.02209709, 0.02209709, 0.02209709, 0.02209709, 0.02209709, 0.02209709, 0.02209709, 0.02209709, 0.02209709, 0.02209709, 0.02209709, 0.02209709, 0.02209709, 0.02209709, 0.02209709, 0.02209709, 0.02209709, 0.02209709, 0.02209709, 0.02209709, 0.02209709, 0.02209709, 0.02209709, 0.02209709, 0.02209709, 0.02209709, 0.02209709, 0.02209709, 0.02209709, 0.02209709, 0.02209709, 0.02209709, 0.02209709, 0.02209709, 0.02209709, 0.02209709, 0.02209709, 0.02209709, 0.02209709, 0.02209709, 0.02209709, 0.02209709, 0.02209709, 0.02209709, 0.02209709, 0.02209709, 0.02209709, 0.02209709, 0.02209709, 0.02209709, 0.02209709, 0.02209709, 0.02209709, 0.02209709, 0.02209709, 0.02209709, 0.02209709, 0.02209709, 0.02209709, 0.02209709, 0.02209709, 0.02209709, 0.02209709, 0.02209709, 0.02209709, 0.02209709, 0.02209709, 0.02209709, 0.02209709, 0.02209709, 0.02209709, 0.02209709, 0.02209709, 0.02209709, 0.02209709, 0.02209709, 0.02209709, 0.02209709, 0.02209709, 0.02209709, 0.02209709, 0.02209709, 0.02209709, 0.02209709, 0.02209709]",1,,,True
norm__euc_d64_s34,0.002811652608215809,0.0028054616414010525,0.002811652608215809,20.0,0.0,0.00280748656950891,0.00280748656950891,61.69318389892578,61.69318389892578,61.692928314208984,61.67765808105469,0.24677443504333496,0.0,1.0,0.496742308139801,0.5055141448974609,0.004642424173653126,0.504048764705658,0.0,0.0,2.4886770248413086,2.4886770248413086,1.0,2.4886770248413086,1.0,0.0001347064971923828,0.0001347064971923828,1.0,0.0001347064971923828,1.0,0.4988333284854889,2.4394216537475586,0.4973333477973938,2.4394216537475586,0.4988333284854889,2.4394216537475586,0.4973333477973938,2.4394216537475586,0.4988333284854889,2.4394216537475586,0.4973333477973938,2.4394216537475586,2.5039052963256836,0.0011608540080487728,2156.951171875,2.5039632320404053,0.0009959067683666945,2514.254638671875,0.85788893699646,2.503878593444824,0.0009690118604339659,2583.950439453125,0.8347494006156921,0.00016786259948275983,1.3308972484082915e-05,12.612738609313965,0.0001664201554376632,1.4805520549998619e-05,11.240412712097168,1.1220885515213013,0.00016572873573750257,1.3271803254610859e-05,12.487279891967773,1.0100469589233398,5.783335208892822,5.729925632476807,1.0093212127685547,5.783334732055664,5.729925632476807,1.0093210935592651,5.783334732055664,5.729925632476807,1.0093210935592651,3.3882296085357666,3.372453451156616,1.0046778917312622,3.3882296085357666,3.372453451156616,1.0046778917312622,3.3882296085357666,3.372453451156616,1.0046778917312622,1.0,1.0,0.0,0.0,0.0,1.0,0.0,0.0,1.0,3.3824570178985596,euclidean,0.0,64,gaussian,gaussian,60000,0.3,0.3,"[0.0, 0.0, 0.0, 0.0, 0.0, 0.0, 0.0, 0.0, 0.0, 0.0, 0.0, 0.0, 0.0, 0.0, 0.0, 0.0, 0.0, 0.0, 0.0, 0.0, 0.0, 0.0, 0.0, 0.0, 0.0, 0.0, 0.0, 0.0, 0.0, 0.0, 0.0, 0.0, 0.0, 0.0, 0.0, 0.0, 0.0, 0.0, 0.0, 0.0, 0.0, 0.0, 0.0, 0.0, 0.0, 0.0, 0.0, 0.0, 0.0, 0.0, 0.0, 0.0, 0.0, 0.0, 0.0, 0.0, 0.0, 0.0, 0.0, 0.0, 0.0, 0.0, 0.0, 0.0]","[0.0625, 0.0625, 0.0625, 0.0625, 0.0625, 0.0625, 0.0625, 0.0625, 0.0625, 0.0625, 0.0625, 0.0625, 0.0625, 0.0625, 0.0625, 0.0625, 0.0625, 0.0625, 0.0625, 0.0625, 0.0625, 0.0625, 0.0625, 0.0625, 0.0625, 0.0625, 0.0625, 0.0625, 0.0625, 0.0625, 0.0625, 0.0625, 0.0625, 0.0625, 0.0625, 0.0625, 0.0625, 0.0625, 0.0625, 0.0625, 0.0625, 0.0625, 0.0625, 0.0625, 0.0625, 0.0625, 0.0625, 0.0625, 0.0625, 0.0625, 0.0625, 0.0625, 0.0625, 0.0625, 0.0625, 0.0625, 0.0625, 0.0625, 0.0625, 0.0625, 0.0625, 0.0625, 0.0625, 0.0625]",1,,,True
norm__euc_d64_s42,0.002811920363456011,0.002798819914460182,0.002811920363456011,20.0,0.0,0.0028181232046335936,0.0028181232046335936,61.69221496582031,61.69221496582031,61.69218826293945,61.69438552856445,0.24667753279209137,0.0,1.0,0.4966662526130676,0.4982517957687378,0.000390210363548249,0.4973110854625702,0.0,0.0,2.4894444942474365,2.4894444942474365,1.0,2.4894444942474365,1.0,0.00013136863708496094,0.00013136863708496094,1.0,0.00013136863708496094,1.0,0.49133333563804626,2.440396785736084,0.5021666884422302,2.440396785736084,0.49133333563804626,2.440396785736084,0.5021666884422302,2.440396785736084,0.49133333563804626,2.440396785736084,0.5021666884422302,2.440396785736084,2.504880428314209,0.0008686670335009694,2883.591064453125,2.5045981407165527,0.001084942021407187,2308.5087890625,1.2491141557693481,2.5048742294311523,0.0012020247522741556,2083.879150390625,1.3837612867355347,0.00016173125186469406,1.6550047803320922e-05,9.772253036499023,0.00015899738355074078,1.0361525710322894e-05,15.344978332519531,0.6368371844291687,0.0001643578289076686,1.4421791092900094e-05,11.396492004394531,0.8574789762496948,5.753539562225342,5.763978004455566,0.9981890320777893,5.753539562225342,5.763978004455566,0.9981890320777893,5.753539562225342,5.763978004455566,0.9981890320777893,3.379391670227051,3.382446050643921,0.9990969896316528,3.379391670227051,3.382446050643921,0.9990969896316528,3.379391670227051,3.382446050643921,0.9990969896316528,1.0,1.0,0.0,0.0,0.0,1.0,0.0,0.0,1.0,3.3881185054779053,euclidean,0.0,64,gaussian,gaussian,60000,0.3,0.3,"[0.0, 0.0, 0.0, 0.0, 0.0, 0.0, 0.0, 0.0, 0.0, 0.0, 0.0, 0.0, 0.0, 0.0, 0.0, 0.0, 0.0, 0.0, 0.0, 0.0, 0.0, 0.0, 0.0, 0.0, 0.0, 0.0, 0.0, 0.0, 0.0, 0.0, 0.0, 0.0, 0.0, 0.0, 0.0, 0.0, 0.0, 0.0, 0.0, 0.0, 0.0, 0.0, 0.0, 0.0, 0.0, 0.0, 0.0, 0.0, 0.0, 0.0, 0.0, 0.0, 0.0, 0.0, 0.0, 0.0, 0.0, 0.0, 0.0, 0.0, 0.0, 0.0, 0.0, 0.0]","[0.0625, 0.0625, 0.0625, 0.0625, 0.0625, 0.0625, 0.0625, 0.0625, 0.0625, 0.0625, 0.0625, 0.0625, 0.0625, 0.0625, 0.0625, 0.0625, 0.0625, 0.0625, 0.0625, 0.0625, 0.0625, 0.0625, 0.0625, 0.0625, 0.0625, 0.0625, 0.0625, 0.0625, 0.0625, 0.0625, 0.0625, 0.0625, 0.0625, 0.0625, 0.0625, 0.0625, 0.0625, 0.0625, 0.0625, 0.0625, 0.0625, 0.0625, 0.0625, 0.0625, 0.0625, 0.0625, 0.0625, 0.0625, 0.0625, 0.0625, 0.0625, 0.0625, 0.0625, 0.0625, 0.0625, 0.0625, 0.0625, 0.0625, 0.0625, 0.0625, 0.0625, 0.0625, 0.0625, 0.0625]",1,,,True
norm__euc_d64_s50,0.00281186169013381,0.0027962764725089073,0.00281186169013381,20.0,0.0,0.0028194838669151068,0.0028194838669151068,61.70143127441406,61.70143127441406,61.7014274597168,61.691410064697266,0.24587133526802063,0.0,1.0,0.49585381150245667,0.49822843074798584,0.0005964503507129848,0.4968418478965759,0.0,0.0,2.4881625175476074,2.4881625175476074,1.0,2.4881625175476074,1.0,0.00013124942779541016,0.00013124942779541016,1.0,0.00013124942779541016,1.0,0.49916666746139526,2.4394991397857666,0.5058333277702332,2.4394991397857666,0.49916666746139526,2.4394991397857666,0.5058333277702332,2.4394991397857666,0.49916666746139526,2.4394991397857666,0.5058333277702332,2.4394991397857666,2.503547191619873,0.0012416276149451733,2016.343017578125,2.5034215450286865,0.0011216637212783098,2231.88232421875,0.9034270644187927,2.503645420074463,0.001115549122914672,2244.316650390625,0.8984217643737793,0.00016072989092208445,1.803149098122958e-05,8.913843154907227,0.00016879240865819156,1.614956090634223e-05,10.451826095581055,0.8528503179550171,0.00016722282452974468,1.696709296084009e-05,9.855714797973633,0.9044340252876282,5.750616073608398,5.75892972946167,0.9985563158988953,5.750616073608398,5.75892972946167,0.9985563158988953,5.750616073608398,5.75892972946167,0.9985563158988953,3.3783771991729736,3.3807601928710938,0.999295175075531,3.3783771991729736,3.3807601928710938,0.999295175075531,3.3783771991729736,3.3807601928710938,0.999295175075531,1.0,1.0,0.0,0.0,0.0,1.0,0.0,0.0,1.0,3.379211664199829,euclidean,0.0,64,gaussian,gaussian,60000,0.3,0.3,"[0.0, 0.0, 0.0, 0.0, 0.0, 0.0, 0.0, 0.0, 0.0, 0.0, 0.0, 0.0, 0.0, 0.0, 0.0, 0.0, 0.0, 0.0, 0.0, 0.0, 0.0, 0.0, 0.0, 0.0, 0.0, 0.0, 0.0, 0.0, 0.0, 0.0, 0.0, 0.0, 0.0, 0.0, 0.0, 0.0, 0.0, 0.0, 0.0, 0.0, 0.0, 0.0, 0.0, 0.0, 0.0, 0.0, 0.0, 0.0, 0.0, 0.0, 0.0, 0.0, 0.0, 0.0, 0.0, 0.0, 0.0, 0.0, 0.0, 0.0, 0.0, 0.0, 0.0, 0.0]","[0.0625, 0.0625, 0.0625, 0.0625, 0.0625, 0.0625, 0.0625, 0.0625, 0.0625, 0.0625, 0.0625, 0.0625, 0.0625, 0.0625, 0.0625, 0.0625, 0.0625, 0.0625, 0.0625, 0.0625, 0.0625, 0.0625, 0.0625, 0.0625, 0.0625, 0.0625, 0.0625, 0.0625, 0.0625, 0.0625, 0.0625, 0.0625, 0.0625, 0.0625, 0.0625, 0.0625, 0.0625, 0.0625, 0.0625, 0.0625, 0.0625, 0.0625, 0.0625, 0.0625, 0.0625, 0.0625, 0.0625, 0.0625, 0.0625, 0.0625, 0.0625, 0.0625, 0.0625, 0.0625, 0.0625, 0.0625, 0.0625, 0.0625, 0.0625, 0.0625, 0.0625, 0.0625, 0.0625, 0.0625]",1,,,True
norm__euc_d8_s34,0.017738627269864082,0.01765144243836403,0.017738627269864082,24.0,0.0,0.017703305929899216,0.017703305929899216,7.695686340332031,7.695686340332031,7.671329498291016,7.674229145050049,0.26918575167655945,0.0,1.0,0.5172499418258667,0.9576642513275146,0.04039545729756355,0.5952718257904053,0.0,0.0,0.2845621705055237,0.2845621705055237,1.0,0.2845621705055237,1.0,0.00048601627349853516,0.00048601627349853516,1.0,0.00048601627349853516,1.0,0.5069999694824219,0.32409483194351196,0.5134999752044678,0.32409483194351196,0.5069999694824219,0.32409483194351196,0.5134999752044678,0.32409483194351196,0.5069999694824219,0.32409483194351196,0.5134999752044678,0.32409483194351196,0.2987931966781616,0.0016125976108014584,185.28689575195312,0.2981971800327301,0.0015244493260979652,195.60977172851562,0.9472272396087646,0.29800117015838623,0.000730363477487117,408.0176696777344,0.4541148543357849,0.000520598900038749,8.686568617122248e-05,5.993147850036621,0.0005211671232245862,7.778025610605255e-05,6.700506687164307,0.8944320678710938,0.0005268693203106523,6.705927080474794e-05,7.856770992279053,0.762800395488739,0.7175631523132324,0.7261613011360168,0.9881594777107239,0.7175631523132324,0.7261613011360168,0.9881594777107239,0.7175631523132324,0.7261613011360168,0.9881594777107239,1.1612430810928345,1.168280005455017,0.9939766526222229,1.1612430810928345,1.168280005455017,0.9939766526222229,1.1612430810928345,1.168280005455017,0.9939766526222229,1.0,1.0,0.0,0.0,0.0,1.0,0.0,0.0,1.0,1.166111946105957,euclidean,0.0,8,gaussian,gaussian,60000,0.3,0.3,"[0.0, 0.0, 0.0, 0.0, 0.0, 0.0, 0.0, 0.0]","[0.1767767, 0.1767767, 0.1767767, 0.1767767, 0.1767767, 0.1767767, 0.1767767, 0.1767767]",1,,,True
norm__euc_d8_s42,0.01776459999382496,0.017495308071374893,0.01776459999382496,20.0,0.0,0.01782628707587719,0.01782628707587719,7.690788269042969,7.690788269042969,7.681673049926758,7.679955959320068,0.251046746969223,0.0,1.0,0.5009168386459351,0.5502498149871826,0.01136100385338068,0.5200210809707642,0.0,0.0,0.2831485867500305,0.2831485867500305,1.0,0.2831485867500305,1.0,0.0002639293670654297,0.0002639293670654297,1.0,0.0002639293670654297,1.0,0.49166667461395264,0.3213443458080292,0.4884999990463257,0.3213443458080292,0.49166667461395264,0.3213443458080292,0.4884999990463257,0.3213443458080292,0.49166667461395264,0.3213443458080292,0.4884999990463257,0.3213443458080292,0.2965586483478546,0.0011517100501805544,257.49420166015625,0.29642659425735474,0.000628373003564775,471.7366943359375,0.5458430647850037,0.29666030406951904,0.000586996553465724,505.38677978515625,0.5094993114471436,0.0003121296758763492,5.7622968597570434e-05,5.416758060455322,0.00030171475373208523,5.814311225549318e-05,5.189174652099609,1.0438573360443115,0.00029204291058704257,5.0110793381463736e-05,5.827944755554199,0.929445743560791,0.7167917490005493,0.7195123434066772,0.9962188601493835,0.7167917490005493,0.7195123434066772,0.9962188601493835,0.7167917490005493,0.7195123434066772,0.9962188601493835,1.1610387563705444,1.1623454093933105,0.9988759160041809,1.1610387563705444,1.1623454093933105,0.9988759160041809,1.1610387563705444,1.1623454093933105,0.9988759160041809,1.0,1.0,0.0,0.0,0.0,1.0,0.0,0.0,1.0,1.161387324333191,euclidean,0.0,8,gaussian,gaussian,60000,0.3,0.3,"[0.0, 0.0, 0.0, 0.0, 0.0, 0.0, 0.0, 0.0]","[0.1767767, 0.1767767, 0.1767767, 0.1767767, 0.1767767, 0.1767767, 0.1767767, 0.1767767]",1,,,True
norm__euc_d8_s50,0.017712268978357315,0.017999352887272835,0.017712268978357315,26.0,0.0,0.017941683530807495,0.017941683530807495,7.716220855712891,7.716220855712891,7.656533718109131,7.663538932800293,0.26662978529930115,0.0,1.0,0.5111302137374878,1.0728451013565063,0.07328654080629349,0.6607532501220703,0.0,0.0,0.28594037890434265,0.28594037890434265,1.0,0.28594037890434265,1.0,0.00037610530853271484,0.00037610530853271484,1.0,0.00037610530853271484,1.0,0.4908333420753479,0.3201965391635895,0.48383334279060364,0.3201965391635895,0.4908333420753479,0.3201965391635895,0.48383334279060364,0.3201965391635895,0.4908333420753479,0.3201965391635895,0.48383334279060364,0.3201965391635895,0.29934942722320557,0.0007380425813607872,405.59912109375,0.2994626462459564,0.0005735531449317932,522.118408203125,0.7768335938453674,0.29935431480407715,0.0011473820777609944,260.90203857421875,1.5546029806137085,0.0004136443021707237,6.21746585238725e-05,6.65294075012207,0.00040338042890653014,6.732779729645699e-05,5.991291046142578,1.1104352474212646,0.00041128002339974046,6.401084101526067e-05,6.425162315368652,1.035451054573059,0.7293099164962769,0.7125464081764221,1.0235261917114258,0.7293099164962769,0.7125464081764221,1.0235261917114258,0.7293099164962769,0.7125464081764221,1.0235261917114258,1.170667052268982,1.1575076580047607,1.011368751525879,1.170667052268982,1.1575076580047607,1.011368751525879,1.170667052268982,1.1575076580047607,1.011368751525879,1.0,1.0,0.0,0.0,0.0,1.0,0.0,0.0,1.0,1.1672403812408447,euclidean,0.0,8,gaussian,gaussian,60000,0.3,0.3,"[0.0, 0.0, 0.0, 0.0, 0.0, 0.0, 0.0, 0.0]","[0.1767767, 0.1767767, 0.1767767, 0.1767767, 0.1767767, 0.1767767, 0.1767767, 0.1767767]",1,,,True
norm__poi_d16_c10_s34,0.02228899858891964,0.02273787185549736,0.02228899858891964,20.0,0.0,0.022248489782214165,0.022248489782214165,-3.5089261531829834,-3.5089261531829834,-3.5146687030792236,-3.5098154544830322,0.03002442978322506,0.0,1.0,0.17043328285217285,0.37260767817497253,0.03125152736902237,0.22285456955432892,9.99999883788405e-07,6.0771835705963895e-06,0.4975288510322571,0.27628710865974426,0.5553187727928162,0.001065242337062955,0.002141066361218691,0.0009772777557373047,0.0011773109436035156,1.2046840190887451,0.0011756420135498047,1.2029763460159302,0.4866666793823242,0.2903744578361511,0.4806666672229767,0.2903744578361511,0.4831666648387909,0.38581469655036926,0.460999995470047,0.38581469655036926,0.4698333442211151,0.10714145004749298,0.44200000166893005,0.10714145004749298,0.500237762928009,0.002273094141855836,220.06907653808594,0.28765881061553955,0.0005165560869500041,556.878173828125,0.3951835632324219,0.0012702395906671882,2.006483009608928e-05,63.30677032470703,3.4762330055236816,0.0009806514717638493,7.077221380313858e-05,13.856446266174316,0.0011867921566590667,8.973406511358917e-05,13.225658416748047,1.0476943254470825,0.0012038549175485969,7.55244618630968e-05,15.939933776855469,0.869291365146637,0.15421773493289948,0.15134651958942413,1.0189710855484009,0.3717946410179138,0.3600494861602783,1.032620906829834,0.02818344533443451,0.027229631319642067,1.0350285768508911,0.5973840951919556,0.5912076234817505,1.0104472637176514,0.8489652276039124,0.8355167508125305,1.0160961151123047,0.23436184227466583,0.2303468883037567,1.0174299478530884,160.33404541015625,177.4328155517578,459846.15625,732748.125,17.098770141601562,73.18951416015625,52121.80859375,104.24330139160156,1.0,0.5944477319717407,poincare,10.0,16,gaussian,gaussian,60000,0.3,0.3,"[0.0, 0.0, 0.0, 0.0, 0.0, 0.0, 0.0, 0.0, 0.0, 0.0, 0.0, 0.0, 0.0, 0.0, 0.0, 0.0]","[0.125, 0.125, 0.125, 0.125, 0.125, 0.125, 0.125, 0.125, 0.125, 0.125, 0.125, 0.125, 0.125, 0.125, 0.125, 0.125]",1,,,True
norm__poi_d16_c10_s42,0.022351110354065895,0.02260669693350792,0.022351110354065895,20.0,0.0,0.02228039875626564,0.02228039875626564,-3.511155843734741,-3.511155843734741,-3.5162951946258545,-3.514824151992798,0.029519496485590935,0.0,1.0,0.1690862774848938,0.40079981088638306,0.030476437881588936,0.2207985371351242,9.99999883788405e-07,6.116647455201019e-06,0.4977780878543854,0.27528703212738037,0.5530316829681396,0.0010574166662991047,0.0021242734510451555,0.0009555816650390625,0.0011582374572753906,1.2120758295059204,0.0011591911315917969,1.2130738496780396,0.4869999885559082,0.2901386022567749,0.4858333468437195,0.2901386022567749,0.4866666793823242,0.38606971502304077,0.4768333435058594,0.38606971502304077,0.4791666567325592,0.10742086917161942,0.4620000123977661,0.10742086917161942,0.4981103539466858,0.0031135680619627237,159.98057556152344,0.28651848435401917,0.0005415980122052133,529.0242309570312,0.302406907081604,0.0012660946231335402,1.710380456643179e-05,74.02415466308594,2.161194324493408,0.0009908478241413832,5.164491813047789e-05,19.185775756835938,0.001206525252200663,8.421715756412596e-05,14.326359748840332,1.3391941785812378,0.001169149181805551,7.503730012103915e-05,15.58090591430664,1.2313644886016846,0.15332715213298798,0.151113361120224,1.0146498680114746,0.3694765567779541,0.3595103323459625,1.027721643447876,0.028026781976222992,0.027186652645468712,1.0309022665023804,0.595323920249939,0.5905178785324097,1.008138656616211,0.8462026119232178,0.834733784198761,1.0137394666671753,0.23369388282299042,0.2301405370235443,1.0154398679733276,168.2325439453125,188.048828125,855951.6875,2707360.75,19.8162841796875,72.46160125732422,43228.6015625,115.58722686767578,1.0,0.5938698649406433,poincare,10.0,16,gaussian,gaussian,60000,0.3,0.3,"[0.0, 0.0, 0.0, 0.0, 0.0, 0.0, 0.0, 0.0, 0.0, 0.0, 0.0, 0.0, 0.0, 0.0, 0.0, 0.0]","[0.125, 0.125, 0.125, 0.125, 0.125, 0.125, 0.125, 0.125, 0.125, 0.125, 0.125, 0.125, 0.125, 0.125, 0.125, 0.125]",1,,,True
norm__poi_d16_c10_s50,0.02233113721013069,0.02293398603796959,0.02233113721013069,20.0,0.0,0.022455517202615738,0.022455517202615738,-3.5035014152526855,-3.5035014152526855,-3.510328769683838,-3.5080995559692383,0.029268333688378334,0.0,1.0,0.16818511486053467,0.3758281171321869,0.031335197389125824,0.22082960605621338,9.99999883788405e-07,6.167695119074779e-06,0.5001474618911743,0.27715834975242615,0.5541532635688782,0.0010440534679219127,0.0020874913316220045,0.0008738040924072266,0.0010428428649902344,1.1934515237808228,0.0010491609573364258,1.2006821632385254,0.4894999861717224,0.2914257347583771,0.4818333387374878,0.2914257347583771,0.4846666753292084,0.38724324107170105,0.4673333466053009,0.38724324107170105,0.4793333411216736,0.10765618085861206,0.4541666805744171,0.10765618085861206,0.5013124942779541,0.0023976555094122887,209.08445739746094,0.2883329689502716,0.0005734236328862607,502.8271789550781,0.4158177375793457,0.0012481908779591322,1.9164779587299563e-05,65.1294174194336,3.210292100906372,0.0009026965126395226,5.834110561409034e-05,15.472735404968262,0.001074071740731597,6.087340079830028e-05,17.644351959228516,0.8769228458404541,0.0010741313453763723,8.603289461461827e-05,12.485123634338379,1.2392936944961548,0.1545608639717102,0.15199950337409973,1.0168510675430298,0.3723970651626587,0.3618331253528595,1.0291955471038818,0.02820611372590065,0.027340227738022804,1.0316708087921143,0.598213255405426,0.5925130844116211,1.0096203088760376,0.8497778177261353,0.8374482989311218,1.0147227048873901,0.23448443412780762,0.23078374564647675,1.0160353183746338,169.28041076660156,168.7205047607422,474442.03125,634025.0625,-0.559906005859375,72.77762603759766,45794.35546875,95.94287872314453,1.0,0.5947667360305786,poincare,10.0,16,gaussian,gaussian,60000,0.3,0.3,"[0.0, 0.0, 0.0, 0.0, 0.0, 0.0, 0.0, 0.0, 0.0, 0.0, 0.0, 0.0, 0.0, 0.0, 0.0, 0.0]","[0.125, 0.125, 0.125, 0.125, 0.125, 0.125, 0.125, 0.125, 0.125, 0.125, 0.125, 0.125, 0.125, 0.125, 0.125, 0.125]",1,,,True
norm__poi_d16_c1_s34,0.1627645045518875,0.16911989450454712,0.1627645045518875,20.0,0.0,0.1678425818681717,0.1678425818681717,6.630617141723633,6.630617141723633,6.383263111114502,6.394845008850098,0.29873019456863403,0.0,1.0,0.5401520133018494,1.0836175680160522,0.08345654606819153,0.6869811415672302,9.99999883788405e-07,1.895358991532703e-06,1.1942980289459229,0.2765381336212158,0.23154868185520172,0.2001475840806961,0.16758596897125244,0.0010148286819458008,0.001222848892211914,1.2049806118011475,0.001225113868713379,1.2072124481201172,0.48533332347869873,0.9182446002960205,0.4805000126361847,0.9182446002960205,0.47983333468437195,0.38581469655036926,0.4598333239555359,0.38581469655036926,0.468666672706604,0.33881109952926636,0.4416666626930237,0.33881109952926636,1.205984354019165,0.04092887043952942,29.465370178222656,0.2879105508327484,0.0005162532324902713,557.6925048828125,0.052834443747997284,0.21120278537273407,0.0002975465322379023,709.8143310546875,0.041511375457048416,0.0010186792351305485,7.32160042389296e-05,13.913341522216797,0.0012343128910288215,9.367043094243854e-05,13.1771879196167,1.0558656454086304,0.0012492021778598428,7.661747076781467e-05,16.30440330505371,0.8533486127853394,1.5445212125778198,1.513465166091919,1.020519733428955,0.37232789397239685,0.3600494861602783,1.034101963043213,0.28211548924446106,0.27229630947113037,1.0360606908798218,1.8907135725021362,1.8695626258850098,1.0113133192062378,0.8495758175849915,0.8355167508125305,1.016826868057251,0.741489589214325,0.7284207940101624,1.0179412364959717,163.00936889648438,177.4327850341797,485537.84375,732747.9375,14.423417091369629,73.18950653076172,52121.70703125,104.24327850341797,1.0,1.8806579113006592,poincare,1.0,16,gaussian,gaussian,60000,0.3,0.3,"[0.0, 0.0, 0.0, 0.0, 0.0, 0.0, 0.0, 0.0, 0.0, 0.0, 0.0, 0.0, 0.0, 0.0, 0.0, 0.0]","[0.125, 0.125, 0.125, 0.125, 0.125, 0.125, 0.125, 0.125, 0.125, 0.125, 0.125, 0.125, 0.125, 0.125, 0.125, 0.125]",1,,,True
norm__poi_d16_c1_s42,0.22355608642101288,0.23036181926727295,0.22355608642101288,20.0,0.0,0.223067507147789,0.223067507147789,6.429402828216553,6.429402828216553,6.406777858734131,6.370890140533447,0.3044767379760742,0.0,1.0,0.5442923903465271,1.2436890602111816,0.09064928442239761,0.7014973163604736,9.99999883788405e-07,1.8894265849667136e-06,1.1006368398666382,0.27543750405311584,0.2502528429031372,0.1990945041179657,0.1808902770280838,0.0007991790771484375,0.0009573698043823242,1.197941541671753,0.0009635686874389648,1.2056981325149536,0.48533332347869873,0.9174988865852356,0.4819999933242798,0.9174988865852356,0.4868333339691162,0.38606977462768555,0.47350001335144043,0.38606977462768555,0.4816666543483734,0.3396947681903839,0.46149998903274536,0.3396947681903839,1.20225191116333,0.057346682995557785,20.96462631225586,0.28666815161705017,0.0005365305114537477,534.2998046875,0.03923757001757622,0.21013584733009338,0.0003571250708773732,588.4096069335938,0.035629305988550186,0.0008350809221155941,4.8221711040241644e-05,17.31753158569336,0.0010011355625465512,7.661162089789286e-05,13.067672729492188,1.3252192735671997,0.0009763360721990466,6.813870277255774e-05,14.328656196594238,1.2085942029953003,1.5387766361236572,1.5111337900161743,1.018292784690857,0.3703691065311432,0.3595103323459625,1.0302042961120605,0.28052201867103577,0.2718665301799774,1.0318372249603271,1.886379599571228,1.8673818111419678,1.0101734399795532,0.8472253680229187,0.834733784198761,1.0149646997451782,0.7393418550491333,0.7277684211730957,1.0159027576446533,176.80096435546875,188.04879760742188,1095431.5,2707360.0,11.247833251953125,72.46157836914062,43228.375,115.58721160888672,1.0,1.8796218633651733,poincare,1.0,16,gaussian,gaussian,60000,0.3,0.3,"[0.0, 0.0, 0.0, 0.0, 0.0, 0.0, 0.0, 0.0, 0.0, 0.0, 0.0, 0.0, 0.0, 0.0, 0.0, 0.0]","[0.125, 0.125, 0.125, 0.125, 0.125, 0.125, 0.125, 0.125, 0.125, 0.125, 0.125, 0.125, 0.125, 0.125, 0.125, 0.125]",1,,,True
norm__poi_d16_c1_s50,0.16323985159397125,0.1587841808795929,0.16323985159397125,20.0,0.0,0.16596505045890808,0.16596505045890808,6.637782573699951,6.637782573699951,6.457324028015137,6.454117298126221,0.29522213339805603,0.0,1.0,0.5360038876533508,1.132272481918335,0.08900028467178345,0.6903955936431885,9.99999883788405e-07,1.918674342960003e-06,1.2065967321395874,0.27736297249794006,0.22987213730812073,0.20061452686786652,0.16626477241516113,0.0008338689804077148,0.0009918212890625,1.1894210577011108,0.001000523567199707,1.1998569965362549,0.4898333251476288,0.9215691089630127,0.4791666567325592,0.9215691089630127,0.4855000078678131,0.38724324107170105,0.4659999907016754,0.38724324107170105,0.4794999957084656,0.34043872356414795,0.45350000262260437,0.34043872356414795,1.2138689756393433,0.04692675173282623,25.867313385009766,0.2885425090789795,0.0005732636782340705,503.33294677734375,0.051392048597335815,0.21145078539848328,0.00035643085720948875,593.244873046875,0.04360309988260269,0.0008639813167974353,5.651277751894668e-05,15.288247108459473,0.0010215959046036005,5.85993766435422e-05,17.433563232421875,0.8769433498382568,0.0010270675411447883,8.515302033629268e-05,12.061431884765625,1.2675316333770752,1.5489400625228882,1.5199949741363525,1.0190428495407104,0.3730413317680359,0.3618331253528595,1.0309761762619019,0.2823249399662018,0.27340227365493774,1.0326356887817383,1.8939987421035767,1.8736909627914429,1.0108383893966675,0.8505125045776367,0.8374482989311218,1.0155999660491943,0.7418543100357056,0.7298023104667664,1.0165140628814697,173.84059143066406,168.7205047607422,523205.28125,634026.25,-5.120086669921875,72.77762603759766,45794.2578125,95.94287872314453,1.0,1.8818880319595337,poincare,1.0,16,gaussian,gaussian,60000,0.3,0.3,"[0.0, 0.0, 0.0, 0.0, 0.0, 0.0, 0.0, 0.0, 0.0, 0.0, 0.0, 0.0, 0.0, 0.0, 0.0, 0.0]","[0.125, 0.125, 0.125, 0.125, 0.125, 0.125, 0.125, 0.125, 0.125, 0.125, 0.125, 0.125, 0.125, 0.125, 0.125, 0.125]",1,,,True
norm__poi_d16_c2_s34,0.0837789997458458,0.0826931819319725,0.0837789997458458,20.0,0.0,0.08587626367807388,0.08587626367807388,0.9319649934768677,0.9319649934768677,0.9167309403419495,0.9227836728096008,0.15017420053482056,0.0,1.0,0.38119328022003174,0.8347668647766113,0.06974586099386215,0.4983828663825989,9.99999883788405e-07,2.7165463052369887e-06,0.9271265268325806,0.27613770961761475,0.29784250259399414,0.0580177828669548,0.06257805973291397,0.0009713172912597656,0.0011703968048095703,1.2049583196640015,0.00116729736328125,1.2017673254013062,0.4873333275318146,0.6492969989776611,0.48249998688697815,0.6492969989776611,0.484333336353302,0.38581472635269165,0.4625000059604645,0.38581472635269165,0.468666672706604,0.2395756095647812,0.44216665625572205,0.2395756095647812,0.9361775517463684,0.020787641406059265,45.03529739379883,0.2875087261199951,0.0005159372230991721,557.2552490234375,0.08081628382205963,0.06547369062900543,0.00016431162657681853,398.47265625,0.11301979422569275,0.00097519566770643,7.050743442960083e-05,13.831103324890137,0.0011802157387137413,8.942544809542596e-05,13.197763442993164,1.0479885339736938,0.0011952361091971397,7.51724946894683e-05,15.89991283416748,0.8698855042457581,0.7703697085380554,0.7567324042320251,1.0180213451385498,0.37142321467399597,0.36004939675331116,1.0315896272659302,0.14080575108528137,0.13614815473556519,1.0342097282409668,1.335086703300476,1.3219802379608154,1.0099142789840698,0.8485381603240967,0.8355166912078857,1.015584945678711,0.52383953332901,0.5150712728500366,1.0170234441757202,159.1787109375,177.43260192871094,450875.78125,732745.625,18.253890991210938,73.18944549560547,52121.60546875,104.24315643310547,1.0,1.3288687467575073,poincare,2.0,16,gaussian,gaussian,60000,0.3,0.3,"[0.0, 0.0, 0.0, 0.0, 0.0, 0.0, 0.0, 0.0, 0.0, 0.0, 0.0, 0.0, 0.0, 0.0, 0.0, 0.0]","[0.125, 0.125, 0.125, 0.125, 0.125, 0.125, 0.125, 0.125, 0.125, 0.125, 0.125, 0.125, 0.125, 0.125, 0.125, 0.125]",1,,,True
norm__poi_d16_c2_s42,0.07490789145231247,0.07069326192140579,0.07490789145231247,56.0,0.0,0.07543814182281494,0.07543814182281494,0.9151846766471863,0.9151846766471863,0.903796374797821,0.9038808345794678,0.641008734703064,0.0,1.0,0.7695826292037964,2.1914501190185547,0.22074110805988312,1.112903356552124,9.99999883788405e-07,1.4312876146505005e-06,0.87776780128479,0.26842832565307617,0.305807888507843,0.054451778531074524,0.062034379690885544,0.00016021728515625,0.00016963481903076172,1.0587797164916992,0.00016689300537109375,1.0416666269302368,0.5024999976158142,0.6487696170806885,0.5220000147819519,0.6487696170806885,0.5011666417121887,0.38606971502304077,0.5214999914169312,0.38606971502304077,0.5016666650772095,0.240200474858284,0.5183333158493042,0.240200474858284,0.921668291091919,0.029542656615376472,31.19788360595703,0.2796240746974945,0.0005202098982408643,537.5216064453125,0.05804023891687393,0.06166130676865578,0.0001754432450979948,351.4601135253906,0.08876649290323257,0.0001975854393094778,2.190081067965366e-05,9.021832466125488,0.0002029538300121203,3.169397677993402e-05,6.403545379638672,1.4088807106018066,0.00020719370513688773,3.7827587220817804e-05,5.477316856384277,1.6471261978149414,0.7445128560066223,0.7555667161941528,0.9853700995445251,0.35440120100975037,0.35951030254364014,0.9857887625694275,0.1342668980360031,0.13593325018882751,0.9877413511276245,1.3087077140808105,1.3204381465911865,0.9911162853240967,0.8284662961959839,0.834733784198761,0.992491602897644,0.5113363265991211,0.5146098732948303,0.9936387538909912,194.05963134765625,188.04859924316406,1857500.625,2707350.75,-6.011016845703125,72.46153259277344,43228.48046875,115.5870590209961,1.0,1.3158546686172485,poincare,2.0,16,gaussian,gaussian,60000,0.3,0.3,"[0.0, 0.0, 0.0, 0.0, 0.0, 0.0, 0.0, 0.0, 0.0, 0.0, 0.0, 0.0, 0.0, 0.0, 0.0, 0.0]","[0.125, 0.125, 0.125, 0.125, 0.125, 0.125, 0.125, 0.125, 0.125, 0.125, 0.125, 0.125, 0.125, 0.125, 0.125, 0.125]",1,,,True
norm__poi_d16_c2_s50,0.11163588613271713,0.11465143412351608,0.11163588613271713,20.0,0.0,0.11227583885192871,0.11227583885192871,0.9568431973457336,0.9568431973457336,0.9509745240211487,0.9522185325622559,0.14633327722549438,0.0,1.0,0.37602686882019043,0.8446201086044312,0.07025683671236038,0.4940939247608185,9.99999883788405e-07,2.759168864940875e-06,0.9359003305435181,0.2769341468811035,0.2959013283252716,0.058262549340724945,0.062252938747406006,0.0008687973022460938,0.0010373592376708984,1.1940175294876099,0.001042008399963379,1.1993688344955444,0.49000000953674316,0.6516477465629578,0.4841666519641876,0.6516477465629578,0.4846666753292084,0.3872431516647339,0.46966665983200073,0.3872431516647339,0.4805000126361847,0.2407265454530716,0.45649999380111694,0.2407265454530716,0.93972247838974,0.024386340752243996,38.5347900390625,0.2881075143814087,0.0005722373025491834,503.4755859375,0.07653755694627762,0.0656285211443901,0.00020038994261994958,327.5040588378906,0.11766202002763748,0.0008975904202088714,5.817084092996083e-05,15.430244445800781,0.0010688186157494783,6.066362402634695e-05,17.618772506713867,0.8757843375205994,0.0010669868206605315,8.552958752261475e-05,12.475061416625977,1.2368873357772827,0.7717111110687256,0.7599973678588867,1.0154129266738892,0.37184497714042664,0.3618330955505371,1.027669906616211,0.14087091386318207,0.13670113682746887,1.0305029153823853,1.3365874290466309,1.324899435043335,1.0088218450546265,0.8491482734680176,0.837448239326477,1.0139710903167725,0.5240243077278137,0.5160481333732605,1.0154563188552856,166.77064514160156,168.7203369140625,449299.3125,634024.0,1.9496917724609375,72.77755737304688,45794.1875,95.94277954101562,1.0,1.329405426979065,poincare,2.0,16,gaussian,gaussian,60000,0.3,0.3,"[0.0, 0.0, 0.0, 0.0, 0.0, 0.0, 0.0, 0.0, 0.0, 0.0, 0.0, 0.0, 0.0, 0.0, 0.0, 0.0]","[0.125, 0.125, 0.125, 0.125, 0.125, 0.125, 0.125, 0.125, 0.125, 0.125, 0.125, 0.125, 0.125, 0.125, 0.125, 0.125]",1,,,True
norm__poi_d16_c3_s34,0.05292408540844917,0.052594661712646484,0.05292408540844917,62.0,0.0,0.0540018156170845,0.0540018156170845,-1.0420868396759033,-1.0420868396759033,-1.0486797094345093,-1.0316022634506226,0.38049641251564026,0.0,1.0,0.5938944220542908,1.5730953216552734,0.16665272414684296,0.8618219494819641,9.99999883788405e-07,1.838520006458566e-06,0.7948375940322876,0.26923868060112,0.3387342095375061,0.019629932940006256,0.02469678409397602,0.00020694732666015625,0.0002410411834716797,1.1647465229034424,0.00022900104522705078,1.1065667867660522,0.5038333535194397,0.5301488041877747,0.5230000019073486,0.5301488041877747,0.49933332204818726,0.38581469655036926,0.5101666450500488,0.38581469655036926,0.4880000054836273,0.19561265408992767,0.4898333251476288,0.19561265408992767,0.7998304963111877,0.013119397684931755,60.96548843383789,0.2805725932121277,0.0004989489098079503,562.3272705078125,0.10841637849807739,0.023162679746747017,7.024064689176157e-05,329.76177978515625,0.18487736582756042,0.00023932060867082328,2.6636564143700525e-05,8.984664916992188,0.00027363302069716156,3.565736551536247e-05,7.673954963684082,1.1707998514175415,0.0002551277575548738,3.437841951381415e-05,7.4211602210998535,1.2106820344924927,0.49741023778915405,0.5044882893562317,0.9859697818756104,0.3562389016151428,0.36004939675331116,0.9894167184829712,0.09017530083656311,0.09076543897390366,0.9934982061386108,1.070441484451294,1.079392433166504,0.991707444190979,0.8309319615364075,0.8355166912078857,0.994512677192688,0.41914185881614685,0.42055392265319824,0.9966423511505127,163.32293701171875,177.4325408935547,568011.375,732744.25,14.109603881835938,73.18944549560547,52121.5625,104.24309539794922,1.0,1.074429988861084,poincare,3.0,16,gaussian,gaussian,60000,0.3,0.3,"[0.0, 0.0, 0.0, 0.0, 0.0, 0.0, 0.0, 0.0, 0.0, 0.0, 0.0, 0.0, 0.0, 0.0, 0.0, 0.0]","[0.125, 0.125, 0.125, 0.125, 0.125, 0.125, 0.125, 0.125, 0.125, 0.125, 0.125, 0.125, 0.125, 0.125, 0.125, 0.125]",1,,,True
norm__poi_d16_c3_s42,0.07449566572904587,0.07536700367927551,0.07449566572904587,20.0,0.0,0.07426711171865463,0.07426711171865463,-0.9145609736442566,-0.9145609736442566,-0.9169794321060181,-0.9239203333854675,0.09846577793359756,0.0,1.0,0.3090585172176361,0.7249100208282471,0.05428546667098999,0.40182721614837646,9.99999883788405e-07,3.3398102914361516e-06,0.7828112840652466,0.27527403831481934,0.3516480326652527,0.0209164060652256,0.026719601824879646,0.0009366273880004883,0.0011343955993652344,1.2111493349075317,0.0011353492736816406,1.212167501449585,0.48750001192092896,0.5297181606292725,0.48649999499320984,0.5297181606292725,0.48750001192092896,0.3860698342323303,0.476666659116745,0.3860698342323303,0.47983333468437195,0.19612279534339905,0.46316665410995483,0.19612279534339905,0.8012087941169739,0.01799873821437359,44.51471710205078,0.2865052819252014,0.000541657384019345,528.94189453125,0.08415805548429489,0.024596016854047775,7.808856753399596e-05,314.97589111328125,0.1413273960351944,0.0009718657238408923,5.0784390623448417e-05,19.137096405029297,0.0011819204082712531,8.31699653645046e-05,14.210904121398926,1.3466488122940063,0.0011455417843535542,7.395728607662022e-05,15.48923397064209,1.2355095148086548,0.5111606121063232,0.5037111639976501,1.01478910446167,0.3695047199726105,0.35951024293899536,1.02780020236969,0.0934235230088234,0.09062217175960541,1.0309123992919922,1.0869914293289185,1.078133225440979,1.0082162618637085,0.8462348580360413,0.8347337245941162,1.0137782096862793,0.42666682600975037,0.4201771914958954,1.0154448747634888,168.62176513671875,188.0485382080078,864493.375,2707342.75,19.426773071289062,72.46151733398438,43228.35546875,115.58702087402344,1.0,1.084276556968689,poincare,3.0,16,gaussian,gaussian,60000,0.3,0.3,"[0.0, 0.0, 0.0, 0.0, 0.0, 0.0, 0.0, 0.0, 0.0, 0.0, 0.0, 0.0, 0.0, 0.0, 0.0, 0.0]","[0.125, 0.125, 0.125, 0.125, 0.125, 0.125, 0.125, 0.125, 0.125, 0.125, 0.125, 0.125, 0.125, 0.125, 0.125, 0.125]",1,,,True
norm__poi_d16_c3_s50,0.07442860305309296,0.07644064724445343,0.07442860305309296,20.0,0.0,0.07485122978687286,0.07485122978687286,-0.8967697620391846,-0.8967697620391846,-0.9022828936576843,-0.9007143378257751,0.09740161150693893,0.0,1.0,0.306805819272995,0.6867018342018127,0.057193491607904434,0.4029075801372528,9.99999883788405e-07,3.3811249977588886e-06,0.8053340911865234,0.2770663797855377,0.34403905272483826,0.02116701379418373,0.026283519342541695,0.0008794069290161133,0.0010503530502319336,1.1943879127502441,0.0010558366775512695,1.2006235122680664,0.4893333315849304,0.5320681929588318,0.4833333194255829,0.5320681929588318,0.48483332991600037,0.38724321126937866,0.4684999883174896,0.38724321126937866,0.47983333468437195,0.1965523064136505,0.45500001311302185,0.1965523064136505,0.8082422018051147,0.014326764270663261,56.41484451293945,0.28824058175086975,0.0005729012191295624,503.1243896484375,0.11212901771068573,0.0248245969414711,9.46087166084908e-05,262.3923034667969,0.2150018960237503,0.0009080609306693077,5.855795097886585e-05,15.507046699523926,0.001081613707356155,6.092337935115211e-05,17.753673553466797,0.8734556436538696,0.0010808826191350818,8.638206782052293e-05,12.512812614440918,1.2392934560775757,0.51483553647995,0.5066649317741394,1.016126275062561,0.37214380502700806,0.3618330955505371,1.0284957885742188,0.09397536516189575,0.09113409370183945,1.0311766862869263,1.091746211051941,1.0817757844924927,1.0092166662216187,0.8494890332221985,0.837448239326477,1.0143778324127197,0.4280049502849579,0.4213515520095825,1.015790581703186,168.09120178222656,168.7203369140625,463370.1875,634025.1875,0.6291351318359375,72.7775650024414,45794.12109375,95.9427719116211,1.0,1.0856778621673584,poincare,3.0,16,gaussian,gaussian,60000,0.3,0.3,"[0.0, 0.0, 0.0, 0.0, 0.0, 0.0, 0.0, 0.0, 0.0, 0.0, 0.0, 0.0, 0.0, 0.0, 0.0, 0.0]","[0.125, 0.125, 0.125, 0.125, 0.125, 0.125, 0.125, 0.125, 0.125, 0.125, 0.125, 0.125, 0.125, 0.125, 0.125, 0.125]",1,,,True
norm__poi_d16_c5_s34,0.044573985040187836,0.04546941816806793,0.044573985040187836,20.0,0.0,0.044496163725852966,0.044496163725852966,-2.400172233581543,-2.400172233581543,-2.404228925704956,-2.3987762928009033,0.059626560658216476,0.0,1.0,0.2401341199874878,0.5263223648071289,0.044290099292993546,0.3143514096736908,9.99999883788405e-07,4.315251317166258e-06,0.6572668552398682,0.2761642038822174,0.4201706051826477,0.005364126991480589,0.008161261677742004,0.001000046730041504,0.0012079477310180664,1.2078913450241089,0.0012044906616210938,1.2044343948364258,0.48750001192092896,0.41065147519111633,0.4828333258628845,0.41065147519111633,0.48500001430511475,0.38581469655036926,0.4623333215713501,0.38581469655036926,0.4690000116825104,0.15152092278003693,0.44066667556762695,0.15152092278003693,0.6623786687850952,0.00619459105655551,106.9285659790039,0.2875351011753082,0.0005149149801582098,558.4127807617188,0.19148656725883484,0.006484463345259428,3.640133945737034e-05,178.13804626464844,0.6002567410469055,0.0010028958786278963,7.135134364943951e-05,14.055739402770996,0.0012167097302153707,9.048661740962416e-05,13.446293830871582,1.0453243255615234,0.00123417389113456,7.658099639229476e-05,16.115928649902344,0.8721643686294556,0.3080306053161621,0.30269303917884827,1.0176335573196411,0.37139561772346497,0.3600494861602783,1.03151273727417,0.0563308522105217,0.054459262639284134,1.0343667268753052,0.8442007899284363,0.8360938429832458,1.0096962451934814,0.8485076427459717,0.8355167508125305,1.0155483484268188,0.3313308656215668,0.3257596790790558,1.0171021223068237,158.56259155273438,177.43292236328125,444963.75,732752.1875,18.870330810546875,73.18951416015625,52121.8125,104.243408203125,1.0,0.8403779864311218,poincare,5.0,16,gaussian,gaussian,60000,0.3,0.3,"[0.0, 0.0, 0.0, 0.0, 0.0, 0.0, 0.0, 0.0, 0.0, 0.0, 0.0, 0.0, 0.0, 0.0, 0.0, 0.0]","[0.125, 0.125, 0.125, 0.125, 0.125, 0.125, 0.125, 0.125, 0.125, 0.125, 0.125, 0.125, 0.125, 0.125, 0.125, 0.125]",1,,,True
norm__poi_d16_c5_s42,0.044719148427248,0.04608262702822685,0.044719148427248,20.0,0.0,0.04461568221449852,0.04461568221449852,-2.397102117538452,-2.397102117538452,-2.397102117538452,-2.402480363845825,0.0595773383975029,0.0,1.0,0.2399664670228958,0.5763652920722961,0.0446363165974617,0.31507328152656555,9.99999883788405e-07,4.321049800637411e-06,0.6546772718429565,0.27520740032196045,0.42037108540534973,0.005298024043440819,0.008092573843896389,0.0008944272994995117,0.0010802745819091797,1.207783579826355,0.0010818243026733398,1.209516167640686,0.48766666650772095,0.4103178381919861,0.4855000078678131,0.4103178381919861,0.4883333444595337,0.38606977462768555,0.476666659116745,0.38606977462768555,0.48116666078567505,0.15191610157489777,0.4625000059604645,0.15191610157489777,0.6591063141822815,0.008721718564629555,75.57069396972656,0.2864401042461395,0.000541537709068507,528.9384155273438,0.1428723931312561,0.0064201969653368,2.82946384686511e-05,226.90509033203125,0.33304980397224426,0.0009294470655731857,4.89117119286675e-05,19.002548217773438,0.0011256615398451686,7.87865137681365e-05,14.287489891052246,1.3300130367279053,0.0010934154270216823,7.213422213681042e-05,15.15806770324707,1.2536259889602661,0.30673637986183167,0.302226722240448,1.0149214267730713,0.369475781917572,0.3595103323459625,1.027719497680664,0.05604226514697075,0.054373305290937424,1.0306944847106934,0.8420425057411194,0.8351184725761414,1.0082910060882568,0.8462016582489014,0.834733784198761,1.0137382745742798,0.3304595351219177,0.32546791434288025,1.0153367519378662,168.9813995361328,188.04881286621094,851778.875,2707360.5,19.067413330078125,72.46160125732422,43228.4921875,115.58721160888672,1.0,0.8398720622062683,poincare,5.0,16,gaussian,gaussian,60000,0.3,0.3,"[0.0, 0.0, 0.0, 0.0, 0.0, 0.0, 0.0, 0.0, 0.0, 0.0, 0.0, 0.0, 0.0, 0.0, 0.0, 0.0]","[0.125, 0.125, 0.125, 0.125, 0.125, 0.125, 0.125, 0.125, 0.125, 0.125, 0.125, 0.125, 0.125, 0.125, 0.125, 0.125]",1,,,True
norm__poi_d16_c5_s50,0.04465952888131142,0.04586443305015564,0.04465952888131142,20.0,0.0,0.044910918921232224,0.044910918921232224,-2.383802652359009,-2.383802652359009,-2.390194892883301,-2.3882765769958496,0.058457307517528534,0.0,1.0,0.2376946657896042,0.5310420989990234,0.04425075277686119,0.31205400824546814,9.99999883788405e-07,4.363763309811475e-06,0.6620442271232605,0.27713900804519653,0.41861099004745483,0.005360056646168232,0.008096221834421158,0.0008796453475952148,0.0010502338409423828,1.1939287185668945,0.0010564327239990234,1.200975775718689,0.4891666769981384,0.4121381938457489,0.48216667771339417,0.4121381938457489,0.4846666753292084,0.38724324107170105,0.4676666557788849,0.38724324107170105,0.4793333411216736,0.15224884450435638,0.4544999897480011,0.15224884450435638,0.6642202138900757,0.006412005517631769,103.59008026123047,0.288313627243042,0.0005731807323172688,503.0065002441406,0.2059418261051178,0.006474796216934919,3.665503754746169e-05,176.64137268066406,0.5864428877830505,0.0009084860212169588,5.8529622037895024e-05,15.521818161010742,0.0010817131260409951,6.094716445659287e-05,17.748374938964844,0.8745486736297607,0.0010816097492352128,8.64569447003305e-05,12.510385513305664,1.2407146692276,0.30905064940452576,0.3039989769458771,1.0166174173355103,0.3723274767398834,0.3618331253528595,1.0290032625198364,0.05640604719519615,0.05468045547604561,1.0315577983856201,0.845891535282135,0.8379400968551636,1.0094892978668213,0.8496983051300049,0.8374482989311218,1.0146276950836182,0.3315927982330322,0.3263775110244751,1.015979290008545,168.93797302246094,168.7205047607422,471868.75,634025.625,-0.21746826171875,72.77763366699219,45794.2890625,95.94287872314453,1.0,0.841076672077179,poincare,5.0,16,gaussian,gaussian,60000,0.3,0.3,"[0.0, 0.0, 0.0, 0.0, 0.0, 0.0, 0.0, 0.0, 0.0, 0.0, 0.0, 0.0, 0.0, 0.0, 0.0, 0.0]","[0.125, 0.125, 0.125, 0.125, 0.125, 0.125, 0.125, 0.125, 0.125, 0.125, 0.125, 0.125, 0.125, 0.125, 0.125, 0.125]",1,,,True
norm__poi_d256_c10_s34,0.7174615263938904,0.6976485252380371,0.7174615263938904,20.0,0.0,0.7417827844619751,0.7417827844619751,29.55980682373047,29.55980682373047,29.515480041503906,29.641435623168945,0.9439040422439575,0.0,1.0,0.5026683807373047,9.422091484069824,0.8312291502952576,2.293468475341797,9.99999883788405e-07,2.7670552299241535e-05,2.731527328491211,2.8470728397369385,1.0423007011413574,0.03636034578084946,0.013311360962688923,0.0007412433624267578,0.0028356313705444336,3.8255069255828857,0.002840876579284668,3.832582712173462,0.5016666650772095,2.565572500228882,0.5184999704360962,2.565572500228882,0.453000009059906,2.916283130645752,0.46183332800865173,2.916283130645752,0.3319999873638153,0.38414889574050903,0.3266666531562805,0.38414889574050903,2.7323193550109863,0.003712379839271307,736.0020751953125,2.858361005783081,0.0006785575533285737,4212.40771484375,0.17472241818904877,0.04232548177242279,1.0617426596581936e-05,3986.416748046875,0.1846274882555008,0.0007739305729046464,7.470533091691323e-06,103.59777069091797,0.002874827478080988,2.467885860824026e-05,116.48948669433594,0.8893315196037292,0.0028777203988283873,4.278057167539373e-05,67.2669906616211,1.5400981903076172,2.311330556869507,2.324101209640503,0.9945051074028015,5.777174472808838,5.7594194412231445,1.0030827522277832,0.09667637199163437,0.09569630771875381,1.0102413892745972,2.8178820610046387,2.8263895511627197,0.9969899654388428,3.396104574203491,3.3909385204315186,1.001523494720459,0.4395388066768646,0.43730083107948303,1.005117654800415,inf,inf,,,,inf,,,1.0,2.823653221130371,poincare,10.0,256,gaussian,gaussian,60000,0.3,0.3,"[0.0, 0.0, 0.0, 0.0, 0.0, 0.0, 0.0, 0.0, 0.0, 0.0, 0.0, 0.0, 0.0, 0.0, 0.0, 0.0, 0.0, 0.0, 0.0, 0.0, 0.0, 0.0, 0.0, 0.0, 0.0, 0.0, 0.0, 0.0, 0.0, 0.0, 0.0, 0.0, 0.0, 0.0, 0.0, 0.0, 0.0, 0.0, 0.0, 0.0, 0.0, 0.0, 0.0, 0.0, 0.0, 0.0, 0.0, 0.0, 0.0, 0.0, 0.0, 0.0, 0.0, 0.0, 0.0, 0.0, 0.0, 0.0, 0.0, 0.0, 0.0, 0.0, 0.0, 0.0, 0.0, 0.0, 0.0, 0.0, 0.0, 0.0, 0.0, 0.0, 0.0, 0.0, 0.0, 0.0, 0.0, 0.0, 0.0, 0.0, 0.0, 0.0, 0.0, 0.0, 0.0, 0.0, 0.0, 0.0, 0.0, 0.0, 0.0, 0.0, 0.0, 0.0, 0.0, 0.0, 0.0, 0.0, 0.0, 0.0, 0.0, 0.0, 0.0, 0.0, 0.0, 0.0, 0.0, 0.0, 0.0, 0.0, 0.0, 0.0, 0.0, 0.0, 0.0, 0.0, 0.0, 0.0, 0.0, 0.0, 0.0, 0.0, 0.0, 0.0, 0.0, 0.0, 0.0, 0.0, 0.0, 0.0, 0.0, 0.0, 0.0, 0.0, 0.0, 0.0, 0.0, 0.0, 0.0, 0.0, 0.0, 0.0, 0.0, 0.0, 0.0, 0.0, 0.0, 0.0, 0.0, 0.0, 0.0, 0.0, 0.0, 0.0, 0.0, 0.0, 0.0, 0.0, 0.0, 0.0, 0.0, 0.0, 0.0, 0.0, 0.0, 0.0, 0.0, 0.0, 0.0, 0.0, 0.0, 0.0, 0.0, 0.0, 0.0, 0.0, 0.0, 0.0, 0.0, 0.0, 0.0, 0.0, 0.0, 0.0, 0.0, 0.0, 0.0, 0.0, 0.0, 0.0, 0.0, 0.0, 0.0, 0.0, 0.0, 0.0, 0.0, 0.0, 0.0, 0.0, 0.0, 0.0, 0.0, 0.0, 0.0, 0.0, 0.0, 0.0, 0.0, 0.0, 0.0, 0.0, 0.0, 0.0, 0.0, 0.0, 0.0, 0.0, 0.0, 0.0, 0.0, 0.0, 0.0, 0.0, 0.0, 0.0, 0.0, 0.0, 0.0, 0.0, 0.0, 0.0, 0.0, 0.0, 0.0, 0.0, 0.0, 0.0, 0.0, 0.0, 0.0, 0.0, 0.0, 0.0, 0.0, 0.0, 0.0, 0.0, 0.0, 0.0, 0.0, 0.0, 0.0, 0.0, 0.0, 0.0]","[0.03125, 0.03125, 0.03125, 0.03125, 0.03125, 0.03125, 0.03125, 0.03125, 0.03125, 0.03125, 0.03125, 0.03125, 0.03125, 0.03125, 0.03125, 0.03125, 0.03125, 0.03125, 0.03125, 0.03125, 0.03125, 0.03125, 0.03125, 0.03125, 0.03125, 0.03125, 0.03125, 0.03125, 0.03125, 0.03125, 0.03125, 0.03125, 0.03125, 0.03125, 0.03125, 0.03125, 0.03125, 0.03125, 0.03125, 0.03125, 0.03125, 0.03125, 0.03125, 0.03125, 0.03125, 0.03125, 0.03125, 0.03125, 0.03125, 0.03125, 0.03125, 0.03125, 0.03125, 0.03125, 0.03125, 0.03125, 0.03125, 0.03125, 0.03125, 0.03125, 0.03125, 0.03125, 0.03125, 0.03125, 0.03125, 0.03125, 0.03125, 0.03125, 0.03125, 0.03125, 0.03125, 0.03125, 0.03125, 0.03125, 0.03125, 0.03125, 0.03125, 0.03125, 0.03125, 0.03125, 0.03125, 0.03125, 0.03125, 0.03125, 0.03125, 0.03125, 0.03125, 0.03125, 0.03125, 0.03125, 0.03125, 0.03125, 0.03125, 0.03125, 0.03125, 0.03125, 0.03125, 0.03125, 0.03125, 0.03125, 0.03125, 0.03125, 0.03125, 0.03125, 0.03125, 0.03125, 0.03125, 0.03125, 0.03125, 0.03125, 0.03125, 0.03125, 0.03125, 0.03125, 0.03125, 0.03125, 0.03125, 0.03125, 0.03125, 0.03125, 0.03125, 0.03125, 0.03125, 0.03125, 0.03125, 0.03125, 0.03125, 0.03125, 0.03125, 0.03125, 0.03125, 0.03125, 0.03125, 0.03125, 0.03125, 0.03125, 0.03125, 0.03125, 0.03125, 0.03125, 0.03125, 0.03125, 0.03125, 0.03125, 0.03125, 0.03125, 0.03125, 0.03125, 0.03125, 0.03125, 0.03125, 0.03125, 0.03125, 0.03125, 0.03125, 0.03125, 0.03125, 0.03125, 0.03125, 0.03125, 0.03125, 0.03125, 0.03125, 0.03125, 0.03125, 0.03125, 0.03125, 0.03125, 0.03125, 0.03125, 0.03125, 0.03125, 0.03125, 0.03125, 0.03125, 0.03125, 0.03125, 0.03125, 0.03125, 0.03125, 0.03125, 0.03125, 0.03125, 0.03125, 0.03125, 0.03125, 0.03125, 0.03125, 0.03125, 0.03125, 0.03125, 0.03125, 0.03125, 0.03125, 0.03125, 0.03125, 0.03125, 0.03125, 0.03125, 0.03125, 0.03125, 0.03125, 0.03125, 0.03125, 0.03125, 0.03125, 0.03125, 0.03125, 0.03125, 0.03125, 0.03125, 0.03125, 0.03125, 0.03125, 0.03125, 0.03125, 0.03125, 0.03125, 0.03125, 0.03125, 0.03125, 0.03125, 0.03125, 0.03125, 0.03125, 0.03125, 0.03125, 0.03125, 0.03125, 0.03125, 0.03125, 0.03125, 0.03125, 0.03125, 0.03125, 0.03125, 0.03125, 0.03125, 0.03125, 0.03125, 0.03125, 0.03125, 0.03125, 0.03125, 0.03125, 0.03125, 0.03125, 0.03125, 0.03125, 0.03125, 0.03125, 0.03125, 0.03125, 0.03125, 0.03125, 0.03125]",1,,,True
norm__poi_d256_c10_s42,0.7201007604598999,0.7510986328125,0.7201007604598999,20.0,0.0,0.7053217887878418,0.7053217887878418,29.637414932250977,29.637414932250977,29.608322143554688,29.618022918701172,0.9840341806411743,0.0,1.0,0.5128228068351746,9.107595443725586,0.8478673696517944,2.3699991703033447,9.99999883788405e-07,2.7338817744748667e-05,2.7291831970214844,2.8454806804656982,1.0426125526428223,0.03635357320308685,0.013320312835276127,0.0007402896881103516,0.0028368234634399414,3.832044839859009,0.002835988998413086,3.830918073654175,0.5180000066757202,2.5733470916748047,0.5231666564941406,2.5733470916748047,0.4555000066757202,2.9141688346862793,0.4596666693687439,2.9141688346862793,0.3293333351612091,0.38418376445770264,0.3240000009536743,0.38418376445770264,2.7281947135925293,0.004173909313976765,653.6305541992188,2.856750965118408,0.0007941427757032216,3597.27587890625,0.18170151114463806,0.04231904447078705,8.542063369532116e-06,4954.19482421875,0.1319347769021988,0.0007728060591034591,7.403210020129336e-06,104.38797760009766,0.002866478869691491,2.8590795409400016e-05,100.25880432128906,1.0411851406097412,0.002862278837710619,2.9437802368192933e-05,97.23140716552734,1.0736035108566284,2.305896520614624,2.324251890182495,0.9921026825904846,5.7636847496032715,5.76025390625,1.0005955696105957,0.0966593399643898,0.09570398181676865,1.0099824666976929,2.8142948150634766,2.8263604640960693,0.9957311153411865,3.3921310901641846,3.3911232948303223,1.0002970695495605,0.4394999146461487,0.437318354845047,1.0049885511398315,inf,inf,,,,inf,,,1.0,2.8215463161468506,poincare,10.0,256,gaussian,gaussian,60000,0.3,0.3,"[0.0, 0.0, 0.0, 0.0, 0.0, 0.0, 0.0, 0.0, 0.0, 0.0, 0.0, 0.0, 0.0, 0.0, 0.0, 0.0, 0.0, 0.0, 0.0, 0.0, 0.0, 0.0, 0.0, 0.0, 0.0, 0.0, 0.0, 0.0, 0.0, 0.0, 0.0, 0.0, 0.0, 0.0, 0.0, 0.0, 0.0, 0.0, 0.0, 0.0, 0.0, 0.0, 0.0, 0.0, 0.0, 0.0, 0.0, 0.0, 0.0, 0.0, 0.0, 0.0, 0.0, 0.0, 0.0, 0.0, 0.0, 0.0, 0.0, 0.0, 0.0, 0.0, 0.0, 0.0, 0.0, 0.0, 0.0, 0.0, 0.0, 0.0, 0.0, 0.0, 0.0, 0.0, 0.0, 0.0, 0.0, 0.0, 0.0, 0.0, 0.0, 0.0, 0.0, 0.0, 0.0, 0.0, 0.0, 0.0, 0.0, 0.0, 0.0, 0.0, 0.0, 0.0, 0.0, 0.0, 0.0, 0.0, 0.0, 0.0, 0.0, 0.0, 0.0, 0.0, 0.0, 0.0, 0.0, 0.0, 0.0, 0.0, 0.0, 0.0, 0.0, 0.0, 0.0, 0.0, 0.0, 0.0, 0.0, 0.0, 0.0, 0.0, 0.0, 0.0, 0.0, 0.0, 0.0, 0.0, 0.0, 0.0, 0.0, 0.0, 0.0, 0.0, 0.0, 0.0, 0.0, 0.0, 0.0, 0.0, 0.0, 0.0, 0.0, 0.0, 0.0, 0.0, 0.0, 0.0, 0.0, 0.0, 0.0, 0.0, 0.0, 0.0, 0.0, 0.0, 0.0, 0.0, 0.0, 0.0, 0.0, 0.0, 0.0, 0.0, 0.0, 0.0, 0.0, 0.0, 0.0, 0.0, 0.0, 0.0, 0.0, 0.0, 0.0, 0.0, 0.0, 0.0, 0.0, 0.0, 0.0, 0.0, 0.0, 0.0, 0.0, 0.0, 0.0, 0.0, 0.0, 0.0, 0.0, 0.0, 0.0, 0.0, 0.0, 0.0, 0.0, 0.0, 0.0, 0.0, 0.0, 0.0, 0.0, 0.0, 0.0, 0.0, 0.0, 0.0, 0.0, 0.0, 0.0, 0.0, 0.0, 0.0, 0.0, 0.0, 0.0, 0.0, 0.0, 0.0, 0.0, 0.0, 0.0, 0.0, 0.0, 0.0, 0.0, 0.0, 0.0, 0.0, 0.0, 0.0, 0.0, 0.0, 0.0, 0.0, 0.0, 0.0, 0.0, 0.0, 0.0, 0.0, 0.0, 0.0, 0.0, 0.0, 0.0, 0.0, 0.0, 0.0, 0.0, 0.0, 0.0, 0.0, 0.0, 0.0]","[0.03125, 0.03125, 0.03125, 0.03125, 0.03125, 0.03125, 0.03125, 0.03125, 0.03125, 0.03125, 0.03125, 0.03125, 0.03125, 0.03125, 0.03125, 0.03125, 0.03125, 0.03125, 0.03125, 0.03125, 0.03125, 0.03125, 0.03125, 0.03125, 0.03125, 0.03125, 0.03125, 0.03125, 0.03125, 0.03125, 0.03125, 0.03125, 0.03125, 0.03125, 0.03125, 0.03125, 0.03125, 0.03125, 0.03125, 0.03125, 0.03125, 0.03125, 0.03125, 0.03125, 0.03125, 0.03125, 0.03125, 0.03125, 0.03125, 0.03125, 0.03125, 0.03125, 0.03125, 0.03125, 0.03125, 0.03125, 0.03125, 0.03125, 0.03125, 0.03125, 0.03125, 0.03125, 0.03125, 0.03125, 0.03125, 0.03125, 0.03125, 0.03125, 0.03125, 0.03125, 0.03125, 0.03125, 0.03125, 0.03125, 0.03125, 0.03125, 0.03125, 0.03125, 0.03125, 0.03125, 0.03125, 0.03125, 0.03125, 0.03125, 0.03125, 0.03125, 0.03125, 0.03125, 0.03125, 0.03125, 0.03125, 0.03125, 0.03125, 0.03125, 0.03125, 0.03125, 0.03125, 0.03125, 0.03125, 0.03125, 0.03125, 0.03125, 0.03125, 0.03125, 0.03125, 0.03125, 0.03125, 0.03125, 0.03125, 0.03125, 0.03125, 0.03125, 0.03125, 0.03125, 0.03125, 0.03125, 0.03125, 0.03125, 0.03125, 0.03125, 0.03125, 0.03125, 0.03125, 0.03125, 0.03125, 0.03125, 0.03125, 0.03125, 0.03125, 0.03125, 0.03125, 0.03125, 0.03125, 0.03125, 0.03125, 0.03125, 0.03125, 0.03125, 0.03125, 0.03125, 0.03125, 0.03125, 0.03125, 0.03125, 0.03125, 0.03125, 0.03125, 0.03125, 0.03125, 0.03125, 0.03125, 0.03125, 0.03125, 0.03125, 0.03125, 0.03125, 0.03125, 0.03125, 0.03125, 0.03125, 0.03125, 0.03125, 0.03125, 0.03125, 0.03125, 0.03125, 0.03125, 0.03125, 0.03125, 0.03125, 0.03125, 0.03125, 0.03125, 0.03125, 0.03125, 0.03125, 0.03125, 0.03125, 0.03125, 0.03125, 0.03125, 0.03125, 0.03125, 0.03125, 0.03125, 0.03125, 0.03125, 0.03125, 0.03125, 0.03125, 0.03125, 0.03125, 0.03125, 0.03125, 0.03125, 0.03125, 0.03125, 0.03125, 0.03125, 0.03125, 0.03125, 0.03125, 0.03125, 0.03125, 0.03125, 0.03125, 0.03125, 0.03125, 0.03125, 0.03125, 0.03125, 0.03125, 0.03125, 0.03125, 0.03125, 0.03125, 0.03125, 0.03125, 0.03125, 0.03125, 0.03125, 0.03125, 0.03125, 0.03125, 0.03125, 0.03125, 0.03125, 0.03125, 0.03125, 0.03125, 0.03125, 0.03125, 0.03125, 0.03125, 0.03125, 0.03125, 0.03125, 0.03125, 0.03125, 0.03125, 0.03125, 0.03125, 0.03125, 0.03125, 0.03125, 0.03125, 0.03125, 0.03125, 0.03125, 0.03125, 0.03125, 0.03125, 0.03125, 0.03125, 0.03125, 0.03125]",1,,,True
norm__poi_d256_c10_s50,0.7302257418632507,0.7145346999168396,0.7302257418632507,20.0,0.0,0.7283613085746765,0.7283613085746765,29.687294006347656,29.687294006347656,29.665639877319336,29.64360237121582,0.9190078377723694,0.0,1.0,0.49651843309402466,8.883397102355957,0.8199790716171265,2.249918222427368,9.99999883788405e-07,2.8532720534713008e-05,2.729107618331909,2.8462398052215576,1.042919635772705,0.036348942667245865,0.013318984769284725,0.000737309455871582,0.0028227567672729492,3.828456163406372,0.0028243064880371094,3.8305580615997314,0.47866666316986084,2.574251413345337,0.5293333530426025,2.574251413345337,0.44850000739097595,2.9145641326904297,0.46816667914390564,2.9145641326904297,0.34166666865348816,0.3842361271381378,0.3266666531562805,0.3842361271381378,2.7276978492736816,0.0032282155007123947,844.955322265625,2.857591390609741,0.0006298766238614917,4536.748046875,0.18624690175056458,0.042310938239097595,9.650004358263686e-06,4384.55126953125,0.19271191954612732,0.0007712126825936139,8.679789971210994e-06,88.85153198242188,0.002852535340934992,3.30324619426392e-05,86.35551452636719,1.0289039611816406,0.0028494198340922594,3.0047747713979334e-05,94.82974243164062,0.9369584918022156,2.3085503578186035,2.324291944503784,0.9932273626327515,5.770255088806152,5.760004043579102,1.0017796754837036,0.09666650742292404,0.09569799900054932,1.0101203918457031,2.816025495529175,2.82645320892334,0.9963106513023376,3.3940563201904297,3.391087532043457,1.000875473022461,0.4395162761211395,0.4373047649860382,1.0050570964813232,inf,inf,,,,inf,,,1.0,2.822627544403076,poincare,10.0,256,gaussian,gaussian,60000,0.3,0.3,"[0.0, 0.0, 0.0, 0.0, 0.0, 0.0, 0.0, 0.0, 0.0, 0.0, 0.0, 0.0, 0.0, 0.0, 0.0, 0.0, 0.0, 0.0, 0.0, 0.0, 0.0, 0.0, 0.0, 0.0, 0.0, 0.0, 0.0, 0.0, 0.0, 0.0, 0.0, 0.0, 0.0, 0.0, 0.0, 0.0, 0.0, 0.0, 0.0, 0.0, 0.0, 0.0, 0.0, 0.0, 0.0, 0.0, 0.0, 0.0, 0.0, 0.0, 0.0, 0.0, 0.0, 0.0, 0.0, 0.0, 0.0, 0.0, 0.0, 0.0, 0.0, 0.0, 0.0, 0.0, 0.0, 0.0, 0.0, 0.0, 0.0, 0.0, 0.0, 0.0, 0.0, 0.0, 0.0, 0.0, 0.0, 0.0, 0.0, 0.0, 0.0, 0.0, 0.0, 0.0, 0.0, 0.0, 0.0, 0.0, 0.0, 0.0, 0.0, 0.0, 0.0, 0.0, 0.0, 0.0, 0.0, 0.0, 0.0, 0.0, 0.0, 0.0, 0.0, 0.0, 0.0, 0.0, 0.0, 0.0, 0.0, 0.0, 0.0, 0.0, 0.0, 0.0, 0.0, 0.0, 0.0, 0.0, 0.0, 0.0, 0.0, 0.0, 0.0, 0.0, 0.0, 0.0, 0.0, 0.0, 0.0, 0.0, 0.0, 0.0, 0.0, 0.0, 0.0, 0.0, 0.0, 0.0, 0.0, 0.0, 0.0, 0.0, 0.0, 0.0, 0.0, 0.0, 0.0, 0.0, 0.0, 0.0, 0.0, 0.0, 0.0, 0.0, 0.0, 0.0, 0.0, 0.0, 0.0, 0.0, 0.0, 0.0, 0.0, 0.0, 0.0, 0.0, 0.0, 0.0, 0.0, 0.0, 0.0, 0.0, 0.0, 0.0, 0.0, 0.0, 0.0, 0.0, 0.0, 0.0, 0.0, 0.0, 0.0, 0.0, 0.0, 0.0, 0.0, 0.0, 0.0, 0.0, 0.0, 0.0, 0.0, 0.0, 0.0, 0.0, 0.0, 0.0, 0.0, 0.0, 0.0, 0.0, 0.0, 0.0, 0.0, 0.0, 0.0, 0.0, 0.0, 0.0, 0.0, 0.0, 0.0, 0.0, 0.0, 0.0, 0.0, 0.0, 0.0, 0.0, 0.0, 0.0, 0.0, 0.0, 0.0, 0.0, 0.0, 0.0, 0.0, 0.0, 0.0, 0.0, 0.0, 0.0, 0.0, 0.0, 0.0, 0.0, 0.0, 0.0, 0.0, 0.0, 0.0, 0.0, 0.0, 0.0, 0.0, 0.0, 0.0, 0.0, 0.0, 0.0, 0.0, 0.0, 0.0, 0.0]","[0.03125, 0.03125, 0.03125, 0.03125, 0.03125, 0.03125, 0.03125, 0.03125, 0.03125, 0.03125, 0.03125, 0.03125, 0.03125, 0.03125, 0.03125, 0.03125, 0.03125, 0.03125, 0.03125, 0.03125, 0.03125, 0.03125, 0.03125, 0.03125, 0.03125, 0.03125, 0.03125, 0.03125, 0.03125, 0.03125, 0.03125, 0.03125, 0.03125, 0.03125, 0.03125, 0.03125, 0.03125, 0.03125, 0.03125, 0.03125, 0.03125, 0.03125, 0.03125, 0.03125, 0.03125, 0.03125, 0.03125, 0.03125, 0.03125, 0.03125, 0.03125, 0.03125, 0.03125, 0.03125, 0.03125, 0.03125, 0.03125, 0.03125, 0.03125, 0.03125, 0.03125, 0.03125, 0.03125, 0.03125, 0.03125, 0.03125, 0.03125, 0.03125, 0.03125, 0.03125, 0.03125, 0.03125, 0.03125, 0.03125, 0.03125, 0.03125, 0.03125, 0.03125, 0.03125, 0.03125, 0.03125, 0.03125, 0.03125, 0.03125, 0.03125, 0.03125, 0.03125, 0.03125, 0.03125, 0.03125, 0.03125, 0.03125, 0.03125, 0.03125, 0.03125, 0.03125, 0.03125, 0.03125, 0.03125, 0.03125, 0.03125, 0.03125, 0.03125, 0.03125, 0.03125, 0.03125, 0.03125, 0.03125, 0.03125, 0.03125, 0.03125, 0.03125, 0.03125, 0.03125, 0.03125, 0.03125, 0.03125, 0.03125, 0.03125, 0.03125, 0.03125, 0.03125, 0.03125, 0.03125, 0.03125, 0.03125, 0.03125, 0.03125, 0.03125, 0.03125, 0.03125, 0.03125, 0.03125, 0.03125, 0.03125, 0.03125, 0.03125, 0.03125, 0.03125, 0.03125, 0.03125, 0.03125, 0.03125, 0.03125, 0.03125, 0.03125, 0.03125, 0.03125, 0.03125, 0.03125, 0.03125, 0.03125, 0.03125, 0.03125, 0.03125, 0.03125, 0.03125, 0.03125, 0.03125, 0.03125, 0.03125, 0.03125, 0.03125, 0.03125, 0.03125, 0.03125, 0.03125, 0.03125, 0.03125, 0.03125, 0.03125, 0.03125, 0.03125, 0.03125, 0.03125, 0.03125, 0.03125, 0.03125, 0.03125, 0.03125, 0.03125, 0.03125, 0.03125, 0.03125, 0.03125, 0.03125, 0.03125, 0.03125, 0.03125, 0.03125, 0.03125, 0.03125, 0.03125, 0.03125, 0.03125, 0.03125, 0.03125, 0.03125, 0.03125, 0.03125, 0.03125, 0.03125, 0.03125, 0.03125, 0.03125, 0.03125, 0.03125, 0.03125, 0.03125, 0.03125, 0.03125, 0.03125, 0.03125, 0.03125, 0.03125, 0.03125, 0.03125, 0.03125, 0.03125, 0.03125, 0.03125, 0.03125, 0.03125, 0.03125, 0.03125, 0.03125, 0.03125, 0.03125, 0.03125, 0.03125, 0.03125, 0.03125, 0.03125, 0.03125, 0.03125, 0.03125, 0.03125, 0.03125, 0.03125, 0.03125, 0.03125, 0.03125, 0.03125, 0.03125, 0.03125, 0.03125, 0.03125, 0.03125, 0.03125, 0.03125, 0.03125, 0.03125, 0.03125, 0.03125, 0.03125, 0.03125]",1,,,True
norm__poi_d256_c1_s34,7.1664252281188965,6.965521335601807,7.1664252281188965,20.0,0.0,7.421566963195801,7.421566963195801,690.4802856445312,690.4802856445312,689.9471435546875,690.6961669921875,9.17863655090332,0.0,1.0,1.6009681224822998,29.89659309387207,2.571485757827759,7.146554470062256,9.99999883788405e-07,5.573970611294499e-06,8.115106582641602,2.848080635070801,0.35096031427383423,0.9350275993347168,0.11522062122821808,0.0007458925247192383,0.002855658531188965,3.828511953353882,0.0028623342514038086,3.8374619483947754,0.49433332681655884,8.113151550292969,0.5149999856948853,8.113151550292969,0.4493333399295807,2.9162814617156982,0.4543333351612091,2.9162814617156982,0.33133333921432495,1.2147854566574097,0.32616665959358215,1.2147854566574097,8.195838928222656,0.0879785493016243,93.1572494506836,2.859373092651367,0.0006733114714734256,4246.7314453125,0.021936222910881042,0.9461888670921326,3.951627513743006e-05,23944.283203125,0.003890584222972393,0.0007784526096656919,7.543208539573243e-06,103.19912719726562,0.0028946679085493088,2.507589670130983e-05,115.43626403808594,0.8939922451972961,0.002899134298786521,4.336125493864529e-05,66.86001586914062,1.5435101985931396,23.141157150268555,23.241010665893555,0.9957034587860107,5.784161567687988,5.759418487548828,1.004296064376831,0.9668639302253723,0.956963062286377,1.0103461742401123,8.916694641113281,8.937789916992188,0.9976398348808289,3.3981618881225586,3.3909380435943604,1.002130389213562,1.3900158405303955,1.3828667402267456,1.0051698684692383,inf,inf,,,,inf,,,1.0,8.932072639465332,poincare,1.0,256,gaussian,gaussian,60000,0.3,0.3,"[0.0, 0.0, 0.0, 0.0, 0.0, 0.0, 0.0, 0.0, 0.0, 0.0, 0.0, 0.0, 0.0, 0.0, 0.0, 0.0, 0.0, 0.0, 0.0, 0.0, 0.0, 0.0, 0.0, 0.0, 0.0, 0.0, 0.0, 0.0, 0.0, 0.0, 0.0, 0.0, 0.0, 0.0, 0.0, 0.0, 0.0, 0.0, 0.0, 0.0, 0.0, 0.0, 0.0, 0.0, 0.0, 0.0, 0.0, 0.0, 0.0, 0.0, 0.0, 0.0, 0.0, 0.0, 0.0, 0.0, 0.0, 0.0, 0.0, 0.0, 0.0, 0.0, 0.0, 0.0, 0.0, 0.0, 0.0, 0.0, 0.0, 0.0, 0.0, 0.0, 0.0, 0.0, 0.0, 0.0, 0.0, 0.0, 0.0, 0.0, 0.0, 0.0, 0.0, 0.0, 0.0, 0.0, 0.0, 0.0, 0.0, 0.0, 0.0, 0.0, 0.0, 0.0, 0.0, 0.0, 0.0, 0.0, 0.0, 0.0, 0.0, 0.0, 0.0, 0.0, 0.0, 0.0, 0.0, 0.0, 0.0, 0.0, 0.0, 0.0, 0.0, 0.0, 0.0, 0.0, 0.0, 0.0, 0.0, 0.0, 0.0, 0.0, 0.0, 0.0, 0.0, 0.0, 0.0, 0.0, 0.0, 0.0, 0.0, 0.0, 0.0, 0.0, 0.0, 0.0, 0.0, 0.0, 0.0, 0.0, 0.0, 0.0, 0.0, 0.0, 0.0, 0.0, 0.0, 0.0, 0.0, 0.0, 0.0, 0.0, 0.0, 0.0, 0.0, 0.0, 0.0, 0.0, 0.0, 0.0, 0.0, 0.0, 0.0, 0.0, 0.0, 0.0, 0.0, 0.0, 0.0, 0.0, 0.0, 0.0, 0.0, 0.0, 0.0, 0.0, 0.0, 0.0, 0.0, 0.0, 0.0, 0.0, 0.0, 0.0, 0.0, 0.0, 0.0, 0.0, 0.0, 0.0, 0.0, 0.0, 0.0, 0.0, 0.0, 0.0, 0.0, 0.0, 0.0, 0.0, 0.0, 0.0, 0.0, 0.0, 0.0, 0.0, 0.0, 0.0, 0.0, 0.0, 0.0, 0.0, 0.0, 0.0, 0.0, 0.0, 0.0, 0.0, 0.0, 0.0, 0.0, 0.0, 0.0, 0.0, 0.0, 0.0, 0.0, 0.0, 0.0, 0.0, 0.0, 0.0, 0.0, 0.0, 0.0, 0.0, 0.0, 0.0, 0.0, 0.0, 0.0, 0.0, 0.0, 0.0, 0.0, 0.0, 0.0, 0.0, 0.0, 0.0, 0.0, 0.0, 0.0, 0.0, 0.0, 0.0]","[0.03125, 0.03125, 0.03125, 0.03125, 0.03125, 0.03125, 0.03125, 0.03125, 0.03125, 0.03125, 0.03125, 0.03125, 0.03125, 0.03125, 0.03125, 0.03125, 0.03125, 0.03125, 0.03125, 0.03125, 0.03125, 0.03125, 0.03125, 0.03125, 0.03125, 0.03125, 0.03125, 0.03125, 0.03125, 0.03125, 0.03125, 0.03125, 0.03125, 0.03125, 0.03125, 0.03125, 0.03125, 0.03125, 0.03125, 0.03125, 0.03125, 0.03125, 0.03125, 0.03125, 0.03125, 0.03125, 0.03125, 0.03125, 0.03125, 0.03125, 0.03125, 0.03125, 0.03125, 0.03125, 0.03125, 0.03125, 0.03125, 0.03125, 0.03125, 0.03125, 0.03125, 0.03125, 0.03125, 0.03125, 0.03125, 0.03125, 0.03125, 0.03125, 0.03125, 0.03125, 0.03125, 0.03125, 0.03125, 0.03125, 0.03125, 0.03125, 0.03125, 0.03125, 0.03125, 0.03125, 0.03125, 0.03125, 0.03125, 0.03125, 0.03125, 0.03125, 0.03125, 0.03125, 0.03125, 0.03125, 0.03125, 0.03125, 0.03125, 0.03125, 0.03125, 0.03125, 0.03125, 0.03125, 0.03125, 0.03125, 0.03125, 0.03125, 0.03125, 0.03125, 0.03125, 0.03125, 0.03125, 0.03125, 0.03125, 0.03125, 0.03125, 0.03125, 0.03125, 0.03125, 0.03125, 0.03125, 0.03125, 0.03125, 0.03125, 0.03125, 0.03125, 0.03125, 0.03125, 0.03125, 0.03125, 0.03125, 0.03125, 0.03125, 0.03125, 0.03125, 0.03125, 0.03125, 0.03125, 0.03125, 0.03125, 0.03125, 0.03125, 0.03125, 0.03125, 0.03125, 0.03125, 0.03125, 0.03125, 0.03125, 0.03125, 0.03125, 0.03125, 0.03125, 0.03125, 0.03125, 0.03125, 0.03125, 0.03125, 0.03125, 0.03125, 0.03125, 0.03125, 0.03125, 0.03125, 0.03125, 0.03125, 0.03125, 0.03125, 0.03125, 0.03125, 0.03125, 0.03125, 0.03125, 0.03125, 0.03125, 0.03125, 0.03125, 0.03125, 0.03125, 0.03125, 0.03125, 0.03125, 0.03125, 0.03125, 0.03125, 0.03125, 0.03125, 0.03125, 0.03125, 0.03125, 0.03125, 0.03125, 0.03125, 0.03125, 0.03125, 0.03125, 0.03125, 0.03125, 0.03125, 0.03125, 0.03125, 0.03125, 0.03125, 0.03125, 0.03125, 0.03125, 0.03125, 0.03125, 0.03125, 0.03125, 0.03125, 0.03125, 0.03125, 0.03125, 0.03125, 0.03125, 0.03125, 0.03125, 0.03125, 0.03125, 0.03125, 0.03125, 0.03125, 0.03125, 0.03125, 0.03125, 0.03125, 0.03125, 0.03125, 0.03125, 0.03125, 0.03125, 0.03125, 0.03125, 0.03125, 0.03125, 0.03125, 0.03125, 0.03125, 0.03125, 0.03125, 0.03125, 0.03125, 0.03125, 0.03125, 0.03125, 0.03125, 0.03125, 0.03125, 0.03125, 0.03125, 0.03125, 0.03125, 0.03125, 0.03125, 0.03125, 0.03125, 0.03125, 0.03125, 0.03125, 0.03125]",1,,,True
norm__poi_d256_c1_s42,7.19382905960083,7.497520923614502,7.19382905960083,26.0,0.0,7.051599025726318,7.051599025726318,685.3455200195312,685.3455200195312,685.3453979492188,685.1220092773438,10.898795127868652,0.0,1.0,1.7791777849197388,47.39780807495117,2.777672290802002,7.695475101470947,9.99999883788405e-07,5.246367436484434e-06,8.228401184082031,2.8425371646881104,0.3454543352127075,0.9346469044685364,0.11358790844678879,0.0007094144821166992,0.0026983022689819336,3.8035624027252197,0.0026977062225341797,3.802722215652466,0.5798333287239075,8.137740135192871,0.5381666421890259,8.137740135192871,0.47866666316986084,2.9141650199890137,0.4724999964237213,2.9141650199890137,0.3323333263397217,1.2148958444595337,0.32899999618530273,1.2148958444595337,8.17298698425293,0.07987499237060547,102.32222747802734,2.853811740875244,0.0008106385357677937,3520.44970703125,0.029065102338790894,0.9458089470863342,3.0042880098335445e-05,31481.96875,0.0032501849345862865,0.0007421215996146202,7.023237685643835e-06,105.66659545898438,0.0027283073868602514,2.694834074645769e-05,101.24212646484375,1.0437018871307373,0.0027238689363002777,2.8017373551847413e-05,97.22071075439453,1.0868732929229736,22.987478256225586,23.242515563964844,0.989027202129364,5.745530128479004,5.760252475738525,0.9974440932273865,0.966249942779541,0.9570398926734924,1.009623408317566,8.884162902832031,8.937695503234863,0.9940103888511658,3.386702060699463,3.391123056411743,0.9986963868141174,1.389573574066162,1.3829220533370972,1.0048097372055054,inf,inf,,,,inf,,,1.0,8.914544105529785,poincare,1.0,256,gaussian,gaussian,60000,0.3,0.3,"[0.0, 0.0, 0.0, 0.0, 0.0, 0.0, 0.0, 0.0, 0.0, 0.0, 0.0, 0.0, 0.0, 0.0, 0.0, 0.0, 0.0, 0.0, 0.0, 0.0, 0.0, 0.0, 0.0, 0.0, 0.0, 0.0, 0.0, 0.0, 0.0, 0.0, 0.0, 0.0, 0.0, 0.0, 0.0, 0.0, 0.0, 0.0, 0.0, 0.0, 0.0, 0.0, 0.0, 0.0, 0.0, 0.0, 0.0, 0.0, 0.0, 0.0, 0.0, 0.0, 0.0, 0.0, 0.0, 0.0, 0.0, 0.0, 0.0, 0.0, 0.0, 0.0, 0.0, 0.0, 0.0, 0.0, 0.0, 0.0, 0.0, 0.0, 0.0, 0.0, 0.0, 0.0, 0.0, 0.0, 0.0, 0.0, 0.0, 0.0, 0.0, 0.0, 0.0, 0.0, 0.0, 0.0, 0.0, 0.0, 0.0, 0.0, 0.0, 0.0, 0.0, 0.0, 0.0, 0.0, 0.0, 0.0, 0.0, 0.0, 0.0, 0.0, 0.0, 0.0, 0.0, 0.0, 0.0, 0.0, 0.0, 0.0, 0.0, 0.0, 0.0, 0.0, 0.0, 0.0, 0.0, 0.0, 0.0, 0.0, 0.0, 0.0, 0.0, 0.0, 0.0, 0.0, 0.0, 0.0, 0.0, 0.0, 0.0, 0.0, 0.0, 0.0, 0.0, 0.0, 0.0, 0.0, 0.0, 0.0, 0.0, 0.0, 0.0, 0.0, 0.0, 0.0, 0.0, 0.0, 0.0, 0.0, 0.0, 0.0, 0.0, 0.0, 0.0, 0.0, 0.0, 0.0, 0.0, 0.0, 0.0, 0.0, 0.0, 0.0, 0.0, 0.0, 0.0, 0.0, 0.0, 0.0, 0.0, 0.0, 0.0, 0.0, 0.0, 0.0, 0.0, 0.0, 0.0, 0.0, 0.0, 0.0, 0.0, 0.0, 0.0, 0.0, 0.0, 0.0, 0.0, 0.0, 0.0, 0.0, 0.0, 0.0, 0.0, 0.0, 0.0, 0.0, 0.0, 0.0, 0.0, 0.0, 0.0, 0.0, 0.0, 0.0, 0.0, 0.0, 0.0, 0.0, 0.0, 0.0, 0.0, 0.0, 0.0, 0.0, 0.0, 0.0, 0.0, 0.0, 0.0, 0.0, 0.0, 0.0, 0.0, 0.0, 0.0, 0.0, 0.0, 0.0, 0.0, 0.0, 0.0, 0.0, 0.0, 0.0, 0.0, 0.0, 0.0, 0.0, 0.0, 0.0, 0.0, 0.0, 0.0, 0.0, 0.0, 0.0, 0.0, 0.0, 0.0, 0.0, 0.0, 0.0, 0.0, 0.0]","[0.03125, 0.03125, 0.03125, 0.03125, 0.03125, 0.03125, 0.03125, 0.03125, 0.03125, 0.03125, 0.03125, 0.03125, 0.03125, 0.03125, 0.03125, 0.03125, 0.03125, 0.03125, 0.03125, 0.03125, 0.03125, 0.03125, 0.03125, 0.03125, 0.03125, 0.03125, 0.03125, 0.03125, 0.03125, 0.03125, 0.03125, 0.03125, 0.03125, 0.03125, 0.03125, 0.03125, 0.03125, 0.03125, 0.03125, 0.03125, 0.03125, 0.03125, 0.03125, 0.03125, 0.03125, 0.03125, 0.03125, 0.03125, 0.03125, 0.03125, 0.03125, 0.03125, 0.03125, 0.03125, 0.03125, 0.03125, 0.03125, 0.03125, 0.03125, 0.03125, 0.03125, 0.03125, 0.03125, 0.03125, 0.03125, 0.03125, 0.03125, 0.03125, 0.03125, 0.03125, 0.03125, 0.03125, 0.03125, 0.03125, 0.03125, 0.03125, 0.03125, 0.03125, 0.03125, 0.03125, 0.03125, 0.03125, 0.03125, 0.03125, 0.03125, 0.03125, 0.03125, 0.03125, 0.03125, 0.03125, 0.03125, 0.03125, 0.03125, 0.03125, 0.03125, 0.03125, 0.03125, 0.03125, 0.03125, 0.03125, 0.03125, 0.03125, 0.03125, 0.03125, 0.03125, 0.03125, 0.03125, 0.03125, 0.03125, 0.03125, 0.03125, 0.03125, 0.03125, 0.03125, 0.03125, 0.03125, 0.03125, 0.03125, 0.03125, 0.03125, 0.03125, 0.03125, 0.03125, 0.03125, 0.03125, 0.03125, 0.03125, 0.03125, 0.03125, 0.03125, 0.03125, 0.03125, 0.03125, 0.03125, 0.03125, 0.03125, 0.03125, 0.03125, 0.03125, 0.03125, 0.03125, 0.03125, 0.03125, 0.03125, 0.03125, 0.03125, 0.03125, 0.03125, 0.03125, 0.03125, 0.03125, 0.03125, 0.03125, 0.03125, 0.03125, 0.03125, 0.03125, 0.03125, 0.03125, 0.03125, 0.03125, 0.03125, 0.03125, 0.03125, 0.03125, 0.03125, 0.03125, 0.03125, 0.03125, 0.03125, 0.03125, 0.03125, 0.03125, 0.03125, 0.03125, 0.03125, 0.03125, 0.03125, 0.03125, 0.03125, 0.03125, 0.03125, 0.03125, 0.03125, 0.03125, 0.03125, 0.03125, 0.03125, 0.03125, 0.03125, 0.03125, 0.03125, 0.03125, 0.03125, 0.03125, 0.03125, 0.03125, 0.03125, 0.03125, 0.03125, 0.03125, 0.03125, 0.03125, 0.03125, 0.03125, 0.03125, 0.03125, 0.03125, 0.03125, 0.03125, 0.03125, 0.03125, 0.03125, 0.03125, 0.03125, 0.03125, 0.03125, 0.03125, 0.03125, 0.03125, 0.03125, 0.03125, 0.03125, 0.03125, 0.03125, 0.03125, 0.03125, 0.03125, 0.03125, 0.03125, 0.03125, 0.03125, 0.03125, 0.03125, 0.03125, 0.03125, 0.03125, 0.03125, 0.03125, 0.03125, 0.03125, 0.03125, 0.03125, 0.03125, 0.03125, 0.03125, 0.03125, 0.03125, 0.03125, 0.03125, 0.03125, 0.03125, 0.03125, 0.03125, 0.03125, 0.03125]",1,,,True
norm__poi_d256_c1_s50,7.302484512329102,7.128713130950928,7.302484512329102,20.0,0.0,7.274471282958984,7.274471282958984,691.5716552734375,691.5716552734375,690.5696411132812,690.160400390625,9.348172187805176,0.0,1.0,1.6210840940475464,28.947021484375,2.592097759246826,7.168071746826172,9.99999883788405e-07,5.391293598222546e-06,8.241948127746582,2.8473105430603027,0.345465749502182,0.9349591732025146,0.11343909054994583,0.0007386207580566406,0.0028276443481445312,3.8282763957977295,0.0028312206268310547,3.833118200302124,0.46533334255218506,8.140600204467773,0.5241666436195374,8.140600204467773,0.44433334469795227,2.9145612716674805,0.46433332562446594,2.9145612716674805,0.3411666750907898,1.2150613069534302,0.3258333206176758,1.2150613069534302,8.181280136108398,0.058649174869060516,139.49522399902344,2.858663320541382,0.0006306534633040428,4532.859375,0.030774222686886787,0.9461041688919067,3.1186980777420104e-05,30336.509765625,0.004598262254148722,0.0007725636824034154,8.736357813177165e-06,88.43086242675781,0.002857466693967581,3.337302405270748e-05,85.6220474243164,1.0328048467636108,0.002856509294360876,3.020874828507658e-05,94.55899810791016,0.9351924657821655,23.116653442382812,23.242916107177734,0.9945676922798157,5.778053283691406,5.760002613067627,1.003133773803711,0.9667726159095764,0.9569799900054932,1.0102328062057495,8.911492347717285,8.937990188598633,0.9970353841781616,3.3963491916656494,3.391087293624878,1.001551628112793,1.389949917793274,1.3828790187835693,1.0051130056381226,inf,inf,,,,inf,,,1.0,8.929144859313965,poincare,1.0,256,gaussian,gaussian,60000,0.3,0.3,"[0.0, 0.0, 0.0, 0.0, 0.0, 0.0, 0.0, 0.0, 0.0, 0.0, 0.0, 0.0, 0.0, 0.0, 0.0, 0.0, 0.0, 0.0, 0.0, 0.0, 0.0, 0.0, 0.0, 0.0, 0.0, 0.0, 0.0, 0.0, 0.0, 0.0, 0.0, 0.0, 0.0, 0.0, 0.0, 0.0, 0.0, 0.0, 0.0, 0.0, 0.0, 0.0, 0.0, 0.0, 0.0, 0.0, 0.0, 0.0, 0.0, 0.0, 0.0, 0.0, 0.0, 0.0, 0.0, 0.0, 0.0, 0.0, 0.0, 0.0, 0.0, 0.0, 0.0, 0.0, 0.0, 0.0, 0.0, 0.0, 0.0, 0.0, 0.0, 0.0, 0.0, 0.0, 0.0, 0.0, 0.0, 0.0, 0.0, 0.0, 0.0, 0.0, 0.0, 0.0, 0.0, 0.0, 0.0, 0.0, 0.0, 0.0, 0.0, 0.0, 0.0, 0.0, 0.0, 0.0, 0.0, 0.0, 0.0, 0.0, 0.0, 0.0, 0.0, 0.0, 0.0, 0.0, 0.0, 0.0, 0.0, 0.0, 0.0, 0.0, 0.0, 0.0, 0.0, 0.0, 0.0, 0.0, 0.0, 0.0, 0.0, 0.0, 0.0, 0.0, 0.0, 0.0, 0.0, 0.0, 0.0, 0.0, 0.0, 0.0, 0.0, 0.0, 0.0, 0.0, 0.0, 0.0, 0.0, 0.0, 0.0, 0.0, 0.0, 0.0, 0.0, 0.0, 0.0, 0.0, 0.0, 0.0, 0.0, 0.0, 0.0, 0.0, 0.0, 0.0, 0.0, 0.0, 0.0, 0.0, 0.0, 0.0, 0.0, 0.0, 0.0, 0.0, 0.0, 0.0, 0.0, 0.0, 0.0, 0.0, 0.0, 0.0, 0.0, 0.0, 0.0, 0.0, 0.0, 0.0, 0.0, 0.0, 0.0, 0.0, 0.0, 0.0, 0.0, 0.0, 0.0, 0.0, 0.0, 0.0, 0.0, 0.0, 0.0, 0.0, 0.0, 0.0, 0.0, 0.0, 0.0, 0.0, 0.0, 0.0, 0.0, 0.0, 0.0, 0.0, 0.0, 0.0, 0.0, 0.0, 0.0, 0.0, 0.0, 0.0, 0.0, 0.0, 0.0, 0.0, 0.0, 0.0, 0.0, 0.0, 0.0, 0.0, 0.0, 0.0, 0.0, 0.0, 0.0, 0.0, 0.0, 0.0, 0.0, 0.0, 0.0, 0.0, 0.0, 0.0, 0.0, 0.0, 0.0, 0.0, 0.0, 0.0, 0.0, 0.0, 0.0, 0.0, 0.0, 0.0, 0.0, 0.0, 0.0, 0.0]","[0.03125, 0.03125, 0.03125, 0.03125, 0.03125, 0.03125, 0.03125, 0.03125, 0.03125, 0.03125, 0.03125, 0.03125, 0.03125, 0.03125, 0.03125, 0.03125, 0.03125, 0.03125, 0.03125, 0.03125, 0.03125, 0.03125, 0.03125, 0.03125, 0.03125, 0.03125, 0.03125, 0.03125, 0.03125, 0.03125, 0.03125, 0.03125, 0.03125, 0.03125, 0.03125, 0.03125, 0.03125, 0.03125, 0.03125, 0.03125, 0.03125, 0.03125, 0.03125, 0.03125, 0.03125, 0.03125, 0.03125, 0.03125, 0.03125, 0.03125, 0.03125, 0.03125, 0.03125, 0.03125, 0.03125, 0.03125, 0.03125, 0.03125, 0.03125, 0.03125, 0.03125, 0.03125, 0.03125, 0.03125, 0.03125, 0.03125, 0.03125, 0.03125, 0.03125, 0.03125, 0.03125, 0.03125, 0.03125, 0.03125, 0.03125, 0.03125, 0.03125, 0.03125, 0.03125, 0.03125, 0.03125, 0.03125, 0.03125, 0.03125, 0.03125, 0.03125, 0.03125, 0.03125, 0.03125, 0.03125, 0.03125, 0.03125, 0.03125, 0.03125, 0.03125, 0.03125, 0.03125, 0.03125, 0.03125, 0.03125, 0.03125, 0.03125, 0.03125, 0.03125, 0.03125, 0.03125, 0.03125, 0.03125, 0.03125, 0.03125, 0.03125, 0.03125, 0.03125, 0.03125, 0.03125, 0.03125, 0.03125, 0.03125, 0.03125, 0.03125, 0.03125, 0.03125, 0.03125, 0.03125, 0.03125, 0.03125, 0.03125, 0.03125, 0.03125, 0.03125, 0.03125, 0.03125, 0.03125, 0.03125, 0.03125, 0.03125, 0.03125, 0.03125, 0.03125, 0.03125, 0.03125, 0.03125, 0.03125, 0.03125, 0.03125, 0.03125, 0.03125, 0.03125, 0.03125, 0.03125, 0.03125, 0.03125, 0.03125, 0.03125, 0.03125, 0.03125, 0.03125, 0.03125, 0.03125, 0.03125, 0.03125, 0.03125, 0.03125, 0.03125, 0.03125, 0.03125, 0.03125, 0.03125, 0.03125, 0.03125, 0.03125, 0.03125, 0.03125, 0.03125, 0.03125, 0.03125, 0.03125, 0.03125, 0.03125, 0.03125, 0.03125, 0.03125, 0.03125, 0.03125, 0.03125, 0.03125, 0.03125, 0.03125, 0.03125, 0.03125, 0.03125, 0.03125, 0.03125, 0.03125, 0.03125, 0.03125, 0.03125, 0.03125, 0.03125, 0.03125, 0.03125, 0.03125, 0.03125, 0.03125, 0.03125, 0.03125, 0.03125, 0.03125, 0.03125, 0.03125, 0.03125, 0.03125, 0.03125, 0.03125, 0.03125, 0.03125, 0.03125, 0.03125, 0.03125, 0.03125, 0.03125, 0.03125, 0.03125, 0.03125, 0.03125, 0.03125, 0.03125, 0.03125, 0.03125, 0.03125, 0.03125, 0.03125, 0.03125, 0.03125, 0.03125, 0.03125, 0.03125, 0.03125, 0.03125, 0.03125, 0.03125, 0.03125, 0.03125, 0.03125, 0.03125, 0.03125, 0.03125, 0.03125, 0.03125, 0.03125, 0.03125, 0.03125, 0.03125, 0.03125, 0.03125, 0.03125]",1,,,True
norm__poi_d256_c2_s34,3.5839433670043945,3.488218307495117,3.5839433670043945,20.0,0.0,3.706282138824463,3.706282138824463,361.26849365234375,361.26849365234375,360.8135681152344,361.25775146484375,4.558388710021973,0.0,1.0,1.1197739839553833,20.85144805908203,1.8174219131469727,5.037661552429199,9.99999883788405e-07,9.295667041442357e-06,5.851340293884277,2.8478713035583496,0.48670411109924316,0.5378050804138184,0.0919114351272583,0.000746607780456543,0.002859830856323242,3.830432653427124,0.0028657913208007812,3.83841609954834,0.49916666746139526,5.736794471740723,0.5145000219345093,5.736794471740723,0.45100000500679016,2.916280508041382,0.45616665482521057,2.916280508041382,0.33149999380111694,0.8589829206466675,0.3256666660308838,0.8589829206466675,5.8905558586120605,0.04898422583937645,120.2541275024414,2.8591620922088623,0.0006743550184182823,4239.84716796875,0.02836284413933754,0.5489643812179565,2.798837340378668e-05,19614.013671875,0.006131031084805727,0.0007793029653839767,7.53555332266842e-06,103.41680908203125,0.0028987328987568617,2.4977964130812325e-05,116.05160522460938,0.8911278247833252,0.0029027981217950583,4.318511128076352e-05,67.21756744384766,1.5385385751724243,11.567349433898926,11.62049388885498,0.9954266548156738,5.782544136047363,5.75941276550293,1.0040162801742554,0.48342108726501465,0.4784815311431885,1.010323405265808,6.3040571212768555,6.319919109344482,0.9974901676177979,3.397686243057251,3.3909366130828857,1.0019904375076294,0.9828784465789795,0.9778342843055725,1.005158543586731,inf,inf,,,,inf,,,1.0,6.3154096603393555,poincare,2.0,256,gaussian,gaussian,60000,0.3,0.3,"[0.0, 0.0, 0.0, 0.0, 0.0, 0.0, 0.0, 0.0, 0.0, 0.0, 0.0, 0.0, 0.0, 0.0, 0.0, 0.0, 0.0, 0.0, 0.0, 0.0, 0.0, 0.0, 0.0, 0.0, 0.0, 0.0, 0.0, 0.0, 0.0, 0.0, 0.0, 0.0, 0.0, 0.0, 0.0, 0.0, 0.0, 0.0, 0.0, 0.0, 0.0, 0.0, 0.0, 0.0, 0.0, 0.0, 0.0, 0.0, 0.0, 0.0, 0.0, 0.0, 0.0, 0.0, 0.0, 0.0, 0.0, 0.0, 0.0, 0.0, 0.0, 0.0, 0.0, 0.0, 0.0, 0.0, 0.0, 0.0, 0.0, 0.0, 0.0, 0.0, 0.0, 0.0, 0.0, 0.0, 0.0, 0.0, 0.0, 0.0, 0.0, 0.0, 0.0, 0.0, 0.0, 0.0, 0.0, 0.0, 0.0, 0.0, 0.0, 0.0, 0.0, 0.0, 0.0, 0.0, 0.0, 0.0, 0.0, 0.0, 0.0, 0.0, 0.0, 0.0, 0.0, 0.0, 0.0, 0.0, 0.0, 0.0, 0.0, 0.0, 0.0, 0.0, 0.0, 0.0, 0.0, 0.0, 0.0, 0.0, 0.0, 0.0, 0.0, 0.0, 0.0, 0.0, 0.0, 0.0, 0.0, 0.0, 0.0, 0.0, 0.0, 0.0, 0.0, 0.0, 0.0, 0.0, 0.0, 0.0, 0.0, 0.0, 0.0, 0.0, 0.0, 0.0, 0.0, 0.0, 0.0, 0.0, 0.0, 0.0, 0.0, 0.0, 0.0, 0.0, 0.0, 0.0, 0.0, 0.0, 0.0, 0.0, 0.0, 0.0, 0.0, 0.0, 0.0, 0.0, 0.0, 0.0, 0.0, 0.0, 0.0, 0.0, 0.0, 0.0, 0.0, 0.0, 0.0, 0.0, 0.0, 0.0, 0.0, 0.0, 0.0, 0.0, 0.0, 0.0, 0.0, 0.0, 0.0, 0.0, 0.0, 0.0, 0.0, 0.0, 0.0, 0.0, 0.0, 0.0, 0.0, 0.0, 0.0, 0.0, 0.0, 0.0, 0.0, 0.0, 0.0, 0.0, 0.0, 0.0, 0.0, 0.0, 0.0, 0.0, 0.0, 0.0, 0.0, 0.0, 0.0, 0.0, 0.0, 0.0, 0.0, 0.0, 0.0, 0.0, 0.0, 0.0, 0.0, 0.0, 0.0, 0.0, 0.0, 0.0, 0.0, 0.0, 0.0, 0.0, 0.0, 0.0, 0.0, 0.0, 0.0, 0.0, 0.0, 0.0, 0.0, 0.0, 0.0, 0.0, 0.0, 0.0, 0.0, 0.0]","[0.03125, 0.03125, 0.03125, 0.03125, 0.03125, 0.03125, 0.03125, 0.03125, 0.03125, 0.03125, 0.03125, 0.03125, 0.03125, 0.03125, 0.03125, 0.03125, 0.03125, 0.03125, 0.03125, 0.03125, 0.03125, 0.03125, 0.03125, 0.03125, 0.03125, 0.03125, 0.03125, 0.03125, 0.03125, 0.03125, 0.03125, 0.03125, 0.03125, 0.03125, 0.03125, 0.03125, 0.03125, 0.03125, 0.03125, 0.03125, 0.03125, 0.03125, 0.03125, 0.03125, 0.03125, 0.03125, 0.03125, 0.03125, 0.03125, 0.03125, 0.03125, 0.03125, 0.03125, 0.03125, 0.03125, 0.03125, 0.03125, 0.03125, 0.03125, 0.03125, 0.03125, 0.03125, 0.03125, 0.03125, 0.03125, 0.03125, 0.03125, 0.03125, 0.03125, 0.03125, 0.03125, 0.03125, 0.03125, 0.03125, 0.03125, 0.03125, 0.03125, 0.03125, 0.03125, 0.03125, 0.03125, 0.03125, 0.03125, 0.03125, 0.03125, 0.03125, 0.03125, 0.03125, 0.03125, 0.03125, 0.03125, 0.03125, 0.03125, 0.03125, 0.03125, 0.03125, 0.03125, 0.03125, 0.03125, 0.03125, 0.03125, 0.03125, 0.03125, 0.03125, 0.03125, 0.03125, 0.03125, 0.03125, 0.03125, 0.03125, 0.03125, 0.03125, 0.03125, 0.03125, 0.03125, 0.03125, 0.03125, 0.03125, 0.03125, 0.03125, 0.03125, 0.03125, 0.03125, 0.03125, 0.03125, 0.03125, 0.03125, 0.03125, 0.03125, 0.03125, 0.03125, 0.03125, 0.03125, 0.03125, 0.03125, 0.03125, 0.03125, 0.03125, 0.03125, 0.03125, 0.03125, 0.03125, 0.03125, 0.03125, 0.03125, 0.03125, 0.03125, 0.03125, 0.03125, 0.03125, 0.03125, 0.03125, 0.03125, 0.03125, 0.03125, 0.03125, 0.03125, 0.03125, 0.03125, 0.03125, 0.03125, 0.03125, 0.03125, 0.03125, 0.03125, 0.03125, 0.03125, 0.03125, 0.03125, 0.03125, 0.03125, 0.03125, 0.03125, 0.03125, 0.03125, 0.03125, 0.03125, 0.03125, 0.03125, 0.03125, 0.03125, 0.03125, 0.03125, 0.03125, 0.03125, 0.03125, 0.03125, 0.03125, 0.03125, 0.03125, 0.03125, 0.03125, 0.03125, 0.03125, 0.03125, 0.03125, 0.03125, 0.03125, 0.03125, 0.03125, 0.03125, 0.03125, 0.03125, 0.03125, 0.03125, 0.03125, 0.03125, 0.03125, 0.03125, 0.03125, 0.03125, 0.03125, 0.03125, 0.03125, 0.03125, 0.03125, 0.03125, 0.03125, 0.03125, 0.03125, 0.03125, 0.03125, 0.03125, 0.03125, 0.03125, 0.03125, 0.03125, 0.03125, 0.03125, 0.03125, 0.03125, 0.03125, 0.03125, 0.03125, 0.03125, 0.03125, 0.03125, 0.03125, 0.03125, 0.03125, 0.03125, 0.03125, 0.03125, 0.03125, 0.03125, 0.03125, 0.03125, 0.03125, 0.03125, 0.03125, 0.03125, 0.03125, 0.03125, 0.03125, 0.03125, 0.03125]",1,,,True
norm__poi_d256_c2_s42,3.59732723236084,3.7614779472351074,3.59732723236084,20.0,0.0,3.5286436080932617,3.5286436080932617,360.0103454589844,360.0103454589844,360.0103454589844,360.0347595214844,4.52237606048584,0.0,1.0,1.1217148303985596,22.89658546447754,1.80445396900177,5.0639519691467285,9.99999883788405e-07,1.2495243026933167e-05,5.914355278015137,2.846299409866333,0.4812527000904083,0.5377597808837891,0.09092448651790619,0.0007407665252685547,0.002837061882019043,3.8299005031585693,0.0028384923934936523,3.831831455230713,0.5136666893959045,5.754251480102539,0.5198333263397217,5.754251480102539,0.4516666531562805,2.9141643047332764,0.4558333456516266,2.9141643047332764,0.32850000262260437,0.859061062335968,0.3229999840259552,0.859061062335968,5.891480922698975,0.042750779539346695,137.8099365234375,2.857574462890625,0.000795341155026108,3592.8916015625,0.038356274366378784,0.5489195585250854,2.195734305132646e-05,24999.359375,0.005512538366019726,0.0007731477962806821,7.506137535528978e-06,103.0020751953125,0.0028666655998677015,2.864559428417124e-05,100.07352447509766,1.0292640924453735,0.0028647822327911854,2.9653070669155568e-05,96.60997772216797,1.0661638975143433,11.541396141052246,11.621247291564941,0.9931288361549377,5.769632339477539,5.760247230529785,1.0016292333602905,0.48333415389060974,0.4785199463367462,1.0100606679916382,6.296360492706299,6.319850921630859,0.9962831735610962,3.3938753604888916,3.3911213874816895,1.00081205368042,0.9827898144721985,0.9778736233711243,1.005027413368225,inf,inf,,,,inf,,,1.0,6.310827255249023,poincare,2.0,256,gaussian,gaussian,60000,0.3,0.3,"[0.0, 0.0, 0.0, 0.0, 0.0, 0.0, 0.0, 0.0, 0.0, 0.0, 0.0, 0.0, 0.0, 0.0, 0.0, 0.0, 0.0, 0.0, 0.0, 0.0, 0.0, 0.0, 0.0, 0.0, 0.0, 0.0, 0.0, 0.0, 0.0, 0.0, 0.0, 0.0, 0.0, 0.0, 0.0, 0.0, 0.0, 0.0, 0.0, 0.0, 0.0, 0.0, 0.0, 0.0, 0.0, 0.0, 0.0, 0.0, 0.0, 0.0, 0.0, 0.0, 0.0, 0.0, 0.0, 0.0, 0.0, 0.0, 0.0, 0.0, 0.0, 0.0, 0.0, 0.0, 0.0, 0.0, 0.0, 0.0, 0.0, 0.0, 0.0, 0.0, 0.0, 0.0, 0.0, 0.0, 0.0, 0.0, 0.0, 0.0, 0.0, 0.0, 0.0, 0.0, 0.0, 0.0, 0.0, 0.0, 0.0, 0.0, 0.0, 0.0, 0.0, 0.0, 0.0, 0.0, 0.0, 0.0, 0.0, 0.0, 0.0, 0.0, 0.0, 0.0, 0.0, 0.0, 0.0, 0.0, 0.0, 0.0, 0.0, 0.0, 0.0, 0.0, 0.0, 0.0, 0.0, 0.0, 0.0, 0.0, 0.0, 0.0, 0.0, 0.0, 0.0, 0.0, 0.0, 0.0, 0.0, 0.0, 0.0, 0.0, 0.0, 0.0, 0.0, 0.0, 0.0, 0.0, 0.0, 0.0, 0.0, 0.0, 0.0, 0.0, 0.0, 0.0, 0.0, 0.0, 0.0, 0.0, 0.0, 0.0, 0.0, 0.0, 0.0, 0.0, 0.0, 0.0, 0.0, 0.0, 0.0, 0.0, 0.0, 0.0, 0.0, 0.0, 0.0, 0.0, 0.0, 0.0, 0.0, 0.0, 0.0, 0.0, 0.0, 0.0, 0.0, 0.0, 0.0, 0.0, 0.0, 0.0, 0.0, 0.0, 0.0, 0.0, 0.0, 0.0, 0.0, 0.0, 0.0, 0.0, 0.0, 0.0, 0.0, 0.0, 0.0, 0.0, 0.0, 0.0, 0.0, 0.0, 0.0, 0.0, 0.0, 0.0, 0.0, 0.0, 0.0, 0.0, 0.0, 0.0, 0.0, 0.0, 0.0, 0.0, 0.0, 0.0, 0.0, 0.0, 0.0, 0.0, 0.0, 0.0, 0.0, 0.0, 0.0, 0.0, 0.0, 0.0, 0.0, 0.0, 0.0, 0.0, 0.0, 0.0, 0.0, 0.0, 0.0, 0.0, 0.0, 0.0, 0.0, 0.0, 0.0, 0.0, 0.0, 0.0, 0.0, 0.0, 0.0, 0.0, 0.0, 0.0, 0.0, 0.0]","[0.03125, 0.03125, 0.03125, 0.03125, 0.03125, 0.03125, 0.03125, 0.03125, 0.03125, 0.03125, 0.03125, 0.03125, 0.03125, 0.03125, 0.03125, 0.03125, 0.03125, 0.03125, 0.03125, 0.03125, 0.03125, 0.03125, 0.03125, 0.03125, 0.03125, 0.03125, 0.03125, 0.03125, 0.03125, 0.03125, 0.03125, 0.03125, 0.03125, 0.03125, 0.03125, 0.03125, 0.03125, 0.03125, 0.03125, 0.03125, 0.03125, 0.03125, 0.03125, 0.03125, 0.03125, 0.03125, 0.03125, 0.03125, 0.03125, 0.03125, 0.03125, 0.03125, 0.03125, 0.03125, 0.03125, 0.03125, 0.03125, 0.03125, 0.03125, 0.03125, 0.03125, 0.03125, 0.03125, 0.03125, 0.03125, 0.03125, 0.03125, 0.03125, 0.03125, 0.03125, 0.03125, 0.03125, 0.03125, 0.03125, 0.03125, 0.03125, 0.03125, 0.03125, 0.03125, 0.03125, 0.03125, 0.03125, 0.03125, 0.03125, 0.03125, 0.03125, 0.03125, 0.03125, 0.03125, 0.03125, 0.03125, 0.03125, 0.03125, 0.03125, 0.03125, 0.03125, 0.03125, 0.03125, 0.03125, 0.03125, 0.03125, 0.03125, 0.03125, 0.03125, 0.03125, 0.03125, 0.03125, 0.03125, 0.03125, 0.03125, 0.03125, 0.03125, 0.03125, 0.03125, 0.03125, 0.03125, 0.03125, 0.03125, 0.03125, 0.03125, 0.03125, 0.03125, 0.03125, 0.03125, 0.03125, 0.03125, 0.03125, 0.03125, 0.03125, 0.03125, 0.03125, 0.03125, 0.03125, 0.03125, 0.03125, 0.03125, 0.03125, 0.03125, 0.03125, 0.03125, 0.03125, 0.03125, 0.03125, 0.03125, 0.03125, 0.03125, 0.03125, 0.03125, 0.03125, 0.03125, 0.03125, 0.03125, 0.03125, 0.03125, 0.03125, 0.03125, 0.03125, 0.03125, 0.03125, 0.03125, 0.03125, 0.03125, 0.03125, 0.03125, 0.03125, 0.03125, 0.03125, 0.03125, 0.03125, 0.03125, 0.03125, 0.03125, 0.03125, 0.03125, 0.03125, 0.03125, 0.03125, 0.03125, 0.03125, 0.03125, 0.03125, 0.03125, 0.03125, 0.03125, 0.03125, 0.03125, 0.03125, 0.03125, 0.03125, 0.03125, 0.03125, 0.03125, 0.03125, 0.03125, 0.03125, 0.03125, 0.03125, 0.03125, 0.03125, 0.03125, 0.03125, 0.03125, 0.03125, 0.03125, 0.03125, 0.03125, 0.03125, 0.03125, 0.03125, 0.03125, 0.03125, 0.03125, 0.03125, 0.03125, 0.03125, 0.03125, 0.03125, 0.03125, 0.03125, 0.03125, 0.03125, 0.03125, 0.03125, 0.03125, 0.03125, 0.03125, 0.03125, 0.03125, 0.03125, 0.03125, 0.03125, 0.03125, 0.03125, 0.03125, 0.03125, 0.03125, 0.03125, 0.03125, 0.03125, 0.03125, 0.03125, 0.03125, 0.03125, 0.03125, 0.03125, 0.03125, 0.03125, 0.03125, 0.03125, 0.03125, 0.03125, 0.03125, 0.03125, 0.03125, 0.03125, 0.03125]",1,,,True
norm__poi_d256_c2_s50,3.6501970291137695,3.578925132751465,3.6501970291137695,20.0,0.0,3.6358180046081543,3.6358180046081543,361.7353820800781,361.7353820800781,361.3966369628906,361.1899108886719,4.507392406463623,0.0,1.0,1.1096669435501099,20.344348907470703,1.8098289966583252,4.979053497314453,9.99999883788405e-07,1.0534369721426629e-05,5.913289546966553,2.847018003463745,0.4814608693122864,0.5377623438835144,0.09094131737947464,0.0007418394088745117,0.002842426300048828,3.831592559814453,0.0028448104858398438,3.834806203842163,0.4776666760444641,5.75627326965332,0.5256666541099548,5.75627326965332,0.4465000033378601,2.9145607948303223,0.4648333191871643,2.9145607948303223,0.3409999907016754,0.8591780662536621,0.3258333206176758,0.8591780662536621,5.880254745483398,0.03254684433341026,180.6704864501953,2.8583719730377197,0.0006295402417890728,4540.412109375,0.03979165107011795,0.548909604549408,2.1739779185736552e-05,25249.08984375,0.0071555245667696,0.0007757585262879729,8.758139301789925e-06,88.57572174072266,0.0028720975387841463,3.345328150317073e-05,85.85398864746094,1.0317018032073975,0.0028701701667159796,3.042652679141611e-05,94.33118438720703,0.938986599445343,11.553410530090332,11.62144660949707,0.9941455721855164,5.775618553161621,5.759997367858887,1.0027120113372803,0.483372300863266,0.4784899950027466,1.0102035999298096,6.299887180328369,6.320058822631836,0.9968084096908569,3.395634412765503,3.391085624694824,1.0013413429260254,0.982828676700592,0.977843165397644,1.0050984621047974,inf,inf,,,,inf,,,1.0,6.313099384307861,poincare,2.0,256,gaussian,gaussian,60000,0.3,0.3,"[0.0, 0.0, 0.0, 0.0, 0.0, 0.0, 0.0, 0.0, 0.0, 0.0, 0.0, 0.0, 0.0, 0.0, 0.0, 0.0, 0.0, 0.0, 0.0, 0.0, 0.0, 0.0, 0.0, 0.0, 0.0, 0.0, 0.0, 0.0, 0.0, 0.0, 0.0, 0.0, 0.0, 0.0, 0.0, 0.0, 0.0, 0.0, 0.0, 0.0, 0.0, 0.0, 0.0, 0.0, 0.0, 0.0, 0.0, 0.0, 0.0, 0.0, 0.0, 0.0, 0.0, 0.0, 0.0, 0.0, 0.0, 0.0, 0.0, 0.0, 0.0, 0.0, 0.0, 0.0, 0.0, 0.0, 0.0, 0.0, 0.0, 0.0, 0.0, 0.0, 0.0, 0.0, 0.0, 0.0, 0.0, 0.0, 0.0, 0.0, 0.0, 0.0, 0.0, 0.0, 0.0, 0.0, 0.0, 0.0, 0.0, 0.0, 0.0, 0.0, 0.0, 0.0, 0.0, 0.0, 0.0, 0.0, 0.0, 0.0, 0.0, 0.0, 0.0, 0.0, 0.0, 0.0, 0.0, 0.0, 0.0, 0.0, 0.0, 0.0, 0.0, 0.0, 0.0, 0.0, 0.0, 0.0, 0.0, 0.0, 0.0, 0.0, 0.0, 0.0, 0.0, 0.0, 0.0, 0.0, 0.0, 0.0, 0.0, 0.0, 0.0, 0.0, 0.0, 0.0, 0.0, 0.0, 0.0, 0.0, 0.0, 0.0, 0.0, 0.0, 0.0, 0.0, 0.0, 0.0, 0.0, 0.0, 0.0, 0.0, 0.0, 0.0, 0.0, 0.0, 0.0, 0.0, 0.0, 0.0, 0.0, 0.0, 0.0, 0.0, 0.0, 0.0, 0.0, 0.0, 0.0, 0.0, 0.0, 0.0, 0.0, 0.0, 0.0, 0.0, 0.0, 0.0, 0.0, 0.0, 0.0, 0.0, 0.0, 0.0, 0.0, 0.0, 0.0, 0.0, 0.0, 0.0, 0.0, 0.0, 0.0, 0.0, 0.0, 0.0, 0.0, 0.0, 0.0, 0.0, 0.0, 0.0, 0.0, 0.0, 0.0, 0.0, 0.0, 0.0, 0.0, 0.0, 0.0, 0.0, 0.0, 0.0, 0.0, 0.0, 0.0, 0.0, 0.0, 0.0, 0.0, 0.0, 0.0, 0.0, 0.0, 0.0, 0.0, 0.0, 0.0, 0.0, 0.0, 0.0, 0.0, 0.0, 0.0, 0.0, 0.0, 0.0, 0.0, 0.0, 0.0, 0.0, 0.0, 0.0, 0.0, 0.0, 0.0, 0.0, 0.0, 0.0, 0.0, 0.0, 0.0, 0.0, 0.0, 0.0]","[0.03125, 0.03125, 0.03125, 0.03125, 0.03125, 0.03125, 0.03125, 0.03125, 0.03125, 0.03125, 0.03125, 0.03125, 0.03125, 0.03125, 0.03125, 0.03125, 0.03125, 0.03125, 0.03125, 0.03125, 0.03125, 0.03125, 0.03125, 0.03125, 0.03125, 0.03125, 0.03125, 0.03125, 0.03125, 0.03125, 0.03125, 0.03125, 0.03125, 0.03125, 0.03125, 0.03125, 0.03125, 0.03125, 0.03125, 0.03125, 0.03125, 0.03125, 0.03125, 0.03125, 0.03125, 0.03125, 0.03125, 0.03125, 0.03125, 0.03125, 0.03125, 0.03125, 0.03125, 0.03125, 0.03125, 0.03125, 0.03125, 0.03125, 0.03125, 0.03125, 0.03125, 0.03125, 0.03125, 0.03125, 0.03125, 0.03125, 0.03125, 0.03125, 0.03125, 0.03125, 0.03125, 0.03125, 0.03125, 0.03125, 0.03125, 0.03125, 0.03125, 0.03125, 0.03125, 0.03125, 0.03125, 0.03125, 0.03125, 0.03125, 0.03125, 0.03125, 0.03125, 0.03125, 0.03125, 0.03125, 0.03125, 0.03125, 0.03125, 0.03125, 0.03125, 0.03125, 0.03125, 0.03125, 0.03125, 0.03125, 0.03125, 0.03125, 0.03125, 0.03125, 0.03125, 0.03125, 0.03125, 0.03125, 0.03125, 0.03125, 0.03125, 0.03125, 0.03125, 0.03125, 0.03125, 0.03125, 0.03125, 0.03125, 0.03125, 0.03125, 0.03125, 0.03125, 0.03125, 0.03125, 0.03125, 0.03125, 0.03125, 0.03125, 0.03125, 0.03125, 0.03125, 0.03125, 0.03125, 0.03125, 0.03125, 0.03125, 0.03125, 0.03125, 0.03125, 0.03125, 0.03125, 0.03125, 0.03125, 0.03125, 0.03125, 0.03125, 0.03125, 0.03125, 0.03125, 0.03125, 0.03125, 0.03125, 0.03125, 0.03125, 0.03125, 0.03125, 0.03125, 0.03125, 0.03125, 0.03125, 0.03125, 0.03125, 0.03125, 0.03125, 0.03125, 0.03125, 0.03125, 0.03125, 0.03125, 0.03125, 0.03125, 0.03125, 0.03125, 0.03125, 0.03125, 0.03125, 0.03125, 0.03125, 0.03125, 0.03125, 0.03125, 0.03125, 0.03125, 0.03125, 0.03125, 0.03125, 0.03125, 0.03125, 0.03125, 0.03125, 0.03125, 0.03125, 0.03125, 0.03125, 0.03125, 0.03125, 0.03125, 0.03125, 0.03125, 0.03125, 0.03125, 0.03125, 0.03125, 0.03125, 0.03125, 0.03125, 0.03125, 0.03125, 0.03125, 0.03125, 0.03125, 0.03125, 0.03125, 0.03125, 0.03125, 0.03125, 0.03125, 0.03125, 0.03125, 0.03125, 0.03125, 0.03125, 0.03125, 0.03125, 0.03125, 0.03125, 0.03125, 0.03125, 0.03125, 0.03125, 0.03125, 0.03125, 0.03125, 0.03125, 0.03125, 0.03125, 0.03125, 0.03125, 0.03125, 0.03125, 0.03125, 0.03125, 0.03125, 0.03125, 0.03125, 0.03125, 0.03125, 0.03125, 0.03125, 0.03125, 0.03125, 0.03125, 0.03125, 0.03125, 0.03125, 0.03125]",1,,,True
norm__poi_d256_c3_s34,2.38930606842041,2.3209879398345947,2.38930606842041,20.0,0.0,2.473217010498047,2.473217010498047,234.01321411132812,234.01321411132812,233.73175048828125,234.04534912109375,3.0923352241516113,0.0,1.0,0.9131611585617065,17.133255004882812,1.5025148391723633,4.15083122253418,9.99999883788405e-07,1.4636298146797344e-05,4.839332103729248,2.847599506378174,0.588428258895874,0.3607560098171234,0.07454665005207062,0.0007447004318237305,0.0028502941131591797,3.827437162399292,0.002856135368347168,3.8352808952331543,0.4970000088214874,4.684072971343994,0.5170000195503235,4.684072971343994,0.4505000114440918,2.916280508041382,0.45750001072883606,2.916280508041382,0.3319999873638153,0.7013567090034485,0.32616665959358215,0.7013567090034485,4.859758377075195,0.03101862408220768,156.6722869873047,2.8588905334472656,0.0006769181345589459,4223.39208984375,0.03709631413221359,0.3719070553779602,2.2618136426899582e-05,16442.869140625,0.009528281167149544,0.0007774194236844778,7.475473466911353e-06,103.99600982666016,0.002889311406761408,2.4844899598974735e-05,116.2939453125,0.89425128698349,0.0028930704575031996,4.310028089093976e-05,67.12416076660156,1.5493080615997314,7.709281921386719,7.746995449066162,0.9951318502426147,5.78083610534668,5.75941276550293,1.003719687461853,0.3222729563713074,0.3189876675605774,1.0102990865707397,5.146413803100586,5.160187244415283,0.9973307847976685,3.3971829414367676,3.3909366130828857,1.0018420219421387,0.802507221698761,0.7983983755111694,1.0051463842391968,inf,inf,,,,inf,,,1.0,5.156082630157471,poincare,3.0,256,gaussian,gaussian,60000,0.3,0.3,"[0.0, 0.0, 0.0, 0.0, 0.0, 0.0, 0.0, 0.0, 0.0, 0.0, 0.0, 0.0, 0.0, 0.0, 0.0, 0.0, 0.0, 0.0, 0.0, 0.0, 0.0, 0.0, 0.0, 0.0, 0.0, 0.0, 0.0, 0.0, 0.0, 0.0, 0.0, 0.0, 0.0, 0.0, 0.0, 0.0, 0.0, 0.0, 0.0, 0.0, 0.0, 0.0, 0.0, 0.0, 0.0, 0.0, 0.0, 0.0, 0.0, 0.0, 0.0, 0.0, 0.0, 0.0, 0.0, 0.0, 0.0, 0.0, 0.0, 0.0, 0.0, 0.0, 0.0, 0.0, 0.0, 0.0, 0.0, 0.0, 0.0, 0.0, 0.0, 0.0, 0.0, 0.0, 0.0, 0.0, 0.0, 0.0, 0.0, 0.0, 0.0, 0.0, 0.0, 0.0, 0.0, 0.0, 0.0, 0.0, 0.0, 0.0, 0.0, 0.0, 0.0, 0.0, 0.0, 0.0, 0.0, 0.0, 0.0, 0.0, 0.0, 0.0, 0.0, 0.0, 0.0, 0.0, 0.0, 0.0, 0.0, 0.0, 0.0, 0.0, 0.0, 0.0, 0.0, 0.0, 0.0, 0.0, 0.0, 0.0, 0.0, 0.0, 0.0, 0.0, 0.0, 0.0, 0.0, 0.0, 0.0, 0.0, 0.0, 0.0, 0.0, 0.0, 0.0, 0.0, 0.0, 0.0, 0.0, 0.0, 0.0, 0.0, 0.0, 0.0, 0.0, 0.0, 0.0, 0.0, 0.0, 0.0, 0.0, 0.0, 0.0, 0.0, 0.0, 0.0, 0.0, 0.0, 0.0, 0.0, 0.0, 0.0, 0.0, 0.0, 0.0, 0.0, 0.0, 0.0, 0.0, 0.0, 0.0, 0.0, 0.0, 0.0, 0.0, 0.0, 0.0, 0.0, 0.0, 0.0, 0.0, 0.0, 0.0, 0.0, 0.0, 0.0, 0.0, 0.0, 0.0, 0.0, 0.0, 0.0, 0.0, 0.0, 0.0, 0.0, 0.0, 0.0, 0.0, 0.0, 0.0, 0.0, 0.0, 0.0, 0.0, 0.0, 0.0, 0.0, 0.0, 0.0, 0.0, 0.0, 0.0, 0.0, 0.0, 0.0, 0.0, 0.0, 0.0, 0.0, 0.0, 0.0, 0.0, 0.0, 0.0, 0.0, 0.0, 0.0, 0.0, 0.0, 0.0, 0.0, 0.0, 0.0, 0.0, 0.0, 0.0, 0.0, 0.0, 0.0, 0.0, 0.0, 0.0, 0.0, 0.0, 0.0, 0.0, 0.0, 0.0, 0.0, 0.0, 0.0, 0.0, 0.0, 0.0, 0.0]","[0.03125, 0.03125, 0.03125, 0.03125, 0.03125, 0.03125, 0.03125, 0.03125, 0.03125, 0.03125, 0.03125, 0.03125, 0.03125, 0.03125, 0.03125, 0.03125, 0.03125, 0.03125, 0.03125, 0.03125, 0.03125, 0.03125, 0.03125, 0.03125, 0.03125, 0.03125, 0.03125, 0.03125, 0.03125, 0.03125, 0.03125, 0.03125, 0.03125, 0.03125, 0.03125, 0.03125, 0.03125, 0.03125, 0.03125, 0.03125, 0.03125, 0.03125, 0.03125, 0.03125, 0.03125, 0.03125, 0.03125, 0.03125, 0.03125, 0.03125, 0.03125, 0.03125, 0.03125, 0.03125, 0.03125, 0.03125, 0.03125, 0.03125, 0.03125, 0.03125, 0.03125, 0.03125, 0.03125, 0.03125, 0.03125, 0.03125, 0.03125, 0.03125, 0.03125, 0.03125, 0.03125, 0.03125, 0.03125, 0.03125, 0.03125, 0.03125, 0.03125, 0.03125, 0.03125, 0.03125, 0.03125, 0.03125, 0.03125, 0.03125, 0.03125, 0.03125, 0.03125, 0.03125, 0.03125, 0.03125, 0.03125, 0.03125, 0.03125, 0.03125, 0.03125, 0.03125, 0.03125, 0.03125, 0.03125, 0.03125, 0.03125, 0.03125, 0.03125, 0.03125, 0.03125, 0.03125, 0.03125, 0.03125, 0.03125, 0.03125, 0.03125, 0.03125, 0.03125, 0.03125, 0.03125, 0.03125, 0.03125, 0.03125, 0.03125, 0.03125, 0.03125, 0.03125, 0.03125, 0.03125, 0.03125, 0.03125, 0.03125, 0.03125, 0.03125, 0.03125, 0.03125, 0.03125, 0.03125, 0.03125, 0.03125, 0.03125, 0.03125, 0.03125, 0.03125, 0.03125, 0.03125, 0.03125, 0.03125, 0.03125, 0.03125, 0.03125, 0.03125, 0.03125, 0.03125, 0.03125, 0.03125, 0.03125, 0.03125, 0.03125, 0.03125, 0.03125, 0.03125, 0.03125, 0.03125, 0.03125, 0.03125, 0.03125, 0.03125, 0.03125, 0.03125, 0.03125, 0.03125, 0.03125, 0.03125, 0.03125, 0.03125, 0.03125, 0.03125, 0.03125, 0.03125, 0.03125, 0.03125, 0.03125, 0.03125, 0.03125, 0.03125, 0.03125, 0.03125, 0.03125, 0.03125, 0.03125, 0.03125, 0.03125, 0.03125, 0.03125, 0.03125, 0.03125, 0.03125, 0.03125, 0.03125, 0.03125, 0.03125, 0.03125, 0.03125, 0.03125, 0.03125, 0.03125, 0.03125, 0.03125, 0.03125, 0.03125, 0.03125, 0.03125, 0.03125, 0.03125, 0.03125, 0.03125, 0.03125, 0.03125, 0.03125, 0.03125, 0.03125, 0.03125, 0.03125, 0.03125, 0.03125, 0.03125, 0.03125, 0.03125, 0.03125, 0.03125, 0.03125, 0.03125, 0.03125, 0.03125, 0.03125, 0.03125, 0.03125, 0.03125, 0.03125, 0.03125, 0.03125, 0.03125, 0.03125, 0.03125, 0.03125, 0.03125, 0.03125, 0.03125, 0.03125, 0.03125, 0.03125, 0.03125, 0.03125, 0.03125, 0.03125, 0.03125, 0.03125, 0.03125, 0.03125, 0.03125]",1,,,True
norm__poi_d256_c3_s42,2.399892568588257,2.5074121952056885,2.399892568588257,20.0,0.0,2.3527445793151855,2.3527445793151855,234.06300354003906,234.06300354003906,233.79403686523438,233.85171508789062,3.2806456089019775,0.0,1.0,0.9340201616287231,17.333452224731445,1.5496248006820679,4.313981533050537,9.99999883788405e-07,1.4197442396834958e-05,4.871521472930908,2.846235752105713,0.584260106086731,0.36073917150497437,0.07405062019824982,0.0007452964782714844,0.002858400344848633,3.835252523422241,0.0028586387634277344,3.8355724811553955,0.5093333125114441,4.698267459869385,0.5205000042915344,4.698267459869385,0.4508333206176758,2.9141669273376465,0.4558333456516266,2.9141669273376465,0.32766667008399963,0.7014203071594238,0.32233333587646484,0.7014203071594238,4.858593940734863,0.027116265147924423,179.17637634277344,2.857506275177002,0.0007910914137028158,3612.10595703125,0.04960441216826439,0.37189069390296936,1.782719300535973e-05,20860.8671875,0.008589114062488079,0.0007776737329550087,7.518803613493219e-06,103.4305191040039,0.0028881907928735018,2.8872032999061048e-05,100.03419494628906,1.0339515209197998,0.0028849286027252674,2.978283191623632e-05,96.86548614501953,1.067774772644043,7.693050861358643,7.74749755859375,0.9929724335670471,5.768759727478027,5.760247230529785,1.001477837562561,0.3222225606441498,0.3190132677555084,1.0100600719451904,5.1405439376831055,5.160134315490723,0.9962035417556763,3.3936259746551514,3.3911213874816895,1.0007386207580566,0.8024442791938782,0.7984304428100586,1.005027174949646,inf,inf,,,,inf,,,1.0,5.15258264541626,poincare,3.0,256,gaussian,gaussian,60000,0.3,0.3,"[0.0, 0.0, 0.0, 0.0, 0.0, 0.0, 0.0, 0.0, 0.0, 0.0, 0.0, 0.0, 0.0, 0.0, 0.0, 0.0, 0.0, 0.0, 0.0, 0.0, 0.0, 0.0, 0.0, 0.0, 0.0, 0.0, 0.0, 0.0, 0.0, 0.0, 0.0, 0.0, 0.0, 0.0, 0.0, 0.0, 0.0, 0.0, 0.0, 0.0, 0.0, 0.0, 0.0, 0.0, 0.0, 0.0, 0.0, 0.0, 0.0, 0.0, 0.0, 0.0, 0.0, 0.0, 0.0, 0.0, 0.0, 0.0, 0.0, 0.0, 0.0, 0.0, 0.0, 0.0, 0.0, 0.0, 0.0, 0.0, 0.0, 0.0, 0.0, 0.0, 0.0, 0.0, 0.0, 0.0, 0.0, 0.0, 0.0, 0.0, 0.0, 0.0, 0.0, 0.0, 0.0, 0.0, 0.0, 0.0, 0.0, 0.0, 0.0, 0.0, 0.0, 0.0, 0.0, 0.0, 0.0, 0.0, 0.0, 0.0, 0.0, 0.0, 0.0, 0.0, 0.0, 0.0, 0.0, 0.0, 0.0, 0.0, 0.0, 0.0, 0.0, 0.0, 0.0, 0.0, 0.0, 0.0, 0.0, 0.0, 0.0, 0.0, 0.0, 0.0, 0.0, 0.0, 0.0, 0.0, 0.0, 0.0, 0.0, 0.0, 0.0, 0.0, 0.0, 0.0, 0.0, 0.0, 0.0, 0.0, 0.0, 0.0, 0.0, 0.0, 0.0, 0.0, 0.0, 0.0, 0.0, 0.0, 0.0, 0.0, 0.0, 0.0, 0.0, 0.0, 0.0, 0.0, 0.0, 0.0, 0.0, 0.0, 0.0, 0.0, 0.0, 0.0, 0.0, 0.0, 0.0, 0.0, 0.0, 0.0, 0.0, 0.0, 0.0, 0.0, 0.0, 0.0, 0.0, 0.0, 0.0, 0.0, 0.0, 0.0, 0.0, 0.0, 0.0, 0.0, 0.0, 0.0, 0.0, 0.0, 0.0, 0.0, 0.0, 0.0, 0.0, 0.0, 0.0, 0.0, 0.0, 0.0, 0.0, 0.0, 0.0, 0.0, 0.0, 0.0, 0.0, 0.0, 0.0, 0.0, 0.0, 0.0, 0.0, 0.0, 0.0, 0.0, 0.0, 0.0, 0.0, 0.0, 0.0, 0.0, 0.0, 0.0, 0.0, 0.0, 0.0, 0.0, 0.0, 0.0, 0.0, 0.0, 0.0, 0.0, 0.0, 0.0, 0.0, 0.0, 0.0, 0.0, 0.0, 0.0, 0.0, 0.0, 0.0, 0.0, 0.0, 0.0, 0.0, 0.0, 0.0, 0.0, 0.0, 0.0]","[0.03125, 0.03125, 0.03125, 0.03125, 0.03125, 0.03125, 0.03125, 0.03125, 0.03125, 0.03125, 0.03125, 0.03125, 0.03125, 0.03125, 0.03125, 0.03125, 0.03125, 0.03125, 0.03125, 0.03125, 0.03125, 0.03125, 0.03125, 0.03125, 0.03125, 0.03125, 0.03125, 0.03125, 0.03125, 0.03125, 0.03125, 0.03125, 0.03125, 0.03125, 0.03125, 0.03125, 0.03125, 0.03125, 0.03125, 0.03125, 0.03125, 0.03125, 0.03125, 0.03125, 0.03125, 0.03125, 0.03125, 0.03125, 0.03125, 0.03125, 0.03125, 0.03125, 0.03125, 0.03125, 0.03125, 0.03125, 0.03125, 0.03125, 0.03125, 0.03125, 0.03125, 0.03125, 0.03125, 0.03125, 0.03125, 0.03125, 0.03125, 0.03125, 0.03125, 0.03125, 0.03125, 0.03125, 0.03125, 0.03125, 0.03125, 0.03125, 0.03125, 0.03125, 0.03125, 0.03125, 0.03125, 0.03125, 0.03125, 0.03125, 0.03125, 0.03125, 0.03125, 0.03125, 0.03125, 0.03125, 0.03125, 0.03125, 0.03125, 0.03125, 0.03125, 0.03125, 0.03125, 0.03125, 0.03125, 0.03125, 0.03125, 0.03125, 0.03125, 0.03125, 0.03125, 0.03125, 0.03125, 0.03125, 0.03125, 0.03125, 0.03125, 0.03125, 0.03125, 0.03125, 0.03125, 0.03125, 0.03125, 0.03125, 0.03125, 0.03125, 0.03125, 0.03125, 0.03125, 0.03125, 0.03125, 0.03125, 0.03125, 0.03125, 0.03125, 0.03125, 0.03125, 0.03125, 0.03125, 0.03125, 0.03125, 0.03125, 0.03125, 0.03125, 0.03125, 0.03125, 0.03125, 0.03125, 0.03125, 0.03125, 0.03125, 0.03125, 0.03125, 0.03125, 0.03125, 0.03125, 0.03125, 0.03125, 0.03125, 0.03125, 0.03125, 0.03125, 0.03125, 0.03125, 0.03125, 0.03125, 0.03125, 0.03125, 0.03125, 0.03125, 0.03125, 0.03125, 0.03125, 0.03125, 0.03125, 0.03125, 0.03125, 0.03125, 0.03125, 0.03125, 0.03125, 0.03125, 0.03125, 0.03125, 0.03125, 0.03125, 0.03125, 0.03125, 0.03125, 0.03125, 0.03125, 0.03125, 0.03125, 0.03125, 0.03125, 0.03125, 0.03125, 0.03125, 0.03125, 0.03125, 0.03125, 0.03125, 0.03125, 0.03125, 0.03125, 0.03125, 0.03125, 0.03125, 0.03125, 0.03125, 0.03125, 0.03125, 0.03125, 0.03125, 0.03125, 0.03125, 0.03125, 0.03125, 0.03125, 0.03125, 0.03125, 0.03125, 0.03125, 0.03125, 0.03125, 0.03125, 0.03125, 0.03125, 0.03125, 0.03125, 0.03125, 0.03125, 0.03125, 0.03125, 0.03125, 0.03125, 0.03125, 0.03125, 0.03125, 0.03125, 0.03125, 0.03125, 0.03125, 0.03125, 0.03125, 0.03125, 0.03125, 0.03125, 0.03125, 0.03125, 0.03125, 0.03125, 0.03125, 0.03125, 0.03125, 0.03125, 0.03125, 0.03125, 0.03125, 0.03125, 0.03125, 0.03125]",1,,,True
norm__poi_d256_c3_s50,2.4343385696411133,2.3765757083892822,2.4343385696411133,20.0,0.0,2.427320957183838,2.427320957183838,234.29379272460938,234.29379272460938,234.15432739257812,234.01455688476562,2.963409423828125,0.0,1.0,0.9023984670639038,16.181385040283203,1.4658594131469727,4.0381622314453125,9.99999883788405e-07,1.2241576769156381e-05,4.870096206665039,2.846827507019043,0.5845526456832886,0.36072838306427,0.07407007366418839,0.0007412433624267578,0.0028406381607055664,3.832261085510254,0.0028427839279174805,3.835155963897705,0.47850000858306885,4.700036525726318,0.5266666412353516,4.700036525726318,0.44749999046325684,2.914562940597534,0.4658333361148834,2.914562940597534,0.3409999907016754,0.7015159726142883,0.32600000500679016,0.7015159726142883,4.851190090179443,0.019993523135781288,242.63807678222656,2.8581809997558594,0.0006303241243585944,4534.46240234375,0.053509779274463654,0.37186986207962036,1.771319512045011e-05,20993.947265625,0.01155752595514059,0.0007750908262096345,8.760443051869515e-06,88.4762191772461,0.0028704486321657896,3.339880640851334e-05,85.94464874267578,1.0294557809829712,0.0028681796975433826,3.037811620743014e-05,94.4159927368164,0.9370893836021423,7.700372219085693,7.747631549835205,0.9939001202583313,5.774190902709961,5.759997367858887,1.0024641752243042,0.32224154472351074,0.31899333000183105,1.0101827383041382,5.143148422241211,5.160304546356201,0.9966753721237183,3.395214080810547,3.391085624694824,1.0012174844741821,0.8024680018424988,0.7984055876731873,1.005088210105896,inf,inf,,,,inf,,,1.0,5.1542768478393555,poincare,3.0,256,gaussian,gaussian,60000,0.3,0.3,"[0.0, 0.0, 0.0, 0.0, 0.0, 0.0, 0.0, 0.0, 0.0, 0.0, 0.0, 0.0, 0.0, 0.0, 0.0, 0.0, 0.0, 0.0, 0.0, 0.0, 0.0, 0.0, 0.0, 0.0, 0.0, 0.0, 0.0, 0.0, 0.0, 0.0, 0.0, 0.0, 0.0, 0.0, 0.0, 0.0, 0.0, 0.0, 0.0, 0.0, 0.0, 0.0, 0.0, 0.0, 0.0, 0.0, 0.0, 0.0, 0.0, 0.0, 0.0, 0.0, 0.0, 0.0, 0.0, 0.0, 0.0, 0.0, 0.0, 0.0, 0.0, 0.0, 0.0, 0.0, 0.0, 0.0, 0.0, 0.0, 0.0, 0.0, 0.0, 0.0, 0.0, 0.0, 0.0, 0.0, 0.0, 0.0, 0.0, 0.0, 0.0, 0.0, 0.0, 0.0, 0.0, 0.0, 0.0, 0.0, 0.0, 0.0, 0.0, 0.0, 0.0, 0.0, 0.0, 0.0, 0.0, 0.0, 0.0, 0.0, 0.0, 0.0, 0.0, 0.0, 0.0, 0.0, 0.0, 0.0, 0.0, 0.0, 0.0, 0.0, 0.0, 0.0, 0.0, 0.0, 0.0, 0.0, 0.0, 0.0, 0.0, 0.0, 0.0, 0.0, 0.0, 0.0, 0.0, 0.0, 0.0, 0.0, 0.0, 0.0, 0.0, 0.0, 0.0, 0.0, 0.0, 0.0, 0.0, 0.0, 0.0, 0.0, 0.0, 0.0, 0.0, 0.0, 0.0, 0.0, 0.0, 0.0, 0.0, 0.0, 0.0, 0.0, 0.0, 0.0, 0.0, 0.0, 0.0, 0.0, 0.0, 0.0, 0.0, 0.0, 0.0, 0.0, 0.0, 0.0, 0.0, 0.0, 0.0, 0.0, 0.0, 0.0, 0.0, 0.0, 0.0, 0.0, 0.0, 0.0, 0.0, 0.0, 0.0, 0.0, 0.0, 0.0, 0.0, 0.0, 0.0, 0.0, 0.0, 0.0, 0.0, 0.0, 0.0, 0.0, 0.0, 0.0, 0.0, 0.0, 0.0, 0.0, 0.0, 0.0, 0.0, 0.0, 0.0, 0.0, 0.0, 0.0, 0.0, 0.0, 0.0, 0.0, 0.0, 0.0, 0.0, 0.0, 0.0, 0.0, 0.0, 0.0, 0.0, 0.0, 0.0, 0.0, 0.0, 0.0, 0.0, 0.0, 0.0, 0.0, 0.0, 0.0, 0.0, 0.0, 0.0, 0.0, 0.0, 0.0, 0.0, 0.0, 0.0, 0.0, 0.0, 0.0, 0.0, 0.0, 0.0, 0.0, 0.0, 0.0, 0.0, 0.0, 0.0, 0.0]","[0.03125, 0.03125, 0.03125, 0.03125, 0.03125, 0.03125, 0.03125, 0.03125, 0.03125, 0.03125, 0.03125, 0.03125, 0.03125, 0.03125, 0.03125, 0.03125, 0.03125, 0.03125, 0.03125, 0.03125, 0.03125, 0.03125, 0.03125, 0.03125, 0.03125, 0.03125, 0.03125, 0.03125, 0.03125, 0.03125, 0.03125, 0.03125, 0.03125, 0.03125, 0.03125, 0.03125, 0.03125, 0.03125, 0.03125, 0.03125, 0.03125, 0.03125, 0.03125, 0.03125, 0.03125, 0.03125, 0.03125, 0.03125, 0.03125, 0.03125, 0.03125, 0.03125, 0.03125, 0.03125, 0.03125, 0.03125, 0.03125, 0.03125, 0.03125, 0.03125, 0.03125, 0.03125, 0.03125, 0.03125, 0.03125, 0.03125, 0.03125, 0.03125, 0.03125, 0.03125, 0.03125, 0.03125, 0.03125, 0.03125, 0.03125, 0.03125, 0.03125, 0.03125, 0.03125, 0.03125, 0.03125, 0.03125, 0.03125, 0.03125, 0.03125, 0.03125, 0.03125, 0.03125, 0.03125, 0.03125, 0.03125, 0.03125, 0.03125, 0.03125, 0.03125, 0.03125, 0.03125, 0.03125, 0.03125, 0.03125, 0.03125, 0.03125, 0.03125, 0.03125, 0.03125, 0.03125, 0.03125, 0.03125, 0.03125, 0.03125, 0.03125, 0.03125, 0.03125, 0.03125, 0.03125, 0.03125, 0.03125, 0.03125, 0.03125, 0.03125, 0.03125, 0.03125, 0.03125, 0.03125, 0.03125, 0.03125, 0.03125, 0.03125, 0.03125, 0.03125, 0.03125, 0.03125, 0.03125, 0.03125, 0.03125, 0.03125, 0.03125, 0.03125, 0.03125, 0.03125, 0.03125, 0.03125, 0.03125, 0.03125, 0.03125, 0.03125, 0.03125, 0.03125, 0.03125, 0.03125, 0.03125, 0.03125, 0.03125, 0.03125, 0.03125, 0.03125, 0.03125, 0.03125, 0.03125, 0.03125, 0.03125, 0.03125, 0.03125, 0.03125, 0.03125, 0.03125, 0.03125, 0.03125, 0.03125, 0.03125, 0.03125, 0.03125, 0.03125, 0.03125, 0.03125, 0.03125, 0.03125, 0.03125, 0.03125, 0.03125, 0.03125, 0.03125, 0.03125, 0.03125, 0.03125, 0.03125, 0.03125, 0.03125, 0.03125, 0.03125, 0.03125, 0.03125, 0.03125, 0.03125, 0.03125, 0.03125, 0.03125, 0.03125, 0.03125, 0.03125, 0.03125, 0.03125, 0.03125, 0.03125, 0.03125, 0.03125, 0.03125, 0.03125, 0.03125, 0.03125, 0.03125, 0.03125, 0.03125, 0.03125, 0.03125, 0.03125, 0.03125, 0.03125, 0.03125, 0.03125, 0.03125, 0.03125, 0.03125, 0.03125, 0.03125, 0.03125, 0.03125, 0.03125, 0.03125, 0.03125, 0.03125, 0.03125, 0.03125, 0.03125, 0.03125, 0.03125, 0.03125, 0.03125, 0.03125, 0.03125, 0.03125, 0.03125, 0.03125, 0.03125, 0.03125, 0.03125, 0.03125, 0.03125, 0.03125, 0.03125, 0.03125, 0.03125, 0.03125, 0.03125, 0.03125, 0.03125]",1,,,True
norm__poi_d256_c5_s34,1.434554934501648,1.402391791343689,1.434554934501648,20.0,0.0,1.482113242149353,1.482113242149353,121.962158203125,121.962158203125,121.82755279541016,122.04973602294922,1.8915213346481323,0.0,1.0,0.7110224366188049,13.506223678588867,1.1770076751708984,3.245802402496338,9.99999883788405e-07,1.988481562875677e-05,3.8056135177612305,2.847304582595825,0.7481854557991028,0.18378904461860657,0.04829419404268265,0.0007426738739013672,0.0028417110443115234,3.826324224472046,0.002846956253051758,3.8333871364593506,0.5008333325386047,3.6283562183380127,0.5176666378974915,3.6283562183380127,0.4528333246707916,2.9162814617156982,0.4596666693687439,2.9162814617156982,0.3318333327770233,0.5432685613632202,0.32616665959358215,0.5432685613632202,3.811560869216919,0.014054852537810802,271.1918029785156,2.858592987060547,0.0006788508617319167,4210.9287109375,0.06440189480781555,0.1946856826543808,1.7081625628634356e-05,11397.375,0.023794235661625862,0.0007753809913992882,7.473689038306475e-06,103.74808502197266,0.0028806847985833883,2.4738730644457974e-05,116.4443359375,0.8909673094749451,0.0028839348815381527,4.29262981924694e-05,67.18341827392578,1.5442513227462769,4.62398624420166,4.648201942443848,0.994790256023407,5.778843879699707,5.7594194412231445,1.0033726692199707,0.1933576911687851,0.19139260053634644,1.0102673768997192,3.9857113361358643,3.997124671936035,0.9971446394920349,3.3965964317321777,3.3909385204315186,1.0016684532165527,0.6216096878051758,0.6184367537498474,1.0051305294036865,inf,inf,,,,inf,,,1.0,3.993567943572998,poincare,5.0,256,gaussian,gaussian,60000,0.3,0.3,"[0.0, 0.0, 0.0, 0.0, 0.0, 0.0, 0.0, 0.0, 0.0, 0.0, 0.0, 0.0, 0.0, 0.0, 0.0, 0.0, 0.0, 0.0, 0.0, 0.0, 0.0, 0.0, 0.0, 0.0, 0.0, 0.0, 0.0, 0.0, 0.0, 0.0, 0.0, 0.0, 0.0, 0.0, 0.0, 0.0, 0.0, 0.0, 0.0, 0.0, 0.0, 0.0, 0.0, 0.0, 0.0, 0.0, 0.0, 0.0, 0.0, 0.0, 0.0, 0.0, 0.0, 0.0, 0.0, 0.0, 0.0, 0.0, 0.0, 0.0, 0.0, 0.0, 0.0, 0.0, 0.0, 0.0, 0.0, 0.0, 0.0, 0.0, 0.0, 0.0, 0.0, 0.0, 0.0, 0.0, 0.0, 0.0, 0.0, 0.0, 0.0, 0.0, 0.0, 0.0, 0.0, 0.0, 0.0, 0.0, 0.0, 0.0, 0.0, 0.0, 0.0, 0.0, 0.0, 0.0, 0.0, 0.0, 0.0, 0.0, 0.0, 0.0, 0.0, 0.0, 0.0, 0.0, 0.0, 0.0, 0.0, 0.0, 0.0, 0.0, 0.0, 0.0, 0.0, 0.0, 0.0, 0.0, 0.0, 0.0, 0.0, 0.0, 0.0, 0.0, 0.0, 0.0, 0.0, 0.0, 0.0, 0.0, 0.0, 0.0, 0.0, 0.0, 0.0, 0.0, 0.0, 0.0, 0.0, 0.0, 0.0, 0.0, 0.0, 0.0, 0.0, 0.0, 0.0, 0.0, 0.0, 0.0, 0.0, 0.0, 0.0, 0.0, 0.0, 0.0, 0.0, 0.0, 0.0, 0.0, 0.0, 0.0, 0.0, 0.0, 0.0, 0.0, 0.0, 0.0, 0.0, 0.0, 0.0, 0.0, 0.0, 0.0, 0.0, 0.0, 0.0, 0.0, 0.0, 0.0, 0.0, 0.0, 0.0, 0.0, 0.0, 0.0, 0.0, 0.0, 0.0, 0.0, 0.0, 0.0, 0.0, 0.0, 0.0, 0.0, 0.0, 0.0, 0.0, 0.0, 0.0, 0.0, 0.0, 0.0, 0.0, 0.0, 0.0, 0.0, 0.0, 0.0, 0.0, 0.0, 0.0, 0.0, 0.0, 0.0, 0.0, 0.0, 0.0, 0.0, 0.0, 0.0, 0.0, 0.0, 0.0, 0.0, 0.0, 0.0, 0.0, 0.0, 0.0, 0.0, 0.0, 0.0, 0.0, 0.0, 0.0, 0.0, 0.0, 0.0, 0.0, 0.0, 0.0, 0.0, 0.0, 0.0, 0.0, 0.0, 0.0, 0.0, 0.0, 0.0, 0.0, 0.0, 0.0, 0.0]","[0.03125, 0.03125, 0.03125, 0.03125, 0.03125, 0.03125, 0.03125, 0.03125, 0.03125, 0.03125, 0.03125, 0.03125, 0.03125, 0.03125, 0.03125, 0.03125, 0.03125, 0.03125, 0.03125, 0.03125, 0.03125, 0.03125, 0.03125, 0.03125, 0.03125, 0.03125, 0.03125, 0.03125, 0.03125, 0.03125, 0.03125, 0.03125, 0.03125, 0.03125, 0.03125, 0.03125, 0.03125, 0.03125, 0.03125, 0.03125, 0.03125, 0.03125, 0.03125, 0.03125, 0.03125, 0.03125, 0.03125, 0.03125, 0.03125, 0.03125, 0.03125, 0.03125, 0.03125, 0.03125, 0.03125, 0.03125, 0.03125, 0.03125, 0.03125, 0.03125, 0.03125, 0.03125, 0.03125, 0.03125, 0.03125, 0.03125, 0.03125, 0.03125, 0.03125, 0.03125, 0.03125, 0.03125, 0.03125, 0.03125, 0.03125, 0.03125, 0.03125, 0.03125, 0.03125, 0.03125, 0.03125, 0.03125, 0.03125, 0.03125, 0.03125, 0.03125, 0.03125, 0.03125, 0.03125, 0.03125, 0.03125, 0.03125, 0.03125, 0.03125, 0.03125, 0.03125, 0.03125, 0.03125, 0.03125, 0.03125, 0.03125, 0.03125, 0.03125, 0.03125, 0.03125, 0.03125, 0.03125, 0.03125, 0.03125, 0.03125, 0.03125, 0.03125, 0.03125, 0.03125, 0.03125, 0.03125, 0.03125, 0.03125, 0.03125, 0.03125, 0.03125, 0.03125, 0.03125, 0.03125, 0.03125, 0.03125, 0.03125, 0.03125, 0.03125, 0.03125, 0.03125, 0.03125, 0.03125, 0.03125, 0.03125, 0.03125, 0.03125, 0.03125, 0.03125, 0.03125, 0.03125, 0.03125, 0.03125, 0.03125, 0.03125, 0.03125, 0.03125, 0.03125, 0.03125, 0.03125, 0.03125, 0.03125, 0.03125, 0.03125, 0.03125, 0.03125, 0.03125, 0.03125, 0.03125, 0.03125, 0.03125, 0.03125, 0.03125, 0.03125, 0.03125, 0.03125, 0.03125, 0.03125, 0.03125, 0.03125, 0.03125, 0.03125, 0.03125, 0.03125, 0.03125, 0.03125, 0.03125, 0.03125, 0.03125, 0.03125, 0.03125, 0.03125, 0.03125, 0.03125, 0.03125, 0.03125, 0.03125, 0.03125, 0.03125, 0.03125, 0.03125, 0.03125, 0.03125, 0.03125, 0.03125, 0.03125, 0.03125, 0.03125, 0.03125, 0.03125, 0.03125, 0.03125, 0.03125, 0.03125, 0.03125, 0.03125, 0.03125, 0.03125, 0.03125, 0.03125, 0.03125, 0.03125, 0.03125, 0.03125, 0.03125, 0.03125, 0.03125, 0.03125, 0.03125, 0.03125, 0.03125, 0.03125, 0.03125, 0.03125, 0.03125, 0.03125, 0.03125, 0.03125, 0.03125, 0.03125, 0.03125, 0.03125, 0.03125, 0.03125, 0.03125, 0.03125, 0.03125, 0.03125, 0.03125, 0.03125, 0.03125, 0.03125, 0.03125, 0.03125, 0.03125, 0.03125, 0.03125, 0.03125, 0.03125, 0.03125, 0.03125, 0.03125, 0.03125, 0.03125, 0.03125, 0.03125]",1,,,True
norm__poi_d256_c5_s42,1.4398882389068604,1.5037140846252441,1.4398882389068604,20.0,0.0,1.4111841917037964,1.4111841917037964,122.0488510131836,122.0488510131836,121.89485168457031,121.92091369628906,2.0022482872009277,0.0,1.0,0.7279067635536194,13.782768249511719,1.211652159690857,3.374217987060547,9.99999883788405e-07,2.056914490822237e-05,3.8128254413604736,2.845877170562744,0.7463958263397217,0.1837759017944336,0.04819939658045769,0.0007419586181640625,0.0028443336486816406,3.833547592163086,0.002844095230102539,3.833226203918457,0.5149999856948853,3.639307975769043,0.5223333239555359,3.639307975769043,0.45399999618530273,2.914167881011963,0.4581666588783264,2.914167881011963,0.32833331823349,0.5433179140090942,0.3233333230018616,0.5433179140090942,3.807725191116333,0.013314681127667427,285.9794616699219,2.8571481704711914,0.0007919928757473826,3607.542236328125,0.07927265018224716,0.1946728527545929,1.3506229151971638e-05,14413.5595703125,0.01984100043773651,0.0007745226030237973,7.473332971130731e-06,103.63819122314453,0.0028739534318447113,2.8696742447209544e-05,100.14911651611328,1.0348387956619263,0.0028704763390123844,2.9607057513203472e-05,96.95243835449219,1.06895911693573,4.61393928527832,4.648503303527832,0.9925645589828491,5.766381740570068,5.760252475738525,1.0010639429092407,0.19332653284072876,0.1914079636335373,1.0100234746932983,3.981020927429199,3.9970812797546387,0.9959819316864014,3.39292573928833,3.391123056411743,1.000531554222107,0.6215593814849854,0.6184614896774292,1.0050090551376343,inf,inf,,,,inf,,,1.0,3.9907772541046143,poincare,5.0,256,gaussian,gaussian,60000,0.3,0.3,"[0.0, 0.0, 0.0, 0.0, 0.0, 0.0, 0.0, 0.0, 0.0, 0.0, 0.0, 0.0, 0.0, 0.0, 0.0, 0.0, 0.0, 0.0, 0.0, 0.0, 0.0, 0.0, 0.0, 0.0, 0.0, 0.0, 0.0, 0.0, 0.0, 0.0, 0.0, 0.0, 0.0, 0.0, 0.0, 0.0, 0.0, 0.0, 0.0, 0.0, 0.0, 0.0, 0.0, 0.0, 0.0, 0.0, 0.0, 0.0, 0.0, 0.0, 0.0, 0.0, 0.0, 0.0, 0.0, 0.0, 0.0, 0.0, 0.0, 0.0, 0.0, 0.0, 0.0, 0.0, 0.0, 0.0, 0.0, 0.0, 0.0, 0.0, 0.0, 0.0, 0.0, 0.0, 0.0, 0.0, 0.0, 0.0, 0.0, 0.0, 0.0, 0.0, 0.0, 0.0, 0.0, 0.0, 0.0, 0.0, 0.0, 0.0, 0.0, 0.0, 0.0, 0.0, 0.0, 0.0, 0.0, 0.0, 0.0, 0.0, 0.0, 0.0, 0.0, 0.0, 0.0, 0.0, 0.0, 0.0, 0.0, 0.0, 0.0, 0.0, 0.0, 0.0, 0.0, 0.0, 0.0, 0.0, 0.0, 0.0, 0.0, 0.0, 0.0, 0.0, 0.0, 0.0, 0.0, 0.0, 0.0, 0.0, 0.0, 0.0, 0.0, 0.0, 0.0, 0.0, 0.0, 0.0, 0.0, 0.0, 0.0, 0.0, 0.0, 0.0, 0.0, 0.0, 0.0, 0.0, 0.0, 0.0, 0.0, 0.0, 0.0, 0.0, 0.0, 0.0, 0.0, 0.0, 0.0, 0.0, 0.0, 0.0, 0.0, 0.0, 0.0, 0.0, 0.0, 0.0, 0.0, 0.0, 0.0, 0.0, 0.0, 0.0, 0.0, 0.0, 0.0, 0.0, 0.0, 0.0, 0.0, 0.0, 0.0, 0.0, 0.0, 0.0, 0.0, 0.0, 0.0, 0.0, 0.0, 0.0, 0.0, 0.0, 0.0, 0.0, 0.0, 0.0, 0.0, 0.0, 0.0, 0.0, 0.0, 0.0, 0.0, 0.0, 0.0, 0.0, 0.0, 0.0, 0.0, 0.0, 0.0, 0.0, 0.0, 0.0, 0.0, 0.0, 0.0, 0.0, 0.0, 0.0, 0.0, 0.0, 0.0, 0.0, 0.0, 0.0, 0.0, 0.0, 0.0, 0.0, 0.0, 0.0, 0.0, 0.0, 0.0, 0.0, 0.0, 0.0, 0.0, 0.0, 0.0, 0.0, 0.0, 0.0, 0.0, 0.0, 0.0, 0.0, 0.0, 0.0, 0.0, 0.0, 0.0, 0.0]","[0.03125, 0.03125, 0.03125, 0.03125, 0.03125, 0.03125, 0.03125, 0.03125, 0.03125, 0.03125, 0.03125, 0.03125, 0.03125, 0.03125, 0.03125, 0.03125, 0.03125, 0.03125, 0.03125, 0.03125, 0.03125, 0.03125, 0.03125, 0.03125, 0.03125, 0.03125, 0.03125, 0.03125, 0.03125, 0.03125, 0.03125, 0.03125, 0.03125, 0.03125, 0.03125, 0.03125, 0.03125, 0.03125, 0.03125, 0.03125, 0.03125, 0.03125, 0.03125, 0.03125, 0.03125, 0.03125, 0.03125, 0.03125, 0.03125, 0.03125, 0.03125, 0.03125, 0.03125, 0.03125, 0.03125, 0.03125, 0.03125, 0.03125, 0.03125, 0.03125, 0.03125, 0.03125, 0.03125, 0.03125, 0.03125, 0.03125, 0.03125, 0.03125, 0.03125, 0.03125, 0.03125, 0.03125, 0.03125, 0.03125, 0.03125, 0.03125, 0.03125, 0.03125, 0.03125, 0.03125, 0.03125, 0.03125, 0.03125, 0.03125, 0.03125, 0.03125, 0.03125, 0.03125, 0.03125, 0.03125, 0.03125, 0.03125, 0.03125, 0.03125, 0.03125, 0.03125, 0.03125, 0.03125, 0.03125, 0.03125, 0.03125, 0.03125, 0.03125, 0.03125, 0.03125, 0.03125, 0.03125, 0.03125, 0.03125, 0.03125, 0.03125, 0.03125, 0.03125, 0.03125, 0.03125, 0.03125, 0.03125, 0.03125, 0.03125, 0.03125, 0.03125, 0.03125, 0.03125, 0.03125, 0.03125, 0.03125, 0.03125, 0.03125, 0.03125, 0.03125, 0.03125, 0.03125, 0.03125, 0.03125, 0.03125, 0.03125, 0.03125, 0.03125, 0.03125, 0.03125, 0.03125, 0.03125, 0.03125, 0.03125, 0.03125, 0.03125, 0.03125, 0.03125, 0.03125, 0.03125, 0.03125, 0.03125, 0.03125, 0.03125, 0.03125, 0.03125, 0.03125, 0.03125, 0.03125, 0.03125, 0.03125, 0.03125, 0.03125, 0.03125, 0.03125, 0.03125, 0.03125, 0.03125, 0.03125, 0.03125, 0.03125, 0.03125, 0.03125, 0.03125, 0.03125, 0.03125, 0.03125, 0.03125, 0.03125, 0.03125, 0.03125, 0.03125, 0.03125, 0.03125, 0.03125, 0.03125, 0.03125, 0.03125, 0.03125, 0.03125, 0.03125, 0.03125, 0.03125, 0.03125, 0.03125, 0.03125, 0.03125, 0.03125, 0.03125, 0.03125, 0.03125, 0.03125, 0.03125, 0.03125, 0.03125, 0.03125, 0.03125, 0.03125, 0.03125, 0.03125, 0.03125, 0.03125, 0.03125, 0.03125, 0.03125, 0.03125, 0.03125, 0.03125, 0.03125, 0.03125, 0.03125, 0.03125, 0.03125, 0.03125, 0.03125, 0.03125, 0.03125, 0.03125, 0.03125, 0.03125, 0.03125, 0.03125, 0.03125, 0.03125, 0.03125, 0.03125, 0.03125, 0.03125, 0.03125, 0.03125, 0.03125, 0.03125, 0.03125, 0.03125, 0.03125, 0.03125, 0.03125, 0.03125, 0.03125, 0.03125, 0.03125, 0.03125, 0.03125, 0.03125, 0.03125, 0.03125]",1,,,True
norm__poi_d256_c5_s50,1.4605839252471924,1.4311954975128174,1.4605839252471924,20.0,0.0,1.456714153289795,1.456714153289795,122.14852905273438,122.14852905273438,122.10549926757812,122.04141998291016,1.8485299348831177,0.0,1.0,0.7033284306526184,12.786236763000488,1.1634588241577148,3.190904378890991,9.99999883788405e-07,2.0510968170128763e-05,3.8120832443237305,2.8464694023132324,0.7466965317726135,0.18376639485359192,0.04820629209280014,0.0007383823394775391,0.0028269290924072266,3.8285436630249023,0.002828836441040039,3.8311269283294678,0.4779999852180481,3.640632390975952,0.5288333296775818,3.640632390975952,0.44699999690055847,2.914562940597534,0.46700000762939453,2.914562940597534,0.34166666865348816,0.5433919429779053,0.3264999985694885,0.5433919429779053,3.804586172103882,0.0094393789768219,403.05474853515625,2.8578217029571533,0.0006290932069532573,4542.76318359375,0.08872457593679428,0.19465558230876923,1.346640692645451e-05,14454.9013671875,0.027883604168891907,0.0007722576265223324,8.688276466273237e-06,88.88501739501953,0.0028568825218826532,3.3112264645751566e-05,86.27867889404297,1.0302084684371948,0.0028541565407067537,3.007094346685335e-05,94.91410064697266,0.9364786148071289,4.618412017822266,4.648583889007568,0.9935094118118286,5.7719011306762695,5.760003089904785,1.002065658569336,0.1933378130197525,0.19139599800109863,1.0101455450057983,3.983077049255371,3.9972128868103027,0.9964635968208313,3.394540786743164,3.391087532043457,1.0010182857513428,0.6215776205062866,0.6184422969818115,1.0050697326660156,inf,inf,,,,inf,,,1.0,3.992111921310425,poincare,5.0,256,gaussian,gaussian,60000,0.3,0.3,"[0.0, 0.0, 0.0, 0.0, 0.0, 0.0, 0.0, 0.0, 0.0, 0.0, 0.0, 0.0, 0.0, 0.0, 0.0, 0.0, 0.0, 0.0, 0.0, 0.0, 0.0, 0.0, 0.0, 0.0, 0.0, 0.0, 0.0, 0.0, 0.0, 0.0, 0.0, 0.0, 0.0, 0.0, 0.0, 0.0, 0.0, 0.0, 0.0, 0.0, 0.0, 0.0, 0.0, 0.0, 0.0, 0.0, 0.0, 0.0, 0.0, 0.0, 0.0, 0.0, 0.0, 0.0, 0.0, 0.0, 0.0, 0.0, 0.0, 0.0, 0.0, 0.0, 0.0, 0.0, 0.0, 0.0, 0.0, 0.0, 0.0, 0.0, 0.0, 0.0, 0.0, 0.0, 0.0, 0.0, 0.0, 0.0, 0.0, 0.0, 0.0, 0.0, 0.0, 0.0, 0.0, 0.0, 0.0, 0.0, 0.0, 0.0, 0.0, 0.0, 0.0, 0.0, 0.0, 0.0, 0.0, 0.0, 0.0, 0.0, 0.0, 0.0, 0.0, 0.0, 0.0, 0.0, 0.0, 0.0, 0.0, 0.0, 0.0, 0.0, 0.0, 0.0, 0.0, 0.0, 0.0, 0.0, 0.0, 0.0, 0.0, 0.0, 0.0, 0.0, 0.0, 0.0, 0.0, 0.0, 0.0, 0.0, 0.0, 0.0, 0.0, 0.0, 0.0, 0.0, 0.0, 0.0, 0.0, 0.0, 0.0, 0.0, 0.0, 0.0, 0.0, 0.0, 0.0, 0.0, 0.0, 0.0, 0.0, 0.0, 0.0, 0.0, 0.0, 0.0, 0.0, 0.0, 0.0, 0.0, 0.0, 0.0, 0.0, 0.0, 0.0, 0.0, 0.0, 0.0, 0.0, 0.0, 0.0, 0.0, 0.0, 0.0, 0.0, 0.0, 0.0, 0.0, 0.0, 0.0, 0.0, 0.0, 0.0, 0.0, 0.0, 0.0, 0.0, 0.0, 0.0, 0.0, 0.0, 0.0, 0.0, 0.0, 0.0, 0.0, 0.0, 0.0, 0.0, 0.0, 0.0, 0.0, 0.0, 0.0, 0.0, 0.0, 0.0, 0.0, 0.0, 0.0, 0.0, 0.0, 0.0, 0.0, 0.0, 0.0, 0.0, 0.0, 0.0, 0.0, 0.0, 0.0, 0.0, 0.0, 0.0, 0.0, 0.0, 0.0, 0.0, 0.0, 0.0, 0.0, 0.0, 0.0, 0.0, 0.0, 0.0, 0.0, 0.0, 0.0, 0.0, 0.0, 0.0, 0.0, 0.0, 0.0, 0.0, 0.0, 0.0, 0.0, 0.0, 0.0, 0.0, 0.0, 0.0, 0.0]","[0.03125, 0.03125, 0.03125, 0.03125, 0.03125, 0.03125, 0.03125, 0.03125, 0.03125, 0.03125, 0.03125, 0.03125, 0.03125, 0.03125, 0.03125, 0.03125, 0.03125, 0.03125, 0.03125, 0.03125, 0.03125, 0.03125, 0.03125, 0.03125, 0.03125, 0.03125, 0.03125, 0.03125, 0.03125, 0.03125, 0.03125, 0.03125, 0.03125, 0.03125, 0.03125, 0.03125, 0.03125, 0.03125, 0.03125, 0.03125, 0.03125, 0.03125, 0.03125, 0.03125, 0.03125, 0.03125, 0.03125, 0.03125, 0.03125, 0.03125, 0.03125, 0.03125, 0.03125, 0.03125, 0.03125, 0.03125, 0.03125, 0.03125, 0.03125, 0.03125, 0.03125, 0.03125, 0.03125, 0.03125, 0.03125, 0.03125, 0.03125, 0.03125, 0.03125, 0.03125, 0.03125, 0.03125, 0.03125, 0.03125, 0.03125, 0.03125, 0.03125, 0.03125, 0.03125, 0.03125, 0.03125, 0.03125, 0.03125, 0.03125, 0.03125, 0.03125, 0.03125, 0.03125, 0.03125, 0.03125, 0.03125, 0.03125, 0.03125, 0.03125, 0.03125, 0.03125, 0.03125, 0.03125, 0.03125, 0.03125, 0.03125, 0.03125, 0.03125, 0.03125, 0.03125, 0.03125, 0.03125, 0.03125, 0.03125, 0.03125, 0.03125, 0.03125, 0.03125, 0.03125, 0.03125, 0.03125, 0.03125, 0.03125, 0.03125, 0.03125, 0.03125, 0.03125, 0.03125, 0.03125, 0.03125, 0.03125, 0.03125, 0.03125, 0.03125, 0.03125, 0.03125, 0.03125, 0.03125, 0.03125, 0.03125, 0.03125, 0.03125, 0.03125, 0.03125, 0.03125, 0.03125, 0.03125, 0.03125, 0.03125, 0.03125, 0.03125, 0.03125, 0.03125, 0.03125, 0.03125, 0.03125, 0.03125, 0.03125, 0.03125, 0.03125, 0.03125, 0.03125, 0.03125, 0.03125, 0.03125, 0.03125, 0.03125, 0.03125, 0.03125, 0.03125, 0.03125, 0.03125, 0.03125, 0.03125, 0.03125, 0.03125, 0.03125, 0.03125, 0.03125, 0.03125, 0.03125, 0.03125, 0.03125, 0.03125, 0.03125, 0.03125, 0.03125, 0.03125, 0.03125, 0.03125, 0.03125, 0.03125, 0.03125, 0.03125, 0.03125, 0.03125, 0.03125, 0.03125, 0.03125, 0.03125, 0.03125, 0.03125, 0.03125, 0.03125, 0.03125, 0.03125, 0.03125, 0.03125, 0.03125, 0.03125, 0.03125, 0.03125, 0.03125, 0.03125, 0.03125, 0.03125, 0.03125, 0.03125, 0.03125, 0.03125, 0.03125, 0.03125, 0.03125, 0.03125, 0.03125, 0.03125, 0.03125, 0.03125, 0.03125, 0.03125, 0.03125, 0.03125, 0.03125, 0.03125, 0.03125, 0.03125, 0.03125, 0.03125, 0.03125, 0.03125, 0.03125, 0.03125, 0.03125, 0.03125, 0.03125, 0.03125, 0.03125, 0.03125, 0.03125, 0.03125, 0.03125, 0.03125, 0.03125, 0.03125, 0.03125, 0.03125, 0.03125, 0.03125, 0.03125, 0.03125, 0.03125]",1,,,True
norm__poi_d2_c10_s34,0.018509391695261,0.018814101815223694,0.018509391695261,20.0,0.0,0.01848175749182701,0.01848175749182701,-0.5318452715873718,-0.5318452715873718,-0.5333817005157471,-0.5295435190200806,0.025180725380778313,0.0,1.0,0.1582290381193161,0.250567764043808,0.012003292329609394,0.17760984599590302,9.99999883788405e-07,6.356498943205224e-06,0.11627640575170517,0.0007087257108651102,0.0060951802879571915,4.3319392716512084e-05,0.0003725552815012634,0.0002758502960205078,0.00027549266815185547,0.9987035393714905,0.00028002262115478516,1.0151252746582031,0.5066666603088379,0.002256173174828291,0.49966666102409363,0.002256173174828291,0.5101666450500488,0.0034827496856451035,0.5040000081062317,0.0034827496856451035,0.5048333406448364,0.001029035309329629,0.4986666738986969,0.001029035309329629,0.11632384359836578,0.0009261319064535201,125.60181427001953,0.000860069296322763,5.471720942296088e-05,15.718441009521484,7.990729331970215,5.182130553293973e-05,9.12156974663958e-06,5.681182861328125,22.10839080810547,0.00032011669827625155,9.26530992728658e-05,3.455003023147583,0.0003112236736342311,0.0001137439176090993,2.7361786365509033,1.2627109289169312,0.00031357607804238796,0.00011604814790189266,2.702120542526245,1.2786264419555664,0.018731601536273956,0.01887432113289833,0.9924383759498596,0.045044124126434326,0.0453311987221241,0.9936672449111938,0.003959336783736944,0.0039731827564537525,0.996515154838562,0.17307837307453156,0.17338745296001434,0.9982173442840576,0.26646557450294495,0.2667217254638672,0.9990396499633789,0.07920340448617935,0.07916679233312607,1.0004624128341675,1.0721614360809326,1.0741783380508423,0.003767424961552024,0.0039260853081941605,0.002016901969909668,1.0300261974334717,0.000889146700501442,0.044152140617370605,1.0,0.17292679846286774,poincare,10.0,2,gaussian,gaussian,60000,0.3,0.3,"[0.0, 0.0]","[0.35355339, 0.35355339]",1,,,True
norm__poi_d2_c10_s42,0.014660362154245377,0.014560569077730179,0.014660362154245377,32.0,0.0,0.014083384536206722,0.014083384536206722,-0.5609015226364136,-0.5609015226364136,-0.5897820591926575,-0.5857855081558228,0.024372531101107597,0.0,1.0,0.15477369725704193,0.38642337918281555,0.020424429327249527,0.19777262210845947,9.99999883788405e-07,6.557253982464317e-06,0.11425254493951797,0.0018165354849770665,0.015899300575256348,0.00022457103477790952,0.0019655670039355755,0.0021337270736694336,0.0021674633026123047,1.0158109664916992,0.0021201372146606445,0.9936309456825256,0.5,0.002213989617303014,0.49916666746139526,0.002213989617303014,0.5016666650772095,0.0034146972466260195,0.5011666417121887,0.0034146972466260195,0.5036666393280029,0.0010185742285102606,0.5006666779518127,0.0010185742285102606,0.11499038338661194,0.0008652640390209854,132.8962860107422,0.001941551803611219,0.00015405374870169908,12.603081703186035,10.544745445251465,0.00023498150403611362,2.4724828108446673e-05,9.503867149353027,13.983390808105469,0.0021267058327794075,0.00020552099158521742,10.34787654876709,0.002170085906982422,0.0003486459609121084,6.224324703216553,1.6624895334243774,0.0021403750870376825,0.0003420099092181772,6.258225440979004,1.6534841060638428,0.01789858192205429,0.018422067165374756,0.9715838432312012,0.04295077547430992,0.04420076683163643,0.9717202186584473,0.0037603520322591066,0.0038729021325707436,0.9709390997886658,0.16852208971977234,0.1714022159576416,0.9831966161727905,0.2594422399997711,0.263551265001297,0.9844090342521667,0.07706558704376221,0.07818236202001572,0.9857157468795776,1.070580005645752,1.0749140977859497,0.003855935065075755,0.00383565085940063,0.004334092140197754,1.0305233001708984,0.0009251128067262471,0.04439079761505127,1.0,0.16909417510032654,poincare,10.0,2,gaussian,gaussian,60000,0.3,0.3,"[0.0, 0.0]","[0.35355339, 0.35355339]",1,,,True
norm__poi_d2_c10_s50,0.01462626550346613,0.014443580061197281,0.01462626550346613,38.0,0.0,0.014356229454278946,0.014356229454278946,-0.5565484762191772,-0.5565484762191772,-0.573198676109314,-0.5697216391563416,0.02578982710838318,0.0,1.0,0.15613099932670593,0.5178865790367126,0.03758411481976509,0.23012995719909668,9.99999883788405e-07,6.719614248140715e-06,0.11383621394634247,0.00460998248308897,0.04049662500619888,0.000487727636937052,0.00428446801379323,0.0044057369232177734,0.004686117172241211,1.063639760017395,0.004343628883361816,0.9859029054641724,0.4925000071525574,0.0022142722737044096,0.5038333535194397,0.0022142722737044096,0.49416667222976685,0.0033982933964580297,0.5011666417121887,0.0033982933964580297,0.49399998784065247,0.0010077734477818012,0.4958333373069763,0.0010077734477818012,0.1146121397614479,0.0007005702937021852,163.5983428955078,0.004695239942520857,0.00020607684564311057,22.78392791748047,7.180427551269531,0.0004996765637770295,3.6157034628558904e-05,13.819622039794922,11.838119506835938,0.004412055015563965,0.00048160404548980296,9.16116714477539,0.004764795769006014,0.0005195309058763087,9.171341896057129,0.9988905191421509,0.0044836243614554405,0.0004328471841290593,10.35844612121582,0.8844152092933655,0.018501270562410355,0.01823350414633751,1.0146853923797607,0.044571395963430405,0.04376521334052086,1.0184205770492554,0.003776251571252942,0.0038402038626372814,0.9833465814590454,0.16944995522499084,0.17053024470806122,0.9936650991439819,0.26143255829811096,0.262275367975235,0.9967865347862244,0.07691630721092224,0.077842578291893,0.9881006479263306,1.0722377300262451,1.0743309259414673,0.006134299095720053,0.0037428021896630526,0.002093195915222168,1.0304381847381592,0.000954442482907325,0.043892741203308105,1.0,0.1707535833120346,poincare,10.0,2,gaussian,gaussian,60000,0.3,0.3,"[0.0, 0.0]","[0.35355339, 0.35355339]",1,,,True
norm__poi_d2_c1_s34,0.14574390649795532,0.1549769639968872,0.14574390649795532,50.0,0.0,0.1432422250509262,0.1432422250509262,0.3687198758125305,0.3687198758125305,0.366502046585083,0.38807013630867004,0.32700613141059875,0.0,1.0,0.5456656813621521,1.6802070140838623,0.1710343360900879,0.8355429768562317,9.99999883788405e-07,2.1755492980446434e-06,0.21814636886119843,0.0006733047775924206,0.0030864819418638945,0.0004642812709789723,0.002128301654011011,0.00011014938354492188,0.00011360645294189453,1.0313853025436401,0.00011336803436279297,1.0292208194732666,0.5101666450500488,0.00713464617729187,0.5061666369438171,0.00713464617729187,0.5128333568572998,0.0034827496856451035,0.5080000162124634,0.0034827496856451035,0.5096666812896729,0.0032538094092160463,0.5049999952316284,0.0032538094092160463,0.21857239305973053,0.003459169762209058,63.186370849609375,0.0008143956074491143,4.259402703610249e-05,19.119949340820312,3.304734945297241,0.0005803985986858606,4.124446422792971e-05,14.072157859802246,4.490169048309326,0.00014785926032345742,5.237040386418812e-05,2.823336362838745,0.00014753342838957906,6.291486351983622e-05,2.3449692726135254,1.2039971351623535,0.00014806987019255757,6.74953407724388e-05,2.193779230117798,1.2869738340377808,0.18293717503547668,0.1887432038784027,0.9692384600639343,0.043962836265563965,0.0453311987221241,0.969814121723175,0.038547582924366,0.03973182290792465,0.9701941609382629,0.5409773588180542,0.548299252986908,0.9866461753845215,0.26332777738571167,0.2667217254638672,0.9872753024101257,0.2472619265317917,0.250347375869751,0.9876753091812134,1.0726968050003052,1.0741783380508423,0.0038459324277937412,0.003926084842532873,0.0014815330505371094,1.0300261974334717,0.000889146642293781,0.044152140617370605,1.0,0.5435600280761719,poincare,1.0,2,gaussian,gaussian,60000,0.3,0.3,"[0.0, 0.0]","[0.35355339, 0.35355339]",1,,,True
norm__poi_d2_c1_s42,0.14584827423095703,0.13327038288116455,0.14584827423095703,44.0,0.0,0.1408858448266983,0.1408858448266983,0.3464165925979614,0.3464165925979614,0.3464165925979614,0.3608660101890564,0.3271546959877014,0.0,1.0,0.5457387566566467,1.7859870195388794,0.1711389720439911,0.838609516620636,9.99999883788405e-07,2.160316398658324e-06,0.21627575159072876,0.0005823283572681248,0.0026925273705273867,0.0004378095327410847,0.0020243118051439524,0.00029754638671875,0.00027632713317871094,0.9286858439445496,0.00027632713317871094,0.9286858439445496,0.492166668176651,0.007001250050961971,0.48350000381469727,0.007001250050961971,0.4964999854564667,0.0034152427688241005,0.4871666729450226,0.0034152427688241005,0.49799999594688416,0.0032204356975853443,0.4884999990463257,0.0032204356975853443,0.2186831533908844,0.003226739354431629,67.77217864990234,0.000715105386916548,5.938563117524609e-05,12.041722297668457,5.62811279296875,0.0005402548122219741,4.324462861404754e-05,12.492990493774414,5.424816131591797,0.0003210346039850265,9.651152504375204e-05,3.326385974884033,0.0002960523124784231,0.00010165488492930308,2.912327527999878,1.142174482345581,0.00030208827229216695,0.00011411013838369399,2.647339344024658,1.2565016746520996,0.1876152753829956,0.18422070145606995,1.0184266567230225,0.04502274468541145,0.04420076683163643,1.0185965299606323,0.03939640894532204,0.038729023188352585,1.0172321796417236,0.5477178692817688,0.5420214533805847,1.0105096101760864,0.2663532793521881,0.263551265001297,1.010631799697876,0.2497941553592682,0.2472343146800995,1.010353922843933,1.0748859643936157,1.0749140977859497,0.003985159564763308,0.00383565085940063,2.8133392333984375e-05,1.0305233001708984,0.000925112864933908,0.04439079761505127,1.0,0.5414083003997803,poincare,1.0,2,gaussian,gaussian,60000,0.3,0.3,"[0.0, 0.0]","[0.35355339, 0.35355339]",1,,,True
norm__poi_d2_c1_s50,0.145070880651474,0.15110604465007782,0.145070880651474,52.0,0.0,0.14491017162799835,0.14491017162799835,0.36743810772895813,0.36743810772895813,0.36743807792663574,0.35265207290649414,0.3274417817592621,0.0,1.0,0.5470966696739197,1.7359299659729004,0.16767831146717072,0.8290026783943176,9.99999883788405e-07,2.190825853176648e-06,0.2173347920179367,0.0007445045048370957,0.003425610950216651,0.0005365623510442674,0.002468828344717622,0.00014197826385498047,0.00013720989227294922,0.9664146900177002,0.00012814998626708984,0.9026028513908386,0.499833345413208,0.0070022037252783775,0.4883333444595337,0.0070022037252783775,0.500166654586792,0.0033982933964580297,0.49033331871032715,0.0033982933964580297,0.5005000233650208,0.003186421003192663,0.4891666769981384,0.003186421003192663,0.2189050316810608,0.002626285655423999,83.35157012939453,0.000862735032569617,5.677727313013747e-05,15.195076942443848,5.485433101654053,0.0006399609264917672,3.771608680835925e-05,16.967849731445312,4.912323474884033,0.0001763264590408653,8.768259431235492e-05,2.010962963104248,0.00017940204998012632,6.728348671458662e-05,2.666360855102539,0.7541975975036621,0.00017390649009030312,7.385167555185035e-05,2.3548076152801514,0.8539818525314331,0.1869606077671051,0.1823350489139557,1.025368571281433,0.04489489644765854,0.04376520961523056,1.0258125066757202,0.0392841137945652,0.03840203955769539,1.0229694843292236,0.5459587574005127,0.5392639636993408,1.0124146938323975,0.26555946469306946,0.262275367975235,1.012521505355835,0.24910317361354828,0.2461598515510559,1.0119569301605225,1.0744903087615967,1.0743309259414673,0.004025804344564676,0.0037428017240017653,-0.00015938282012939453,1.0304381847381592,0.000954442482907325,0.043892741203308105,1.0,0.5430775284767151,poincare,1.0,2,gaussian,gaussian,60000,0.3,0.3,"[0.0, 0.0]","[0.35355339, 0.35355339]",1,,,True
norm__poi_d2_c2_s34,0.07287358492612839,0.07764089107513428,0.07287358492612839,20.0,0.0,0.07170921564102173,0.07170921564102173,-0.14562778174877167,-0.14562778174877167,-0.15665800869464874,-0.14754615724086761,0.12137743830680847,0.0,1.0,0.34693530201911926,0.5665804147720337,0.03181661292910576,0.3954676389694214,9.99999883788405e-07,2.907580437749857e-06,0.18389198184013367,0.0012067261850461364,0.006562147289514542,0.0004751454689539969,0.0025838292203843594,0.0010246038436889648,0.0010552406311035156,1.029901146888733,0.0010256767272949219,1.001047134399414,0.5036666393280029,0.005044956691563129,0.5115000009536743,0.005044956691563129,0.5078333020210266,0.0034827496856451035,0.5138333439826965,0.0034827496856451035,0.5043333172798157,0.0022999809589236975,0.5051666498184204,0.0022999809589236975,0.1845935732126236,0.0021704169921576977,85.04981994628906,0.0013661503326147795,8.040469401748851e-05,16.990928649902344,5.005601406097412,0.0005333693115971982,5.4965654271654785e-05,9.703683853149414,8.764694213867188,0.0010682385182008147,0.00016786660125944763,6.363615036010742,0.001104116439819336,0.00020716481958515942,5.329652309417725,1.1940020322799683,0.0010443608043715358,0.00018705676484387368,5.583123207092285,1.1397950649261475,0.08829557150602341,0.09437160193920135,0.9356158971786499,0.04243708401918411,0.0453311987221241,0.9361563324928284,0.01877373456954956,0.019865911453962326,0.9450226426124573,0.37533944845199585,0.38770613074302673,0.9681029319763184,0.25853231549263,0.2667216956615448,0.9692961573600769,0.17236922681331635,0.177022323012352,0.9737145304679871,1.068664789199829,1.0741783380508423,0.0032635501120239496,0.0039260839112102985,0.005513548385351896,1.0300261974334717,0.0008891465840861201,0.044152140617370605,1.0,0.38108450174331665,poincare,2.0,2,gaussian,gaussian,60000,0.3,0.3,"[0.0, 0.0]","[0.35355339, 0.35355339]",1,,,True
norm__poi_d2_c2_s42,0.07309114933013916,0.07533644884824753,0.07309114933013916,20.0,0.0,0.07223909348249435,0.07223909348249435,-0.1512235850095749,-0.1512235850095749,-0.16750676929950714,-0.16414526104927063,0.12261589616537094,0.0,1.0,0.34876710176467896,0.5980403423309326,0.031250085681676865,0.39744678139686584,9.99999883788405e-07,2.89087392957299e-06,0.18330350518226624,0.0010544758988544345,0.005752622615545988,0.0004481615324039012,0.002444915007799864,0.0009720325469970703,0.0009667873382568359,0.9946038126945496,0.0009503364562988281,0.9776796698570251,0.4938333332538605,0.004950631409883499,0.4988333284854889,0.004950631409883499,0.49566665291786194,0.0034152427688241005,0.5011666417121887,0.0034152427688241005,0.4988333284854889,0.0022771921940147877,0.500333309173584,0.0022771921940147877,0.1847468465566635,0.0020049994345754385,92.14309692382812,0.0011759584303945303,0.00012479319411795586,9.423257827758789,9.7782621383667,0.0005022645927965641,5.548582339542918e-05,9.052124977111816,10.179166793823242,0.0009807308670133352,0.00013206303992774338,7.426233291625977,0.0009810010669752955,0.0002296956372447312,4.270873546600342,1.7388088703155518,0.0009704948170110583,0.00022523585357703269,4.308793544769287,1.7235063314437866,0.08968915045261383,0.09211032837629318,0.9737143516540527,0.04304267838597298,0.04420075938105583,0.9737995862960815,0.01902872882783413,0.019364511594176292,0.9826599359512329,0.37817057967185974,0.38326701521873474,0.9867026209831238,0.2602289617061615,0.2635512053966522,0.987394392490387,0.17336764931678772,0.17482107877731323,0.991686224937439,1.0705442428588867,1.0749140977859497,0.0032843078952282667,0.003835650160908699,0.004369854927062988,1.0305233001708984,0.0009251124574802816,0.04439079761505127,1.0,0.37849292159080505,poincare,2.0,2,gaussian,gaussian,60000,0.3,0.3,"[0.0, 0.0]","[0.35355339, 0.35355339]",1,,,True
norm__poi_d2_c2_s50,0.0725441500544548,0.07529587298631668,0.0725441500544548,24.0,0.0,0.07243357598781586,0.07243357598781586,-0.141565203666687,-0.141565203666687,-0.16673488914966583,-0.16651831567287445,0.12369276583194733,0.0,1.0,0.3501916527748108,0.5849055051803589,0.03253313526511192,0.4005527198314667,9.99999883788405e-07,2.8810725325456588e-06,0.1830689013004303,0.0012439003912732005,0.006794711574912071,0.0005523186991922557,0.003016998991370201,0.0010010004043579102,0.0010071992874145508,1.006192684173584,0.0009741783142089844,0.9732047319412231,0.5136666893959045,0.004951305687427521,0.5076666474342346,0.004951305687427521,0.5130000114440918,0.0033982933964580297,0.5080000162124634,0.0033982933964580297,0.5080000162124634,0.002253346610814333,0.5015000104904175,0.002253346610814333,0.18444406986236572,0.001681142603047192,109.71350860595703,0.0013591652968898416,9.673981548985466e-05,14.049697875976562,7.808958530426025,0.0006067873327992857,7.120413647498935e-05,8.521799087524414,12.8744535446167,0.0010224661091342568,0.0002093234652420506,4.884622573852539,0.0010800481541082263,0.00020445846894290298,5.282481670379639,0.9246832728385925,0.0010333459358662367,0.00019510537094902247,5.2963480949401855,0.9222623705863953,0.08901731669902802,0.09116750210523605,0.9764149785041809,0.04270009323954582,0.04376520961523056,0.9756630063056946,0.018856443464756012,0.019201019778847694,0.9820542931556702,0.3763101100921631,0.3813171684741974,0.9868689775466919,0.25893351435661316,0.2622753381729126,0.9872583150863647,0.17245009541511536,0.17406128346920013,0.9907435774803162,1.07042396068573,1.0743309259414673,0.003314930945634842,0.0037428007926791906,0.003906965255737305,1.0304381847381592,0.0009544423664920032,0.043892741203308105,1.0,0.3793444037437439,poincare,2.0,2,gaussian,gaussian,60000,0.3,0.3,"[0.0, 0.0]","[0.35355339, 0.35355339]",1,,,True
norm__poi_d2_c3_s34,0.04853794723749161,0.05165201425552368,0.04853794723749161,20.0,0.0,0.04771501570940018,0.04771501570940018,-0.3167036473751068,-0.3167036473751068,-0.3434280455112457,-0.3349170386791229,0.08480948954820633,0.0,1.0,0.28990575671195984,0.4913022518157959,0.027631524950265884,0.3329505920410156,9.99999883788405e-07,3.4815818708011648e-06,0.1655084192752838,0.001081117196008563,0.006532097700983286,0.00027936301194131374,0.0016879081958904862,0.0006127357482910156,0.0006269216537475586,1.0231517553329468,0.0006099939346313477,0.9955253005027771,0.5015000104904175,0.0041190870106220245,0.5019999742507935,0.0041190870106220245,0.5023333430290222,0.0034827496856451035,0.503166675567627,0.0034827496856451035,0.4971666634082794,0.00187825714237988,0.49399998784065247,0.00187825714237988,0.1658059060573578,0.001726816757582128,96.01822662353516,0.00122859759721905,6.502727046608925e-05,18.89357566833496,5.082057476043701,0.00031780218705534935,3.049801307497546e-05,10.420422554016113,9.214427947998047,0.0006404837477020919,0.00011483958223834634,5.577203750610352,0.0006758213276043534,0.00013484379451256245,5.01188325881958,1.1127960681915283,0.000640527461655438,0.00011766550596803427,5.443629741668701,1.0245376825332642,0.05854069069027901,0.0629143938422203,0.9304816722869873,0.04210689291357994,0.0453311987221241,0.928872287273407,0.012374155223369598,0.01324394065886736,0.9343257546424866,0.30552995204925537,0.3165607154369354,0.9651543498039246,0.25749388337135315,0.2667216658592224,0.9654030203819275,0.1399368792772293,0.14453811943531036,0.968165934085846,1.0703870058059692,1.0741783380508423,0.0033796338830143213,0.003926083445549011,0.003791332244873047,1.0300261974334717,0.0008891464676707983,0.044152140617370605,1.0,0.3105858266353607,poincare,3.0,2,gaussian,gaussian,60000,0.3,0.3,"[0.0, 0.0]","[0.35355339, 0.35355339]",1,,,True
norm__poi_d2_c3_s42,0.05816759541630745,0.05822400003671646,0.05816759541630745,26.0,0.0,0.05638061463832855,0.05638061463832855,-0.2508009374141693,-0.2508009374141693,-0.36079102754592896,-0.35302409529685974,0.08552016317844391,0.0,1.0,0.29066944122314453,0.6600219011306763,0.032100431621074677,0.35353001952171326,9.99999883788405e-07,3.4785145999194356e-06,0.1641615629196167,0.0014545846497640014,0.008860688656568527,0.00046498668962158263,0.0028324942104518414,0.0010929107666015625,0.0010923147201538086,0.9994546175003052,0.0010842084884643555,0.9920375347137451,0.4973333477973938,0.004042173735797405,0.4986666738986969,0.004042173735797405,0.5021666884422302,0.0034152427688241005,0.503166675567627,0.0034152427688241005,0.5038333535194397,0.0018593196291476488,0.5055000185966492,0.0018593196291476488,0.16538722813129425,0.001634376822039485,101.19284057617188,0.0015623468207195401,0.00011145354073960334,14.01792049407959,7.218819618225098,0.0004987509455531836,3.9224218198796734e-05,12.71538257598877,7.958300590515137,0.001095589017495513,0.00013017641322221607,8.416187286376953,0.0011015614727512002,0.00020683101320173591,5.325900554656982,1.5802375078201294,0.0011119524715468287,0.0001984652626561001,5.602756023406982,1.5021514892578125,0.05841271951794624,0.06140689179301262,0.9512404799461365,0.04190932214260101,0.04420075565576553,0.9481585025787354,0.012259487994015217,0.012909673154354095,0.9496358036994934,0.3047504425048828,0.3129362165927887,0.9738420248031616,0.2565917670726776,0.2635512053966522,0.9735935926437378,0.13917580246925354,0.14274080097675323,0.9750247597694397,1.0719664096832275,1.0749140977859497,0.0035566603764891624,0.003835649462416768,0.002947688102722168,1.0305233001708984,0.0009251124574802816,0.04439079761505127,1.0,0.30700793862342834,poincare,3.0,2,gaussian,gaussian,60000,0.3,0.3,"[0.0, 0.0]","[0.35355339, 0.35355339]",1,,,True
norm__poi_d2_c3_s50,0.04824356734752655,0.05359519273042679,0.04824356734752655,20.0,0.0,0.04652426764369011,0.04652426764369011,-0.31225669384002686,-0.31225669384002686,-0.35193514823913574,-0.3595300316810608,0.0857420340180397,0.0,1.0,0.2913292348384857,0.534223735332489,0.02948196977376938,0.3403860628604889,9.99999883788405e-07,3.467967189862975e-06,0.1640133410692215,0.0013282755389809608,0.008098582737147808,0.00038509408477693796,0.0023479436058551073,0.0008128881454467773,0.0008199214935302734,1.0086523294448853,0.0007891654968261719,0.9708167910575867,0.5049999952316284,0.004042689688503742,0.5038333535194397,0.004042689688503742,0.5065000057220459,0.0033982933964580297,0.5016666650772095,0.0033982933964580297,0.5053333044052124,0.0018401872366666794,0.4976666569709778,0.0018401872366666794,0.1653166562318802,0.0013490396086126566,122.5439682006836,0.0014336934546008706,8.466980216326192e-05,16.932758331298828,7.237094402313232,0.0004183660203125328,4.5495220547309145e-05,9.195822715759277,13.32604694366455,0.0008334597223438323,0.00014733901480212808,5.656747817993164,0.0008866350399330258,0.00013198996020946652,6.717442512512207,0.8420984745025635,0.0008381009683944285,0.00014280271716415882,5.868942737579346,0.9638445377349854,0.05839834734797478,0.06077834218740463,0.9608414173126221,0.04191450774669647,0.04376520216464996,0.9577131271362305,0.012303401716053486,0.012800679542124271,0.9611522555351257,0.30462220311164856,0.3113441467285156,0.9784098863601685,0.25648602843284607,0.2622753381729126,0.9779266119003296,0.13929234445095062,0.14212045073509216,0.980100691318512,1.071536898612976,1.0743309259414673,0.003374714870005846,0.0037428010255098343,0.002794027328491211,1.0304381847381592,0.0009544422500766814,0.043892741203308105,1.0,0.30831021070480347,poincare,3.0,2,gaussian,gaussian,60000,0.3,0.3,"[0.0, 0.0]","[0.35355339, 0.35355339]",1,,,True
norm__poi_d2_c5_s34,0.02916869893670082,0.0313214510679245,0.02916869893670082,38.0,0.0,0.028761306777596474,0.028761306777596474,-0.4707496762275696,-0.4707496762275696,-0.4995349049568176,-0.49497538805007935,0.0670686811208725,0.0,1.0,0.24990202486515045,0.782271146774292,0.06795234978199005,0.374491423368454,9.99999883788405e-07,4.306066330173053e-06,0.14307060837745667,0.002543362556025386,0.01777697540819645,0.0004559444496408105,0.0031868491787463427,0.0007817745208740234,0.0008178949356079102,1.0462031364440918,0.0008733272552490234,1.1171088218688965,0.49933332204818726,0.0031906578224152327,0.5103332996368408,0.0031906578224152327,0.5036666393280029,0.0034827496856451035,0.5146666765213013,0.0034827496856451035,0.5016666650772095,0.0014549557818099856,0.5084999799728394,0.0014549557818099856,0.14301198720932007,0.001298460178077221,110.13967895507812,0.002645685337483883,0.0001839156320784241,14.385320663452148,7.656393051147461,0.0004791360697709024,3.393246515770443e-05,14.120285034179688,7.800102710723877,0.0008271734113804996,0.00012171916023362428,6.795753479003906,0.0008411725866608322,0.00011564757733140141,7.273585796356201,0.9343058466911316,0.0008954366785474122,0.00011683115008054301,7.664365291595459,0.8866688013076782,0.035490069538354874,0.03774864226579666,0.940168023109436,0.04248400777578354,0.0453311987221241,0.9371914267539978,0.007270356640219688,0.007946365512907505,0.9149285554885864,0.23688897490501404,0.24520692229270935,0.9660778641700745,0.25757765769958496,0.2667217254638672,0.9657168984413147,0.10721393674612045,0.11195874214172363,0.9576200246810913,1.0767552852630615,1.0741783380508423,0.0050686681643128395,0.0039260853081941605,-0.0025769472122192383,1.0300261974334717,0.0008891468169167638,0.044152140617370605,1.0,0.24085311591625214,poincare,5.0,2,gaussian,gaussian,60000,0.3,0.3,"[0.0, 0.0]","[0.35355339, 0.35355339]",1,,,True
norm__poi_d2_c5_s42,0.03491109982132912,0.03494282439351082,0.03491109982132912,26.0,0.0,0.033830806612968445,0.033830806612968445,-0.39870962500572205,-0.39870962500572205,-0.502228856086731,-0.49817755818367004,0.04981313645839691,0.0,1.0,0.22192473709583282,0.47689956426620483,0.023707402870059013,0.266625314950943,9.99999883788405e-07,4.554272891255096e-06,0.1420363485813141,0.00140820920933038,0.009914427995681763,0.00028120455681346357,0.001979806926101446,0.001365065574645996,0.0013695955276489258,1.003318428993225,0.0013481378555297852,0.9875993132591248,0.49816668033599854,0.00313102756626904,0.49683332443237305,0.00313102756626904,0.5036666393280029,0.003414970124140382,0.5013333559036255,0.003414970124140382,0.5026666522026062,0.001439834712073207,0.5,0.001439834712073207,0.14296910166740417,0.0012194495648145676,117.24068450927734,0.0015131451655179262,0.00012473546667024493,12.130833625793457,9.664685249328613,0.00030056567629799247,2.9631677534780465e-05,10.143390655517578,11.558332443237305,0.0013638816308230162,0.00015437691763509065,8.834750175476074,0.0013765295734629035,0.0002558650157880038,5.3799052238464355,1.6421757936477661,0.0013732395600527525,0.0002489415055606514,5.5163140296936035,1.6015677452087402,0.03508881852030754,0.03684413433074951,0.9523584246635437,0.042023684829473495,0.04420076683163643,0.950745701789856,0.007403010502457619,0.007745804265141487,0.9557445645332336,0.2362855076789856,0.24239933490753174,0.9747778177261353,0.25699639320373535,0.263551265001297,0.9751286506652832,0.10814668983221054,0.11056654900312424,0.9781140089035034,1.0706819295883179,1.0749140977859497,0.0034040550235658884,0.0038356513250619173,0.004232168197631836,1.0305233001708984,0.0009251128067262471,0.04439079761505127,1.0,0.2379876673221588,poincare,5.0,2,gaussian,gaussian,60000,0.3,0.3,"[0.0, 0.0]","[0.35355339, 0.35355339]",1,,,True
norm__poi_d2_c5_s50,0.029014194384217262,0.029984205961227417,0.029014194384217262,38.0,0.0,0.028936592862010002,0.028936592862010002,-0.4503759741783142,-0.4503759741783142,-0.5148453712463379,-0.5123950242996216,0.05247378721833229,0.0,1.0,0.22770479321479797,0.4555465877056122,0.024984214454889297,0.2715752422809601,9.99999883788405e-07,4.443639681994682e-06,0.1412045955657959,0.0015248104464262724,0.010798589326441288,0.0002881488762795925,0.002040647901594639,0.0008745193481445312,0.0008879899978637695,1.0154035091400146,0.0008571147918701172,0.9800981283187866,0.5015000104904175,0.003131480421870947,0.49933332204818726,0.003131480421870947,0.5028333067893982,0.003399389795958996,0.49933332204818726,0.003399389795958996,0.5040000081062317,0.0014248802326619625,0.4971666634082794,0.0014248802326619625,0.14239761233329773,0.0010381696047261357,137.1621856689453,0.0016248993342742324,9.012833470478654e-05,18.028730392456055,7.607977867126465,0.0003085109347011894,3.054213448194787e-05,10.101158142089844,13.578856468200684,0.0008954128134064376,0.00012844330922234803,6.971268653869629,0.0009541154140606523,0.0001107620628317818,8.614099502563477,0.8092858195304871,0.0009009242639876902,0.00012709118891507387,7.088801860809326,0.9834198951721191,0.03463306277990341,0.03646700829267502,0.9497094750404358,0.041374534368515015,0.04376521334052086,0.9453749060630798,0.007277745753526688,0.007680407725274563,0.9475727677345276,0.2344675362110138,0.24116620421409607,0.9722238779067993,0.2547537386417389,0.262275367975235,0.9713216423988342,0.10710951685905457,0.11008603125810623,0.9729619026184082,1.071933388710022,1.0743309259414673,0.0033836341463029385,0.003742801956832409,0.0023975372314453125,1.0304381847381592,0.0009544424246996641,0.043892741203308105,1.0,0.2380576729774475,poincare,5.0,2,gaussian,gaussian,60000,0.3,0.3,"[0.0, 0.0]","[0.35355339, 0.35355339]",1,,,True
norm__poi_d3_c10_s34,0.018791597336530685,0.018834296613931656,0.018791597336530685,20.0,0.0,0.018514074385166168,0.018514074385166168,-0.7652924060821533,-0.7652924060821533,-0.7661957740783691,-0.7627941370010376,0.025152424350380898,0.0,1.0,0.15812326967716217,0.2418668568134308,0.01221651490777731,0.1785605102777481,9.99999883788405e-07,6.361814030242385e-06,0.15746255218982697,0.0021241866052150726,0.013490106910467148,8.703721687197685e-05,0.0005527486791834235,0.0003619194030761719,0.00036537647247314453,1.009552001953125,0.00037169456481933594,1.0270092487335205,0.49799999594688416,0.011486947536468506,0.500333309173584,0.011486947536468506,0.4936666786670685,0.017297841608524323,0.4963333308696747,0.017297841608524323,0.49950000643730164,0.005148705095052719,0.49916666746139526,0.005148705095052719,0.1578502058982849,0.00116978888399899,134.93905639648438,0.0025307475589215755,8.451968460576609e-05,29.94270133972168,4.506576061248779,9.845841850619763e-05,1.3644923456013203e-05,7.21575403213501,18.70061683654785,0.00040016177808865905,0.00010916674364125356,3.6656014919281006,0.00035247410414740443,7.814391574356705e-05,4.510576248168945,0.8126680254936218,0.00039459866820834577,9.72215857473202e-05,4.058755874633789,0.903134286403656,0.02914898656308651,0.028347747400403023,1.0282646417617798,0.06949969381093979,0.06740511953830719,1.0310744047164917,0.006103110034018755,0.005909772124141455,1.0327149629592896,0.225669264793396,0.22271192073822021,1.013278841972351,0.34323951601982117,0.33839911222457886,1.0143038034439087,0.10199151933193207,0.10044919699430466,1.0153541564941406,1.1883834600448608,1.1908529996871948,0.02259070798754692,0.022611994296312332,0.0024695396423339844,1.096307396888733,0.00720590353012085,0.09454560279846191,1.0,0.22406534850597382,poincare,10.0,3,gaussian,gaussian,60000,0.3,0.3,"[0.0, 0.0, 0.0]","[0.28867513, 0.28867513, 0.28867513]",1,,,True
norm__poi_d3_c10_s42,0.018759313970804214,0.01820206269621849,0.018759313970804214,20.0,0.0,0.01879582740366459,0.01879582740366459,-0.7656204700469971,-0.7656204700469971,-0.7656204700469971,-0.7653135061264038,0.025458592921495438,0.0,1.0,0.15910884737968445,0.23198649287223816,0.01195581816136837,0.17936445772647858,9.99999883788405e-07,6.320379725366365e-06,0.15607181191444397,0.0020615076646208763,0.013208712451159954,6.864697206765413e-05,0.00043984223157167435,0.0002652406692504883,0.0002589225769042969,0.9761797785758972,0.0002554655075073242,0.9631460905075073,0.4946666657924652,0.011562971398234367,0.49549999833106995,0.011562971398234367,0.49566665291786194,0.017466295510530472,0.49683332443237305,0.017466295510530472,0.48883333802223206,0.005132490303367376,0.4868333339691162,0.005132490303367376,0.15863336622714996,0.001087754499167204,145.83563232421875,0.0024656341411173344,7.976161577971652e-05,30.91254234313965,4.717685222625732,8.166362385964021e-05,9.50585126702208e-06,8.590879440307617,16.975635528564453,0.00028283201390877366,8.013550541363657e-05,3.5294222831726074,0.00027419329853728414,7.870485569583252e-05,3.483816623687744,1.0130906105041504,0.00028725070296786726,6.625750393141061e-05,4.335368633270264,0.8140996694564819,0.02909967117011547,0.028434306383132935,1.0233999490737915,0.06914591044187546,0.06748845428228378,1.0245591402053833,0.006055758334696293,0.005922557786107063,1.0224902629852295,0.22554434835910797,0.22320140898227692,1.0104968547821045,0.3425072729587555,0.33876869082450867,1.0110357999801636,0.10162682831287384,0.1005733534693718,1.010474681854248,1.193235993385315,1.193127155303955,0.02324615977704525,0.021828942000865936,-0.00010883808135986328,1.095639705657959,0.006931218318641186,0.0974874496459961,1.0,0.22334463894367218,poincare,10.0,3,gaussian,gaussian,60000,0.3,0.3,"[0.0, 0.0, 0.0]","[0.28867513, 0.28867513, 0.28867513]",1,,,True
norm__poi_d3_c10_s50,0.018784131854772568,0.018224699422717094,0.018784131854772568,20.0,0.0,0.01848664879798889,0.01848664879798889,-0.769327700138092,-0.769327700138092,-0.769327700138092,-0.76791912317276,0.02562003768980503,0.0,1.0,0.15956886112689972,0.2440020889043808,0.012551986612379551,0.18047355115413666,9.99999883788405e-07,6.305601345957257e-06,0.15750716626644135,0.0022675148211419582,0.014396264217793941,0.00010901461791945621,0.0006921249441802502,0.00048160552978515625,0.0004944801330566406,1.0267326831817627,0.0005012750625610352,1.0408415794372559,0.4938333332538605,0.01155422255396843,0.49433332681655884,0.01155422255396843,0.4934999942779541,0.01739983819425106,0.49283334612846375,0.01739983819425106,0.4951666593551636,0.00518385786563158,0.49283334612846375,0.00518385786563158,0.1580348163843155,0.0012620773632079363,125.21800994873047,0.00270563131198287,0.00010791946260724217,25.07083511352539,4.994568347930908,0.0001220985286636278,1.5881971194176003e-05,7.687870025634766,16.287736892700195,0.0004671494534704834,7.50318358768709e-05,6.226016044616699,0.000526471936609596,9.194751328323036e-05,5.725787162780762,1.0873643159866333,0.0005304694641381502,8.660189632792026e-05,6.1253790855407715,1.0164295434951782,0.02929224632680416,0.028347516432404518,1.0333267450332642,0.06983170658349991,0.06725195050239563,1.038359522819519,0.006134225986897945,0.005884265992790461,1.042479395866394,0.22648368775844574,0.2226952314376831,1.0170118808746338,0.34438684582710266,0.33803123235702515,1.0188018083572388,0.10233073681592941,0.10025786608457565,1.0206754207611084,1.1895121335983276,1.1936516761779785,0.02262338064610958,0.02342899888753891,0.004139542579650879,1.0970615148544312,0.006995391100645065,0.09659016132354736,1.0,0.22307971119880676,poincare,10.0,3,gaussian,gaussian,60000,0.3,0.3,"[0.0, 0.0, 0.0]","[0.28867513, 0.28867513, 0.28867513]",1,,,True
norm__poi_d3_c1_s34,0.14586327970027924,0.1404297947883606,0.14586327970027924,50.0,0.0,0.1422254741191864,0.1422254741191864,0.6229731440544128,0.6229731440544128,0.6208416819572449,0.6377048492431641,0.36637353897094727,0.0,1.0,0.5800668001174927,1.719327449798584,0.17286160588264465,0.8843445777893066,9.99999883788405e-07,1.9206902379664825e-06,0.30308204889297485,0.00201532244682312,0.006649428512901068,0.0014706666115671396,0.0048523712903261185,0.00018262863159179688,0.00018167495727539062,0.9947780966758728,0.000186920166015625,1.0234986543655396,0.5034999847412109,0.03632485866546631,0.5163333415985107,0.03632485866546631,0.5043333172798157,0.017297841608524323,0.5166666507720947,0.017297841608524323,0.5061666369438171,0.01628117822110653,0.5136666893959045,0.01628117822110653,0.30441755056381226,0.006369963753968477,47.789527893066406,0.002415398368611932,6.411613139789551e-05,37.6722412109375,1.2685606479644775,0.001791338436305523,6.859508721390739e-05,26.114673614501953,1.8299872875213623,0.00022017559967935085,5.917569069424644e-05,3.720710277557373,0.0002208272780990228,6.41152510070242e-05,3.4442238807678223,1.0802754163742065,0.00023612579389009625,8.562440780224279e-05,2.757692813873291,1.3492114543914795,0.28381967544555664,0.2834774851799011,1.0012071132659912,0.06747796386480331,0.06740511953830719,1.0010807514190674,0.058919526636600494,0.05909772589802742,0.996984601020813,0.7035161256790161,0.7042769193649292,0.9989197850227356,0.33805617690086365,0.33839911222457886,0.9989866018295288,0.316878080368042,0.3176482617855072,0.9975753426551819,1.1926707029342651,1.1908529996871948,0.025044631212949753,0.022611994296312332,-0.0018177032470703125,1.096307396888733,0.007205902598798275,0.09454560279846191,1.0,0.7034227848052979,poincare,1.0,3,gaussian,gaussian,60000,0.3,0.3,"[0.0, 0.0, 0.0]","[0.28867513, 0.28867513, 0.28867513]",1,,,True
norm__poi_d3_c1_s42,0.1451357901096344,0.14385175704956055,0.1451357901096344,50.0,0.0,0.14475777745246887,0.14475777745246887,0.6290577054023743,0.6290577054023743,0.6273419857025146,0.638318657875061,0.37121060490608215,0.0,1.0,0.5842100381851196,1.6044626235961914,0.17289456725120544,0.8870305418968201,9.99999883788405e-07,1.9315539248054847e-06,0.300545871257782,0.002035432029515505,0.006772450637072325,0.0014975706581026316,0.004982835613191128,0.00020432472229003906,0.0001951456069946289,0.9550758600234985,0.00019860267639160156,0.9719953536987305,0.503166675567627,0.036565326154232025,0.5056666731834412,0.036565326154232025,0.5051666498184204,0.017466295510530472,0.5109999775886536,0.017466295510530472,0.4961666762828827,0.016230301931500435,0.49799999594688416,0.016230301931500435,0.30897584557533264,0.005456740502268076,56.622779846191406,0.002435450442135334,6.816432141931728e-05,35.72910690307617,1.584780216217041,0.0018076793057844043,6.295954517554492e-05,28.711759567260742,1.9721111059188843,0.00022577049094252288,5.656479697790928e-05,3.9913604259490967,0.00021920204744674265,5.94946977798827e-05,3.684396266937256,1.0833146572113037,0.00021655562159139663,6.310977914836258e-05,3.431411027908325,1.163183331489563,0.28424298763275146,0.28434306383132935,0.9996480345726013,0.06738601624965668,0.06748844683170319,0.9984822869300842,0.058921996504068375,0.059225574135780334,0.9948742389678955,0.7049883008003235,0.7058249711990356,0.9988146424293518,0.3382481038570404,0.3387686610221863,0.9984633922576904,0.317111998796463,0.3180408775806427,0.9970793724060059,1.1953972578048706,1.193127155303955,0.02374773845076561,0.021828942000865936,-0.0022701025009155273,1.095639705657959,0.006931218318641186,0.0974874496459961,1.0,0.7022927403450012,poincare,1.0,3,gaussian,gaussian,60000,0.3,0.3,"[0.0, 0.0, 0.0]","[0.28867513, 0.28867513, 0.28867513]",1,,,True
norm__poi_d3_c1_s50,0.14542743563652039,0.1504257619380951,0.14542743563652039,50.0,0.0,0.14154884219169617,0.14154884219169617,0.6271743178367615,0.6271743178367615,0.6271743178367615,0.6313720941543579,0.3767845928668976,0.0,1.0,0.5879117846488953,1.6316578388214111,0.17633642256259918,0.8995076417922974,9.99999883788405e-07,1.9147923921991605e-06,0.310443639755249,0.0019493622239679098,0.006279279477894306,0.0014358540065586567,0.004625168163329363,0.0001442432403564453,0.00014388561248779297,0.9975206851959229,0.00014066696166992188,0.9752066135406494,0.5109999775886536,0.03653765842318535,0.5086666345596313,0.03653765842318535,0.5105000138282776,0.0173996239900589,0.5093333125114441,0.0173996239900589,0.51583331823349,0.016392456367611885,0.5149999856948853,0.016392456367611885,0.30642586946487427,0.006144165527075529,49.872657775878906,0.00237598386593163,7.563920371467248e-05,31.412071228027344,1.5876909494400024,0.0017467011930420995,6.029950236552395e-05,28.96709442138672,1.7217005491256714,0.00015307268768083304,3.882930468535051e-05,3.942194938659668,0.00017519791435915977,4.571146200760268e-05,3.8326914310455322,1.0285708904266357,0.00017702183686196804,4.337495192885399e-05,4.081199645996094,0.9659402966499329,0.28319165110588074,0.2834751605987549,0.9989998936653137,0.06738485395908356,0.06725194305181503,1.0019763708114624,0.05909670889377594,0.05884265527129173,1.0043175220489502,0.7042595744132996,0.7042242288589478,1.0000503063201904,0.3384682238101959,0.33803123235702515,1.0012927055358887,0.3177831768989563,0.3170432150363922,1.0023339986801147,1.1905335187911987,1.1936516761779785,0.02315240539610386,0.02342899888753891,0.003118157386779785,1.0970615148544312,0.006995391100645065,0.09659016132354736,1.0,0.6992197036743164,poincare,1.0,3,gaussian,gaussian,60000,0.3,0.3,"[0.0, 0.0, 0.0]","[0.28867513, 0.28867513, 0.28867513]",1,,,True
norm__poi_d3_c2_s34,0.09000805765390396,0.0924440249800682,0.09000805765390396,20.0,0.0,0.0883810743689537,0.0883810743689537,-0.06497792899608612,-0.06497792899608612,-0.1650611013174057,-0.1628229320049286,0.12693409621715546,0.0,1.0,0.35493704676628113,0.5750088691711426,0.030862119048833847,0.405249685049057,9.99999883788405e-07,2.8389313229126856e-06,0.25604361295700073,0.002169670071452856,0.008473830297589302,0.0005859926459379494,0.0022886439692229033,0.00033867359161376953,0.0003485679626464844,1.0292150974273682,0.00033736228942871094,0.9961282014846802,0.5018333196640015,0.025685595348477364,0.5099999904632568,0.025685595348477364,0.49933332204818726,0.01729762554168701,0.5053333044052124,0.01729762554168701,0.5005000233650208,0.011512208729982376,0.5021666884422302,0.011512208729982376,0.25683316588401794,0.0038759224116802216,66.26374816894531,0.002559543354436755,9.485574264544994e-05,26.983535766601562,2.4557104110717773,0.0006864055176265538,4.6521559852408245e-05,14.754568099975586,4.4910664558410645,0.0003728230658452958,9.296595817431808e-05,4.010318279266357,0.00034263532143086195,6.318074883893132e-05,5.423096656799316,0.7394886016845703,0.0003633062297012657,8.043958223424852e-05,4.516510486602783,0.887924075126648,0.14116352796554565,0.14173872768878937,0.9959418177604675,0.06717206537723541,0.067405104637146,0.996542751789093,0.0295532438904047,0.02954886294901371,1.0001481771469116,0.4961448907852173,0.4979989528656006,0.9962770342826843,0.33735039830207825,0.33839908242225647,0.9969010353088379,0.22436591982841492,0.22461125254631042,0.9989078044891357,1.1853187084197998,1.1908528804779053,0.020931832492351532,0.022611984983086586,0.005534172058105469,1.096307396888733,0.0072059002704918385,0.09454548358917236,1.0,0.496815949678421,poincare,2.0,3,gaussian,gaussian,60000,0.3,0.3,"[0.0, 0.0, 0.0]","[0.28867513, 0.28867513, 0.28867513]",1,,,True
norm__poi_d3_c2_s42,0.07264813780784607,0.07193337380886078,0.07264813780784607,20.0,0.0,0.07237990200519562,0.07237990200519562,-0.16558553278446198,-0.16558553278446198,-0.1758253574371338,-0.1672210544347763,0.12744078040122986,0.0,1.0,0.35551127791404724,0.5534102916717529,0.03243973106145859,0.40772831439971924,9.99999883788405e-07,2.8368338007567218e-06,0.2532208561897278,0.0022784543689340353,0.008997893892228603,0.0006355384830385447,0.0025098188780248165,0.00043404102325439453,0.0004417896270751953,1.0178521871566772,0.00042700767517089844,0.9837956428527832,0.49950000643730164,0.025855591520667076,0.5109999775886536,0.025855591520667076,0.503000020980835,0.017466295510530472,0.5145000219345093,0.017466295510530472,0.4906666576862335,0.011476555839180946,0.5016666650772095,0.011476555839180946,0.2589927613735199,0.003485301975160837,74.30998992919922,0.0026677665300667286,0.00010644938447512686,25.06136131286621,2.9651217460632324,0.0007479311898350716,3.833213122561574e-05,19.511859893798828,3.8084523677825928,0.000448679958935827,8.660173625685275e-05,5.180957794189453,0.0004573067126329988,9.082269389182329e-05,5.035158634185791,1.0289561748504639,0.00044818720198236406,8.09984776424244e-05,5.5332794189453125,0.936326801776886,0.1400165557861328,0.14217150211334229,0.9848425984382629,0.06641482561826706,0.06748844683170319,0.9840918183326721,0.029184892773628235,0.029612787067890167,0.9855504035949707,0.49415457248687744,0.49909350275993347,0.9901041388511658,0.3355405330657959,0.3387686610221863,0.9904710054397583,0.22299155592918396,0.2248888611793518,0.9915633797645569,1.1883025169372559,1.193127155303955,0.020816916599869728,0.02182893641293049,0.004824638366699219,1.095639705657959,0.006931215990334749,0.0974874496459961,1.0,0.4943787455558777,poincare,2.0,3,gaussian,gaussian,60000,0.3,0.3,"[0.0, 0.0, 0.0]","[0.28867513, 0.28867513, 0.28867513]",1,,,True
norm__poi_d3_c2_s50,0.0728016123175621,0.07521393150091171,0.0728016123175621,20.0,0.0,0.07077246159315109,0.07077246159315109,-0.17391559481620789,-0.17391559481620789,-0.18056699633598328,-0.17718952894210815,0.12801289558410645,0.0,1.0,0.35603368282318115,0.5933781862258911,0.03537362068891525,0.41244131326675415,9.99999883788405e-07,2.8372153337841155e-06,0.25743547081947327,0.0022638493683189154,0.008793851360678673,0.0006298299413174391,0.0024465546011924744,0.0004971027374267578,0.0005306005477905273,1.0673861503601074,0.0005006790161132812,1.0071942806243896,0.49933332204818726,0.025835983455181122,0.5109999775886536,0.025835983455181122,0.4975000023841858,0.01739983819425106,0.5083333253860474,0.01739983819425106,0.4976666569709778,0.011591538786888123,0.5059999823570251,0.011591538786888123,0.2572208642959595,0.003577746916562319,71.89464569091797,0.002663178602233529,8.722416532691568e-05,30.532577514648438,2.3546864986419678,0.0007408767705783248,4.917284240946174e-05,15.066787719726562,4.771729946136475,0.0004952749004587531,7.086021651048213e-05,6.9894633293151855,0.0005423983093351126,9.16624630917795e-05,5.9173431396484375,1.1811827421188354,0.0005235195276327431,8.279957546619698e-05,6.322731971740723,1.105449914932251,0.13951797783374786,0.14173756539821625,0.9843401908874512,0.06636770814657211,0.06725193560123444,0.9868519902229309,0.029270924627780914,0.029421327635645866,0.9948879480361938,0.49362292885780334,0.4979616403579712,0.9912870526313782,0.33562374114990234,0.33803123235702515,0.9928779006004333,0.22344183921813965,0.22418341040611267,0.9966920614242554,1.1833597421646118,1.1936516761779785,0.019802361726760864,0.023428993299603462,0.0102919340133667,1.0970615148544312,0.006995389237999916,0.09659016132354736,1.0,0.49246492981910706,poincare,2.0,3,gaussian,gaussian,60000,0.3,0.3,"[0.0, 0.0, 0.0]","[0.28867513, 0.28867513, 0.28867513]",1,,,True
norm__poi_d3_c3_s34,0.06002400070428848,0.06166863068938255,0.06002400070428848,20.0,0.0,0.058938007801771164,0.058938007801771164,-0.3452024459838867,-0.3452024459838867,-0.43340739607810974,-0.42694514989852905,0.0842832550406456,0.0,1.0,0.28925788402557373,0.45983439683914185,0.024743663147091866,0.3295607566833496,9.99999883788405e-07,3.4827230592782144e-06,0.22930407524108887,0.0021549896337091923,0.009397956542670727,0.0003546142834238708,0.0015464804600924253,0.00035262107849121094,0.0003619194030761719,1.0263692140579224,0.0003540515899658203,1.0040568113327026,0.5026666522026062,0.020972201600670815,0.5078333020210266,0.020972201600670815,0.5021666884422302,0.017297841608524323,0.5059999823570251,0.017297841608524323,0.5023333430290222,0.009400206618010998,0.5044999718666077,0.009400206618010998,0.23002859950065613,0.0028882669284939766,79.6424331665039,0.002545940689742565,9.312949259765446e-05,27.33763885498047,2.9132888317108154,0.0004116515628993511,3.3900319976964965e-05,12.142999649047852,6.558711528778076,0.0003874858084600419,9.922550816554576e-05,3.9051029682159424,0.00035265684709884226,6.734315684298053e-05,5.236713886260986,0.7457163333892822,0.00037957829772494733,8.640316809760407e-05,4.393106460571289,0.8889160752296448,0.09452203661203384,0.09449248015880585,1.0003126859664917,0.06750026345252991,0.067405104637146,1.00141179561615,0.019795995205640793,0.01969924196600914,1.0049115419387817,0.40605390071868896,0.4066145122051239,0.9986213445663452,0.33819323778152466,0.33839908242225647,0.9993917346000671,0.18364131450653076,0.18339431285858154,1.0013468265533447,1.1854742765426636,1.1908528804779053,0.021127555519342422,0.022611986845731735,0.005378603469580412,1.096307396888733,0.0072059002704918385,0.09454548358917236,1.0,0.4061349332332611,poincare,3.0,3,gaussian,gaussian,60000,0.3,0.3,"[0.0, 0.0, 0.0]","[0.28867513, 0.28867513, 0.28867513]",1,,,True
norm__poi_d3_c3_s42,0.04840334132313728,0.04795554280281067,0.04840334132313728,24.0,0.0,0.048257406800985336,0.048257406800985336,-0.43259528279304504,-0.43259528279304504,-0.4485948979854584,-0.44457894563674927,0.08590785413980484,0.0,1.0,0.29181286692619324,0.46484076976776123,0.027439981698989868,0.3363434970378876,9.99999883788405e-07,3.457731509115547e-06,0.2263796329498291,0.002331322757527232,0.0102982884272933,0.00040948393871076405,0.0018088375218212605,0.00038754940032958984,0.00039696693420410156,1.024300217628479,0.0003820657730102539,0.9858505129814148,0.4983333349227905,0.021111000329256058,0.5143333077430725,0.021111000329256058,0.5021666884422302,0.017466295510530472,0.5176666378974915,0.017466295510530472,0.492333322763443,0.009370436891913414,0.5006666779518127,0.009370436891913414,0.23125587403774261,0.00261922855861485,88.29159545898438,0.0027195378206670284,0.00010764381295302883,25.264223098754883,3.4947280883789062,0.0004755376139655709,2.7383135602576658e-05,17.36607551574707,5.084142208099365,0.00040858585271053016,7.783318142173812e-05,5.249507427215576,0.00041832527494989336,8.045159484026954e-05,5.199713706970215,1.0095762014389038,0.00040568909025751054,6.957841833354905e-05,5.830674648284912,0.9003259539604187,0.09281337261199951,0.09478101879358292,0.9792401790618896,0.0659739151597023,0.06748844683170319,0.9775586724281311,0.019321231171488762,0.019741857424378395,0.9786936640739441,0.40222227573394775,0.40750816464424133,0.9870288372039795,0.3343890607357025,0.3387686610221863,0.9870720505714417,0.1814202219247818,0.18362098932266235,0.9880146384239197,1.1886701583862305,1.193127155303955,0.020741311833262444,0.02182893082499504,0.004456996917724609,1.095639705657959,0.006931215990334749,0.0974874496459961,1.0,0.40300652384757996,poincare,3.0,3,gaussian,gaussian,60000,0.3,0.3,"[0.0, 0.0, 0.0]","[0.28867513, 0.28867513, 0.28867513]",1,,,True
norm__poi_d3_c3_s50,0.048592690378427505,0.04411128908395767,0.048592690378427505,26.0,0.0,0.047907888889312744,0.047907888889312744,-0.44473502039909363,-0.44473502039909363,-0.4714035093784332,-0.4752376973628998,0.08882661908864975,0.0,1.0,0.29588934779167175,0.606437087059021,0.03570003807544708,0.3622925877571106,9.99999883788405e-07,3.426696139285923e-06,0.22830939292907715,0.0025053517892956734,0.010973494499921799,0.0004807279910892248,0.0021055988036096096,0.0004869699478149414,0.0005239248275756836,1.0758874416351318,0.0004895925521850586,1.0053855180740356,0.499833345413208,0.021095026284456253,0.5180000066757202,0.021095026284456253,0.4983333349227905,0.0173996239900589,0.5184999704360962,0.0173996239900589,0.4986666738986969,0.0094643859192729,0.5173333287239075,0.0094643859192729,0.22900080680847168,0.0025799847207963467,88.76052856445312,0.002874002791941166,8.24019152787514e-05,34.877864837646484,2.544895648956299,0.0005425139679573476,3.388462573639117e-05,16.010623931884766,5.543851375579834,0.0004900097846984863,6.837226101197302e-05,7.166792392730713,0.0005375902401283383,8.521447307430208e-05,6.30867338180542,1.1360222101211548,0.0005178849096409976,7.949886639835313e-05,6.514368534088135,1.100151538848877,0.09106837958097458,0.09449169784784317,0.9637712240219116,0.06476688385009766,0.06725193560123444,0.9630486369132996,0.018995126709342003,0.019614219665527344,0.9684365391731262,0.3983496427536011,0.4065839946269989,0.979747474193573,0.3313920497894287,0.33803123235702515,0.9803593158721924,0.17995896935462952,0.18304498493671417,0.9831406474113464,1.1847413778305054,1.1936516761779785,0.020290855318307877,0.023428993299603462,0.008910298347473145,1.0970615148544312,0.006995390169322491,0.09659016132354736,1.0,0.39977458119392395,poincare,3.0,3,gaussian,gaussian,60000,0.3,0.3,"[0.0, 0.0, 0.0]","[0.28867513, 0.28867513, 0.28867513]",1,,,True
norm__poi_d3_c5_s34,0.02923128753900528,0.02831043303012848,0.02923128753900528,26.0,0.0,0.028613876551389694,0.028613876551389694,-0.6487846374511719,-0.6487846374511719,-0.6597827672958374,-0.6582098603248596,0.0492178238928318,0.0,1.0,0.22091741859912872,0.40539827942848206,0.020323384553194046,0.257045179605484,9.99999883788405e-07,4.5636697905138135e-06,0.19643105566501617,0.0024533637333661318,0.01248969417065382,0.0002560938592068851,0.0013037340249866247,0.000624537467956543,0.0006577968597412109,1.05325448513031,0.0006276369094848633,1.0049628019332886,0.49666666984558105,0.01624497026205063,0.5021666884422302,0.01624497026205063,0.4961666762828827,0.01729762554168701,0.5013333559036255,0.01729762554168701,0.5,0.0072812410071492195,0.5023333430290222,0.0072812410071492195,0.19694392383098602,0.0019162992248311639,102.7730484008789,0.0028300469275563955,0.00011338217154843733,24.960247039794922,4.117469310760498,0.0002789452555589378,2.6006657208199613e-05,10.72591781616211,9.581748962402344,0.0006573121063411236,0.00013474709703586996,4.878117084503174,0.0006258845678530633,9.302471880801022e-05,6.728153228759766,0.7250306010246277,0.0006376028177328408,0.00010708313493523747,5.954278469085693,0.8192625045776367,0.055759601294994354,0.056695494800806046,0.9834926128387451,0.06638985127210617,0.06740511208772659,0.9849379062652588,0.011687797494232655,0.01181954424828291,0.9888534545898438,0.3116608262062073,0.3149622082710266,0.9895181655883789,0.3353303372859955,0.33839911222457886,0.9909314513206482,0.14111532270908356,0.14205661416053772,0.9933737516403198,1.1820425987243652,1.1908529996871948,0.021006276831030846,0.022611994296312332,0.00881040096282959,1.096307396888733,0.007205902598798275,0.09454560279846191,1.0,0.31323909759521484,poincare,5.0,3,gaussian,gaussian,60000,0.3,0.3,"[0.0, 0.0, 0.0]","[0.28867513, 0.28867513, 0.28867513]",1,,,True
norm__poi_d3_c5_s42,0.02903430350124836,0.028720950707793236,0.02903430350124836,20.0,0.0,0.028955357149243355,0.028955357149243355,-0.6477856636047363,-0.6477856636047363,-0.6598168015480042,-0.6551876664161682,0.05031361058354378,0.0,1.0,0.22338826954364777,0.3612479567527771,0.020278366282582283,0.2576768696308136,9.99999883788405e-07,4.513226031122031e-06,0.1946006864309311,0.0023903818801045418,0.012283522635698318,0.00023017762578092515,0.0011828201822936535,0.0005065202713012695,0.0005205869674682617,1.027771234512329,0.0005031824111938477,0.9934102296829224,0.4983333349227905,0.016352510079741478,0.512499988079071,0.016352510079741478,0.5,0.017465868964791298,0.5139999985694885,0.017465868964791298,0.492333322763443,0.00725830951705575,0.5015000104904175,0.00725830951705575,0.1984015554189682,0.0017960165860131383,110.46755981445312,0.0027792416512966156,0.00011211798846488819,24.78854751586914,4.456395149230957,0.0002613794640637934,1.9408755179028958e-05,13.46709156036377,8.202778816223145,0.0005222281324677169,9.928035433404148e-05,5.260135173797607,0.0005368789425119758,0.00010371107782702893,5.176678657531738,1.0161216259002686,0.0005304257501848042,9.086795762414113e-05,5.837325096130371,0.9011209607124329,0.055921413004398346,0.05686861276626587,0.9833440780639648,0.06634054332971573,0.06748845428228378,0.9829909801483154,0.011652883142232895,0.011845115572214127,0.9837711453437805,0.31224119663238525,0.3156544864177704,0.9891865849494934,0.3353382349014282,0.33876869082450867,0.9898737668991089,0.14092470705509186,0.14223219454288483,0.9908073544502258,1.1876291036605835,1.193127155303955,0.021329578012228012,0.021828942000865936,0.005498052109032869,1.0956398248672485,0.006931218318641186,0.09748733788728714,1.0,0.31252363324165344,poincare,5.0,3,gaussian,gaussian,60000,0.3,0.3,"[0.0, 0.0, 0.0]","[0.28867513, 0.28867513, 0.28867513]",1,,,True
norm__poi_d3_c5_s50,0.029115771874785423,0.030211925506591797,0.029115771874785423,26.0,0.0,0.02827071212232113,0.02827071212232113,-0.659810483455658,-0.659810483455658,-0.6779544949531555,-0.6799753308296204,0.050943344831466675,0.0,1.0,0.2233588695526123,0.556959331035614,0.03244265168905258,0.2917693853378296,9.99999883788405e-07,4.5565761865873355e-06,0.1954990029335022,0.0030830625910311937,0.01577022112905979,0.00039076025132089853,0.0019987840205430984,0.0010440349578857422,0.0011162757873535156,1.0691938400268555,0.0010526180267333984,1.0082210302352905,0.5006666779518127,0.016340136528015137,0.5198333263397217,0.016340136528015137,0.4971666634082794,0.0173996239900589,0.515666663646698,0.0173996239900589,0.49799999594688416,0.007331018336117268,0.5134999752044678,0.007331018336117268,0.19651976227760315,0.0018573645502328873,105.80569458007812,0.003456867765635252,9.051949018612504e-05,38.189212799072266,2.7705655097961426,0.0004197882954031229,2.933490941359196e-05,14.310194969177246,7.393728733062744,0.0010264198062941432,0.00010564377589616925,9.715856552124023,0.0011246443027630448,0.00014366854156833142,7.828048229217529,1.2411595582962036,0.0010732731316238642,0.00012405839515849948,8.65135383605957,1.1230446100234985,0.05509985238313675,0.05669502913951874,0.9718639850616455,0.06548941135406494,0.06725194305181503,0.9737921357154846,0.011487238109111786,0.011768530122935772,0.9760980010032654,0.30957552790641785,0.31493863463401794,0.9829709529876709,0.3329814672470093,0.33803123235702515,0.9850611686706543,0.1399557739496231,0.14178603887557983,0.9870913624763489,1.1828126907348633,1.1936516761779785,0.022957121953368187,0.02342900075018406,0.010838985443115234,1.0970615148544312,0.006995392497628927,0.09659016132354736,1.0,0.31033802032470703,poincare,5.0,3,gaussian,gaussian,60000,0.3,0.3,"[0.0, 0.0, 0.0]","[0.28867513, 0.28867513, 0.28867513]",1,,,True
norm__poi_d4_c10_s34,0.01913353055715561,0.018101705238223076,0.01913353055715561,20.0,0.0,0.019121691584587097,0.019121691584587097,-0.9876508116722107,-0.9876508116722107,-0.9917894005775452,-0.9922910928726196,0.025906870141625404,0.0,1.0,0.16041934490203857,0.25155505537986755,0.01312640868127346,0.18277020752429962,9.99999883788405e-07,6.274751285673119e-06,0.19462427496910095,0.005166555754840374,0.026546308770775795,0.00012198243348393589,0.0006267585558816791,0.0004520416259765625,0.00045931339263916016,1.016086459159851,0.0004748106002807617,1.050369143486023,0.5081666707992554,0.02733835019171238,0.4964999854564667,0.02733835019171238,0.5036666393280029,0.040534697473049164,0.49316665530204773,0.040534697473049164,0.503166675567627,0.01203909795731306,0.4933333396911621,0.01203909795731306,0.1957312673330307,0.0012213473673909903,160.2584686279297,0.006165934726595879,0.00010006310185417533,61.62045669555664,2.6007347106933594,0.0001412873389199376,1.2703550055448432e-05,11.121877670288086,14.409299850463867,0.0004681945138145238,9.964819764718413e-05,4.698474407196045,0.0004981160163879395,0.00011501671542646363,4.330814361572266,1.0848939418792725,0.0005189498770050704,0.0001202369894599542,4.31605863571167,1.0886030197143555,0.038863152265548706,0.03841206803917885,1.0117433071136475,0.09229493886232376,0.09080377221107483,1.016421914100647,0.008055569604039192,0.007874180562794209,1.0230358839035034,0.2684861719608307,0.26623982191085815,1.0084372758865356,0.40454789996147156,0.4004403352737427,1.010257601737976,0.11981485784053802,0.11824987083673477,1.0132346153259277,1.3636256456375122,1.376272439956665,0.0767287164926529,0.08766316622495651,0.012646794319152832,1.2020723819732666,0.02436763420701027,0.17420005798339844,1.0,0.26659882068634033,poincare,10.0,4,gaussian,gaussian,60000,0.3,0.3,"[0.0, 0.0, 0.0, 0.0]","[0.25, 0.25, 0.25, 0.25]",1,,,True
norm__poi_d4_c10_s42,0.01902669295668602,0.019035371020436287,0.01902669295668602,20.0,0.0,0.019112898036837578,0.019112898036837578,-0.9973762035369873,-0.9973762035369873,-0.9973761439323425,-0.9984838962554932,0.025557704269886017,0.0,1.0,0.15932784974575043,0.2490815669298172,0.013127081096172333,0.1816590130329132,9.99999883788405e-07,6.318349278444657e-06,0.19610927999019623,0.005201744381338358,0.026524724438786507,0.00010417067096568644,0.0005311868735589087,0.0002859830856323242,0.0002911090850830078,1.017924189567566,0.00028526782989501953,0.9974989295005798,0.4846666753292084,0.02692304737865925,0.48633334040641785,0.02692304737865925,0.4873333275318146,0.03993574529886246,0.484333336353302,0.03993574529886246,0.4816666543483734,0.011810500174760818,0.4740000069141388,0.011810500174760818,0.19584153592586517,0.001641965820454061,119.27259063720703,0.006215197965502739,9.508358198218048e-05,65.3656234741211,1.8246990442276,0.00012278826034162194,1.1510663171065971e-05,10.667348861694336,11.181089401245117,0.00031390192452818155,6.294858030742034e-05,4.986640453338623,0.0003301779506728053,7.457812898792326e-05,4.427275657653809,1.126345157623291,0.00030029218760319054,6.042847962817177e-05,4.969381809234619,1.0034730434417725,0.0394672192633152,0.038137286901474,1.0348721742630005,0.09366212785243988,0.09019890427589417,1.0383954048156738,0.008137875236570835,0.007857846096158028,1.0356369018554688,0.26999741792678833,0.26574575901031494,1.0159989595413208,0.40667811036109924,0.39974820613861084,1.0173356533050537,0.12022418528795242,0.11827822029590607,1.016452431678772,1.3711729049682617,1.3696070909500122,0.08621811866760254,0.07948409020900726,-0.001565694808959961,1.2073365449905396,0.028132520616054535,0.16227054595947266,1.0,0.26847559213638306,poincare,10.0,4,gaussian,gaussian,60000,0.3,0.3,"[0.0, 0.0, 0.0, 0.0]","[0.25, 0.25, 0.25, 0.25]",1,,,True
norm__poi_d4_c10_s50,0.019035708159208298,0.018277477473020554,0.019035708159208298,20.0,0.0,0.018941327929496765,0.018941327929496765,-0.9883021712303162,-0.9883021712303162,-0.991054356098175,-0.9955785274505615,0.025501877069473267,0.0,1.0,0.15919272601604462,0.281561017036438,0.012628993950784206,0.18059316277503967,9.99999883788405e-07,6.320481588772964e-06,0.1940278261899948,0.005366311874240637,0.027657432481646538,0.00013905257219448686,0.0007166629657149315,0.0005404949188232422,0.0005400180816650391,0.9991177320480347,0.0005507469177246094,1.0189677476882935,0.47699999809265137,0.026883035898208618,0.47333332896232605,0.026883035898208618,0.4754999876022339,0.039864134043455124,0.4736666679382324,0.039864134043455124,0.47566667199134827,0.011766773648560047,0.47099998593330383,0.011766773648560047,0.1947682499885559,0.0014337856555357575,135.8419647216797,0.0063575683161616325,0.00010698864934965968,59.422828674316406,2.2860231399536133,0.0001587481383467093,1.663472176005598e-05,9.543179512023926,14.234456062316895,0.0005692999111488461,0.00010277428373228759,5.539322376251221,0.000573579513002187,0.0001080436777556315,5.308773994445801,1.04342782497406,0.0005925059667788446,0.00011493563943076879,5.155111312866211,1.0745301246643066,0.03913296014070511,0.03775661066174507,1.0364532470703125,0.09281536936759949,0.08915026485919952,1.0411115884780884,0.0080862483009696,0.007740368600934744,1.0446851253509521,0.2690174877643585,0.26392099261283875,1.019310712814331,0.40510106086730957,0.3968673646450043,1.0207468271255493,0.11988562345504761,0.11726047098636627,1.0223872661590576,1.3676015138626099,1.3730015754699707,0.07937321066856384,0.08418779075145721,0.0054000611416995525,1.2036391496658325,0.025912590324878693,0.16936242580413818,1.0,0.26577016711235046,poincare,10.0,4,gaussian,gaussian,60000,0.3,0.3,"[0.0, 0.0, 0.0, 0.0]","[0.25, 0.25, 0.25, 0.25]",1,,,True
norm__poi_d4_c1_s34,0.14583763480186462,0.14550071954727173,0.14583763480186462,20.0,0.0,0.14354918897151947,0.14354918897151947,0.9396264553070068,0.9396264553070068,0.9288196563720703,0.932588517665863,0.2633677124977112,0.0,1.0,0.5114342570304871,0.8177831172943115,0.042436596006155014,0.5838397145271301,9.99999883788405e-07,1.968511469385703e-06,0.3776686489582062,0.005176900420337915,0.013707518577575684,0.003710300661623478,0.009824221022427082,0.0004709959030151367,0.0004786252975463867,1.0161983966827393,0.0004951953887939453,1.0513794422149658,0.5073333382606506,0.08645151555538177,0.49816668033599854,0.08645151555538177,0.5046666860580444,0.040534697473049164,0.49666666984558105,0.040534697473049164,0.5086666345596313,0.03807126358151436,0.5008333325386047,0.03807126358151436,0.3914225995540619,0.006313962861895561,61.9931755065918,0.006167740095406771,9.850474452832714e-05,62.6136360168457,0.9900906682014465,0.00445869006216526,8.299550245283172e-05,53.722068786621094,1.1539610624313354,0.0004902482032775879,0.00011311737762298435,4.333977699279785,0.0005127469776198268,0.0001136461432906799,4.511785507202148,0.9605903029441833,0.0005225936765782535,0.0001177364683826454,4.43867301940918,0.9764129519462585,0.3878457546234131,0.3841206729412079,1.0096975564956665,0.09200922399759293,0.09080377221107483,1.013275384902954,0.08026537299156189,0.07874181121587753,1.0193488597869873,0.8481073379516602,0.8419243097305298,1.0073438882827759,0.40391722321510315,0.4004403352737427,1.0086826086044312,0.3781936764717102,0.3739389181137085,1.0113781690597534,1.3654730319976807,1.376272439956665,0.07678591459989548,0.08766315877437592,0.010799527168273926,1.2020723819732666,0.02436763420701027,0.17420005798339844,1.0,0.8426450490951538,poincare,1.0,4,gaussian,gaussian,60000,0.3,0.3,"[0.0, 0.0, 0.0, 0.0]","[0.25, 0.25, 0.25, 0.25]",1,,,True
norm__poi_d4_c1_s42,0.14559277892112732,0.14194712042808533,0.14559277892112732,20.0,0.0,0.14650797843933105,0.14650797843933105,0.9396792650222778,0.9396792650222778,0.9260914921760559,0.9228236675262451,0.2540627121925354,0.0,1.0,0.5022698640823364,0.8011674284934998,0.04227816313505173,0.5740833878517151,9.99999883788405e-07,2.0048673832206987e-06,0.4006674289703369,0.005208116956055164,0.012998604215681553,0.0036674595903605223,0.009153375402092934,0.0003153085708618164,0.0003172159194946289,1.0060491561889648,0.0003110170364379883,0.9863893985748291,0.48649999499320984,0.08513814955949783,0.4846666753292084,0.08513814955949783,0.4883333444595337,0.039935652166604996,0.48750001192092896,0.039935652166604996,0.48366665840148926,0.03734912723302841,0.4779999852180481,0.03734912723302841,0.39419710636138916,0.009073345921933651,43.44561767578125,0.006216900423169136,8.762673678575084e-05,70.94752502441406,0.6123626828193665,0.004415989853441715,8.360481297131628e-05,52.81980895996094,0.822525143623352,0.0003543297352734953,6.673590542050079e-05,5.309432029724121,0.0003538847086019814,7.842641934985295e-05,4.512314796447754,1.1766537427902222,0.0003313183842692524,7.053674198687077e-05,4.697103500366211,1.1303629875183105,0.3948371708393097,0.3813728392124176,1.0353047847747803,0.09370110183954239,0.09019889682531357,1.038827657699585,0.08145561069250107,0.07857845723628998,1.036615014076233,0.853955090045929,0.8403618931770325,1.016175389289856,0.4067552387714386,0.39974817633628845,1.017528772354126,0.3803507387638092,0.37402859330177307,1.0169029235839844,1.37005615234375,1.3696070909500122,0.08465997874736786,0.07948409765958786,-0.00044906139373779297,1.2073365449905396,0.028132516890764236,0.16227054595947266,1.0,0.8491069078445435,poincare,1.0,4,gaussian,gaussian,60000,0.3,0.3,"[0.0, 0.0, 0.0, 0.0]","[0.25, 0.25, 0.25, 0.25]",1,,,True
norm__poi_d4_c1_s50,0.14611785113811493,0.1448623239994049,0.14611785113811493,20.0,0.0,0.14729921519756317,0.14729921519756317,0.9345489144325256,0.9345489144325256,0.9183298945426941,0.8910972476005554,0.25961780548095703,0.0,1.0,0.5078593492507935,0.9162662029266357,0.04118353873491287,0.5775022506713867,9.99999883788405e-07,1.981751665880438e-06,0.38136938214302063,0.005383655428886414,0.014116642996668816,0.003866027109324932,0.010137224569916725,0.0005897283554077148,0.0005897283554077148,1.0,0.0005991458892822266,1.0159692764282227,0.4788333475589752,0.08501162379980087,0.4794999957084656,0.08501162379980087,0.47833332419395447,0.03986404091119766,0.4801666736602783,0.03986404091119766,0.47716665267944336,0.03721002861857414,0.47616666555404663,0.03721002861857414,0.3916550576686859,0.009240289218723774,42.38558578491211,0.006369506940245628,0.00010822153853951022,58.85618591308594,0.7201551795005798,0.0046078418381512165,0.00010734095849329606,42.92715072631836,0.9873841404914856,0.0006181598291732371,0.00011967868340434507,5.165162563323975,0.0006263137329369783,0.00010934856254607439,5.727681636810303,0.9017893671989441,0.0006382187712006271,0.00012175244046375155,5.24193811416626,0.9853535890579224,0.39037439227104187,0.37756606936454773,1.0339233875274658,0.09247761964797974,0.08915026485919952,1.037322998046875,0.08052865415811539,0.07740368694067001,1.040372371673584,0.8495849370956421,0.8345913887023926,1.0179650783538818,0.4043515622615814,0.3968673646450043,1.0188581943511963,0.3783082962036133,0.3708101809024811,1.0202209949493408,1.3695346117019653,1.3730015754699707,0.07924298942089081,0.08418779820203781,0.003466963768005371,1.203639268875122,0.025912584736943245,0.16936230659484863,1.0,0.8398903012275696,poincare,1.0,4,gaussian,gaussian,60000,0.3,0.3,"[0.0, 0.0, 0.0, 0.0]","[0.25, 0.25, 0.25, 0.25]",1,,,True
norm__poi_d4_c2_s34,0.07301205396652222,0.07081153988838196,0.07301205396652222,56.0,0.0,0.07256993651390076,0.07256993651390076,-0.16201002895832062,-0.16201002895832062,-0.16319051384925842,-0.15844053030014038,0.21648144721984863,0.0,1.0,0.44807881116867065,1.2553104162216187,0.1252189576625824,0.6692136526107788,9.99999883788405e-07,2.4351916181331035e-06,0.3201180696487427,0.004987475462257862,0.015580112114548683,0.000932681723497808,0.0029135553631931543,0.00015294551849365234,0.00015532970428466797,1.0155885219573975,0.00015616416931152344,1.021044373512268,0.5115000009536743,0.06113040819764137,0.5090000033378601,0.06113040819764137,0.5088333487510681,0.04053478688001633,0.5106666684150696,0.04053478688001633,0.5106666684150696,0.02692030929028988,0.512333333492279,0.02692030929028988,0.32540324330329895,0.003616830101236701,89.96917724609375,0.005979754030704498,9.22536346479319e-05,64.8186264038086,1.3880141973495483,0.0011549486080184579,3.062346877413802e-05,37.71449279785156,2.385533332824707,0.00019808215438388288,5.8513873227639124e-05,3.385216474533081,0.00018532278772909194,5.5955304560484365e-05,3.311978578567505,1.0221130847930908,0.00017856758495327085,5.8691461163107306e-05,3.0424797534942627,1.1126503944396973,0.189645916223526,0.19206030666828156,0.9874290227890015,0.089714415371418,0.09080374985933304,0.9880034327507019,0.03894894942641258,0.03937090188264847,0.9892826080322266,0.5923972725868225,0.5953302979469299,0.9950732588768005,0.39864644408226013,0.4004403352737427,0.9955201745033264,0.263415664434433,0.2644147276878357,0.9962216019630432,1.3724684715270996,1.376272439956665,0.0899437889456749,0.08766312897205353,0.0038040876388549805,1.2020723819732666,0.024367624893784523,0.17420005798339844,1.0,0.5921451449394226,poincare,2.0,4,gaussian,gaussian,60000,0.3,0.3,"[0.0, 0.0, 0.0, 0.0]","[0.25, 0.25, 0.25, 0.25]",1,,,True
norm__poi_d4_c2_s42,0.07276017218828201,0.07492433488368988,0.07276017218828201,50.0,0.0,0.07303718477487564,0.07303718477487564,-0.16542024910449982,-0.16542024910449982,-0.17343290150165558,-0.17264969646930695,0.18901818990707397,0.0,1.0,0.4182290732860565,1.2216984033584595,0.11869148910045624,0.6309267282485962,9.99999883788405e-07,2.6145139599975664e-06,0.3277648687362671,0.005808351561427116,0.017721092328429222,0.0012039594585075974,0.003673241240903735,0.0002868175506591797,0.0003120899200439453,1.0881130695343018,0.0003129243850708008,1.0910224914550781,0.48366665840148926,0.06020176038146019,0.4934999942779541,0.06020176038146019,0.4858333468437195,0.03993574529886246,0.49433332681655884,0.03993574529886246,0.48350000381469727,0.026409398764371872,0.4881666600704193,0.026409398764371872,0.3261027932167053,0.004841709975153208,67.35281372070312,0.006817502900958061,0.0001370631653117016,49.73986053466797,1.3541014194488525,0.00142543890979141,4.435950540937483e-05,32.1337890625,2.0960121154785156,0.0002992868539877236,4.8964546294882894e-05,6.1123175621032715,0.00034382741432636976,7.667959289392456e-05,4.483949184417725,1.3631550073623657,0.0003428657946642488,7.888757681939751e-05,4.346258640289307,1.4063400030136108,0.19297516345977783,0.1906864047050476,1.01200270652771,0.09097020328044891,0.09019888192415237,1.0085513591766357,0.03897548094391823,0.03928922861814499,0.9920144081115723,0.5955349206924438,0.5942255258560181,1.0022035837173462,0.4002200961112976,0.39974817633628845,1.0011805295944214,0.26304829120635986,0.2644781470298767,0.9945936799049377,1.394148588180542,1.3696070909500122,0.12348970770835876,0.07948406040668488,-0.024541495367884636,1.20733642578125,0.02813250757753849,0.1622706651687622,1.0,0.5962753295898438,poincare,2.0,4,gaussian,gaussian,60000,0.3,0.3,"[0.0, 0.0, 0.0, 0.0]","[0.25, 0.25, 0.25, 0.25]",1,,,True
norm__poi_d4_c2_s50,0.09210740029811859,0.09410634636878967,0.09210740029811859,20.0,0.0,0.09152308106422424,0.09152308106422424,-0.0679507851600647,-0.0679507851600647,-0.16077357530593872,-0.1742979735136032,0.12800772488117218,0.0,1.0,0.3563653826713562,0.6525522470474243,0.031797364354133606,0.4081692397594452,9.99999883788405e-07,2.8286083306738874e-06,0.32104480266571045,0.005387525074183941,0.01678122580051422,0.0011320537887513638,0.003526155138388276,0.0005750656127929688,0.0005737543106079102,0.9977197051048279,0.0005691051483154297,0.989635169506073,0.4868333339691162,0.06011229380965233,0.4871666729450226,0.06011229380965233,0.4816666543483734,0.03986404091119766,0.4830000102519989,0.03986404091119766,0.47966668009757996,0.026311462745070457,0.48266667127609253,0.026311462745070457,0.32521840929985046,0.0049511161632835865,65.68587493896484,0.006352534517645836,0.00011456828360678628,55.44758224487305,1.1846481561660767,0.0013500170316547155,5.817901183036156e-05,23.20453643798828,2.8307344913482666,0.000612064206507057,0.00011211667151656002,5.459172248840332,0.0006056746351532638,0.00011036796058760956,5.487776279449463,0.9947877526283264,0.0006114562856964767,0.00011015214840881526,5.551015853881836,0.9834546446800232,0.19140662252902985,0.18878301978111267,1.01389741897583,0.09066911041736603,0.08915025740861893,1.017037034034729,0.03958066180348396,0.03870183974504471,1.022707462310791,0.5944987535476685,0.5901452302932739,1.007377028465271,0.40031012892723083,0.3968673646450043,1.0086749792099,0.2651740312576294,0.2622023820877075,1.0113334655761719,1.3613049983978271,1.3730014562606812,0.07324614375829697,0.08418776094913483,0.011696457862854004,1.2036391496658325,0.0259125754237175,0.16936230659484863,1.0,0.5907652378082275,poincare,2.0,4,gaussian,gaussian,60000,0.3,0.3,"[0.0, 0.0, 0.0, 0.0]","[0.25, 0.25, 0.25, 0.25]",1,,,True
norm__poi_d4_c3_s34,0.048752401024103165,0.04839944466948509,0.048752401024103165,50.0,0.0,0.048774413764476776,0.048774413764476776,-0.5320637822151184,-0.5320637822151184,-0.5539411306381226,-0.5537492632865906,0.1353754699230194,0.0,1.0,0.35568204522132874,1.0106881856918335,0.09407244622707367,0.528736412525177,9.99999883788405e-07,3.0068422347540036e-06,0.28604233264923096,0.005900923628360033,0.02062954567372799,0.0007405576179735363,0.0025889789685606956,0.00044715404510498047,0.00046455860137939453,1.038922905921936,0.0004761219024658203,1.064782738685608,0.5205000042915344,0.049912769347429276,0.5285000205039978,0.049912769347429276,0.5213333368301392,0.0405346043407917,0.5278333425521851,0.0405346043407917,0.5198333263397217,0.02198011614382267,0.5295000076293945,0.02198011614382267,0.28818953037261963,0.00263325497508049,109.44232177734375,0.006920760963112116,0.0001286669576074928,53.788177490234375,2.034691095352173,0.0008594649843871593,3.493239273666404e-05,24.603670120239258,4.448211669921875,0.0004937609191983938,9.50761532294564e-05,5.193320274353027,0.0004952907911501825,9.152851271210238e-05,5.411327362060547,0.9597128033638,0.0004977822536602616,0.0001014360022963956,4.907352924346924,1.058273196220398,0.12527140974998474,0.12804019451141357,0.9783756732940674,0.08854349702596664,0.09080374985933304,0.9751083850860596,0.025292301550507545,0.026247268542647362,0.9636164307594299,0.4802676737308502,0.4860851764678955,0.9880319237709045,0.39540332555770874,0.4004403352737427,0.9874213337898254,0.2122395783662796,0.2158937305212021,0.9830743670463562,1.39076566696167,1.376272439956665,0.1305331438779831,0.08766311407089233,-0.014493227936327457,1.2020723819732666,0.024367624893784523,0.17420005798339844,1.0,0.48193439841270447,poincare,3.0,4,gaussian,gaussian,60000,0.3,0.3,"[0.0, 0.0, 0.0, 0.0]","[0.25, 0.25, 0.25, 0.25]",1,,,True
norm__poi_d4_c3_s42,0.04851502180099487,0.047009747475385666,0.04851502180099487,50.0,0.0,0.04881495237350464,0.04881495237350464,-0.5357170701026917,-0.5357170701026917,-0.5530874729156494,-0.5539087057113647,0.12725846469402313,0.0,1.0,0.3427095413208008,0.9965915679931641,0.09898819029331207,0.5185942649841309,9.99999883788405e-07,3.207500185453682e-06,0.29065239429473877,0.005336184054613113,0.018359333276748657,0.0005874940543435514,0.0020212943200021982,0.00015270709991455078,0.00015437602996826172,1.010928988456726,0.00015604496002197266,1.0218579769134521,0.48366665840148926,0.049154531210660934,0.4973333477973938,0.049154531210660934,0.4846666753292084,0.039935652166604996,0.4983333349227905,0.039935652166604996,0.4814999997615814,0.021563299000263214,0.492166668176651,0.021563299000263214,0.2897454500198364,0.003642756724730134,79.5401611328125,0.006322694942355156,0.00011839352373499423,53.4040641784668,1.4894028902053833,0.0007065059617161751,2.4192320779548027e-05,29.203725814819336,2.723630428314209,0.00017516613297630101,3.3952645026147366e-05,5.159130573272705,0.00018416246166452765,4.2506093450356275e-05,4.332612991333008,1.1907665729522705,0.00018026828183792531,3.6727742553921416e-05,4.90823221206665,1.0511178970336914,0.1264360398054123,0.12712426483631134,0.9945862889289856,0.08966144919395447,0.09019887447357178,0.9940418004989624,0.025810811668634415,0.026192819699645042,0.985415518283844,0.48245149850845337,0.48518311977386475,0.9943699836730957,0.3976782560348511,0.39974817633628845,0.9948219656944275,0.21411457657814026,0.2159455418586731,0.9915212988853455,1.377629280090332,1.3696070909500122,0.10296319425106049,0.07948405295610428,-0.008022069931030273,1.20733642578125,0.02813250757753849,0.1622706651687622,1.0,0.4848080277442932,poincare,3.0,4,gaussian,gaussian,60000,0.3,0.3,"[0.0, 0.0, 0.0, 0.0]","[0.25, 0.25, 0.25, 0.25]",1,,,True
norm__poi_d4_c3_s50,0.048628196120262146,0.04668724909424782,0.048628196120262146,50.0,0.0,0.04790693148970604,0.04790693148970604,-0.5471296310424805,-0.5471296310424805,-0.556579053401947,-0.5685052871704102,0.1293647438287735,0.0,1.0,0.34762316942214966,1.1535676717758179,0.09228573739528656,0.516014814376831,9.99999883788405e-07,3.0873063678882318e-06,0.2857930660247803,0.006178353447467089,0.021618278697133064,0.0008340284693986177,0.0029182948637753725,0.0007269382476806641,0.0007613897323608398,1.0473926067352295,0.0007586479187011719,1.0436208248138428,0.4868333339691162,0.049081481993198395,0.49950000643730164,0.049081481993198395,0.484333336353302,0.03986404091119766,0.4973333477973938,0.03986404091119766,0.48399999737739563,0.021482987329363823,0.4911666810512543,0.021482987329363823,0.28791511058807373,0.003616454778239131,79.6125259399414,0.007135878782719374,0.00015793948841746897,45.181095123291016,1.7620760202407837,0.0009440754074603319,3.583040233934298e-05,26.348445892333984,3.021526336669922,0.0007892887806519866,0.00014446144632529467,5.463663578033447,0.0008007010328583419,0.00013680962729267776,5.852665901184082,0.9335342049598694,0.0008058548555709422,0.00013632012996822596,5.911488056182861,0.9242450594902039,0.12684857845306396,0.12585534155368805,1.0078918933868408,0.08949808776378632,0.08915025740861893,1.0039016008377075,0.025527898222208023,0.02580122835934162,0.9894062280654907,0.4828178584575653,0.4818515479564667,1.0020054578781128,0.39710333943367004,0.3968673050403595,1.0005948543548584,0.21298007667064667,0.2140873670578003,0.9948279857635498,1.3966596126556396,1.3730014562606812,0.13057784736156464,0.08418776094913483,-0.023658158257603645,1.2036391496658325,0.025912579149007797,0.16936230659484863,1.0,0.48126524686813354,poincare,3.0,4,gaussian,gaussian,60000,0.3,0.3,"[0.0, 0.0, 0.0, 0.0]","[0.25, 0.25, 0.25, 0.25]",1,,,True
norm__poi_d4_c5_s34,0.038264233618974686,0.03621693700551987,0.038264233618974686,20.0,0.0,0.03824298828840256,0.03824298828840256,-0.7768823504447937,-0.7768823504447937,-0.7802705764770508,-0.7799015045166016,0.05175955221056938,0.0,1.0,0.22674405574798584,0.3559412360191345,0.018608687445521355,0.25839486718177795,9.99999883788405e-07,4.4395251279638615e-06,0.24627585709095,0.005171684082597494,0.02099955826997757,0.0002841979148797691,0.0011539820116013288,0.0004636049270629883,0.00047147274017333984,1.0169709920883179,0.0004864931106567383,1.0493700504302979,0.5081666707992554,0.03866226598620415,0.4971666634082794,0.03866226598620415,0.5034999847412109,0.04053488001227379,0.4936666786670685,0.04053488001227379,0.5036666393280029,0.017025964334607124,0.49416667222976685,0.017025964334607124,0.24836741387844086,0.001990722957998514,124.76241302490234,0.0061698658391833305,0.0001004981531878002,61.39282989501953,2.032198667526245,0.00033811727189458907,2.0038896764162928e-05,16.873048782348633,7.39418363571167,0.00047967437421903014,0.00010092221054947004,4.7529120445251465,0.0005101601709611714,0.00011631230154307559,4.386124134063721,1.0836246013641357,0.0005301475757732987,0.00012157174205640331,4.360779762268066,1.089922547340393,0.07765398174524307,0.0768241286277771,1.0108020305633545,0.09221070259809494,0.09080377221107483,1.0154942274093628,0.01609884202480316,0.015748361125588417,1.0222550630569458,0.3795107305049896,0.37651997804641724,1.0079431533813477,0.4043622314929962,0.4004403352737427,1.0097938776016235,0.16937826573848724,0.16723056137561798,1.0128427743911743,1.3631749153137207,1.376272439956665,0.07641023397445679,0.08766316622495651,0.013097523711621761,1.2020723819732666,0.02436763420701027,0.17420005798339844,1.0,0.3769387900829315,poincare,5.0,4,gaussian,gaussian,60000,0.3,0.3,"[0.0, 0.0, 0.0, 0.0]","[0.25, 0.25, 0.25, 0.25]",1,,,True
norm__poi_d4_c5_s42,0.029110349714756012,0.027924351394176483,0.029110349714756012,50.0,0.0,0.029313771054148674,0.029313771054148674,-0.8223443031311035,-0.8223443031311035,-0.8424196839332581,-0.8442971110343933,0.07225986570119858,0.0,1.0,0.25851544737815857,0.7706014513969421,0.07365167886018753,0.3946225047111511,9.99999883788405e-07,4.194241228105966e-06,0.24796327948570251,0.006114484276622534,0.02465882897377014,0.0003659719950519502,0.0014759120531380177,0.00016105175018310547,0.00017964839935302734,1.115470051765442,0.00015938282012939453,0.9896373152732849,0.4805000126361847,0.03807493671774864,0.49566665291786194,0.03807493671774864,0.4860000014305115,0.03993574529886246,0.49566665291786194,0.03993574529886246,0.4801666736602783,0.01670290343463421,0.4880000054836273,0.01670290343463421,0.24732540547847748,0.0025178033392876387,98.23062133789062,0.007091126870363951,0.00010650356853147969,66.58112335205078,1.47535240650177,0.00042497619870118797,1.9258079191786237e-05,22.067424774169922,4.451385974884033,0.00020507971930783242,4.025631642434746e-05,5.094348907470703,0.00020855666662100703,4.828034798265435e-05,4.319701194763184,1.1793290376663208,0.00020242533355485648,5.503174179466441e-05,3.678337812423706,1.3849594593048096,0.07783057540655136,0.076274573802948,1.020400047302246,0.09182745218276978,0.09019889682531357,1.0180552005767822,0.01574869081377983,0.015715692192316055,1.0020997524261475,0.37815558910369873,0.3758212625980377,1.0062114000320435,0.4019715487957001,0.39974817633628845,1.0055619478225708,0.16716471314430237,0.16727067530155182,0.9993665218353271,1.3926360607147217,1.3696070909500122,0.12542130053043365,0.07948409020900726,-0.023028967902064323,1.2073365449905396,0.028132516890764236,0.16227054595947266,1.0,0.37782642245292664,poincare,5.0,4,gaussian,gaussian,60000,0.3,0.3,"[0.0, 0.0, 0.0, 0.0]","[0.25, 0.25, 0.25, 0.25]",1,,,True
norm__poi_d4_c5_s50,0.038069285452365875,0.03694065660238266,0.038069285452365875,20.0,0.0,0.0379498153924942,0.0379498153924942,-0.7806280255317688,-0.7806280255317688,-0.7824755311012268,-0.7881567478179932,0.050923414528369904,0.0,1.0,0.2249402403831482,0.39576220512390137,0.01803264021873474,0.2552945017814636,9.99999883788405e-07,4.47381762569421e-06,0.24590656161308289,0.005414154846221209,0.022017119452357292,0.00032827400718815625,0.001334954285994172,0.0006110668182373047,0.0006128549575805664,1.002926230430603,0.0006233453750610352,1.0200936794281006,0.47616666555404663,0.038018353283405304,0.4738333225250244,0.038018353283405304,0.47733333706855774,0.03986399620771408,0.4740000069141388,0.03986399620771408,0.4781666696071625,0.016640672460198402,0.47316667437553406,0.016640672460198402,0.24726314842700958,0.0023209736682474613,106.53422546386719,0.006403135135769844,0.0001163950000773184,55.012123107910156,1.9365590810775757,0.00038199982373043895,2.756551475613378e-05,13.85788631439209,7.687623500823975,0.0006463846075348556,0.0001136293140007183,5.68853759765625,0.0006439328426495194,0.00011586846085265279,5.55744743347168,1.0235882997512817,0.0006683747051283717,0.00011809085117420182,5.659835338592529,1.0050711631774902,0.07809342443943024,0.07551321387290955,1.0341689586639404,0.09261133521795273,0.08915026485919952,1.038822889328003,0.016141917556524277,0.015480737201869488,1.0427098274230957,0.38000431656837463,0.3732406497001648,1.0181214809417725,0.40465104579925537,0.3968673646450043,1.0196127891540527,0.16938050091266632,0.16583135724067688,1.02140212059021,1.3666549921035767,1.3730015754699707,0.07865116745233536,0.08418780565261841,0.006346582900732756,1.203639268875122,0.025912586599588394,0.16936230659484863,1.0,0.37565943598747253,poincare,5.0,4,gaussian,gaussian,60000,0.3,0.3,"[0.0, 0.0, 0.0, 0.0]","[0.25, 0.25, 0.25, 0.25]",1,,,True
norm__poi_d512_c10_s34,5.668903827667236,5.424315452575684,5.668903827667236,80.0,6.622324235650012e-06,5.595247268676758,5.595247268676758,165.81011962890625,165.81011962890625,165.81011962890625,165.7769775390625,7.381653785705566,0.0,1.0,1.0832974910736084,21.984130859375,2.4914615154266357,5.915247440338135,9.99999883788405e-07,4.6041528548812494e-05,3.7048301696777344,3.8549201488494873,1.040511965751648,0.03971599042415619,0.010720057412981987,0.0004074573516845703,0.0017189979553222656,4.218841552734375,0.0017192363739013672,4.21942663192749,0.10116666555404663,3.5955865383148193,0.5551666617393494,3.5955865383148193,0.3790000081062317,4.009531497955322,0.3765000104904175,4.009531497955322,0.35233333706855774,0.4065709114074707,0.343666672706604,0.4065709114074707,3.7048122882843018,0.00020714440324809402,17885.166015625,3.866173505783081,5.603123645414598e-05,69000.328125,0.25920405983924866,0.046077556908130646,5.878957836102927e-06,7837.70849609375,2.281938076019287,0.00044064922258257866,3.716402716236189e-06,118.5687484741211,0.0017493050545454025,1.9550943761714734e-05,89.47419738769531,1.3251725435256958,0.0017530719051137567,1.4750464288226794e-05,118.84860229492188,0.9976453185081482,3.847921133041382,3.855780601501465,0.9979616403579712,9.618435859680176,9.593202590942383,1.002630352973938,0.09917706251144409,0.09863429516553879,1.0055028200149536,3.7041103839874268,3.7081661224365234,0.9989062547683716,4.3852739334106445,4.379510402679443,1.0013160705566406,0.44529783725738525,0.4440765082836151,1.002750277519226,inf,inf,,,,inf,,,1.0,3.7070319652557373,poincare,10.0,512,gaussian,gaussian,60000,0.3,0.3,"[0.0, 0.0, 0.0, 0.0, 0.0, 0.0, 0.0, 0.0, 0.0, 0.0, 0.0, 0.0, 0.0, 0.0, 0.0, 0.0, 0.0, 0.0, 0.0, 0.0, 0.0, 0.0, 0.0, 0.0, 0.0, 0.0, 0.0, 0.0, 0.0, 0.0, 0.0, 0.0, 0.0, 0.0, 0.0, 0.0, 0.0, 0.0, 0.0, 0.0, 0.0, 0.0, 0.0, 0.0, 0.0, 0.0, 0.0, 0.0, 0.0, 0.0, 0.0, 0.0, 0.0, 0.0, 0.0, 0.0, 0.0, 0.0, 0.0, 0.0, 0.0, 0.0, 0.0, 0.0, 0.0, 0.0, 0.0, 0.0, 0.0, 0.0, 0.0, 0.0, 0.0, 0.0, 0.0, 0.0, 0.0, 0.0, 0.0, 0.0, 0.0, 0.0, 0.0, 0.0, 0.0, 0.0, 0.0, 0.0, 0.0, 0.0, 0.0, 0.0, 0.0, 0.0, 0.0, 0.0, 0.0, 0.0, 0.0, 0.0, 0.0, 0.0, 0.0, 0.0, 0.0, 0.0, 0.0, 0.0, 0.0, 0.0, 0.0, 0.0, 0.0, 0.0, 0.0, 0.0, 0.0, 0.0, 0.0, 0.0, 0.0, 0.0, 0.0, 0.0, 0.0, 0.0, 0.0, 0.0, 0.0, 0.0, 0.0, 0.0, 0.0, 0.0, 0.0, 0.0, 0.0, 0.0, 0.0, 0.0, 0.0, 0.0, 0.0, 0.0, 0.0, 0.0, 0.0, 0.0, 0.0, 0.0, 0.0, 0.0, 0.0, 0.0, 0.0, 0.0, 0.0, 0.0, 0.0, 0.0, 0.0, 0.0, 0.0, 0.0, 0.0, 0.0, 0.0, 0.0, 0.0, 0.0, 0.0, 0.0, 0.0, 0.0, 0.0, 0.0, 0.0, 0.0, 0.0, 0.0, 0.0, 0.0, 0.0, 0.0, 0.0, 0.0, 0.0, 0.0, 0.0, 0.0, 0.0, 0.0, 0.0, 0.0, 0.0, 0.0, 0.0, 0.0, 0.0, 0.0, 0.0, 0.0, 0.0, 0.0, 0.0, 0.0, 0.0, 0.0, 0.0, 0.0, 0.0, 0.0, 0.0, 0.0, 0.0, 0.0, 0.0, 0.0, 0.0, 0.0, 0.0, 0.0, 0.0, 0.0, 0.0, 0.0, 0.0, 0.0, 0.0, 0.0, 0.0, 0.0, 0.0, 0.0, 0.0, 0.0, 0.0, 0.0, 0.0, 0.0, 0.0, 0.0, 0.0, 0.0, 0.0, 0.0, 0.0, 0.0, 0.0, 0.0, 0.0, 0.0, 0.0, 0.0, 0.0, 0.0, 0.0, 0.0, 0.0, 0.0, 0.0, 0.0, 0.0, 0.0, 0.0, 0.0, 0.0, 0.0, 0.0, 0.0, 0.0, 0.0, 0.0, 0.0, 0.0, 0.0, 0.0, 0.0, 0.0, 0.0, 0.0, 0.0, 0.0, 0.0, 0.0, 0.0, 0.0, 0.0, 0.0, 0.0, 0.0, 0.0, 0.0, 0.0, 0.0, 0.0, 0.0, 0.0, 0.0, 0.0, 0.0, 0.0, 0.0, 0.0, 0.0, 0.0, 0.0, 0.0, 0.0, 0.0, 0.0, 0.0, 0.0, 0.0, 0.0, 0.0, 0.0, 0.0, 0.0, 0.0, 0.0, 0.0, 0.0, 0.0, 0.0, 0.0, 0.0, 0.0, 0.0, 0.0, 0.0, 0.0, 0.0, 0.0, 0.0, 0.0, 0.0, 0.0, 0.0, 0.0, 0.0, 0.0, 0.0, 0.0, 0.0, 0.0, 0.0, 0.0, 0.0, 0.0, 0.0, 0.0, 0.0, 0.0, 0.0, 0.0, 0.0, 0.0, 0.0, 0.0, 0.0, 0.0, 0.0, 0.0, 0.0, 0.0, 0.0, 0.0, 0.0, 0.0, 0.0, 0.0, 0.0, 0.0, 0.0, 0.0, 0.0, 0.0, 0.0, 0.0, 0.0, 0.0, 0.0, 0.0, 0.0, 0.0, 0.0, 0.0, 0.0, 0.0, 0.0, 0.0, 0.0, 0.0, 0.0, 0.0, 0.0, 0.0, 0.0, 0.0, 0.0, 0.0, 0.0, 0.0, 0.0, 0.0, 0.0, 0.0, 0.0, 0.0, 0.0, 0.0, 0.0, 0.0, 0.0, 0.0, 0.0, 0.0, 0.0, 0.0, 0.0, 0.0, 0.0, 0.0, 0.0, 0.0, 0.0, 0.0, 0.0, 0.0, 0.0, 0.0, 0.0, 0.0, 0.0, 0.0, 0.0, 0.0, 0.0, 0.0, 0.0, 0.0, 0.0, 0.0, 0.0, 0.0, 0.0, 0.0, 0.0, 0.0, 0.0, 0.0, 0.0, 0.0, 0.0, 0.0, 0.0, 0.0, 0.0, 0.0, 0.0, 0.0, 0.0, 0.0, 0.0, 0.0, 0.0, 0.0, 0.0, 0.0, 0.0, 0.0, 0.0, 0.0, 0.0, 0.0, 0.0, 0.0, 0.0, 0.0, 0.0, 0.0, 0.0, 0.0, 0.0, 0.0, 0.0, 0.0, 0.0, 0.0, 0.0, 0.0, 0.0, 0.0, 0.0, 0.0, 0.0, 0.0, 0.0, 0.0, 0.0, 0.0, 0.0, 0.0, 0.0, 0.0, 0.0, 0.0, 0.0, 0.0, 0.0, 0.0]","[0.02209709, 0.02209709, 0.02209709, 0.02209709, 0.02209709, 0.02209709, 0.02209709, 0.02209709, 0.02209709, 0.02209709, 0.02209709, 0.02209709, 0.02209709, 0.02209709, 0.02209709, 0.02209709, 0.02209709, 0.02209709, 0.02209709, 0.02209709, 0.02209709, 0.02209709, 0.02209709, 0.02209709, 0.02209709, 0.02209709, 0.02209709, 0.02209709, 0.02209709, 0.02209709, 0.02209709, 0.02209709, 0.02209709, 0.02209709, 0.02209709, 0.02209709, 0.02209709, 0.02209709, 0.02209709, 0.02209709, 0.02209709, 0.02209709, 0.02209709, 0.02209709, 0.02209709, 0.02209709, 0.02209709, 0.02209709, 0.02209709, 0.02209709, 0.02209709, 0.02209709, 0.02209709, 0.02209709, 0.02209709, 0.02209709, 0.02209709, 0.02209709, 0.02209709, 0.02209709, 0.02209709, 0.02209709, 0.02209709, 0.02209709, 0.02209709, 0.02209709, 0.02209709, 0.02209709, 0.02209709, 0.02209709, 0.02209709, 0.02209709, 0.02209709, 0.02209709, 0.02209709, 0.02209709, 0.02209709, 0.02209709, 0.02209709, 0.02209709, 0.02209709, 0.02209709, 0.02209709, 0.02209709, 0.02209709, 0.02209709, 0.02209709, 0.02209709, 0.02209709, 0.02209709, 0.02209709, 0.02209709, 0.02209709, 0.02209709, 0.02209709, 0.02209709, 0.02209709, 0.02209709, 0.02209709, 0.02209709, 0.02209709, 0.02209709, 0.02209709, 0.02209709, 0.02209709, 0.02209709, 0.02209709, 0.02209709, 0.02209709, 0.02209709, 0.02209709, 0.02209709, 0.02209709, 0.02209709, 0.02209709, 0.02209709, 0.02209709, 0.02209709, 0.02209709, 0.02209709, 0.02209709, 0.02209709, 0.02209709, 0.02209709, 0.02209709, 0.02209709, 0.02209709, 0.02209709, 0.02209709, 0.02209709, 0.02209709, 0.02209709, 0.02209709, 0.02209709, 0.02209709, 0.02209709, 0.02209709, 0.02209709, 0.02209709, 0.02209709, 0.02209709, 0.02209709, 0.02209709, 0.02209709, 0.02209709, 0.02209709, 0.02209709, 0.02209709, 0.02209709, 0.02209709, 0.02209709, 0.02209709, 0.02209709, 0.02209709, 0.02209709, 0.02209709, 0.02209709, 0.02209709, 0.02209709, 0.02209709, 0.02209709, 0.02209709, 0.02209709, 0.02209709, 0.02209709, 0.02209709, 0.02209709, 0.02209709, 0.02209709, 0.02209709, 0.02209709, 0.02209709, 0.02209709, 0.02209709, 0.02209709, 0.02209709, 0.02209709, 0.02209709, 0.02209709, 0.02209709, 0.02209709, 0.02209709, 0.02209709, 0.02209709, 0.02209709, 0.02209709, 0.02209709, 0.02209709, 0.02209709, 0.02209709, 0.02209709, 0.02209709, 0.02209709, 0.02209709, 0.02209709, 0.02209709, 0.02209709, 0.02209709, 0.02209709, 0.02209709, 0.02209709, 0.02209709, 0.02209709, 0.02209709, 0.02209709, 0.02209709, 0.02209709, 0.02209709, 0.02209709, 0.02209709, 0.02209709, 0.02209709, 0.02209709, 0.02209709, 0.02209709, 0.02209709, 0.02209709, 0.02209709, 0.02209709, 0.02209709, 0.02209709, 0.02209709, 0.02209709, 0.02209709, 0.02209709, 0.02209709, 0.02209709, 0.02209709, 0.02209709, 0.02209709, 0.02209709, 0.02209709, 0.02209709, 0.02209709, 0.02209709, 0.02209709, 0.02209709, 0.02209709, 0.02209709, 0.02209709, 0.02209709, 0.02209709, 0.02209709, 0.02209709, 0.02209709, 0.02209709, 0.02209709, 0.02209709, 0.02209709, 0.02209709, 0.02209709, 0.02209709, 0.02209709, 0.02209709, 0.02209709, 0.02209709, 0.02209709, 0.02209709, 0.02209709, 0.02209709, 0.02209709, 0.02209709, 0.02209709, 0.02209709, 0.02209709, 0.02209709, 0.02209709, 0.02209709, 0.02209709, 0.02209709, 0.02209709, 0.02209709, 0.02209709, 0.02209709, 0.02209709, 0.02209709, 0.02209709, 0.02209709, 0.02209709, 0.02209709, 0.02209709, 0.02209709, 0.02209709, 0.02209709, 0.02209709, 0.02209709, 0.02209709, 0.02209709, 0.02209709, 0.02209709, 0.02209709, 0.02209709, 0.02209709, 0.02209709, 0.02209709, 0.02209709, 0.02209709, 0.02209709, 0.02209709, 0.02209709, 0.02209709, 0.02209709, 0.02209709, 0.02209709, 0.02209709, 0.02209709, 0.02209709, 0.02209709, 0.02209709, 0.02209709, 0.02209709, 0.02209709, 0.02209709, 0.02209709, 0.02209709, 0.02209709, 0.02209709, 0.02209709, 0.02209709, 0.02209709, 0.02209709, 0.02209709, 0.02209709, 0.02209709, 0.02209709, 0.02209709, 0.02209709, 0.02209709, 0.02209709, 0.02209709, 0.02209709, 0.02209709, 0.02209709, 0.02209709, 0.02209709, 0.02209709, 0.02209709, 0.02209709, 0.02209709, 0.02209709, 0.02209709, 0.02209709, 0.02209709, 0.02209709, 0.02209709, 0.02209709, 0.02209709, 0.02209709, 0.02209709, 0.02209709, 0.02209709, 0.02209709, 0.02209709, 0.02209709, 0.02209709, 0.02209709, 0.02209709, 0.02209709, 0.02209709, 0.02209709, 0.02209709, 0.02209709, 0.02209709, 0.02209709, 0.02209709, 0.02209709, 0.02209709, 0.02209709, 0.02209709, 0.02209709, 0.02209709, 0.02209709, 0.02209709, 0.02209709, 0.02209709, 0.02209709, 0.02209709, 0.02209709, 0.02209709, 0.02209709, 0.02209709, 0.02209709, 0.02209709, 0.02209709, 0.02209709, 0.02209709, 0.02209709, 0.02209709, 0.02209709, 0.02209709, 0.02209709, 0.02209709, 0.02209709, 0.02209709, 0.02209709, 0.02209709, 0.02209709, 0.02209709, 0.02209709, 0.02209709, 0.02209709, 0.02209709, 0.02209709, 0.02209709, 0.02209709, 0.02209709, 0.02209709, 0.02209709, 0.02209709, 0.02209709, 0.02209709, 0.02209709, 0.02209709, 0.02209709, 0.02209709, 0.02209709, 0.02209709, 0.02209709, 0.02209709, 0.02209709, 0.02209709, 0.02209709, 0.02209709, 0.02209709, 0.02209709, 0.02209709, 0.02209709, 0.02209709, 0.02209709, 0.02209709, 0.02209709, 0.02209709, 0.02209709, 0.02209709, 0.02209709, 0.02209709, 0.02209709, 0.02209709, 0.02209709, 0.02209709, 0.02209709, 0.02209709, 0.02209709, 0.02209709, 0.02209709, 0.02209709, 0.02209709, 0.02209709, 0.02209709, 0.02209709, 0.02209709, 0.02209709, 0.02209709, 0.02209709, 0.02209709, 0.02209709, 0.02209709, 0.02209709, 0.02209709, 0.02209709, 0.02209709, 0.02209709, 0.02209709, 0.02209709, 0.02209709, 0.02209709, 0.02209709, 0.02209709, 0.02209709, 0.02209709, 0.02209709, 0.02209709, 0.02209709, 0.02209709, 0.02209709, 0.02209709, 0.02209709, 0.02209709, 0.02209709, 0.02209709, 0.02209709, 0.02209709, 0.02209709, 0.02209709, 0.02209709, 0.02209709, 0.02209709, 0.02209709, 0.02209709, 0.02209709, 0.02209709, 0.02209709, 0.02209709, 0.02209709, 0.02209709, 0.02209709, 0.02209709, 0.02209709, 0.02209709, 0.02209709, 0.02209709, 0.02209709, 0.02209709, 0.02209709, 0.02209709, 0.02209709, 0.02209709, 0.02209709, 0.02209709, 0.02209709, 0.02209709, 0.02209709]",1,,,True
norm__poi_d512_c10_s42,5.616519927978516,5.936800003051758,5.616519927978516,78.0,9.90678836387815e-06,5.838246822357178,5.838246822357178,165.77064514160156,165.77064514160156,165.7706298828125,165.71975708007812,7.889387607574463,0.0,1.0,1.114938735961914,22.05976104736328,2.5739502906799316,6.268621921539307,9.99999883788405e-07,4.364086271380074e-05,3.7047982215881348,3.8547005653381348,1.0404616594314575,0.03970897197723389,0.010718255303800106,0.0004038810729980469,0.0016897916793823242,4.183884143829346,0.0016901493072509766,4.184769630432129,0.06833333522081375,3.631915807723999,0.5583333373069763,3.631915807723999,0.39266666769981384,4.009241580963135,0.39366665482521057,4.009241580963135,0.36766666173934937,0.4065227508544922,0.36550000309944153,0.4065227508544922,3.7048351764678955,0.00021281767112668604,17408.494140625,3.8659727573394775,5.8200606872560456e-05,66424.953125,0.2620776295661926,0.0460706427693367,4.541076577879721e-06,10145.3125,1.7159150838851929,0.0004366159555502236,3.470240699243732e-06,125.81719970703125,0.0017228882061317563,1.4514003851218149e-05,118.70523071289062,1.0599128007888794,0.0017169873462989926,1.8888449631049298e-05,90.90145111083984,1.3841056823730469,3.847762107849121,3.8559274673461914,0.9978824257850647,9.617950439453125,9.594189643859863,1.0024765729904175,0.09917598217725754,0.0986417829990387,1.0054155588150024,3.7040185928344727,3.7082347869873047,0.9988631010055542,4.385161876678467,4.379734992980957,1.0012390613555908,0.4452952742576599,0.4440933167934418,1.0027066469192505,inf,inf,,,,inf,,,1.0,3.706982135772705,poincare,10.0,512,gaussian,gaussian,60000,0.3,0.3,"[0.0, 0.0, 0.0, 0.0, 0.0, 0.0, 0.0, 0.0, 0.0, 0.0, 0.0, 0.0, 0.0, 0.0, 0.0, 0.0, 0.0, 0.0, 0.0, 0.0, 0.0, 0.0, 0.0, 0.0, 0.0, 0.0, 0.0, 0.0, 0.0, 0.0, 0.0, 0.0, 0.0, 0.0, 0.0, 0.0, 0.0, 0.0, 0.0, 0.0, 0.0, 0.0, 0.0, 0.0, 0.0, 0.0, 0.0, 0.0, 0.0, 0.0, 0.0, 0.0, 0.0, 0.0, 0.0, 0.0, 0.0, 0.0, 0.0, 0.0, 0.0, 0.0, 0.0, 0.0, 0.0, 0.0, 0.0, 0.0, 0.0, 0.0, 0.0, 0.0, 0.0, 0.0, 0.0, 0.0, 0.0, 0.0, 0.0, 0.0, 0.0, 0.0, 0.0, 0.0, 0.0, 0.0, 0.0, 0.0, 0.0, 0.0, 0.0, 0.0, 0.0, 0.0, 0.0, 0.0, 0.0, 0.0, 0.0, 0.0, 0.0, 0.0, 0.0, 0.0, 0.0, 0.0, 0.0, 0.0, 0.0, 0.0, 0.0, 0.0, 0.0, 0.0, 0.0, 0.0, 0.0, 0.0, 0.0, 0.0, 0.0, 0.0, 0.0, 0.0, 0.0, 0.0, 0.0, 0.0, 0.0, 0.0, 0.0, 0.0, 0.0, 0.0, 0.0, 0.0, 0.0, 0.0, 0.0, 0.0, 0.0, 0.0, 0.0, 0.0, 0.0, 0.0, 0.0, 0.0, 0.0, 0.0, 0.0, 0.0, 0.0, 0.0, 0.0, 0.0, 0.0, 0.0, 0.0, 0.0, 0.0, 0.0, 0.0, 0.0, 0.0, 0.0, 0.0, 0.0, 0.0, 0.0, 0.0, 0.0, 0.0, 0.0, 0.0, 0.0, 0.0, 0.0, 0.0, 0.0, 0.0, 0.0, 0.0, 0.0, 0.0, 0.0, 0.0, 0.0, 0.0, 0.0, 0.0, 0.0, 0.0, 0.0, 0.0, 0.0, 0.0, 0.0, 0.0, 0.0, 0.0, 0.0, 0.0, 0.0, 0.0, 0.0, 0.0, 0.0, 0.0, 0.0, 0.0, 0.0, 0.0, 0.0, 0.0, 0.0, 0.0, 0.0, 0.0, 0.0, 0.0, 0.0, 0.0, 0.0, 0.0, 0.0, 0.0, 0.0, 0.0, 0.0, 0.0, 0.0, 0.0, 0.0, 0.0, 0.0, 0.0, 0.0, 0.0, 0.0, 0.0, 0.0, 0.0, 0.0, 0.0, 0.0, 0.0, 0.0, 0.0, 0.0, 0.0, 0.0, 0.0, 0.0, 0.0, 0.0, 0.0, 0.0, 0.0, 0.0, 0.0, 0.0, 0.0, 0.0, 0.0, 0.0, 0.0, 0.0, 0.0, 0.0, 0.0, 0.0, 0.0, 0.0, 0.0, 0.0, 0.0, 0.0, 0.0, 0.0, 0.0, 0.0, 0.0, 0.0, 0.0, 0.0, 0.0, 0.0, 0.0, 0.0, 0.0, 0.0, 0.0, 0.0, 0.0, 0.0, 0.0, 0.0, 0.0, 0.0, 0.0, 0.0, 0.0, 0.0, 0.0, 0.0, 0.0, 0.0, 0.0, 0.0, 0.0, 0.0, 0.0, 0.0, 0.0, 0.0, 0.0, 0.0, 0.0, 0.0, 0.0, 0.0, 0.0, 0.0, 0.0, 0.0, 0.0, 0.0, 0.0, 0.0, 0.0, 0.0, 0.0, 0.0, 0.0, 0.0, 0.0, 0.0, 0.0, 0.0, 0.0, 0.0, 0.0, 0.0, 0.0, 0.0, 0.0, 0.0, 0.0, 0.0, 0.0, 0.0, 0.0, 0.0, 0.0, 0.0, 0.0, 0.0, 0.0, 0.0, 0.0, 0.0, 0.0, 0.0, 0.0, 0.0, 0.0, 0.0, 0.0, 0.0, 0.0, 0.0, 0.0, 0.0, 0.0, 0.0, 0.0, 0.0, 0.0, 0.0, 0.0, 0.0, 0.0, 0.0, 0.0, 0.0, 0.0, 0.0, 0.0, 0.0, 0.0, 0.0, 0.0, 0.0, 0.0, 0.0, 0.0, 0.0, 0.0, 0.0, 0.0, 0.0, 0.0, 0.0, 0.0, 0.0, 0.0, 0.0, 0.0, 0.0, 0.0, 0.0, 0.0, 0.0, 0.0, 0.0, 0.0, 0.0, 0.0, 0.0, 0.0, 0.0, 0.0, 0.0, 0.0, 0.0, 0.0, 0.0, 0.0, 0.0, 0.0, 0.0, 0.0, 0.0, 0.0, 0.0, 0.0, 0.0, 0.0, 0.0, 0.0, 0.0, 0.0, 0.0, 0.0, 0.0, 0.0, 0.0, 0.0, 0.0, 0.0, 0.0, 0.0, 0.0, 0.0, 0.0, 0.0, 0.0, 0.0, 0.0, 0.0, 0.0, 0.0, 0.0, 0.0, 0.0, 0.0, 0.0, 0.0, 0.0, 0.0, 0.0, 0.0, 0.0, 0.0, 0.0, 0.0, 0.0, 0.0, 0.0, 0.0, 0.0, 0.0, 0.0, 0.0, 0.0, 0.0, 0.0, 0.0, 0.0, 0.0, 0.0, 0.0, 0.0, 0.0, 0.0, 0.0, 0.0, 0.0, 0.0, 0.0, 0.0, 0.0, 0.0, 0.0, 0.0, 0.0, 0.0, 0.0, 0.0, 0.0, 0.0]","[0.02209709, 0.02209709, 0.02209709, 0.02209709, 0.02209709, 0.02209709, 0.02209709, 0.02209709, 0.02209709, 0.02209709, 0.02209709, 0.02209709, 0.02209709, 0.02209709, 0.02209709, 0.02209709, 0.02209709, 0.02209709, 0.02209709, 0.02209709, 0.02209709, 0.02209709, 0.02209709, 0.02209709, 0.02209709, 0.02209709, 0.02209709, 0.02209709, 0.02209709, 0.02209709, 0.02209709, 0.02209709, 0.02209709, 0.02209709, 0.02209709, 0.02209709, 0.02209709, 0.02209709, 0.02209709, 0.02209709, 0.02209709, 0.02209709, 0.02209709, 0.02209709, 0.02209709, 0.02209709, 0.02209709, 0.02209709, 0.02209709, 0.02209709, 0.02209709, 0.02209709, 0.02209709, 0.02209709, 0.02209709, 0.02209709, 0.02209709, 0.02209709, 0.02209709, 0.02209709, 0.02209709, 0.02209709, 0.02209709, 0.02209709, 0.02209709, 0.02209709, 0.02209709, 0.02209709, 0.02209709, 0.02209709, 0.02209709, 0.02209709, 0.02209709, 0.02209709, 0.02209709, 0.02209709, 0.02209709, 0.02209709, 0.02209709, 0.02209709, 0.02209709, 0.02209709, 0.02209709, 0.02209709, 0.02209709, 0.02209709, 0.02209709, 0.02209709, 0.02209709, 0.02209709, 0.02209709, 0.02209709, 0.02209709, 0.02209709, 0.02209709, 0.02209709, 0.02209709, 0.02209709, 0.02209709, 0.02209709, 0.02209709, 0.02209709, 0.02209709, 0.02209709, 0.02209709, 0.02209709, 0.02209709, 0.02209709, 0.02209709, 0.02209709, 0.02209709, 0.02209709, 0.02209709, 0.02209709, 0.02209709, 0.02209709, 0.02209709, 0.02209709, 0.02209709, 0.02209709, 0.02209709, 0.02209709, 0.02209709, 0.02209709, 0.02209709, 0.02209709, 0.02209709, 0.02209709, 0.02209709, 0.02209709, 0.02209709, 0.02209709, 0.02209709, 0.02209709, 0.02209709, 0.02209709, 0.02209709, 0.02209709, 0.02209709, 0.02209709, 0.02209709, 0.02209709, 0.02209709, 0.02209709, 0.02209709, 0.02209709, 0.02209709, 0.02209709, 0.02209709, 0.02209709, 0.02209709, 0.02209709, 0.02209709, 0.02209709, 0.02209709, 0.02209709, 0.02209709, 0.02209709, 0.02209709, 0.02209709, 0.02209709, 0.02209709, 0.02209709, 0.02209709, 0.02209709, 0.02209709, 0.02209709, 0.02209709, 0.02209709, 0.02209709, 0.02209709, 0.02209709, 0.02209709, 0.02209709, 0.02209709, 0.02209709, 0.02209709, 0.02209709, 0.02209709, 0.02209709, 0.02209709, 0.02209709, 0.02209709, 0.02209709, 0.02209709, 0.02209709, 0.02209709, 0.02209709, 0.02209709, 0.02209709, 0.02209709, 0.02209709, 0.02209709, 0.02209709, 0.02209709, 0.02209709, 0.02209709, 0.02209709, 0.02209709, 0.02209709, 0.02209709, 0.02209709, 0.02209709, 0.02209709, 0.02209709, 0.02209709, 0.02209709, 0.02209709, 0.02209709, 0.02209709, 0.02209709, 0.02209709, 0.02209709, 0.02209709, 0.02209709, 0.02209709, 0.02209709, 0.02209709, 0.02209709, 0.02209709, 0.02209709, 0.02209709, 0.02209709, 0.02209709, 0.02209709, 0.02209709, 0.02209709, 0.02209709, 0.02209709, 0.02209709, 0.02209709, 0.02209709, 0.02209709, 0.02209709, 0.02209709, 0.02209709, 0.02209709, 0.02209709, 0.02209709, 0.02209709, 0.02209709, 0.02209709, 0.02209709, 0.02209709, 0.02209709, 0.02209709, 0.02209709, 0.02209709, 0.02209709, 0.02209709, 0.02209709, 0.02209709, 0.02209709, 0.02209709, 0.02209709, 0.02209709, 0.02209709, 0.02209709, 0.02209709, 0.02209709, 0.02209709, 0.02209709, 0.02209709, 0.02209709, 0.02209709, 0.02209709, 0.02209709, 0.02209709, 0.02209709, 0.02209709, 0.02209709, 0.02209709, 0.02209709, 0.02209709, 0.02209709, 0.02209709, 0.02209709, 0.02209709, 0.02209709, 0.02209709, 0.02209709, 0.02209709, 0.02209709, 0.02209709, 0.02209709, 0.02209709, 0.02209709, 0.02209709, 0.02209709, 0.02209709, 0.02209709, 0.02209709, 0.02209709, 0.02209709, 0.02209709, 0.02209709, 0.02209709, 0.02209709, 0.02209709, 0.02209709, 0.02209709, 0.02209709, 0.02209709, 0.02209709, 0.02209709, 0.02209709, 0.02209709, 0.02209709, 0.02209709, 0.02209709, 0.02209709, 0.02209709, 0.02209709, 0.02209709, 0.02209709, 0.02209709, 0.02209709, 0.02209709, 0.02209709, 0.02209709, 0.02209709, 0.02209709, 0.02209709, 0.02209709, 0.02209709, 0.02209709, 0.02209709, 0.02209709, 0.02209709, 0.02209709, 0.02209709, 0.02209709, 0.02209709, 0.02209709, 0.02209709, 0.02209709, 0.02209709, 0.02209709, 0.02209709, 0.02209709, 0.02209709, 0.02209709, 0.02209709, 0.02209709, 0.02209709, 0.02209709, 0.02209709, 0.02209709, 0.02209709, 0.02209709, 0.02209709, 0.02209709, 0.02209709, 0.02209709, 0.02209709, 0.02209709, 0.02209709, 0.02209709, 0.02209709, 0.02209709, 0.02209709, 0.02209709, 0.02209709, 0.02209709, 0.02209709, 0.02209709, 0.02209709, 0.02209709, 0.02209709, 0.02209709, 0.02209709, 0.02209709, 0.02209709, 0.02209709, 0.02209709, 0.02209709, 0.02209709, 0.02209709, 0.02209709, 0.02209709, 0.02209709, 0.02209709, 0.02209709, 0.02209709, 0.02209709, 0.02209709, 0.02209709, 0.02209709, 0.02209709, 0.02209709, 0.02209709, 0.02209709, 0.02209709, 0.02209709, 0.02209709, 0.02209709, 0.02209709, 0.02209709, 0.02209709, 0.02209709, 0.02209709, 0.02209709, 0.02209709, 0.02209709, 0.02209709, 0.02209709, 0.02209709, 0.02209709, 0.02209709, 0.02209709, 0.02209709, 0.02209709, 0.02209709, 0.02209709, 0.02209709, 0.02209709, 0.02209709, 0.02209709, 0.02209709, 0.02209709, 0.02209709, 0.02209709, 0.02209709, 0.02209709, 0.02209709, 0.02209709, 0.02209709, 0.02209709, 0.02209709, 0.02209709, 0.02209709, 0.02209709, 0.02209709, 0.02209709, 0.02209709, 0.02209709, 0.02209709, 0.02209709, 0.02209709, 0.02209709, 0.02209709, 0.02209709, 0.02209709, 0.02209709, 0.02209709, 0.02209709, 0.02209709, 0.02209709, 0.02209709, 0.02209709, 0.02209709, 0.02209709, 0.02209709, 0.02209709, 0.02209709, 0.02209709, 0.02209709, 0.02209709, 0.02209709, 0.02209709, 0.02209709, 0.02209709, 0.02209709, 0.02209709, 0.02209709, 0.02209709, 0.02209709, 0.02209709, 0.02209709, 0.02209709, 0.02209709, 0.02209709, 0.02209709, 0.02209709, 0.02209709, 0.02209709, 0.02209709, 0.02209709, 0.02209709, 0.02209709, 0.02209709, 0.02209709, 0.02209709, 0.02209709, 0.02209709, 0.02209709, 0.02209709, 0.02209709, 0.02209709, 0.02209709, 0.02209709, 0.02209709, 0.02209709, 0.02209709, 0.02209709, 0.02209709, 0.02209709, 0.02209709, 0.02209709, 0.02209709, 0.02209709, 0.02209709, 0.02209709, 0.02209709, 0.02209709, 0.02209709, 0.02209709, 0.02209709, 0.02209709, 0.02209709, 0.02209709, 0.02209709]",1,,,True
norm__poi_d512_c10_s50,5.647555351257324,4.844459533691406,5.647555351257324,78.0,8.616596460342407e-06,5.576488494873047,5.576488494873047,166.01620483398438,166.01620483398438,166.01620483398438,166.09414672851562,6.574319839477539,0.0,1.0,1.037148118019104,19.55960464477539,2.3432369232177734,5.63001823425293,9.99999883788405e-07,4.154885755269788e-05,3.704829692840576,3.8547213077545166,1.0404584407806396,0.039694346487522125,0.010714215226471424,0.00038993358612060547,0.0016167163848876953,4.146132469177246,0.0016167163848876953,4.146132469177246,0.9244999885559082,3.648860454559326,0.5836666822433472,3.648860454559326,0.414000004529953,4.010950565338135,0.40666666626930237,4.010950565338135,0.3876666724681854,0.40669387578964233,0.375166654586792,0.40669387578964233,3.7049317359924316,0.00024742321693338454,14974.06640625,3.8659932613372803,4.387159788166173e-05,88120.6328125,0.16992691159248352,0.04605807363986969,3.8302159737213515e-06,12024.9296875,1.245252013206482,0.00042204061173833907,2.9511215871025342e-06,143.01025390625,0.0016472579445689917,1.698140476946719e-05,97.0036392211914,1.474277377128601,0.0016540648648515344,2.1119205484865233e-05,78.32040405273438,1.8259642124176025,3.8479745388031006,3.8560879230499268,0.9978960156440735,9.6185302734375,9.596206665039062,1.002326250076294,0.0991768091917038,0.09866149723529816,1.005223035812378,3.7041208744049072,3.7083184719085693,0.9988681077957153,4.385294437408447,4.380196571350098,1.0011638402938843,0.4452972710132599,0.4441377818584442,1.002610683441162,inf,inf,,,,inf,,,1.0,3.7070400714874268,poincare,10.0,512,gaussian,gaussian,60000,0.3,0.3,"[0.0, 0.0, 0.0, 0.0, 0.0, 0.0, 0.0, 0.0, 0.0, 0.0, 0.0, 0.0, 0.0, 0.0, 0.0, 0.0, 0.0, 0.0, 0.0, 0.0, 0.0, 0.0, 0.0, 0.0, 0.0, 0.0, 0.0, 0.0, 0.0, 0.0, 0.0, 0.0, 0.0, 0.0, 0.0, 0.0, 0.0, 0.0, 0.0, 0.0, 0.0, 0.0, 0.0, 0.0, 0.0, 0.0, 0.0, 0.0, 0.0, 0.0, 0.0, 0.0, 0.0, 0.0, 0.0, 0.0, 0.0, 0.0, 0.0, 0.0, 0.0, 0.0, 0.0, 0.0, 0.0, 0.0, 0.0, 0.0, 0.0, 0.0, 0.0, 0.0, 0.0, 0.0, 0.0, 0.0, 0.0, 0.0, 0.0, 0.0, 0.0, 0.0, 0.0, 0.0, 0.0, 0.0, 0.0, 0.0, 0.0, 0.0, 0.0, 0.0, 0.0, 0.0, 0.0, 0.0, 0.0, 0.0, 0.0, 0.0, 0.0, 0.0, 0.0, 0.0, 0.0, 0.0, 0.0, 0.0, 0.0, 0.0, 0.0, 0.0, 0.0, 0.0, 0.0, 0.0, 0.0, 0.0, 0.0, 0.0, 0.0, 0.0, 0.0, 0.0, 0.0, 0.0, 0.0, 0.0, 0.0, 0.0, 0.0, 0.0, 0.0, 0.0, 0.0, 0.0, 0.0, 0.0, 0.0, 0.0, 0.0, 0.0, 0.0, 0.0, 0.0, 0.0, 0.0, 0.0, 0.0, 0.0, 0.0, 0.0, 0.0, 0.0, 0.0, 0.0, 0.0, 0.0, 0.0, 0.0, 0.0, 0.0, 0.0, 0.0, 0.0, 0.0, 0.0, 0.0, 0.0, 0.0, 0.0, 0.0, 0.0, 0.0, 0.0, 0.0, 0.0, 0.0, 0.0, 0.0, 0.0, 0.0, 0.0, 0.0, 0.0, 0.0, 0.0, 0.0, 0.0, 0.0, 0.0, 0.0, 0.0, 0.0, 0.0, 0.0, 0.0, 0.0, 0.0, 0.0, 0.0, 0.0, 0.0, 0.0, 0.0, 0.0, 0.0, 0.0, 0.0, 0.0, 0.0, 0.0, 0.0, 0.0, 0.0, 0.0, 0.0, 0.0, 0.0, 0.0, 0.0, 0.0, 0.0, 0.0, 0.0, 0.0, 0.0, 0.0, 0.0, 0.0, 0.0, 0.0, 0.0, 0.0, 0.0, 0.0, 0.0, 0.0, 0.0, 0.0, 0.0, 0.0, 0.0, 0.0, 0.0, 0.0, 0.0, 0.0, 0.0, 0.0, 0.0, 0.0, 0.0, 0.0, 0.0, 0.0, 0.0, 0.0, 0.0, 0.0, 0.0, 0.0, 0.0, 0.0, 0.0, 0.0, 0.0, 0.0, 0.0, 0.0, 0.0, 0.0, 0.0, 0.0, 0.0, 0.0, 0.0, 0.0, 0.0, 0.0, 0.0, 0.0, 0.0, 0.0, 0.0, 0.0, 0.0, 0.0, 0.0, 0.0, 0.0, 0.0, 0.0, 0.0, 0.0, 0.0, 0.0, 0.0, 0.0, 0.0, 0.0, 0.0, 0.0, 0.0, 0.0, 0.0, 0.0, 0.0, 0.0, 0.0, 0.0, 0.0, 0.0, 0.0, 0.0, 0.0, 0.0, 0.0, 0.0, 0.0, 0.0, 0.0, 0.0, 0.0, 0.0, 0.0, 0.0, 0.0, 0.0, 0.0, 0.0, 0.0, 0.0, 0.0, 0.0, 0.0, 0.0, 0.0, 0.0, 0.0, 0.0, 0.0, 0.0, 0.0, 0.0, 0.0, 0.0, 0.0, 0.0, 0.0, 0.0, 0.0, 0.0, 0.0, 0.0, 0.0, 0.0, 0.0, 0.0, 0.0, 0.0, 0.0, 0.0, 0.0, 0.0, 0.0, 0.0, 0.0, 0.0, 0.0, 0.0, 0.0, 0.0, 0.0, 0.0, 0.0, 0.0, 0.0, 0.0, 0.0, 0.0, 0.0, 0.0, 0.0, 0.0, 0.0, 0.0, 0.0, 0.0, 0.0, 0.0, 0.0, 0.0, 0.0, 0.0, 0.0, 0.0, 0.0, 0.0, 0.0, 0.0, 0.0, 0.0, 0.0, 0.0, 0.0, 0.0, 0.0, 0.0, 0.0, 0.0, 0.0, 0.0, 0.0, 0.0, 0.0, 0.0, 0.0, 0.0, 0.0, 0.0, 0.0, 0.0, 0.0, 0.0, 0.0, 0.0, 0.0, 0.0, 0.0, 0.0, 0.0, 0.0, 0.0, 0.0, 0.0, 0.0, 0.0, 0.0, 0.0, 0.0, 0.0, 0.0, 0.0, 0.0, 0.0, 0.0, 0.0, 0.0, 0.0, 0.0, 0.0, 0.0, 0.0, 0.0, 0.0, 0.0, 0.0, 0.0, 0.0, 0.0, 0.0, 0.0, 0.0, 0.0, 0.0, 0.0, 0.0, 0.0, 0.0, 0.0, 0.0, 0.0, 0.0, 0.0, 0.0, 0.0, 0.0, 0.0, 0.0, 0.0, 0.0, 0.0, 0.0, 0.0, 0.0, 0.0, 0.0, 0.0, 0.0, 0.0, 0.0, 0.0, 0.0, 0.0, 0.0, 0.0, 0.0, 0.0, 0.0, 0.0, 0.0, 0.0, 0.0, 0.0, 0.0, 0.0, 0.0, 0.0, 0.0, 0.0, 0.0]","[0.02209709, 0.02209709, 0.02209709, 0.02209709, 0.02209709, 0.02209709, 0.02209709, 0.02209709, 0.02209709, 0.02209709, 0.02209709, 0.02209709, 0.02209709, 0.02209709, 0.02209709, 0.02209709, 0.02209709, 0.02209709, 0.02209709, 0.02209709, 0.02209709, 0.02209709, 0.02209709, 0.02209709, 0.02209709, 0.02209709, 0.02209709, 0.02209709, 0.02209709, 0.02209709, 0.02209709, 0.02209709, 0.02209709, 0.02209709, 0.02209709, 0.02209709, 0.02209709, 0.02209709, 0.02209709, 0.02209709, 0.02209709, 0.02209709, 0.02209709, 0.02209709, 0.02209709, 0.02209709, 0.02209709, 0.02209709, 0.02209709, 0.02209709, 0.02209709, 0.02209709, 0.02209709, 0.02209709, 0.02209709, 0.02209709, 0.02209709, 0.02209709, 0.02209709, 0.02209709, 0.02209709, 0.02209709, 0.02209709, 0.02209709, 0.02209709, 0.02209709, 0.02209709, 0.02209709, 0.02209709, 0.02209709, 0.02209709, 0.02209709, 0.02209709, 0.02209709, 0.02209709, 0.02209709, 0.02209709, 0.02209709, 0.02209709, 0.02209709, 0.02209709, 0.02209709, 0.02209709, 0.02209709, 0.02209709, 0.02209709, 0.02209709, 0.02209709, 0.02209709, 0.02209709, 0.02209709, 0.02209709, 0.02209709, 0.02209709, 0.02209709, 0.02209709, 0.02209709, 0.02209709, 0.02209709, 0.02209709, 0.02209709, 0.02209709, 0.02209709, 0.02209709, 0.02209709, 0.02209709, 0.02209709, 0.02209709, 0.02209709, 0.02209709, 0.02209709, 0.02209709, 0.02209709, 0.02209709, 0.02209709, 0.02209709, 0.02209709, 0.02209709, 0.02209709, 0.02209709, 0.02209709, 0.02209709, 0.02209709, 0.02209709, 0.02209709, 0.02209709, 0.02209709, 0.02209709, 0.02209709, 0.02209709, 0.02209709, 0.02209709, 0.02209709, 0.02209709, 0.02209709, 0.02209709, 0.02209709, 0.02209709, 0.02209709, 0.02209709, 0.02209709, 0.02209709, 0.02209709, 0.02209709, 0.02209709, 0.02209709, 0.02209709, 0.02209709, 0.02209709, 0.02209709, 0.02209709, 0.02209709, 0.02209709, 0.02209709, 0.02209709, 0.02209709, 0.02209709, 0.02209709, 0.02209709, 0.02209709, 0.02209709, 0.02209709, 0.02209709, 0.02209709, 0.02209709, 0.02209709, 0.02209709, 0.02209709, 0.02209709, 0.02209709, 0.02209709, 0.02209709, 0.02209709, 0.02209709, 0.02209709, 0.02209709, 0.02209709, 0.02209709, 0.02209709, 0.02209709, 0.02209709, 0.02209709, 0.02209709, 0.02209709, 0.02209709, 0.02209709, 0.02209709, 0.02209709, 0.02209709, 0.02209709, 0.02209709, 0.02209709, 0.02209709, 0.02209709, 0.02209709, 0.02209709, 0.02209709, 0.02209709, 0.02209709, 0.02209709, 0.02209709, 0.02209709, 0.02209709, 0.02209709, 0.02209709, 0.02209709, 0.02209709, 0.02209709, 0.02209709, 0.02209709, 0.02209709, 0.02209709, 0.02209709, 0.02209709, 0.02209709, 0.02209709, 0.02209709, 0.02209709, 0.02209709, 0.02209709, 0.02209709, 0.02209709, 0.02209709, 0.02209709, 0.02209709, 0.02209709, 0.02209709, 0.02209709, 0.02209709, 0.02209709, 0.02209709, 0.02209709, 0.02209709, 0.02209709, 0.02209709, 0.02209709, 0.02209709, 0.02209709, 0.02209709, 0.02209709, 0.02209709, 0.02209709, 0.02209709, 0.02209709, 0.02209709, 0.02209709, 0.02209709, 0.02209709, 0.02209709, 0.02209709, 0.02209709, 0.02209709, 0.02209709, 0.02209709, 0.02209709, 0.02209709, 0.02209709, 0.02209709, 0.02209709, 0.02209709, 0.02209709, 0.02209709, 0.02209709, 0.02209709, 0.02209709, 0.02209709, 0.02209709, 0.02209709, 0.02209709, 0.02209709, 0.02209709, 0.02209709, 0.02209709, 0.02209709, 0.02209709, 0.02209709, 0.02209709, 0.02209709, 0.02209709, 0.02209709, 0.02209709, 0.02209709, 0.02209709, 0.02209709, 0.02209709, 0.02209709, 0.02209709, 0.02209709, 0.02209709, 0.02209709, 0.02209709, 0.02209709, 0.02209709, 0.02209709, 0.02209709, 0.02209709, 0.02209709, 0.02209709, 0.02209709, 0.02209709, 0.02209709, 0.02209709, 0.02209709, 0.02209709, 0.02209709, 0.02209709, 0.02209709, 0.02209709, 0.02209709, 0.02209709, 0.02209709, 0.02209709, 0.02209709, 0.02209709, 0.02209709, 0.02209709, 0.02209709, 0.02209709, 0.02209709, 0.02209709, 0.02209709, 0.02209709, 0.02209709, 0.02209709, 0.02209709, 0.02209709, 0.02209709, 0.02209709, 0.02209709, 0.02209709, 0.02209709, 0.02209709, 0.02209709, 0.02209709, 0.02209709, 0.02209709, 0.02209709, 0.02209709, 0.02209709, 0.02209709, 0.02209709, 0.02209709, 0.02209709, 0.02209709, 0.02209709, 0.02209709, 0.02209709, 0.02209709, 0.02209709, 0.02209709, 0.02209709, 0.02209709, 0.02209709, 0.02209709, 0.02209709, 0.02209709, 0.02209709, 0.02209709, 0.02209709, 0.02209709, 0.02209709, 0.02209709, 0.02209709, 0.02209709, 0.02209709, 0.02209709, 0.02209709, 0.02209709, 0.02209709, 0.02209709, 0.02209709, 0.02209709, 0.02209709, 0.02209709, 0.02209709, 0.02209709, 0.02209709, 0.02209709, 0.02209709, 0.02209709, 0.02209709, 0.02209709, 0.02209709, 0.02209709, 0.02209709, 0.02209709, 0.02209709, 0.02209709, 0.02209709, 0.02209709, 0.02209709, 0.02209709, 0.02209709, 0.02209709, 0.02209709, 0.02209709, 0.02209709, 0.02209709, 0.02209709, 0.02209709, 0.02209709, 0.02209709, 0.02209709, 0.02209709, 0.02209709, 0.02209709, 0.02209709, 0.02209709, 0.02209709, 0.02209709, 0.02209709, 0.02209709, 0.02209709, 0.02209709, 0.02209709, 0.02209709, 0.02209709, 0.02209709, 0.02209709, 0.02209709, 0.02209709, 0.02209709, 0.02209709, 0.02209709, 0.02209709, 0.02209709, 0.02209709, 0.02209709, 0.02209709, 0.02209709, 0.02209709, 0.02209709, 0.02209709, 0.02209709, 0.02209709, 0.02209709, 0.02209709, 0.02209709, 0.02209709, 0.02209709, 0.02209709, 0.02209709, 0.02209709, 0.02209709, 0.02209709, 0.02209709, 0.02209709, 0.02209709, 0.02209709, 0.02209709, 0.02209709, 0.02209709, 0.02209709, 0.02209709, 0.02209709, 0.02209709, 0.02209709, 0.02209709, 0.02209709, 0.02209709, 0.02209709, 0.02209709, 0.02209709, 0.02209709, 0.02209709, 0.02209709, 0.02209709, 0.02209709, 0.02209709, 0.02209709, 0.02209709, 0.02209709, 0.02209709, 0.02209709, 0.02209709, 0.02209709, 0.02209709, 0.02209709, 0.02209709, 0.02209709, 0.02209709, 0.02209709, 0.02209709, 0.02209709, 0.02209709, 0.02209709, 0.02209709, 0.02209709, 0.02209709, 0.02209709, 0.02209709, 0.02209709, 0.02209709, 0.02209709, 0.02209709, 0.02209709, 0.02209709, 0.02209709, 0.02209709, 0.02209709, 0.02209709, 0.02209709, 0.02209709, 0.02209709, 0.02209709, 0.02209709, 0.02209709, 0.02209709, 0.02209709, 0.02209709, 0.02209709, 0.02209709]",1,,,True
norm__poi_d512_c1_s34,55.22909164428711,51.25872039794922,55.22909164428711,82.0,3.381073474884033e-05,55.162776947021484,55.162776947021484,1922.62451171875,1922.62451171875,1922.62451171875,1922.4239501953125,74.01808166503906,0.0,1.0,3.6348001956939697,91.39356231689453,7.7971954345703125,19.167543411254883,9.99999883788405e-07,1.1529136827448383e-05,11.668634414672852,3.8532633781433105,0.33022400736808777,0.9629113674163818,0.08252134174108505,0.00039827823638916016,0.0016950368881225586,4.255911350250244,0.0016952753067016602,4.256510257720947,0.4113333225250244,11.36766242980957,0.5661666393280029,11.36766242980957,0.39899998903274536,4.0095319747924805,0.39366665482521057,4.0095319747924805,0.35333332419395447,1.2856899499893188,0.34466665983200073,1.2856899499893188,11.672053337097168,0.015498175285756588,753.1243896484375,3.8645236492156982,5.415056148194708e-05,71366.2734375,0.010552945546805859,0.9740703701972961,1.6728596165194176e-05,58227.86328125,0.012934090569615364,0.0004319867002777755,3.6120932236372028e-06,119.59455108642578,0.0017253279220312834,1.9378052456886508e-05,89.03516387939453,1.3432283401489258,0.0017291547264903784,1.4610244761570357e-05,118.35221099853516,1.010496973991394,38.42289733886719,38.557655334472656,0.9965050220489502,9.604318618774414,9.59316349029541,1.0011627674102783,0.9917300343513489,0.9863429069519043,1.0054616928100586,11.702587127685547,11.724345207214355,0.9981442093849182,4.382043838500977,4.379500865936279,1.0005806684494019,1.4081268310546875,1.404293179512024,1.002729892730713,inf,inf,,,,inf,,,1.0,11.716236114501953,poincare,1.0,512,gaussian,gaussian,60000,0.3,0.3,"[0.0, 0.0, 0.0, 0.0, 0.0, 0.0, 0.0, 0.0, 0.0, 0.0, 0.0, 0.0, 0.0, 0.0, 0.0, 0.0, 0.0, 0.0, 0.0, 0.0, 0.0, 0.0, 0.0, 0.0, 0.0, 0.0, 0.0, 0.0, 0.0, 0.0, 0.0, 0.0, 0.0, 0.0, 0.0, 0.0, 0.0, 0.0, 0.0, 0.0, 0.0, 0.0, 0.0, 0.0, 0.0, 0.0, 0.0, 0.0, 0.0, 0.0, 0.0, 0.0, 0.0, 0.0, 0.0, 0.0, 0.0, 0.0, 0.0, 0.0, 0.0, 0.0, 0.0, 0.0, 0.0, 0.0, 0.0, 0.0, 0.0, 0.0, 0.0, 0.0, 0.0, 0.0, 0.0, 0.0, 0.0, 0.0, 0.0, 0.0, 0.0, 0.0, 0.0, 0.0, 0.0, 0.0, 0.0, 0.0, 0.0, 0.0, 0.0, 0.0, 0.0, 0.0, 0.0, 0.0, 0.0, 0.0, 0.0, 0.0, 0.0, 0.0, 0.0, 0.0, 0.0, 0.0, 0.0, 0.0, 0.0, 0.0, 0.0, 0.0, 0.0, 0.0, 0.0, 0.0, 0.0, 0.0, 0.0, 0.0, 0.0, 0.0, 0.0, 0.0, 0.0, 0.0, 0.0, 0.0, 0.0, 0.0, 0.0, 0.0, 0.0, 0.0, 0.0, 0.0, 0.0, 0.0, 0.0, 0.0, 0.0, 0.0, 0.0, 0.0, 0.0, 0.0, 0.0, 0.0, 0.0, 0.0, 0.0, 0.0, 0.0, 0.0, 0.0, 0.0, 0.0, 0.0, 0.0, 0.0, 0.0, 0.0, 0.0, 0.0, 0.0, 0.0, 0.0, 0.0, 0.0, 0.0, 0.0, 0.0, 0.0, 0.0, 0.0, 0.0, 0.0, 0.0, 0.0, 0.0, 0.0, 0.0, 0.0, 0.0, 0.0, 0.0, 0.0, 0.0, 0.0, 0.0, 0.0, 0.0, 0.0, 0.0, 0.0, 0.0, 0.0, 0.0, 0.0, 0.0, 0.0, 0.0, 0.0, 0.0, 0.0, 0.0, 0.0, 0.0, 0.0, 0.0, 0.0, 0.0, 0.0, 0.0, 0.0, 0.0, 0.0, 0.0, 0.0, 0.0, 0.0, 0.0, 0.0, 0.0, 0.0, 0.0, 0.0, 0.0, 0.0, 0.0, 0.0, 0.0, 0.0, 0.0, 0.0, 0.0, 0.0, 0.0, 0.0, 0.0, 0.0, 0.0, 0.0, 0.0, 0.0, 0.0, 0.0, 0.0, 0.0, 0.0, 0.0, 0.0, 0.0, 0.0, 0.0, 0.0, 0.0, 0.0, 0.0, 0.0, 0.0, 0.0, 0.0, 0.0, 0.0, 0.0, 0.0, 0.0, 0.0, 0.0, 0.0, 0.0, 0.0, 0.0, 0.0, 0.0, 0.0, 0.0, 0.0, 0.0, 0.0, 0.0, 0.0, 0.0, 0.0, 0.0, 0.0, 0.0, 0.0, 0.0, 0.0, 0.0, 0.0, 0.0, 0.0, 0.0, 0.0, 0.0, 0.0, 0.0, 0.0, 0.0, 0.0, 0.0, 0.0, 0.0, 0.0, 0.0, 0.0, 0.0, 0.0, 0.0, 0.0, 0.0, 0.0, 0.0, 0.0, 0.0, 0.0, 0.0, 0.0, 0.0, 0.0, 0.0, 0.0, 0.0, 0.0, 0.0, 0.0, 0.0, 0.0, 0.0, 0.0, 0.0, 0.0, 0.0, 0.0, 0.0, 0.0, 0.0, 0.0, 0.0, 0.0, 0.0, 0.0, 0.0, 0.0, 0.0, 0.0, 0.0, 0.0, 0.0, 0.0, 0.0, 0.0, 0.0, 0.0, 0.0, 0.0, 0.0, 0.0, 0.0, 0.0, 0.0, 0.0, 0.0, 0.0, 0.0, 0.0, 0.0, 0.0, 0.0, 0.0, 0.0, 0.0, 0.0, 0.0, 0.0, 0.0, 0.0, 0.0, 0.0, 0.0, 0.0, 0.0, 0.0, 0.0, 0.0, 0.0, 0.0, 0.0, 0.0, 0.0, 0.0, 0.0, 0.0, 0.0, 0.0, 0.0, 0.0, 0.0, 0.0, 0.0, 0.0, 0.0, 0.0, 0.0, 0.0, 0.0, 0.0, 0.0, 0.0, 0.0, 0.0, 0.0, 0.0, 0.0, 0.0, 0.0, 0.0, 0.0, 0.0, 0.0, 0.0, 0.0, 0.0, 0.0, 0.0, 0.0, 0.0, 0.0, 0.0, 0.0, 0.0, 0.0, 0.0, 0.0, 0.0, 0.0, 0.0, 0.0, 0.0, 0.0, 0.0, 0.0, 0.0, 0.0, 0.0, 0.0, 0.0, 0.0, 0.0, 0.0, 0.0, 0.0, 0.0, 0.0, 0.0, 0.0, 0.0, 0.0, 0.0, 0.0, 0.0, 0.0, 0.0, 0.0, 0.0, 0.0, 0.0, 0.0, 0.0, 0.0, 0.0, 0.0, 0.0, 0.0, 0.0, 0.0, 0.0, 0.0, 0.0, 0.0, 0.0, 0.0, 0.0, 0.0, 0.0, 0.0, 0.0, 0.0, 0.0, 0.0, 0.0, 0.0, 0.0, 0.0, 0.0, 0.0, 0.0, 0.0, 0.0, 0.0, 0.0, 0.0, 0.0, 0.0, 0.0, 0.0, 0.0, 0.0, 0.0]","[0.02209709, 0.02209709, 0.02209709, 0.02209709, 0.02209709, 0.02209709, 0.02209709, 0.02209709, 0.02209709, 0.02209709, 0.02209709, 0.02209709, 0.02209709, 0.02209709, 0.02209709, 0.02209709, 0.02209709, 0.02209709, 0.02209709, 0.02209709, 0.02209709, 0.02209709, 0.02209709, 0.02209709, 0.02209709, 0.02209709, 0.02209709, 0.02209709, 0.02209709, 0.02209709, 0.02209709, 0.02209709, 0.02209709, 0.02209709, 0.02209709, 0.02209709, 0.02209709, 0.02209709, 0.02209709, 0.02209709, 0.02209709, 0.02209709, 0.02209709, 0.02209709, 0.02209709, 0.02209709, 0.02209709, 0.02209709, 0.02209709, 0.02209709, 0.02209709, 0.02209709, 0.02209709, 0.02209709, 0.02209709, 0.02209709, 0.02209709, 0.02209709, 0.02209709, 0.02209709, 0.02209709, 0.02209709, 0.02209709, 0.02209709, 0.02209709, 0.02209709, 0.02209709, 0.02209709, 0.02209709, 0.02209709, 0.02209709, 0.02209709, 0.02209709, 0.02209709, 0.02209709, 0.02209709, 0.02209709, 0.02209709, 0.02209709, 0.02209709, 0.02209709, 0.02209709, 0.02209709, 0.02209709, 0.02209709, 0.02209709, 0.02209709, 0.02209709, 0.02209709, 0.02209709, 0.02209709, 0.02209709, 0.02209709, 0.02209709, 0.02209709, 0.02209709, 0.02209709, 0.02209709, 0.02209709, 0.02209709, 0.02209709, 0.02209709, 0.02209709, 0.02209709, 0.02209709, 0.02209709, 0.02209709, 0.02209709, 0.02209709, 0.02209709, 0.02209709, 0.02209709, 0.02209709, 0.02209709, 0.02209709, 0.02209709, 0.02209709, 0.02209709, 0.02209709, 0.02209709, 0.02209709, 0.02209709, 0.02209709, 0.02209709, 0.02209709, 0.02209709, 0.02209709, 0.02209709, 0.02209709, 0.02209709, 0.02209709, 0.02209709, 0.02209709, 0.02209709, 0.02209709, 0.02209709, 0.02209709, 0.02209709, 0.02209709, 0.02209709, 0.02209709, 0.02209709, 0.02209709, 0.02209709, 0.02209709, 0.02209709, 0.02209709, 0.02209709, 0.02209709, 0.02209709, 0.02209709, 0.02209709, 0.02209709, 0.02209709, 0.02209709, 0.02209709, 0.02209709, 0.02209709, 0.02209709, 0.02209709, 0.02209709, 0.02209709, 0.02209709, 0.02209709, 0.02209709, 0.02209709, 0.02209709, 0.02209709, 0.02209709, 0.02209709, 0.02209709, 0.02209709, 0.02209709, 0.02209709, 0.02209709, 0.02209709, 0.02209709, 0.02209709, 0.02209709, 0.02209709, 0.02209709, 0.02209709, 0.02209709, 0.02209709, 0.02209709, 0.02209709, 0.02209709, 0.02209709, 0.02209709, 0.02209709, 0.02209709, 0.02209709, 0.02209709, 0.02209709, 0.02209709, 0.02209709, 0.02209709, 0.02209709, 0.02209709, 0.02209709, 0.02209709, 0.02209709, 0.02209709, 0.02209709, 0.02209709, 0.02209709, 0.02209709, 0.02209709, 0.02209709, 0.02209709, 0.02209709, 0.02209709, 0.02209709, 0.02209709, 0.02209709, 0.02209709, 0.02209709, 0.02209709, 0.02209709, 0.02209709, 0.02209709, 0.02209709, 0.02209709, 0.02209709, 0.02209709, 0.02209709, 0.02209709, 0.02209709, 0.02209709, 0.02209709, 0.02209709, 0.02209709, 0.02209709, 0.02209709, 0.02209709, 0.02209709, 0.02209709, 0.02209709, 0.02209709, 0.02209709, 0.02209709, 0.02209709, 0.02209709, 0.02209709, 0.02209709, 0.02209709, 0.02209709, 0.02209709, 0.02209709, 0.02209709, 0.02209709, 0.02209709, 0.02209709, 0.02209709, 0.02209709, 0.02209709, 0.02209709, 0.02209709, 0.02209709, 0.02209709, 0.02209709, 0.02209709, 0.02209709, 0.02209709, 0.02209709, 0.02209709, 0.02209709, 0.02209709, 0.02209709, 0.02209709, 0.02209709, 0.02209709, 0.02209709, 0.02209709, 0.02209709, 0.02209709, 0.02209709, 0.02209709, 0.02209709, 0.02209709, 0.02209709, 0.02209709, 0.02209709, 0.02209709, 0.02209709, 0.02209709, 0.02209709, 0.02209709, 0.02209709, 0.02209709, 0.02209709, 0.02209709, 0.02209709, 0.02209709, 0.02209709, 0.02209709, 0.02209709, 0.02209709, 0.02209709, 0.02209709, 0.02209709, 0.02209709, 0.02209709, 0.02209709, 0.02209709, 0.02209709, 0.02209709, 0.02209709, 0.02209709, 0.02209709, 0.02209709, 0.02209709, 0.02209709, 0.02209709, 0.02209709, 0.02209709, 0.02209709, 0.02209709, 0.02209709, 0.02209709, 0.02209709, 0.02209709, 0.02209709, 0.02209709, 0.02209709, 0.02209709, 0.02209709, 0.02209709, 0.02209709, 0.02209709, 0.02209709, 0.02209709, 0.02209709, 0.02209709, 0.02209709, 0.02209709, 0.02209709, 0.02209709, 0.02209709, 0.02209709, 0.02209709, 0.02209709, 0.02209709, 0.02209709, 0.02209709, 0.02209709, 0.02209709, 0.02209709, 0.02209709, 0.02209709, 0.02209709, 0.02209709, 0.02209709, 0.02209709, 0.02209709, 0.02209709, 0.02209709, 0.02209709, 0.02209709, 0.02209709, 0.02209709, 0.02209709, 0.02209709, 0.02209709, 0.02209709, 0.02209709, 0.02209709, 0.02209709, 0.02209709, 0.02209709, 0.02209709, 0.02209709, 0.02209709, 0.02209709, 0.02209709, 0.02209709, 0.02209709, 0.02209709, 0.02209709, 0.02209709, 0.02209709, 0.02209709, 0.02209709, 0.02209709, 0.02209709, 0.02209709, 0.02209709, 0.02209709, 0.02209709, 0.02209709, 0.02209709, 0.02209709, 0.02209709, 0.02209709, 0.02209709, 0.02209709, 0.02209709, 0.02209709, 0.02209709, 0.02209709, 0.02209709, 0.02209709, 0.02209709, 0.02209709, 0.02209709, 0.02209709, 0.02209709, 0.02209709, 0.02209709, 0.02209709, 0.02209709, 0.02209709, 0.02209709, 0.02209709, 0.02209709, 0.02209709, 0.02209709, 0.02209709, 0.02209709, 0.02209709, 0.02209709, 0.02209709, 0.02209709, 0.02209709, 0.02209709, 0.02209709, 0.02209709, 0.02209709, 0.02209709, 0.02209709, 0.02209709, 0.02209709, 0.02209709, 0.02209709, 0.02209709, 0.02209709, 0.02209709, 0.02209709, 0.02209709, 0.02209709, 0.02209709, 0.02209709, 0.02209709, 0.02209709, 0.02209709, 0.02209709, 0.02209709, 0.02209709, 0.02209709, 0.02209709, 0.02209709, 0.02209709, 0.02209709, 0.02209709, 0.02209709, 0.02209709, 0.02209709, 0.02209709, 0.02209709, 0.02209709, 0.02209709, 0.02209709, 0.02209709, 0.02209709, 0.02209709, 0.02209709, 0.02209709, 0.02209709, 0.02209709, 0.02209709, 0.02209709, 0.02209709, 0.02209709, 0.02209709, 0.02209709, 0.02209709, 0.02209709, 0.02209709, 0.02209709, 0.02209709, 0.02209709, 0.02209709, 0.02209709, 0.02209709, 0.02209709, 0.02209709, 0.02209709, 0.02209709, 0.02209709, 0.02209709, 0.02209709, 0.02209709, 0.02209709, 0.02209709, 0.02209709, 0.02209709, 0.02209709, 0.02209709, 0.02209709, 0.02209709, 0.02209709, 0.02209709, 0.02209709, 0.02209709, 0.02209709, 0.02209709, 0.02209709, 0.02209709, 0.02209709, 0.02209709, 0.02209709, 0.02209709]",1,,,True
norm__poi_d512_c1_s42,54.67740249633789,51.12300109863281,54.67740249633789,72.0,7.724016904830933e-05,57.99932861328125,57.99932861328125,1922.8153076171875,1922.8153076171875,1922.235107421875,1921.6353759765625,81.69523620605469,0.0,1.0,3.804492950439453,111.64148712158203,8.186695098876953,20.39986801147461,9.99999883788405e-07,1.1682880540320184e-05,11.675264358520508,3.852282762527466,0.32995253801345825,0.9628823399543762,0.08247199654579163,0.0003948211669921875,0.0016620159149169922,4.209540843963623,0.001662135124206543,4.209843158721924,0.996833324432373,11.488027572631836,0.609333336353302,11.488027572631836,0.42533332109451294,4.009237289428711,0.42283332347869873,4.009237289428711,0.36899998784065247,1.2855377197265625,0.36800000071525574,1.2855377197265625,11.678915023803711,0.002588163362815976,4512.43359375,3.863546133041382,6.399879930540919e-05,60369.046875,0.0747474730014801,0.9740377068519592,1.4494602510239929e-05,67200.0234375,0.06714928895235062,0.00042816801578737795,3.5111386296193814e-06,121.94563293457031,0.0016950250137597322,1.4347373507916927e-05,118.14183044433594,1.0321968793869019,0.0016890645492821932,1.855146183515899e-05,91.04752349853516,1.3393625020980835,38.393218994140625,38.55912780761719,0.9956972599029541,9.596787452697754,9.594149589538574,1.000274896621704,0.9916978478431702,0.986417829990387,1.0053527355194092,11.697772979736328,11.724575996398926,0.9977139234542847,4.380317687988281,4.379726409912109,1.0001349449157715,1.4081034660339355,1.404346227645874,1.0026754140853882,inf,inf,,,,inf,,,1.0,11.713789939880371,poincare,1.0,512,gaussian,gaussian,60000,0.3,0.3,"[0.0, 0.0, 0.0, 0.0, 0.0, 0.0, 0.0, 0.0, 0.0, 0.0, 0.0, 0.0, 0.0, 0.0, 0.0, 0.0, 0.0, 0.0, 0.0, 0.0, 0.0, 0.0, 0.0, 0.0, 0.0, 0.0, 0.0, 0.0, 0.0, 0.0, 0.0, 0.0, 0.0, 0.0, 0.0, 0.0, 0.0, 0.0, 0.0, 0.0, 0.0, 0.0, 0.0, 0.0, 0.0, 0.0, 0.0, 0.0, 0.0, 0.0, 0.0, 0.0, 0.0, 0.0, 0.0, 0.0, 0.0, 0.0, 0.0, 0.0, 0.0, 0.0, 0.0, 0.0, 0.0, 0.0, 0.0, 0.0, 0.0, 0.0, 0.0, 0.0, 0.0, 0.0, 0.0, 0.0, 0.0, 0.0, 0.0, 0.0, 0.0, 0.0, 0.0, 0.0, 0.0, 0.0, 0.0, 0.0, 0.0, 0.0, 0.0, 0.0, 0.0, 0.0, 0.0, 0.0, 0.0, 0.0, 0.0, 0.0, 0.0, 0.0, 0.0, 0.0, 0.0, 0.0, 0.0, 0.0, 0.0, 0.0, 0.0, 0.0, 0.0, 0.0, 0.0, 0.0, 0.0, 0.0, 0.0, 0.0, 0.0, 0.0, 0.0, 0.0, 0.0, 0.0, 0.0, 0.0, 0.0, 0.0, 0.0, 0.0, 0.0, 0.0, 0.0, 0.0, 0.0, 0.0, 0.0, 0.0, 0.0, 0.0, 0.0, 0.0, 0.0, 0.0, 0.0, 0.0, 0.0, 0.0, 0.0, 0.0, 0.0, 0.0, 0.0, 0.0, 0.0, 0.0, 0.0, 0.0, 0.0, 0.0, 0.0, 0.0, 0.0, 0.0, 0.0, 0.0, 0.0, 0.0, 0.0, 0.0, 0.0, 0.0, 0.0, 0.0, 0.0, 0.0, 0.0, 0.0, 0.0, 0.0, 0.0, 0.0, 0.0, 0.0, 0.0, 0.0, 0.0, 0.0, 0.0, 0.0, 0.0, 0.0, 0.0, 0.0, 0.0, 0.0, 0.0, 0.0, 0.0, 0.0, 0.0, 0.0, 0.0, 0.0, 0.0, 0.0, 0.0, 0.0, 0.0, 0.0, 0.0, 0.0, 0.0, 0.0, 0.0, 0.0, 0.0, 0.0, 0.0, 0.0, 0.0, 0.0, 0.0, 0.0, 0.0, 0.0, 0.0, 0.0, 0.0, 0.0, 0.0, 0.0, 0.0, 0.0, 0.0, 0.0, 0.0, 0.0, 0.0, 0.0, 0.0, 0.0, 0.0, 0.0, 0.0, 0.0, 0.0, 0.0, 0.0, 0.0, 0.0, 0.0, 0.0, 0.0, 0.0, 0.0, 0.0, 0.0, 0.0, 0.0, 0.0, 0.0, 0.0, 0.0, 0.0, 0.0, 0.0, 0.0, 0.0, 0.0, 0.0, 0.0, 0.0, 0.0, 0.0, 0.0, 0.0, 0.0, 0.0, 0.0, 0.0, 0.0, 0.0, 0.0, 0.0, 0.0, 0.0, 0.0, 0.0, 0.0, 0.0, 0.0, 0.0, 0.0, 0.0, 0.0, 0.0, 0.0, 0.0, 0.0, 0.0, 0.0, 0.0, 0.0, 0.0, 0.0, 0.0, 0.0, 0.0, 0.0, 0.0, 0.0, 0.0, 0.0, 0.0, 0.0, 0.0, 0.0, 0.0, 0.0, 0.0, 0.0, 0.0, 0.0, 0.0, 0.0, 0.0, 0.0, 0.0, 0.0, 0.0, 0.0, 0.0, 0.0, 0.0, 0.0, 0.0, 0.0, 0.0, 0.0, 0.0, 0.0, 0.0, 0.0, 0.0, 0.0, 0.0, 0.0, 0.0, 0.0, 0.0, 0.0, 0.0, 0.0, 0.0, 0.0, 0.0, 0.0, 0.0, 0.0, 0.0, 0.0, 0.0, 0.0, 0.0, 0.0, 0.0, 0.0, 0.0, 0.0, 0.0, 0.0, 0.0, 0.0, 0.0, 0.0, 0.0, 0.0, 0.0, 0.0, 0.0, 0.0, 0.0, 0.0, 0.0, 0.0, 0.0, 0.0, 0.0, 0.0, 0.0, 0.0, 0.0, 0.0, 0.0, 0.0, 0.0, 0.0, 0.0, 0.0, 0.0, 0.0, 0.0, 0.0, 0.0, 0.0, 0.0, 0.0, 0.0, 0.0, 0.0, 0.0, 0.0, 0.0, 0.0, 0.0, 0.0, 0.0, 0.0, 0.0, 0.0, 0.0, 0.0, 0.0, 0.0, 0.0, 0.0, 0.0, 0.0, 0.0, 0.0, 0.0, 0.0, 0.0, 0.0, 0.0, 0.0, 0.0, 0.0, 0.0, 0.0, 0.0, 0.0, 0.0, 0.0, 0.0, 0.0, 0.0, 0.0, 0.0, 0.0, 0.0, 0.0, 0.0, 0.0, 0.0, 0.0, 0.0, 0.0, 0.0, 0.0, 0.0, 0.0, 0.0, 0.0, 0.0, 0.0, 0.0, 0.0, 0.0, 0.0, 0.0, 0.0, 0.0, 0.0, 0.0, 0.0, 0.0, 0.0, 0.0, 0.0, 0.0, 0.0, 0.0, 0.0, 0.0, 0.0, 0.0, 0.0, 0.0, 0.0, 0.0, 0.0, 0.0, 0.0, 0.0, 0.0, 0.0, 0.0, 0.0, 0.0, 0.0, 0.0, 0.0, 0.0, 0.0, 0.0, 0.0, 0.0, 0.0]","[0.02209709, 0.02209709, 0.02209709, 0.02209709, 0.02209709, 0.02209709, 0.02209709, 0.02209709, 0.02209709, 0.02209709, 0.02209709, 0.02209709, 0.02209709, 0.02209709, 0.02209709, 0.02209709, 0.02209709, 0.02209709, 0.02209709, 0.02209709, 0.02209709, 0.02209709, 0.02209709, 0.02209709, 0.02209709, 0.02209709, 0.02209709, 0.02209709, 0.02209709, 0.02209709, 0.02209709, 0.02209709, 0.02209709, 0.02209709, 0.02209709, 0.02209709, 0.02209709, 0.02209709, 0.02209709, 0.02209709, 0.02209709, 0.02209709, 0.02209709, 0.02209709, 0.02209709, 0.02209709, 0.02209709, 0.02209709, 0.02209709, 0.02209709, 0.02209709, 0.02209709, 0.02209709, 0.02209709, 0.02209709, 0.02209709, 0.02209709, 0.02209709, 0.02209709, 0.02209709, 0.02209709, 0.02209709, 0.02209709, 0.02209709, 0.02209709, 0.02209709, 0.02209709, 0.02209709, 0.02209709, 0.02209709, 0.02209709, 0.02209709, 0.02209709, 0.02209709, 0.02209709, 0.02209709, 0.02209709, 0.02209709, 0.02209709, 0.02209709, 0.02209709, 0.02209709, 0.02209709, 0.02209709, 0.02209709, 0.02209709, 0.02209709, 0.02209709, 0.02209709, 0.02209709, 0.02209709, 0.02209709, 0.02209709, 0.02209709, 0.02209709, 0.02209709, 0.02209709, 0.02209709, 0.02209709, 0.02209709, 0.02209709, 0.02209709, 0.02209709, 0.02209709, 0.02209709, 0.02209709, 0.02209709, 0.02209709, 0.02209709, 0.02209709, 0.02209709, 0.02209709, 0.02209709, 0.02209709, 0.02209709, 0.02209709, 0.02209709, 0.02209709, 0.02209709, 0.02209709, 0.02209709, 0.02209709, 0.02209709, 0.02209709, 0.02209709, 0.02209709, 0.02209709, 0.02209709, 0.02209709, 0.02209709, 0.02209709, 0.02209709, 0.02209709, 0.02209709, 0.02209709, 0.02209709, 0.02209709, 0.02209709, 0.02209709, 0.02209709, 0.02209709, 0.02209709, 0.02209709, 0.02209709, 0.02209709, 0.02209709, 0.02209709, 0.02209709, 0.02209709, 0.02209709, 0.02209709, 0.02209709, 0.02209709, 0.02209709, 0.02209709, 0.02209709, 0.02209709, 0.02209709, 0.02209709, 0.02209709, 0.02209709, 0.02209709, 0.02209709, 0.02209709, 0.02209709, 0.02209709, 0.02209709, 0.02209709, 0.02209709, 0.02209709, 0.02209709, 0.02209709, 0.02209709, 0.02209709, 0.02209709, 0.02209709, 0.02209709, 0.02209709, 0.02209709, 0.02209709, 0.02209709, 0.02209709, 0.02209709, 0.02209709, 0.02209709, 0.02209709, 0.02209709, 0.02209709, 0.02209709, 0.02209709, 0.02209709, 0.02209709, 0.02209709, 0.02209709, 0.02209709, 0.02209709, 0.02209709, 0.02209709, 0.02209709, 0.02209709, 0.02209709, 0.02209709, 0.02209709, 0.02209709, 0.02209709, 0.02209709, 0.02209709, 0.02209709, 0.02209709, 0.02209709, 0.02209709, 0.02209709, 0.02209709, 0.02209709, 0.02209709, 0.02209709, 0.02209709, 0.02209709, 0.02209709, 0.02209709, 0.02209709, 0.02209709, 0.02209709, 0.02209709, 0.02209709, 0.02209709, 0.02209709, 0.02209709, 0.02209709, 0.02209709, 0.02209709, 0.02209709, 0.02209709, 0.02209709, 0.02209709, 0.02209709, 0.02209709, 0.02209709, 0.02209709, 0.02209709, 0.02209709, 0.02209709, 0.02209709, 0.02209709, 0.02209709, 0.02209709, 0.02209709, 0.02209709, 0.02209709, 0.02209709, 0.02209709, 0.02209709, 0.02209709, 0.02209709, 0.02209709, 0.02209709, 0.02209709, 0.02209709, 0.02209709, 0.02209709, 0.02209709, 0.02209709, 0.02209709, 0.02209709, 0.02209709, 0.02209709, 0.02209709, 0.02209709, 0.02209709, 0.02209709, 0.02209709, 0.02209709, 0.02209709, 0.02209709, 0.02209709, 0.02209709, 0.02209709, 0.02209709, 0.02209709, 0.02209709, 0.02209709, 0.02209709, 0.02209709, 0.02209709, 0.02209709, 0.02209709, 0.02209709, 0.02209709, 0.02209709, 0.02209709, 0.02209709, 0.02209709, 0.02209709, 0.02209709, 0.02209709, 0.02209709, 0.02209709, 0.02209709, 0.02209709, 0.02209709, 0.02209709, 0.02209709, 0.02209709, 0.02209709, 0.02209709, 0.02209709, 0.02209709, 0.02209709, 0.02209709, 0.02209709, 0.02209709, 0.02209709, 0.02209709, 0.02209709, 0.02209709, 0.02209709, 0.02209709, 0.02209709, 0.02209709, 0.02209709, 0.02209709, 0.02209709, 0.02209709, 0.02209709, 0.02209709, 0.02209709, 0.02209709, 0.02209709, 0.02209709, 0.02209709, 0.02209709, 0.02209709, 0.02209709, 0.02209709, 0.02209709, 0.02209709, 0.02209709, 0.02209709, 0.02209709, 0.02209709, 0.02209709, 0.02209709, 0.02209709, 0.02209709, 0.02209709, 0.02209709, 0.02209709, 0.02209709, 0.02209709, 0.02209709, 0.02209709, 0.02209709, 0.02209709, 0.02209709, 0.02209709, 0.02209709, 0.02209709, 0.02209709, 0.02209709, 0.02209709, 0.02209709, 0.02209709, 0.02209709, 0.02209709, 0.02209709, 0.02209709, 0.02209709, 0.02209709, 0.02209709, 0.02209709, 0.02209709, 0.02209709, 0.02209709, 0.02209709, 0.02209709, 0.02209709, 0.02209709, 0.02209709, 0.02209709, 0.02209709, 0.02209709, 0.02209709, 0.02209709, 0.02209709, 0.02209709, 0.02209709, 0.02209709, 0.02209709, 0.02209709, 0.02209709, 0.02209709, 0.02209709, 0.02209709, 0.02209709, 0.02209709, 0.02209709, 0.02209709, 0.02209709, 0.02209709, 0.02209709, 0.02209709, 0.02209709, 0.02209709, 0.02209709, 0.02209709, 0.02209709, 0.02209709, 0.02209709, 0.02209709, 0.02209709, 0.02209709, 0.02209709, 0.02209709, 0.02209709, 0.02209709, 0.02209709, 0.02209709, 0.02209709, 0.02209709, 0.02209709, 0.02209709, 0.02209709, 0.02209709, 0.02209709, 0.02209709, 0.02209709, 0.02209709, 0.02209709, 0.02209709, 0.02209709, 0.02209709, 0.02209709, 0.02209709, 0.02209709, 0.02209709, 0.02209709, 0.02209709, 0.02209709, 0.02209709, 0.02209709, 0.02209709, 0.02209709, 0.02209709, 0.02209709, 0.02209709, 0.02209709, 0.02209709, 0.02209709, 0.02209709, 0.02209709, 0.02209709, 0.02209709, 0.02209709, 0.02209709, 0.02209709, 0.02209709, 0.02209709, 0.02209709, 0.02209709, 0.02209709, 0.02209709, 0.02209709, 0.02209709, 0.02209709, 0.02209709, 0.02209709, 0.02209709, 0.02209709, 0.02209709, 0.02209709, 0.02209709, 0.02209709, 0.02209709, 0.02209709, 0.02209709, 0.02209709, 0.02209709, 0.02209709, 0.02209709, 0.02209709, 0.02209709, 0.02209709, 0.02209709, 0.02209709, 0.02209709, 0.02209709, 0.02209709, 0.02209709, 0.02209709, 0.02209709, 0.02209709, 0.02209709, 0.02209709, 0.02209709, 0.02209709, 0.02209709, 0.02209709, 0.02209709, 0.02209709, 0.02209709, 0.02209709, 0.02209709, 0.02209709, 0.02209709, 0.02209709, 0.02209709, 0.02209709, 0.02209709, 0.02209709, 0.02209709, 0.02209709, 0.02209709]",1,,,True
norm__poi_d512_c1_s50,55.74578857421875,58.772613525390625,55.74578857421875,76.0,2.2942820578464307e-05,54.1618537902832,54.1618537902832,1930.986328125,1930.986328125,1930.986328125,1931.5074462890625,67.55583190917969,0.0,1.0,3.3062832355499268,71.65760803222656,7.524532318115234,17.846385955810547,9.99999883788405e-07,1.4457583347393665e-05,11.699792861938477,3.8551125526428223,0.3295026421546936,0.9629298448562622,0.08230315148830414,0.0003838539123535156,0.0016186237335205078,4.216770172119141,0.0016188621520996094,4.217391490936279,0.9110000133514404,11.53870964050293,0.5736666321754456,11.53870964050293,0.4099999964237213,4.010955810546875,0.4023333191871643,4.010955810546875,0.38749998807907104,1.286078929901123,0.375166654586792,1.286078929901123,11.69990062713623,0.0013309541391208768,8790.6123046875,3.8663840293884277,4.60420451418031e-05,83975.0703125,0.10468121618032455,0.9740877151489258,1.0594199011393357e-05,91945.3828125,0.09560689330101013,0.00041686295298859477,2.9696641377086053e-06,140.373779296875,0.0016493718139827251,1.7075144569389522e-05,96.59489440917969,1.4532215595245361,0.0016561587108299136,2.1169606043258682e-05,78.23286437988281,1.794306993484497,38.49445724487305,38.560733795166016,0.9982812404632568,9.62222671508789,9.59616756439209,1.0027155876159668,0.9917787909507751,0.9866148829460144,1.0052340030670166,11.714155197143555,11.724844932556152,0.9990882873535156,4.386138439178467,4.380187511444092,1.0013586282730103,1.4081611633300781,1.4044867753982544,1.002616047859192,inf,inf,,,,inf,,,1.0,11.721953392028809,poincare,1.0,512,gaussian,gaussian,60000,0.3,0.3,"[0.0, 0.0, 0.0, 0.0, 0.0, 0.0, 0.0, 0.0, 0.0, 0.0, 0.0, 0.0, 0.0, 0.0, 0.0, 0.0, 0.0, 0.0, 0.0, 0.0, 0.0, 0.0, 0.0, 0.0, 0.0, 0.0, 0.0, 0.0, 0.0, 0.0, 0.0, 0.0, 0.0, 0.0, 0.0, 0.0, 0.0, 0.0, 0.0, 0.0, 0.0, 0.0, 0.0, 0.0, 0.0, 0.0, 0.0, 0.0, 0.0, 0.0, 0.0, 0.0, 0.0, 0.0, 0.0, 0.0, 0.0, 0.0, 0.0, 0.0, 0.0, 0.0, 0.0, 0.0, 0.0, 0.0, 0.0, 0.0, 0.0, 0.0, 0.0, 0.0, 0.0, 0.0, 0.0, 0.0, 0.0, 0.0, 0.0, 0.0, 0.0, 0.0, 0.0, 0.0, 0.0, 0.0, 0.0, 0.0, 0.0, 0.0, 0.0, 0.0, 0.0, 0.0, 0.0, 0.0, 0.0, 0.0, 0.0, 0.0, 0.0, 0.0, 0.0, 0.0, 0.0, 0.0, 0.0, 0.0, 0.0, 0.0, 0.0, 0.0, 0.0, 0.0, 0.0, 0.0, 0.0, 0.0, 0.0, 0.0, 0.0, 0.0, 0.0, 0.0, 0.0, 0.0, 0.0, 0.0, 0.0, 0.0, 0.0, 0.0, 0.0, 0.0, 0.0, 0.0, 0.0, 0.0, 0.0, 0.0, 0.0, 0.0, 0.0, 0.0, 0.0, 0.0, 0.0, 0.0, 0.0, 0.0, 0.0, 0.0, 0.0, 0.0, 0.0, 0.0, 0.0, 0.0, 0.0, 0.0, 0.0, 0.0, 0.0, 0.0, 0.0, 0.0, 0.0, 0.0, 0.0, 0.0, 0.0, 0.0, 0.0, 0.0, 0.0, 0.0, 0.0, 0.0, 0.0, 0.0, 0.0, 0.0, 0.0, 0.0, 0.0, 0.0, 0.0, 0.0, 0.0, 0.0, 0.0, 0.0, 0.0, 0.0, 0.0, 0.0, 0.0, 0.0, 0.0, 0.0, 0.0, 0.0, 0.0, 0.0, 0.0, 0.0, 0.0, 0.0, 0.0, 0.0, 0.0, 0.0, 0.0, 0.0, 0.0, 0.0, 0.0, 0.0, 0.0, 0.0, 0.0, 0.0, 0.0, 0.0, 0.0, 0.0, 0.0, 0.0, 0.0, 0.0, 0.0, 0.0, 0.0, 0.0, 0.0, 0.0, 0.0, 0.0, 0.0, 0.0, 0.0, 0.0, 0.0, 0.0, 0.0, 0.0, 0.0, 0.0, 0.0, 0.0, 0.0, 0.0, 0.0, 0.0, 0.0, 0.0, 0.0, 0.0, 0.0, 0.0, 0.0, 0.0, 0.0, 0.0, 0.0, 0.0, 0.0, 0.0, 0.0, 0.0, 0.0, 0.0, 0.0, 0.0, 0.0, 0.0, 0.0, 0.0, 0.0, 0.0, 0.0, 0.0, 0.0, 0.0, 0.0, 0.0, 0.0, 0.0, 0.0, 0.0, 0.0, 0.0, 0.0, 0.0, 0.0, 0.0, 0.0, 0.0, 0.0, 0.0, 0.0, 0.0, 0.0, 0.0, 0.0, 0.0, 0.0, 0.0, 0.0, 0.0, 0.0, 0.0, 0.0, 0.0, 0.0, 0.0, 0.0, 0.0, 0.0, 0.0, 0.0, 0.0, 0.0, 0.0, 0.0, 0.0, 0.0, 0.0, 0.0, 0.0, 0.0, 0.0, 0.0, 0.0, 0.0, 0.0, 0.0, 0.0, 0.0, 0.0, 0.0, 0.0, 0.0, 0.0, 0.0, 0.0, 0.0, 0.0, 0.0, 0.0, 0.0, 0.0, 0.0, 0.0, 0.0, 0.0, 0.0, 0.0, 0.0, 0.0, 0.0, 0.0, 0.0, 0.0, 0.0, 0.0, 0.0, 0.0, 0.0, 0.0, 0.0, 0.0, 0.0, 0.0, 0.0, 0.0, 0.0, 0.0, 0.0, 0.0, 0.0, 0.0, 0.0, 0.0, 0.0, 0.0, 0.0, 0.0, 0.0, 0.0, 0.0, 0.0, 0.0, 0.0, 0.0, 0.0, 0.0, 0.0, 0.0, 0.0, 0.0, 0.0, 0.0, 0.0, 0.0, 0.0, 0.0, 0.0, 0.0, 0.0, 0.0, 0.0, 0.0, 0.0, 0.0, 0.0, 0.0, 0.0, 0.0, 0.0, 0.0, 0.0, 0.0, 0.0, 0.0, 0.0, 0.0, 0.0, 0.0, 0.0, 0.0, 0.0, 0.0, 0.0, 0.0, 0.0, 0.0, 0.0, 0.0, 0.0, 0.0, 0.0, 0.0, 0.0, 0.0, 0.0, 0.0, 0.0, 0.0, 0.0, 0.0, 0.0, 0.0, 0.0, 0.0, 0.0, 0.0, 0.0, 0.0, 0.0, 0.0, 0.0, 0.0, 0.0, 0.0, 0.0, 0.0, 0.0, 0.0, 0.0, 0.0, 0.0, 0.0, 0.0, 0.0, 0.0, 0.0, 0.0, 0.0, 0.0, 0.0, 0.0, 0.0, 0.0, 0.0, 0.0, 0.0, 0.0, 0.0, 0.0, 0.0, 0.0, 0.0, 0.0, 0.0, 0.0, 0.0, 0.0, 0.0, 0.0, 0.0, 0.0, 0.0, 0.0, 0.0, 0.0, 0.0, 0.0, 0.0, 0.0, 0.0, 0.0]","[0.02209709, 0.02209709, 0.02209709, 0.02209709, 0.02209709, 0.02209709, 0.02209709, 0.02209709, 0.02209709, 0.02209709, 0.02209709, 0.02209709, 0.02209709, 0.02209709, 0.02209709, 0.02209709, 0.02209709, 0.02209709, 0.02209709, 0.02209709, 0.02209709, 0.02209709, 0.02209709, 0.02209709, 0.02209709, 0.02209709, 0.02209709, 0.02209709, 0.02209709, 0.02209709, 0.02209709, 0.02209709, 0.02209709, 0.02209709, 0.02209709, 0.02209709, 0.02209709, 0.02209709, 0.02209709, 0.02209709, 0.02209709, 0.02209709, 0.02209709, 0.02209709, 0.02209709, 0.02209709, 0.02209709, 0.02209709, 0.02209709, 0.02209709, 0.02209709, 0.02209709, 0.02209709, 0.02209709, 0.02209709, 0.02209709, 0.02209709, 0.02209709, 0.02209709, 0.02209709, 0.02209709, 0.02209709, 0.02209709, 0.02209709, 0.02209709, 0.02209709, 0.02209709, 0.02209709, 0.02209709, 0.02209709, 0.02209709, 0.02209709, 0.02209709, 0.02209709, 0.02209709, 0.02209709, 0.02209709, 0.02209709, 0.02209709, 0.02209709, 0.02209709, 0.02209709, 0.02209709, 0.02209709, 0.02209709, 0.02209709, 0.02209709, 0.02209709, 0.02209709, 0.02209709, 0.02209709, 0.02209709, 0.02209709, 0.02209709, 0.02209709, 0.02209709, 0.02209709, 0.02209709, 0.02209709, 0.02209709, 0.02209709, 0.02209709, 0.02209709, 0.02209709, 0.02209709, 0.02209709, 0.02209709, 0.02209709, 0.02209709, 0.02209709, 0.02209709, 0.02209709, 0.02209709, 0.02209709, 0.02209709, 0.02209709, 0.02209709, 0.02209709, 0.02209709, 0.02209709, 0.02209709, 0.02209709, 0.02209709, 0.02209709, 0.02209709, 0.02209709, 0.02209709, 0.02209709, 0.02209709, 0.02209709, 0.02209709, 0.02209709, 0.02209709, 0.02209709, 0.02209709, 0.02209709, 0.02209709, 0.02209709, 0.02209709, 0.02209709, 0.02209709, 0.02209709, 0.02209709, 0.02209709, 0.02209709, 0.02209709, 0.02209709, 0.02209709, 0.02209709, 0.02209709, 0.02209709, 0.02209709, 0.02209709, 0.02209709, 0.02209709, 0.02209709, 0.02209709, 0.02209709, 0.02209709, 0.02209709, 0.02209709, 0.02209709, 0.02209709, 0.02209709, 0.02209709, 0.02209709, 0.02209709, 0.02209709, 0.02209709, 0.02209709, 0.02209709, 0.02209709, 0.02209709, 0.02209709, 0.02209709, 0.02209709, 0.02209709, 0.02209709, 0.02209709, 0.02209709, 0.02209709, 0.02209709, 0.02209709, 0.02209709, 0.02209709, 0.02209709, 0.02209709, 0.02209709, 0.02209709, 0.02209709, 0.02209709, 0.02209709, 0.02209709, 0.02209709, 0.02209709, 0.02209709, 0.02209709, 0.02209709, 0.02209709, 0.02209709, 0.02209709, 0.02209709, 0.02209709, 0.02209709, 0.02209709, 0.02209709, 0.02209709, 0.02209709, 0.02209709, 0.02209709, 0.02209709, 0.02209709, 0.02209709, 0.02209709, 0.02209709, 0.02209709, 0.02209709, 0.02209709, 0.02209709, 0.02209709, 0.02209709, 0.02209709, 0.02209709, 0.02209709, 0.02209709, 0.02209709, 0.02209709, 0.02209709, 0.02209709, 0.02209709, 0.02209709, 0.02209709, 0.02209709, 0.02209709, 0.02209709, 0.02209709, 0.02209709, 0.02209709, 0.02209709, 0.02209709, 0.02209709, 0.02209709, 0.02209709, 0.02209709, 0.02209709, 0.02209709, 0.02209709, 0.02209709, 0.02209709, 0.02209709, 0.02209709, 0.02209709, 0.02209709, 0.02209709, 0.02209709, 0.02209709, 0.02209709, 0.02209709, 0.02209709, 0.02209709, 0.02209709, 0.02209709, 0.02209709, 0.02209709, 0.02209709, 0.02209709, 0.02209709, 0.02209709, 0.02209709, 0.02209709, 0.02209709, 0.02209709, 0.02209709, 0.02209709, 0.02209709, 0.02209709, 0.02209709, 0.02209709, 0.02209709, 0.02209709, 0.02209709, 0.02209709, 0.02209709, 0.02209709, 0.02209709, 0.02209709, 0.02209709, 0.02209709, 0.02209709, 0.02209709, 0.02209709, 0.02209709, 0.02209709, 0.02209709, 0.02209709, 0.02209709, 0.02209709, 0.02209709, 0.02209709, 0.02209709, 0.02209709, 0.02209709, 0.02209709, 0.02209709, 0.02209709, 0.02209709, 0.02209709, 0.02209709, 0.02209709, 0.02209709, 0.02209709, 0.02209709, 0.02209709, 0.02209709, 0.02209709, 0.02209709, 0.02209709, 0.02209709, 0.02209709, 0.02209709, 0.02209709, 0.02209709, 0.02209709, 0.02209709, 0.02209709, 0.02209709, 0.02209709, 0.02209709, 0.02209709, 0.02209709, 0.02209709, 0.02209709, 0.02209709, 0.02209709, 0.02209709, 0.02209709, 0.02209709, 0.02209709, 0.02209709, 0.02209709, 0.02209709, 0.02209709, 0.02209709, 0.02209709, 0.02209709, 0.02209709, 0.02209709, 0.02209709, 0.02209709, 0.02209709, 0.02209709, 0.02209709, 0.02209709, 0.02209709, 0.02209709, 0.02209709, 0.02209709, 0.02209709, 0.02209709, 0.02209709, 0.02209709, 0.02209709, 0.02209709, 0.02209709, 0.02209709, 0.02209709, 0.02209709, 0.02209709, 0.02209709, 0.02209709, 0.02209709, 0.02209709, 0.02209709, 0.02209709, 0.02209709, 0.02209709, 0.02209709, 0.02209709, 0.02209709, 0.02209709, 0.02209709, 0.02209709, 0.02209709, 0.02209709, 0.02209709, 0.02209709, 0.02209709, 0.02209709, 0.02209709, 0.02209709, 0.02209709, 0.02209709, 0.02209709, 0.02209709, 0.02209709, 0.02209709, 0.02209709, 0.02209709, 0.02209709, 0.02209709, 0.02209709, 0.02209709, 0.02209709, 0.02209709, 0.02209709, 0.02209709, 0.02209709, 0.02209709, 0.02209709, 0.02209709, 0.02209709, 0.02209709, 0.02209709, 0.02209709, 0.02209709, 0.02209709, 0.02209709, 0.02209709, 0.02209709, 0.02209709, 0.02209709, 0.02209709, 0.02209709, 0.02209709, 0.02209709, 0.02209709, 0.02209709, 0.02209709, 0.02209709, 0.02209709, 0.02209709, 0.02209709, 0.02209709, 0.02209709, 0.02209709, 0.02209709, 0.02209709, 0.02209709, 0.02209709, 0.02209709, 0.02209709, 0.02209709, 0.02209709, 0.02209709, 0.02209709, 0.02209709, 0.02209709, 0.02209709, 0.02209709, 0.02209709, 0.02209709, 0.02209709, 0.02209709, 0.02209709, 0.02209709, 0.02209709, 0.02209709, 0.02209709, 0.02209709, 0.02209709, 0.02209709, 0.02209709, 0.02209709, 0.02209709, 0.02209709, 0.02209709, 0.02209709, 0.02209709, 0.02209709, 0.02209709, 0.02209709, 0.02209709, 0.02209709, 0.02209709, 0.02209709, 0.02209709, 0.02209709, 0.02209709, 0.02209709, 0.02209709, 0.02209709, 0.02209709, 0.02209709, 0.02209709, 0.02209709, 0.02209709, 0.02209709, 0.02209709, 0.02209709, 0.02209709, 0.02209709, 0.02209709, 0.02209709, 0.02209709, 0.02209709, 0.02209709, 0.02209709, 0.02209709, 0.02209709, 0.02209709, 0.02209709, 0.02209709, 0.02209709, 0.02209709, 0.02209709, 0.02209709, 0.02209709, 0.02209709, 0.02209709, 0.02209709, 0.02209709, 0.02209709]",1,,,True
norm__poi_d512_c2_s34,27.770526885986328,28.336505889892578,27.770526885986328,66.0,1.5554329365841113e-05,26.547250747680664,26.547250747680664,1079.4588623046875,1079.4588623046875,1079.458740234375,1079.37255859375,37.10218048095703,0.0,1.0,2.444122076034546,51.2626838684082,5.577840328216553,13.35336971282959,9.99999883788405e-07,2.282373134221416e-05,8.274845123291016,3.8550734519958496,0.4658786356449127,0.5555388927459717,0.06713586300611496,0.0003999471664428711,0.0017169713973999023,4.292995452880859,0.001717209815979004,4.293591499328613,0.07916666567325592,8.038150787353516,0.5268333554267883,8.038150787353516,0.37816667556762695,4.009528160095215,0.375166654586792,4.009528160095215,0.35199999809265137,0.9091201424598694,0.34299999475479126,0.9091201424598694,8.275215148925781,0.002187061822041869,3783.71337890625,3.8663275241851807,5.7303514040540904e-05,67471.0390625,0.05607907474040985,0.56669682264328,1.208244157169247e-05,46902.5078125,0.08067187666893005,0.00043374302913434803,3.5871901218342828e-06,120.91441345214844,0.0017471950268372893,1.9527065887814388e-05,89.47555541992188,1.3513681888580322,0.0017508825985714793,1.4767340871912893e-05,118.56451416015625,1.019819736480713,19.24273681640625,19.278785705566406,0.9981301426887512,9.61998176574707,9.59313678741455,1.002798318862915,0.4958873987197876,0.49317145347595215,1.0055071115493774,8.281815528869629,8.2900390625,0.9990079998970032,4.385626792907715,4.379495143890381,1.001400113105774,0.9957183599472046,0.9929852485656738,1.002752423286438,inf,inf,,,,inf,,,1.0,8.287862777709961,poincare,2.0,512,gaussian,gaussian,60000,0.3,0.3,"[0.0, 0.0, 0.0, 0.0, 0.0, 0.0, 0.0, 0.0, 0.0, 0.0, 0.0, 0.0, 0.0, 0.0, 0.0, 0.0, 0.0, 0.0, 0.0, 0.0, 0.0, 0.0, 0.0, 0.0, 0.0, 0.0, 0.0, 0.0, 0.0, 0.0, 0.0, 0.0, 0.0, 0.0, 0.0, 0.0, 0.0, 0.0, 0.0, 0.0, 0.0, 0.0, 0.0, 0.0, 0.0, 0.0, 0.0, 0.0, 0.0, 0.0, 0.0, 0.0, 0.0, 0.0, 0.0, 0.0, 0.0, 0.0, 0.0, 0.0, 0.0, 0.0, 0.0, 0.0, 0.0, 0.0, 0.0, 0.0, 0.0, 0.0, 0.0, 0.0, 0.0, 0.0, 0.0, 0.0, 0.0, 0.0, 0.0, 0.0, 0.0, 0.0, 0.0, 0.0, 0.0, 0.0, 0.0, 0.0, 0.0, 0.0, 0.0, 0.0, 0.0, 0.0, 0.0, 0.0, 0.0, 0.0, 0.0, 0.0, 0.0, 0.0, 0.0, 0.0, 0.0, 0.0, 0.0, 0.0, 0.0, 0.0, 0.0, 0.0, 0.0, 0.0, 0.0, 0.0, 0.0, 0.0, 0.0, 0.0, 0.0, 0.0, 0.0, 0.0, 0.0, 0.0, 0.0, 0.0, 0.0, 0.0, 0.0, 0.0, 0.0, 0.0, 0.0, 0.0, 0.0, 0.0, 0.0, 0.0, 0.0, 0.0, 0.0, 0.0, 0.0, 0.0, 0.0, 0.0, 0.0, 0.0, 0.0, 0.0, 0.0, 0.0, 0.0, 0.0, 0.0, 0.0, 0.0, 0.0, 0.0, 0.0, 0.0, 0.0, 0.0, 0.0, 0.0, 0.0, 0.0, 0.0, 0.0, 0.0, 0.0, 0.0, 0.0, 0.0, 0.0, 0.0, 0.0, 0.0, 0.0, 0.0, 0.0, 0.0, 0.0, 0.0, 0.0, 0.0, 0.0, 0.0, 0.0, 0.0, 0.0, 0.0, 0.0, 0.0, 0.0, 0.0, 0.0, 0.0, 0.0, 0.0, 0.0, 0.0, 0.0, 0.0, 0.0, 0.0, 0.0, 0.0, 0.0, 0.0, 0.0, 0.0, 0.0, 0.0, 0.0, 0.0, 0.0, 0.0, 0.0, 0.0, 0.0, 0.0, 0.0, 0.0, 0.0, 0.0, 0.0, 0.0, 0.0, 0.0, 0.0, 0.0, 0.0, 0.0, 0.0, 0.0, 0.0, 0.0, 0.0, 0.0, 0.0, 0.0, 0.0, 0.0, 0.0, 0.0, 0.0, 0.0, 0.0, 0.0, 0.0, 0.0, 0.0, 0.0, 0.0, 0.0, 0.0, 0.0, 0.0, 0.0, 0.0, 0.0, 0.0, 0.0, 0.0, 0.0, 0.0, 0.0, 0.0, 0.0, 0.0, 0.0, 0.0, 0.0, 0.0, 0.0, 0.0, 0.0, 0.0, 0.0, 0.0, 0.0, 0.0, 0.0, 0.0, 0.0, 0.0, 0.0, 0.0, 0.0, 0.0, 0.0, 0.0, 0.0, 0.0, 0.0, 0.0, 0.0, 0.0, 0.0, 0.0, 0.0, 0.0, 0.0, 0.0, 0.0, 0.0, 0.0, 0.0, 0.0, 0.0, 0.0, 0.0, 0.0, 0.0, 0.0, 0.0, 0.0, 0.0, 0.0, 0.0, 0.0, 0.0, 0.0, 0.0, 0.0, 0.0, 0.0, 0.0, 0.0, 0.0, 0.0, 0.0, 0.0, 0.0, 0.0, 0.0, 0.0, 0.0, 0.0, 0.0, 0.0, 0.0, 0.0, 0.0, 0.0, 0.0, 0.0, 0.0, 0.0, 0.0, 0.0, 0.0, 0.0, 0.0, 0.0, 0.0, 0.0, 0.0, 0.0, 0.0, 0.0, 0.0, 0.0, 0.0, 0.0, 0.0, 0.0, 0.0, 0.0, 0.0, 0.0, 0.0, 0.0, 0.0, 0.0, 0.0, 0.0, 0.0, 0.0, 0.0, 0.0, 0.0, 0.0, 0.0, 0.0, 0.0, 0.0, 0.0, 0.0, 0.0, 0.0, 0.0, 0.0, 0.0, 0.0, 0.0, 0.0, 0.0, 0.0, 0.0, 0.0, 0.0, 0.0, 0.0, 0.0, 0.0, 0.0, 0.0, 0.0, 0.0, 0.0, 0.0, 0.0, 0.0, 0.0, 0.0, 0.0, 0.0, 0.0, 0.0, 0.0, 0.0, 0.0, 0.0, 0.0, 0.0, 0.0, 0.0, 0.0, 0.0, 0.0, 0.0, 0.0, 0.0, 0.0, 0.0, 0.0, 0.0, 0.0, 0.0, 0.0, 0.0, 0.0, 0.0, 0.0, 0.0, 0.0, 0.0, 0.0, 0.0, 0.0, 0.0, 0.0, 0.0, 0.0, 0.0, 0.0, 0.0, 0.0, 0.0, 0.0, 0.0, 0.0, 0.0, 0.0, 0.0, 0.0, 0.0, 0.0, 0.0, 0.0, 0.0, 0.0, 0.0, 0.0, 0.0, 0.0, 0.0, 0.0, 0.0, 0.0, 0.0, 0.0, 0.0, 0.0, 0.0, 0.0, 0.0, 0.0, 0.0, 0.0, 0.0, 0.0, 0.0, 0.0, 0.0, 0.0, 0.0, 0.0, 0.0, 0.0, 0.0, 0.0, 0.0, 0.0, 0.0, 0.0, 0.0, 0.0]","[0.02209709, 0.02209709, 0.02209709, 0.02209709, 0.02209709, 0.02209709, 0.02209709, 0.02209709, 0.02209709, 0.02209709, 0.02209709, 0.02209709, 0.02209709, 0.02209709, 0.02209709, 0.02209709, 0.02209709, 0.02209709, 0.02209709, 0.02209709, 0.02209709, 0.02209709, 0.02209709, 0.02209709, 0.02209709, 0.02209709, 0.02209709, 0.02209709, 0.02209709, 0.02209709, 0.02209709, 0.02209709, 0.02209709, 0.02209709, 0.02209709, 0.02209709, 0.02209709, 0.02209709, 0.02209709, 0.02209709, 0.02209709, 0.02209709, 0.02209709, 0.02209709, 0.02209709, 0.02209709, 0.02209709, 0.02209709, 0.02209709, 0.02209709, 0.02209709, 0.02209709, 0.02209709, 0.02209709, 0.02209709, 0.02209709, 0.02209709, 0.02209709, 0.02209709, 0.02209709, 0.02209709, 0.02209709, 0.02209709, 0.02209709, 0.02209709, 0.02209709, 0.02209709, 0.02209709, 0.02209709, 0.02209709, 0.02209709, 0.02209709, 0.02209709, 0.02209709, 0.02209709, 0.02209709, 0.02209709, 0.02209709, 0.02209709, 0.02209709, 0.02209709, 0.02209709, 0.02209709, 0.02209709, 0.02209709, 0.02209709, 0.02209709, 0.02209709, 0.02209709, 0.02209709, 0.02209709, 0.02209709, 0.02209709, 0.02209709, 0.02209709, 0.02209709, 0.02209709, 0.02209709, 0.02209709, 0.02209709, 0.02209709, 0.02209709, 0.02209709, 0.02209709, 0.02209709, 0.02209709, 0.02209709, 0.02209709, 0.02209709, 0.02209709, 0.02209709, 0.02209709, 0.02209709, 0.02209709, 0.02209709, 0.02209709, 0.02209709, 0.02209709, 0.02209709, 0.02209709, 0.02209709, 0.02209709, 0.02209709, 0.02209709, 0.02209709, 0.02209709, 0.02209709, 0.02209709, 0.02209709, 0.02209709, 0.02209709, 0.02209709, 0.02209709, 0.02209709, 0.02209709, 0.02209709, 0.02209709, 0.02209709, 0.02209709, 0.02209709, 0.02209709, 0.02209709, 0.02209709, 0.02209709, 0.02209709, 0.02209709, 0.02209709, 0.02209709, 0.02209709, 0.02209709, 0.02209709, 0.02209709, 0.02209709, 0.02209709, 0.02209709, 0.02209709, 0.02209709, 0.02209709, 0.02209709, 0.02209709, 0.02209709, 0.02209709, 0.02209709, 0.02209709, 0.02209709, 0.02209709, 0.02209709, 0.02209709, 0.02209709, 0.02209709, 0.02209709, 0.02209709, 0.02209709, 0.02209709, 0.02209709, 0.02209709, 0.02209709, 0.02209709, 0.02209709, 0.02209709, 0.02209709, 0.02209709, 0.02209709, 0.02209709, 0.02209709, 0.02209709, 0.02209709, 0.02209709, 0.02209709, 0.02209709, 0.02209709, 0.02209709, 0.02209709, 0.02209709, 0.02209709, 0.02209709, 0.02209709, 0.02209709, 0.02209709, 0.02209709, 0.02209709, 0.02209709, 0.02209709, 0.02209709, 0.02209709, 0.02209709, 0.02209709, 0.02209709, 0.02209709, 0.02209709, 0.02209709, 0.02209709, 0.02209709, 0.02209709, 0.02209709, 0.02209709, 0.02209709, 0.02209709, 0.02209709, 0.02209709, 0.02209709, 0.02209709, 0.02209709, 0.02209709, 0.02209709, 0.02209709, 0.02209709, 0.02209709, 0.02209709, 0.02209709, 0.02209709, 0.02209709, 0.02209709, 0.02209709, 0.02209709, 0.02209709, 0.02209709, 0.02209709, 0.02209709, 0.02209709, 0.02209709, 0.02209709, 0.02209709, 0.02209709, 0.02209709, 0.02209709, 0.02209709, 0.02209709, 0.02209709, 0.02209709, 0.02209709, 0.02209709, 0.02209709, 0.02209709, 0.02209709, 0.02209709, 0.02209709, 0.02209709, 0.02209709, 0.02209709, 0.02209709, 0.02209709, 0.02209709, 0.02209709, 0.02209709, 0.02209709, 0.02209709, 0.02209709, 0.02209709, 0.02209709, 0.02209709, 0.02209709, 0.02209709, 0.02209709, 0.02209709, 0.02209709, 0.02209709, 0.02209709, 0.02209709, 0.02209709, 0.02209709, 0.02209709, 0.02209709, 0.02209709, 0.02209709, 0.02209709, 0.02209709, 0.02209709, 0.02209709, 0.02209709, 0.02209709, 0.02209709, 0.02209709, 0.02209709, 0.02209709, 0.02209709, 0.02209709, 0.02209709, 0.02209709, 0.02209709, 0.02209709, 0.02209709, 0.02209709, 0.02209709, 0.02209709, 0.02209709, 0.02209709, 0.02209709, 0.02209709, 0.02209709, 0.02209709, 0.02209709, 0.02209709, 0.02209709, 0.02209709, 0.02209709, 0.02209709, 0.02209709, 0.02209709, 0.02209709, 0.02209709, 0.02209709, 0.02209709, 0.02209709, 0.02209709, 0.02209709, 0.02209709, 0.02209709, 0.02209709, 0.02209709, 0.02209709, 0.02209709, 0.02209709, 0.02209709, 0.02209709, 0.02209709, 0.02209709, 0.02209709, 0.02209709, 0.02209709, 0.02209709, 0.02209709, 0.02209709, 0.02209709, 0.02209709, 0.02209709, 0.02209709, 0.02209709, 0.02209709, 0.02209709, 0.02209709, 0.02209709, 0.02209709, 0.02209709, 0.02209709, 0.02209709, 0.02209709, 0.02209709, 0.02209709, 0.02209709, 0.02209709, 0.02209709, 0.02209709, 0.02209709, 0.02209709, 0.02209709, 0.02209709, 0.02209709, 0.02209709, 0.02209709, 0.02209709, 0.02209709, 0.02209709, 0.02209709, 0.02209709, 0.02209709, 0.02209709, 0.02209709, 0.02209709, 0.02209709, 0.02209709, 0.02209709, 0.02209709, 0.02209709, 0.02209709, 0.02209709, 0.02209709, 0.02209709, 0.02209709, 0.02209709, 0.02209709, 0.02209709, 0.02209709, 0.02209709, 0.02209709, 0.02209709, 0.02209709, 0.02209709, 0.02209709, 0.02209709, 0.02209709, 0.02209709, 0.02209709, 0.02209709, 0.02209709, 0.02209709, 0.02209709, 0.02209709, 0.02209709, 0.02209709, 0.02209709, 0.02209709, 0.02209709, 0.02209709, 0.02209709, 0.02209709, 0.02209709, 0.02209709, 0.02209709, 0.02209709, 0.02209709, 0.02209709, 0.02209709, 0.02209709, 0.02209709, 0.02209709, 0.02209709, 0.02209709, 0.02209709, 0.02209709, 0.02209709, 0.02209709, 0.02209709, 0.02209709, 0.02209709, 0.02209709, 0.02209709, 0.02209709, 0.02209709, 0.02209709, 0.02209709, 0.02209709, 0.02209709, 0.02209709, 0.02209709, 0.02209709, 0.02209709, 0.02209709, 0.02209709, 0.02209709, 0.02209709, 0.02209709, 0.02209709, 0.02209709, 0.02209709, 0.02209709, 0.02209709, 0.02209709, 0.02209709, 0.02209709, 0.02209709, 0.02209709, 0.02209709, 0.02209709, 0.02209709, 0.02209709, 0.02209709, 0.02209709, 0.02209709, 0.02209709, 0.02209709, 0.02209709, 0.02209709, 0.02209709, 0.02209709, 0.02209709, 0.02209709, 0.02209709, 0.02209709, 0.02209709, 0.02209709, 0.02209709, 0.02209709, 0.02209709, 0.02209709, 0.02209709, 0.02209709, 0.02209709, 0.02209709, 0.02209709, 0.02209709, 0.02209709, 0.02209709, 0.02209709, 0.02209709, 0.02209709, 0.02209709, 0.02209709, 0.02209709, 0.02209709, 0.02209709, 0.02209709, 0.02209709, 0.02209709, 0.02209709, 0.02209709, 0.02209709, 0.02209709, 0.02209709, 0.02209709, 0.02209709, 0.02209709]",1,,,True
norm__poi_d512_c2_s42,27.21929168701172,25.51425552368164,27.21929168701172,78.0,6.20459541096352e-05,28.229341506958008,28.229341506958008,1075.9951171875,1075.9951171875,1074.3375244140625,1074.2335205078125,42.30115509033203,0.0,1.0,2.737138032913208,79.94722747802734,5.886916160583496,14.742903709411621,9.99999883788405e-07,1.5375107977888547e-05,8.265331268310547,3.8519623279571533,0.46603846549987793,0.5554887652397156,0.06720707565546036,0.00039017200469970703,0.001660466194152832,4.255728721618652,0.001660466194152832,4.255728721618652,0.9951666593551636,8.123262405395508,0.6161666512489319,8.123262405395508,0.4300000071525574,4.009223461151123,0.4255000054836273,4.009223461151123,0.3696666657924652,0.9090124368667603,0.3686666786670685,0.9090124368667603,8.265851020812988,0.0009310935856774449,8877.572265625,3.8632242679595947,6.757158553227782e-05,57172.3203125,0.15527744591236115,0.5666443705558777,1.0613742233545054e-05,53387.80078125,0.16628466546535492,0.00042343142558820546,3.275620656495448e-06,129.2675323486328,0.001693379832431674,1.431916007277323e-05,118.25972747802734,1.0930815935134888,0.0016872884007170796,1.8574055502540432e-05,90.84114837646484,1.423006534576416,19.190826416015625,19.279521942138672,0.9953994750976562,9.593896865844727,9.594123840332031,0.9999763369560242,0.4958447813987732,0.4932089149951935,1.005344271659851,8.269892692565918,8.29021167755127,0.9975490570068359,4.379655838012695,4.379720211029053,0.9999852776527405,0.995675265789032,0.9930227994918823,1.0026711225509644,inf,inf,,,,inf,,,1.0,8.281862258911133,poincare,2.0,512,gaussian,gaussian,60000,0.3,0.3,"[0.0, 0.0, 0.0, 0.0, 0.0, 0.0, 0.0, 0.0, 0.0, 0.0, 0.0, 0.0, 0.0, 0.0, 0.0, 0.0, 0.0, 0.0, 0.0, 0.0, 0.0, 0.0, 0.0, 0.0, 0.0, 0.0, 0.0, 0.0, 0.0, 0.0, 0.0, 0.0, 0.0, 0.0, 0.0, 0.0, 0.0, 0.0, 0.0, 0.0, 0.0, 0.0, 0.0, 0.0, 0.0, 0.0, 0.0, 0.0, 0.0, 0.0, 0.0, 0.0, 0.0, 0.0, 0.0, 0.0, 0.0, 0.0, 0.0, 0.0, 0.0, 0.0, 0.0, 0.0, 0.0, 0.0, 0.0, 0.0, 0.0, 0.0, 0.0, 0.0, 0.0, 0.0, 0.0, 0.0, 0.0, 0.0, 0.0, 0.0, 0.0, 0.0, 0.0, 0.0, 0.0, 0.0, 0.0, 0.0, 0.0, 0.0, 0.0, 0.0, 0.0, 0.0, 0.0, 0.0, 0.0, 0.0, 0.0, 0.0, 0.0, 0.0, 0.0, 0.0, 0.0, 0.0, 0.0, 0.0, 0.0, 0.0, 0.0, 0.0, 0.0, 0.0, 0.0, 0.0, 0.0, 0.0, 0.0, 0.0, 0.0, 0.0, 0.0, 0.0, 0.0, 0.0, 0.0, 0.0, 0.0, 0.0, 0.0, 0.0, 0.0, 0.0, 0.0, 0.0, 0.0, 0.0, 0.0, 0.0, 0.0, 0.0, 0.0, 0.0, 0.0, 0.0, 0.0, 0.0, 0.0, 0.0, 0.0, 0.0, 0.0, 0.0, 0.0, 0.0, 0.0, 0.0, 0.0, 0.0, 0.0, 0.0, 0.0, 0.0, 0.0, 0.0, 0.0, 0.0, 0.0, 0.0, 0.0, 0.0, 0.0, 0.0, 0.0, 0.0, 0.0, 0.0, 0.0, 0.0, 0.0, 0.0, 0.0, 0.0, 0.0, 0.0, 0.0, 0.0, 0.0, 0.0, 0.0, 0.0, 0.0, 0.0, 0.0, 0.0, 0.0, 0.0, 0.0, 0.0, 0.0, 0.0, 0.0, 0.0, 0.0, 0.0, 0.0, 0.0, 0.0, 0.0, 0.0, 0.0, 0.0, 0.0, 0.0, 0.0, 0.0, 0.0, 0.0, 0.0, 0.0, 0.0, 0.0, 0.0, 0.0, 0.0, 0.0, 0.0, 0.0, 0.0, 0.0, 0.0, 0.0, 0.0, 0.0, 0.0, 0.0, 0.0, 0.0, 0.0, 0.0, 0.0, 0.0, 0.0, 0.0, 0.0, 0.0, 0.0, 0.0, 0.0, 0.0, 0.0, 0.0, 0.0, 0.0, 0.0, 0.0, 0.0, 0.0, 0.0, 0.0, 0.0, 0.0, 0.0, 0.0, 0.0, 0.0, 0.0, 0.0, 0.0, 0.0, 0.0, 0.0, 0.0, 0.0, 0.0, 0.0, 0.0, 0.0, 0.0, 0.0, 0.0, 0.0, 0.0, 0.0, 0.0, 0.0, 0.0, 0.0, 0.0, 0.0, 0.0, 0.0, 0.0, 0.0, 0.0, 0.0, 0.0, 0.0, 0.0, 0.0, 0.0, 0.0, 0.0, 0.0, 0.0, 0.0, 0.0, 0.0, 0.0, 0.0, 0.0, 0.0, 0.0, 0.0, 0.0, 0.0, 0.0, 0.0, 0.0, 0.0, 0.0, 0.0, 0.0, 0.0, 0.0, 0.0, 0.0, 0.0, 0.0, 0.0, 0.0, 0.0, 0.0, 0.0, 0.0, 0.0, 0.0, 0.0, 0.0, 0.0, 0.0, 0.0, 0.0, 0.0, 0.0, 0.0, 0.0, 0.0, 0.0, 0.0, 0.0, 0.0, 0.0, 0.0, 0.0, 0.0, 0.0, 0.0, 0.0, 0.0, 0.0, 0.0, 0.0, 0.0, 0.0, 0.0, 0.0, 0.0, 0.0, 0.0, 0.0, 0.0, 0.0, 0.0, 0.0, 0.0, 0.0, 0.0, 0.0, 0.0, 0.0, 0.0, 0.0, 0.0, 0.0, 0.0, 0.0, 0.0, 0.0, 0.0, 0.0, 0.0, 0.0, 0.0, 0.0, 0.0, 0.0, 0.0, 0.0, 0.0, 0.0, 0.0, 0.0, 0.0, 0.0, 0.0, 0.0, 0.0, 0.0, 0.0, 0.0, 0.0, 0.0, 0.0, 0.0, 0.0, 0.0, 0.0, 0.0, 0.0, 0.0, 0.0, 0.0, 0.0, 0.0, 0.0, 0.0, 0.0, 0.0, 0.0, 0.0, 0.0, 0.0, 0.0, 0.0, 0.0, 0.0, 0.0, 0.0, 0.0, 0.0, 0.0, 0.0, 0.0, 0.0, 0.0, 0.0, 0.0, 0.0, 0.0, 0.0, 0.0, 0.0, 0.0, 0.0, 0.0, 0.0, 0.0, 0.0, 0.0, 0.0, 0.0, 0.0, 0.0, 0.0, 0.0, 0.0, 0.0, 0.0, 0.0, 0.0, 0.0, 0.0, 0.0, 0.0, 0.0, 0.0, 0.0, 0.0, 0.0, 0.0, 0.0, 0.0, 0.0, 0.0, 0.0, 0.0, 0.0, 0.0, 0.0, 0.0, 0.0, 0.0, 0.0, 0.0, 0.0, 0.0, 0.0, 0.0, 0.0, 0.0, 0.0, 0.0, 0.0, 0.0, 0.0, 0.0, 0.0, 0.0, 0.0, 0.0]","[0.02209709, 0.02209709, 0.02209709, 0.02209709, 0.02209709, 0.02209709, 0.02209709, 0.02209709, 0.02209709, 0.02209709, 0.02209709, 0.02209709, 0.02209709, 0.02209709, 0.02209709, 0.02209709, 0.02209709, 0.02209709, 0.02209709, 0.02209709, 0.02209709, 0.02209709, 0.02209709, 0.02209709, 0.02209709, 0.02209709, 0.02209709, 0.02209709, 0.02209709, 0.02209709, 0.02209709, 0.02209709, 0.02209709, 0.02209709, 0.02209709, 0.02209709, 0.02209709, 0.02209709, 0.02209709, 0.02209709, 0.02209709, 0.02209709, 0.02209709, 0.02209709, 0.02209709, 0.02209709, 0.02209709, 0.02209709, 0.02209709, 0.02209709, 0.02209709, 0.02209709, 0.02209709, 0.02209709, 0.02209709, 0.02209709, 0.02209709, 0.02209709, 0.02209709, 0.02209709, 0.02209709, 0.02209709, 0.02209709, 0.02209709, 0.02209709, 0.02209709, 0.02209709, 0.02209709, 0.02209709, 0.02209709, 0.02209709, 0.02209709, 0.02209709, 0.02209709, 0.02209709, 0.02209709, 0.02209709, 0.02209709, 0.02209709, 0.02209709, 0.02209709, 0.02209709, 0.02209709, 0.02209709, 0.02209709, 0.02209709, 0.02209709, 0.02209709, 0.02209709, 0.02209709, 0.02209709, 0.02209709, 0.02209709, 0.02209709, 0.02209709, 0.02209709, 0.02209709, 0.02209709, 0.02209709, 0.02209709, 0.02209709, 0.02209709, 0.02209709, 0.02209709, 0.02209709, 0.02209709, 0.02209709, 0.02209709, 0.02209709, 0.02209709, 0.02209709, 0.02209709, 0.02209709, 0.02209709, 0.02209709, 0.02209709, 0.02209709, 0.02209709, 0.02209709, 0.02209709, 0.02209709, 0.02209709, 0.02209709, 0.02209709, 0.02209709, 0.02209709, 0.02209709, 0.02209709, 0.02209709, 0.02209709, 0.02209709, 0.02209709, 0.02209709, 0.02209709, 0.02209709, 0.02209709, 0.02209709, 0.02209709, 0.02209709, 0.02209709, 0.02209709, 0.02209709, 0.02209709, 0.02209709, 0.02209709, 0.02209709, 0.02209709, 0.02209709, 0.02209709, 0.02209709, 0.02209709, 0.02209709, 0.02209709, 0.02209709, 0.02209709, 0.02209709, 0.02209709, 0.02209709, 0.02209709, 0.02209709, 0.02209709, 0.02209709, 0.02209709, 0.02209709, 0.02209709, 0.02209709, 0.02209709, 0.02209709, 0.02209709, 0.02209709, 0.02209709, 0.02209709, 0.02209709, 0.02209709, 0.02209709, 0.02209709, 0.02209709, 0.02209709, 0.02209709, 0.02209709, 0.02209709, 0.02209709, 0.02209709, 0.02209709, 0.02209709, 0.02209709, 0.02209709, 0.02209709, 0.02209709, 0.02209709, 0.02209709, 0.02209709, 0.02209709, 0.02209709, 0.02209709, 0.02209709, 0.02209709, 0.02209709, 0.02209709, 0.02209709, 0.02209709, 0.02209709, 0.02209709, 0.02209709, 0.02209709, 0.02209709, 0.02209709, 0.02209709, 0.02209709, 0.02209709, 0.02209709, 0.02209709, 0.02209709, 0.02209709, 0.02209709, 0.02209709, 0.02209709, 0.02209709, 0.02209709, 0.02209709, 0.02209709, 0.02209709, 0.02209709, 0.02209709, 0.02209709, 0.02209709, 0.02209709, 0.02209709, 0.02209709, 0.02209709, 0.02209709, 0.02209709, 0.02209709, 0.02209709, 0.02209709, 0.02209709, 0.02209709, 0.02209709, 0.02209709, 0.02209709, 0.02209709, 0.02209709, 0.02209709, 0.02209709, 0.02209709, 0.02209709, 0.02209709, 0.02209709, 0.02209709, 0.02209709, 0.02209709, 0.02209709, 0.02209709, 0.02209709, 0.02209709, 0.02209709, 0.02209709, 0.02209709, 0.02209709, 0.02209709, 0.02209709, 0.02209709, 0.02209709, 0.02209709, 0.02209709, 0.02209709, 0.02209709, 0.02209709, 0.02209709, 0.02209709, 0.02209709, 0.02209709, 0.02209709, 0.02209709, 0.02209709, 0.02209709, 0.02209709, 0.02209709, 0.02209709, 0.02209709, 0.02209709, 0.02209709, 0.02209709, 0.02209709, 0.02209709, 0.02209709, 0.02209709, 0.02209709, 0.02209709, 0.02209709, 0.02209709, 0.02209709, 0.02209709, 0.02209709, 0.02209709, 0.02209709, 0.02209709, 0.02209709, 0.02209709, 0.02209709, 0.02209709, 0.02209709, 0.02209709, 0.02209709, 0.02209709, 0.02209709, 0.02209709, 0.02209709, 0.02209709, 0.02209709, 0.02209709, 0.02209709, 0.02209709, 0.02209709, 0.02209709, 0.02209709, 0.02209709, 0.02209709, 0.02209709, 0.02209709, 0.02209709, 0.02209709, 0.02209709, 0.02209709, 0.02209709, 0.02209709, 0.02209709, 0.02209709, 0.02209709, 0.02209709, 0.02209709, 0.02209709, 0.02209709, 0.02209709, 0.02209709, 0.02209709, 0.02209709, 0.02209709, 0.02209709, 0.02209709, 0.02209709, 0.02209709, 0.02209709, 0.02209709, 0.02209709, 0.02209709, 0.02209709, 0.02209709, 0.02209709, 0.02209709, 0.02209709, 0.02209709, 0.02209709, 0.02209709, 0.02209709, 0.02209709, 0.02209709, 0.02209709, 0.02209709, 0.02209709, 0.02209709, 0.02209709, 0.02209709, 0.02209709, 0.02209709, 0.02209709, 0.02209709, 0.02209709, 0.02209709, 0.02209709, 0.02209709, 0.02209709, 0.02209709, 0.02209709, 0.02209709, 0.02209709, 0.02209709, 0.02209709, 0.02209709, 0.02209709, 0.02209709, 0.02209709, 0.02209709, 0.02209709, 0.02209709, 0.02209709, 0.02209709, 0.02209709, 0.02209709, 0.02209709, 0.02209709, 0.02209709, 0.02209709, 0.02209709, 0.02209709, 0.02209709, 0.02209709, 0.02209709, 0.02209709, 0.02209709, 0.02209709, 0.02209709, 0.02209709, 0.02209709, 0.02209709, 0.02209709, 0.02209709, 0.02209709, 0.02209709, 0.02209709, 0.02209709, 0.02209709, 0.02209709, 0.02209709, 0.02209709, 0.02209709, 0.02209709, 0.02209709, 0.02209709, 0.02209709, 0.02209709, 0.02209709, 0.02209709, 0.02209709, 0.02209709, 0.02209709, 0.02209709, 0.02209709, 0.02209709, 0.02209709, 0.02209709, 0.02209709, 0.02209709, 0.02209709, 0.02209709, 0.02209709, 0.02209709, 0.02209709, 0.02209709, 0.02209709, 0.02209709, 0.02209709, 0.02209709, 0.02209709, 0.02209709, 0.02209709, 0.02209709, 0.02209709, 0.02209709, 0.02209709, 0.02209709, 0.02209709, 0.02209709, 0.02209709, 0.02209709, 0.02209709, 0.02209709, 0.02209709, 0.02209709, 0.02209709, 0.02209709, 0.02209709, 0.02209709, 0.02209709, 0.02209709, 0.02209709, 0.02209709, 0.02209709, 0.02209709, 0.02209709, 0.02209709, 0.02209709, 0.02209709, 0.02209709, 0.02209709, 0.02209709, 0.02209709, 0.02209709, 0.02209709, 0.02209709, 0.02209709, 0.02209709, 0.02209709, 0.02209709, 0.02209709, 0.02209709, 0.02209709, 0.02209709, 0.02209709, 0.02209709, 0.02209709, 0.02209709, 0.02209709, 0.02209709, 0.02209709, 0.02209709, 0.02209709, 0.02209709, 0.02209709, 0.02209709, 0.02209709, 0.02209709, 0.02209709, 0.02209709, 0.02209709, 0.02209709, 0.02209709, 0.02209709, 0.02209709, 0.02209709, 0.02209709, 0.02209709]",1,,,True
norm__poi_d512_c2_s50,27.83416748046875,26.198532104492188,27.83416748046875,86.0,1.7958382159122266e-05,26.570005416870117,26.570005416870117,1080.1495361328125,1080.1495361328125,1080.1494140625,1080.4058837890625,33.55613708496094,0.0,1.0,2.329226493835449,50.312129974365234,5.303506374359131,12.523091316223145,9.99999883788405e-07,2.1360392565838993e-05,8.277432441711426,3.8550808429718018,0.4657338559627533,0.555519700050354,0.06711256504058838,0.0003846883773803711,0.0016176700592041016,4.205143928527832,0.0016176700592041016,4.205143928527832,0.8964999914169312,8.159099578857422,0.5771666765213013,8.159099578857422,0.40950000286102295,4.010945796966553,0.40149998664855957,4.010945796966553,0.3876666724681854,0.9093950986862183,0.37533333897590637,0.9093950986862183,8.277589797973633,0.0006843692972324789,12095.208984375,3.8663532733917236,4.832695776713081e-05,80004.0546875,0.15118244290351868,0.5666766166687012,7.420805104629835e-06,76363.2265625,0.15839049220085144,0.0004175385111011565,2.7366590984456707e-06,152.57235717773438,0.0016483109211549163,1.702685040072538e-05,96.80656433105469,1.5760538578033447,0.0016550979344174266,2.1158935851417482e-05,78.22217559814453,1.9505000114440918,19.24626922607422,19.280323028564453,0.9982337355613708,9.62173080444336,9.59614086151123,1.002666711807251,0.49588850140571594,0.4933074414730072,1.0052320957183838,8.282633781433105,8.290389060974121,0.9990645051002502,4.3860249519348145,4.380181789398193,1.0013339519500732,0.9957194924354553,0.9931221604347229,1.0026153326034546,inf,inf,,,,inf,,,1.0,8.28829574584961,poincare,2.0,512,gaussian,gaussian,60000,0.3,0.3,"[0.0, 0.0, 0.0, 0.0, 0.0, 0.0, 0.0, 0.0, 0.0, 0.0, 0.0, 0.0, 0.0, 0.0, 0.0, 0.0, 0.0, 0.0, 0.0, 0.0, 0.0, 0.0, 0.0, 0.0, 0.0, 0.0, 0.0, 0.0, 0.0, 0.0, 0.0, 0.0, 0.0, 0.0, 0.0, 0.0, 0.0, 0.0, 0.0, 0.0, 0.0, 0.0, 0.0, 0.0, 0.0, 0.0, 0.0, 0.0, 0.0, 0.0, 0.0, 0.0, 0.0, 0.0, 0.0, 0.0, 0.0, 0.0, 0.0, 0.0, 0.0, 0.0, 0.0, 0.0, 0.0, 0.0, 0.0, 0.0, 0.0, 0.0, 0.0, 0.0, 0.0, 0.0, 0.0, 0.0, 0.0, 0.0, 0.0, 0.0, 0.0, 0.0, 0.0, 0.0, 0.0, 0.0, 0.0, 0.0, 0.0, 0.0, 0.0, 0.0, 0.0, 0.0, 0.0, 0.0, 0.0, 0.0, 0.0, 0.0, 0.0, 0.0, 0.0, 0.0, 0.0, 0.0, 0.0, 0.0, 0.0, 0.0, 0.0, 0.0, 0.0, 0.0, 0.0, 0.0, 0.0, 0.0, 0.0, 0.0, 0.0, 0.0, 0.0, 0.0, 0.0, 0.0, 0.0, 0.0, 0.0, 0.0, 0.0, 0.0, 0.0, 0.0, 0.0, 0.0, 0.0, 0.0, 0.0, 0.0, 0.0, 0.0, 0.0, 0.0, 0.0, 0.0, 0.0, 0.0, 0.0, 0.0, 0.0, 0.0, 0.0, 0.0, 0.0, 0.0, 0.0, 0.0, 0.0, 0.0, 0.0, 0.0, 0.0, 0.0, 0.0, 0.0, 0.0, 0.0, 0.0, 0.0, 0.0, 0.0, 0.0, 0.0, 0.0, 0.0, 0.0, 0.0, 0.0, 0.0, 0.0, 0.0, 0.0, 0.0, 0.0, 0.0, 0.0, 0.0, 0.0, 0.0, 0.0, 0.0, 0.0, 0.0, 0.0, 0.0, 0.0, 0.0, 0.0, 0.0, 0.0, 0.0, 0.0, 0.0, 0.0, 0.0, 0.0, 0.0, 0.0, 0.0, 0.0, 0.0, 0.0, 0.0, 0.0, 0.0, 0.0, 0.0, 0.0, 0.0, 0.0, 0.0, 0.0, 0.0, 0.0, 0.0, 0.0, 0.0, 0.0, 0.0, 0.0, 0.0, 0.0, 0.0, 0.0, 0.0, 0.0, 0.0, 0.0, 0.0, 0.0, 0.0, 0.0, 0.0, 0.0, 0.0, 0.0, 0.0, 0.0, 0.0, 0.0, 0.0, 0.0, 0.0, 0.0, 0.0, 0.0, 0.0, 0.0, 0.0, 0.0, 0.0, 0.0, 0.0, 0.0, 0.0, 0.0, 0.0, 0.0, 0.0, 0.0, 0.0, 0.0, 0.0, 0.0, 0.0, 0.0, 0.0, 0.0, 0.0, 0.0, 0.0, 0.0, 0.0, 0.0, 0.0, 0.0, 0.0, 0.0, 0.0, 0.0, 0.0, 0.0, 0.0, 0.0, 0.0, 0.0, 0.0, 0.0, 0.0, 0.0, 0.0, 0.0, 0.0, 0.0, 0.0, 0.0, 0.0, 0.0, 0.0, 0.0, 0.0, 0.0, 0.0, 0.0, 0.0, 0.0, 0.0, 0.0, 0.0, 0.0, 0.0, 0.0, 0.0, 0.0, 0.0, 0.0, 0.0, 0.0, 0.0, 0.0, 0.0, 0.0, 0.0, 0.0, 0.0, 0.0, 0.0, 0.0, 0.0, 0.0, 0.0, 0.0, 0.0, 0.0, 0.0, 0.0, 0.0, 0.0, 0.0, 0.0, 0.0, 0.0, 0.0, 0.0, 0.0, 0.0, 0.0, 0.0, 0.0, 0.0, 0.0, 0.0, 0.0, 0.0, 0.0, 0.0, 0.0, 0.0, 0.0, 0.0, 0.0, 0.0, 0.0, 0.0, 0.0, 0.0, 0.0, 0.0, 0.0, 0.0, 0.0, 0.0, 0.0, 0.0, 0.0, 0.0, 0.0, 0.0, 0.0, 0.0, 0.0, 0.0, 0.0, 0.0, 0.0, 0.0, 0.0, 0.0, 0.0, 0.0, 0.0, 0.0, 0.0, 0.0, 0.0, 0.0, 0.0, 0.0, 0.0, 0.0, 0.0, 0.0, 0.0, 0.0, 0.0, 0.0, 0.0, 0.0, 0.0, 0.0, 0.0, 0.0, 0.0, 0.0, 0.0, 0.0, 0.0, 0.0, 0.0, 0.0, 0.0, 0.0, 0.0, 0.0, 0.0, 0.0, 0.0, 0.0, 0.0, 0.0, 0.0, 0.0, 0.0, 0.0, 0.0, 0.0, 0.0, 0.0, 0.0, 0.0, 0.0, 0.0, 0.0, 0.0, 0.0, 0.0, 0.0, 0.0, 0.0, 0.0, 0.0, 0.0, 0.0, 0.0, 0.0, 0.0, 0.0, 0.0, 0.0, 0.0, 0.0, 0.0, 0.0, 0.0, 0.0, 0.0, 0.0, 0.0, 0.0, 0.0, 0.0, 0.0, 0.0, 0.0, 0.0, 0.0, 0.0, 0.0, 0.0, 0.0, 0.0, 0.0, 0.0, 0.0, 0.0, 0.0, 0.0, 0.0, 0.0, 0.0, 0.0, 0.0, 0.0, 0.0, 0.0, 0.0, 0.0, 0.0, 0.0, 0.0, 0.0]","[0.02209709, 0.02209709, 0.02209709, 0.02209709, 0.02209709, 0.02209709, 0.02209709, 0.02209709, 0.02209709, 0.02209709, 0.02209709, 0.02209709, 0.02209709, 0.02209709, 0.02209709, 0.02209709, 0.02209709, 0.02209709, 0.02209709, 0.02209709, 0.02209709, 0.02209709, 0.02209709, 0.02209709, 0.02209709, 0.02209709, 0.02209709, 0.02209709, 0.02209709, 0.02209709, 0.02209709, 0.02209709, 0.02209709, 0.02209709, 0.02209709, 0.02209709, 0.02209709, 0.02209709, 0.02209709, 0.02209709, 0.02209709, 0.02209709, 0.02209709, 0.02209709, 0.02209709, 0.02209709, 0.02209709, 0.02209709, 0.02209709, 0.02209709, 0.02209709, 0.02209709, 0.02209709, 0.02209709, 0.02209709, 0.02209709, 0.02209709, 0.02209709, 0.02209709, 0.02209709, 0.02209709, 0.02209709, 0.02209709, 0.02209709, 0.02209709, 0.02209709, 0.02209709, 0.02209709, 0.02209709, 0.02209709, 0.02209709, 0.02209709, 0.02209709, 0.02209709, 0.02209709, 0.02209709, 0.02209709, 0.02209709, 0.02209709, 0.02209709, 0.02209709, 0.02209709, 0.02209709, 0.02209709, 0.02209709, 0.02209709, 0.02209709, 0.02209709, 0.02209709, 0.02209709, 0.02209709, 0.02209709, 0.02209709, 0.02209709, 0.02209709, 0.02209709, 0.02209709, 0.02209709, 0.02209709, 0.02209709, 0.02209709, 0.02209709, 0.02209709, 0.02209709, 0.02209709, 0.02209709, 0.02209709, 0.02209709, 0.02209709, 0.02209709, 0.02209709, 0.02209709, 0.02209709, 0.02209709, 0.02209709, 0.02209709, 0.02209709, 0.02209709, 0.02209709, 0.02209709, 0.02209709, 0.02209709, 0.02209709, 0.02209709, 0.02209709, 0.02209709, 0.02209709, 0.02209709, 0.02209709, 0.02209709, 0.02209709, 0.02209709, 0.02209709, 0.02209709, 0.02209709, 0.02209709, 0.02209709, 0.02209709, 0.02209709, 0.02209709, 0.02209709, 0.02209709, 0.02209709, 0.02209709, 0.02209709, 0.02209709, 0.02209709, 0.02209709, 0.02209709, 0.02209709, 0.02209709, 0.02209709, 0.02209709, 0.02209709, 0.02209709, 0.02209709, 0.02209709, 0.02209709, 0.02209709, 0.02209709, 0.02209709, 0.02209709, 0.02209709, 0.02209709, 0.02209709, 0.02209709, 0.02209709, 0.02209709, 0.02209709, 0.02209709, 0.02209709, 0.02209709, 0.02209709, 0.02209709, 0.02209709, 0.02209709, 0.02209709, 0.02209709, 0.02209709, 0.02209709, 0.02209709, 0.02209709, 0.02209709, 0.02209709, 0.02209709, 0.02209709, 0.02209709, 0.02209709, 0.02209709, 0.02209709, 0.02209709, 0.02209709, 0.02209709, 0.02209709, 0.02209709, 0.02209709, 0.02209709, 0.02209709, 0.02209709, 0.02209709, 0.02209709, 0.02209709, 0.02209709, 0.02209709, 0.02209709, 0.02209709, 0.02209709, 0.02209709, 0.02209709, 0.02209709, 0.02209709, 0.02209709, 0.02209709, 0.02209709, 0.02209709, 0.02209709, 0.02209709, 0.02209709, 0.02209709, 0.02209709, 0.02209709, 0.02209709, 0.02209709, 0.02209709, 0.02209709, 0.02209709, 0.02209709, 0.02209709, 0.02209709, 0.02209709, 0.02209709, 0.02209709, 0.02209709, 0.02209709, 0.02209709, 0.02209709, 0.02209709, 0.02209709, 0.02209709, 0.02209709, 0.02209709, 0.02209709, 0.02209709, 0.02209709, 0.02209709, 0.02209709, 0.02209709, 0.02209709, 0.02209709, 0.02209709, 0.02209709, 0.02209709, 0.02209709, 0.02209709, 0.02209709, 0.02209709, 0.02209709, 0.02209709, 0.02209709, 0.02209709, 0.02209709, 0.02209709, 0.02209709, 0.02209709, 0.02209709, 0.02209709, 0.02209709, 0.02209709, 0.02209709, 0.02209709, 0.02209709, 0.02209709, 0.02209709, 0.02209709, 0.02209709, 0.02209709, 0.02209709, 0.02209709, 0.02209709, 0.02209709, 0.02209709, 0.02209709, 0.02209709, 0.02209709, 0.02209709, 0.02209709, 0.02209709, 0.02209709, 0.02209709, 0.02209709, 0.02209709, 0.02209709, 0.02209709, 0.02209709, 0.02209709, 0.02209709, 0.02209709, 0.02209709, 0.02209709, 0.02209709, 0.02209709, 0.02209709, 0.02209709, 0.02209709, 0.02209709, 0.02209709, 0.02209709, 0.02209709, 0.02209709, 0.02209709, 0.02209709, 0.02209709, 0.02209709, 0.02209709, 0.02209709, 0.02209709, 0.02209709, 0.02209709, 0.02209709, 0.02209709, 0.02209709, 0.02209709, 0.02209709, 0.02209709, 0.02209709, 0.02209709, 0.02209709, 0.02209709, 0.02209709, 0.02209709, 0.02209709, 0.02209709, 0.02209709, 0.02209709, 0.02209709, 0.02209709, 0.02209709, 0.02209709, 0.02209709, 0.02209709, 0.02209709, 0.02209709, 0.02209709, 0.02209709, 0.02209709, 0.02209709, 0.02209709, 0.02209709, 0.02209709, 0.02209709, 0.02209709, 0.02209709, 0.02209709, 0.02209709, 0.02209709, 0.02209709, 0.02209709, 0.02209709, 0.02209709, 0.02209709, 0.02209709, 0.02209709, 0.02209709, 0.02209709, 0.02209709, 0.02209709, 0.02209709, 0.02209709, 0.02209709, 0.02209709, 0.02209709, 0.02209709, 0.02209709, 0.02209709, 0.02209709, 0.02209709, 0.02209709, 0.02209709, 0.02209709, 0.02209709, 0.02209709, 0.02209709, 0.02209709, 0.02209709, 0.02209709, 0.02209709, 0.02209709, 0.02209709, 0.02209709, 0.02209709, 0.02209709, 0.02209709, 0.02209709, 0.02209709, 0.02209709, 0.02209709, 0.02209709, 0.02209709, 0.02209709, 0.02209709, 0.02209709, 0.02209709, 0.02209709, 0.02209709, 0.02209709, 0.02209709, 0.02209709, 0.02209709, 0.02209709, 0.02209709, 0.02209709, 0.02209709, 0.02209709, 0.02209709, 0.02209709, 0.02209709, 0.02209709, 0.02209709, 0.02209709, 0.02209709, 0.02209709, 0.02209709, 0.02209709, 0.02209709, 0.02209709, 0.02209709, 0.02209709, 0.02209709, 0.02209709, 0.02209709, 0.02209709, 0.02209709, 0.02209709, 0.02209709, 0.02209709, 0.02209709, 0.02209709, 0.02209709, 0.02209709, 0.02209709, 0.02209709, 0.02209709, 0.02209709, 0.02209709, 0.02209709, 0.02209709, 0.02209709, 0.02209709, 0.02209709, 0.02209709, 0.02209709, 0.02209709, 0.02209709, 0.02209709, 0.02209709, 0.02209709, 0.02209709, 0.02209709, 0.02209709, 0.02209709, 0.02209709, 0.02209709, 0.02209709, 0.02209709, 0.02209709, 0.02209709, 0.02209709, 0.02209709, 0.02209709, 0.02209709, 0.02209709, 0.02209709, 0.02209709, 0.02209709, 0.02209709, 0.02209709, 0.02209709, 0.02209709, 0.02209709, 0.02209709, 0.02209709, 0.02209709, 0.02209709, 0.02209709, 0.02209709, 0.02209709, 0.02209709, 0.02209709, 0.02209709, 0.02209709, 0.02209709, 0.02209709, 0.02209709, 0.02209709, 0.02209709, 0.02209709, 0.02209709, 0.02209709, 0.02209709, 0.02209709, 0.02209709, 0.02209709, 0.02209709, 0.02209709, 0.02209709, 0.02209709, 0.02209709, 0.02209709, 0.02209709, 0.02209709, 0.02209709, 0.02209709]",1,,,True
norm__poi_d512_c3_s34,18.247404098510742,17.021800994873047,18.247404098510742,78.0,1.3160209164198022e-05,18.32292366027832,18.32292366027832,736.9647216796875,736.9647216796875,736.9646606445312,736.88818359375,24.099735260009766,0.0,1.0,2.018338918685913,44.27094268798828,4.474174976348877,10.79833698272705,9.99999883788405e-07,2.9552960768342018e-05,6.758386611938477,3.8547282218933105,0.5703622102737427,0.3744991719722748,0.05541251599788666,0.0004061460494995117,0.0017052888870239258,4.198708534240723,0.0017055273056030273,4.199295520782471,0.0885000005364418,6.561636924743652,0.5453333258628845,6.561636924743652,0.3824999928474426,4.0095295906066895,0.3791666626930237,4.0095295906066895,0.3528333306312561,0.7422934770584106,0.343833327293396,0.7422934770584106,6.758404731750488,0.0008452559122815728,7995.6904296875,3.865983486175537,5.195113044464961e-05,74415.7734375,0.10744617879390717,0.38565129041671753,9.536629477224778e-06,40438.94921875,0.19772250950336456,0.0004396160948090255,3.605437768783304e-06,121.931396484375,0.0017355799209326506,1.9518247427185997e-05,88.9208984375,1.37123441696167,0.0017392754089087248,1.4741595805389807e-05,117.98420715332031,1.0334552526474,12.825050354003906,12.852554321289062,0.9978600144386292,9.617379188537598,9.593143463134766,1.0025264024734497,0.3305889070034027,0.32878100872039795,1.0054987668991089,6.76104211807251,6.768539905548096,0.9988923072814941,4.385033130645752,4.3794965744018555,1.001264214515686,0.8129973411560059,0.8107690215110779,1.0027482509613037,inf,inf,,,,inf,,,1.0,6.766462802886963,poincare,3.0,512,gaussian,gaussian,60000,0.3,0.3,"[0.0, 0.0, 0.0, 0.0, 0.0, 0.0, 0.0, 0.0, 0.0, 0.0, 0.0, 0.0, 0.0, 0.0, 0.0, 0.0, 0.0, 0.0, 0.0, 0.0, 0.0, 0.0, 0.0, 0.0, 0.0, 0.0, 0.0, 0.0, 0.0, 0.0, 0.0, 0.0, 0.0, 0.0, 0.0, 0.0, 0.0, 0.0, 0.0, 0.0, 0.0, 0.0, 0.0, 0.0, 0.0, 0.0, 0.0, 0.0, 0.0, 0.0, 0.0, 0.0, 0.0, 0.0, 0.0, 0.0, 0.0, 0.0, 0.0, 0.0, 0.0, 0.0, 0.0, 0.0, 0.0, 0.0, 0.0, 0.0, 0.0, 0.0, 0.0, 0.0, 0.0, 0.0, 0.0, 0.0, 0.0, 0.0, 0.0, 0.0, 0.0, 0.0, 0.0, 0.0, 0.0, 0.0, 0.0, 0.0, 0.0, 0.0, 0.0, 0.0, 0.0, 0.0, 0.0, 0.0, 0.0, 0.0, 0.0, 0.0, 0.0, 0.0, 0.0, 0.0, 0.0, 0.0, 0.0, 0.0, 0.0, 0.0, 0.0, 0.0, 0.0, 0.0, 0.0, 0.0, 0.0, 0.0, 0.0, 0.0, 0.0, 0.0, 0.0, 0.0, 0.0, 0.0, 0.0, 0.0, 0.0, 0.0, 0.0, 0.0, 0.0, 0.0, 0.0, 0.0, 0.0, 0.0, 0.0, 0.0, 0.0, 0.0, 0.0, 0.0, 0.0, 0.0, 0.0, 0.0, 0.0, 0.0, 0.0, 0.0, 0.0, 0.0, 0.0, 0.0, 0.0, 0.0, 0.0, 0.0, 0.0, 0.0, 0.0, 0.0, 0.0, 0.0, 0.0, 0.0, 0.0, 0.0, 0.0, 0.0, 0.0, 0.0, 0.0, 0.0, 0.0, 0.0, 0.0, 0.0, 0.0, 0.0, 0.0, 0.0, 0.0, 0.0, 0.0, 0.0, 0.0, 0.0, 0.0, 0.0, 0.0, 0.0, 0.0, 0.0, 0.0, 0.0, 0.0, 0.0, 0.0, 0.0, 0.0, 0.0, 0.0, 0.0, 0.0, 0.0, 0.0, 0.0, 0.0, 0.0, 0.0, 0.0, 0.0, 0.0, 0.0, 0.0, 0.0, 0.0, 0.0, 0.0, 0.0, 0.0, 0.0, 0.0, 0.0, 0.0, 0.0, 0.0, 0.0, 0.0, 0.0, 0.0, 0.0, 0.0, 0.0, 0.0, 0.0, 0.0, 0.0, 0.0, 0.0, 0.0, 0.0, 0.0, 0.0, 0.0, 0.0, 0.0, 0.0, 0.0, 0.0, 0.0, 0.0, 0.0, 0.0, 0.0, 0.0, 0.0, 0.0, 0.0, 0.0, 0.0, 0.0, 0.0, 0.0, 0.0, 0.0, 0.0, 0.0, 0.0, 0.0, 0.0, 0.0, 0.0, 0.0, 0.0, 0.0, 0.0, 0.0, 0.0, 0.0, 0.0, 0.0, 0.0, 0.0, 0.0, 0.0, 0.0, 0.0, 0.0, 0.0, 0.0, 0.0, 0.0, 0.0, 0.0, 0.0, 0.0, 0.0, 0.0, 0.0, 0.0, 0.0, 0.0, 0.0, 0.0, 0.0, 0.0, 0.0, 0.0, 0.0, 0.0, 0.0, 0.0, 0.0, 0.0, 0.0, 0.0, 0.0, 0.0, 0.0, 0.0, 0.0, 0.0, 0.0, 0.0, 0.0, 0.0, 0.0, 0.0, 0.0, 0.0, 0.0, 0.0, 0.0, 0.0, 0.0, 0.0, 0.0, 0.0, 0.0, 0.0, 0.0, 0.0, 0.0, 0.0, 0.0, 0.0, 0.0, 0.0, 0.0, 0.0, 0.0, 0.0, 0.0, 0.0, 0.0, 0.0, 0.0, 0.0, 0.0, 0.0, 0.0, 0.0, 0.0, 0.0, 0.0, 0.0, 0.0, 0.0, 0.0, 0.0, 0.0, 0.0, 0.0, 0.0, 0.0, 0.0, 0.0, 0.0, 0.0, 0.0, 0.0, 0.0, 0.0, 0.0, 0.0, 0.0, 0.0, 0.0, 0.0, 0.0, 0.0, 0.0, 0.0, 0.0, 0.0, 0.0, 0.0, 0.0, 0.0, 0.0, 0.0, 0.0, 0.0, 0.0, 0.0, 0.0, 0.0, 0.0, 0.0, 0.0, 0.0, 0.0, 0.0, 0.0, 0.0, 0.0, 0.0, 0.0, 0.0, 0.0, 0.0, 0.0, 0.0, 0.0, 0.0, 0.0, 0.0, 0.0, 0.0, 0.0, 0.0, 0.0, 0.0, 0.0, 0.0, 0.0, 0.0, 0.0, 0.0, 0.0, 0.0, 0.0, 0.0, 0.0, 0.0, 0.0, 0.0, 0.0, 0.0, 0.0, 0.0, 0.0, 0.0, 0.0, 0.0, 0.0, 0.0, 0.0, 0.0, 0.0, 0.0, 0.0, 0.0, 0.0, 0.0, 0.0, 0.0, 0.0, 0.0, 0.0, 0.0, 0.0, 0.0, 0.0, 0.0, 0.0, 0.0, 0.0, 0.0, 0.0, 0.0, 0.0, 0.0, 0.0, 0.0, 0.0, 0.0, 0.0, 0.0, 0.0, 0.0, 0.0, 0.0, 0.0, 0.0, 0.0, 0.0, 0.0, 0.0, 0.0, 0.0, 0.0, 0.0, 0.0, 0.0, 0.0, 0.0, 0.0]","[0.02209709, 0.02209709, 0.02209709, 0.02209709, 0.02209709, 0.02209709, 0.02209709, 0.02209709, 0.02209709, 0.02209709, 0.02209709, 0.02209709, 0.02209709, 0.02209709, 0.02209709, 0.02209709, 0.02209709, 0.02209709, 0.02209709, 0.02209709, 0.02209709, 0.02209709, 0.02209709, 0.02209709, 0.02209709, 0.02209709, 0.02209709, 0.02209709, 0.02209709, 0.02209709, 0.02209709, 0.02209709, 0.02209709, 0.02209709, 0.02209709, 0.02209709, 0.02209709, 0.02209709, 0.02209709, 0.02209709, 0.02209709, 0.02209709, 0.02209709, 0.02209709, 0.02209709, 0.02209709, 0.02209709, 0.02209709, 0.02209709, 0.02209709, 0.02209709, 0.02209709, 0.02209709, 0.02209709, 0.02209709, 0.02209709, 0.02209709, 0.02209709, 0.02209709, 0.02209709, 0.02209709, 0.02209709, 0.02209709, 0.02209709, 0.02209709, 0.02209709, 0.02209709, 0.02209709, 0.02209709, 0.02209709, 0.02209709, 0.02209709, 0.02209709, 0.02209709, 0.02209709, 0.02209709, 0.02209709, 0.02209709, 0.02209709, 0.02209709, 0.02209709, 0.02209709, 0.02209709, 0.02209709, 0.02209709, 0.02209709, 0.02209709, 0.02209709, 0.02209709, 0.02209709, 0.02209709, 0.02209709, 0.02209709, 0.02209709, 0.02209709, 0.02209709, 0.02209709, 0.02209709, 0.02209709, 0.02209709, 0.02209709, 0.02209709, 0.02209709, 0.02209709, 0.02209709, 0.02209709, 0.02209709, 0.02209709, 0.02209709, 0.02209709, 0.02209709, 0.02209709, 0.02209709, 0.02209709, 0.02209709, 0.02209709, 0.02209709, 0.02209709, 0.02209709, 0.02209709, 0.02209709, 0.02209709, 0.02209709, 0.02209709, 0.02209709, 0.02209709, 0.02209709, 0.02209709, 0.02209709, 0.02209709, 0.02209709, 0.02209709, 0.02209709, 0.02209709, 0.02209709, 0.02209709, 0.02209709, 0.02209709, 0.02209709, 0.02209709, 0.02209709, 0.02209709, 0.02209709, 0.02209709, 0.02209709, 0.02209709, 0.02209709, 0.02209709, 0.02209709, 0.02209709, 0.02209709, 0.02209709, 0.02209709, 0.02209709, 0.02209709, 0.02209709, 0.02209709, 0.02209709, 0.02209709, 0.02209709, 0.02209709, 0.02209709, 0.02209709, 0.02209709, 0.02209709, 0.02209709, 0.02209709, 0.02209709, 0.02209709, 0.02209709, 0.02209709, 0.02209709, 0.02209709, 0.02209709, 0.02209709, 0.02209709, 0.02209709, 0.02209709, 0.02209709, 0.02209709, 0.02209709, 0.02209709, 0.02209709, 0.02209709, 0.02209709, 0.02209709, 0.02209709, 0.02209709, 0.02209709, 0.02209709, 0.02209709, 0.02209709, 0.02209709, 0.02209709, 0.02209709, 0.02209709, 0.02209709, 0.02209709, 0.02209709, 0.02209709, 0.02209709, 0.02209709, 0.02209709, 0.02209709, 0.02209709, 0.02209709, 0.02209709, 0.02209709, 0.02209709, 0.02209709, 0.02209709, 0.02209709, 0.02209709, 0.02209709, 0.02209709, 0.02209709, 0.02209709, 0.02209709, 0.02209709, 0.02209709, 0.02209709, 0.02209709, 0.02209709, 0.02209709, 0.02209709, 0.02209709, 0.02209709, 0.02209709, 0.02209709, 0.02209709, 0.02209709, 0.02209709, 0.02209709, 0.02209709, 0.02209709, 0.02209709, 0.02209709, 0.02209709, 0.02209709, 0.02209709, 0.02209709, 0.02209709, 0.02209709, 0.02209709, 0.02209709, 0.02209709, 0.02209709, 0.02209709, 0.02209709, 0.02209709, 0.02209709, 0.02209709, 0.02209709, 0.02209709, 0.02209709, 0.02209709, 0.02209709, 0.02209709, 0.02209709, 0.02209709, 0.02209709, 0.02209709, 0.02209709, 0.02209709, 0.02209709, 0.02209709, 0.02209709, 0.02209709, 0.02209709, 0.02209709, 0.02209709, 0.02209709, 0.02209709, 0.02209709, 0.02209709, 0.02209709, 0.02209709, 0.02209709, 0.02209709, 0.02209709, 0.02209709, 0.02209709, 0.02209709, 0.02209709, 0.02209709, 0.02209709, 0.02209709, 0.02209709, 0.02209709, 0.02209709, 0.02209709, 0.02209709, 0.02209709, 0.02209709, 0.02209709, 0.02209709, 0.02209709, 0.02209709, 0.02209709, 0.02209709, 0.02209709, 0.02209709, 0.02209709, 0.02209709, 0.02209709, 0.02209709, 0.02209709, 0.02209709, 0.02209709, 0.02209709, 0.02209709, 0.02209709, 0.02209709, 0.02209709, 0.02209709, 0.02209709, 0.02209709, 0.02209709, 0.02209709, 0.02209709, 0.02209709, 0.02209709, 0.02209709, 0.02209709, 0.02209709, 0.02209709, 0.02209709, 0.02209709, 0.02209709, 0.02209709, 0.02209709, 0.02209709, 0.02209709, 0.02209709, 0.02209709, 0.02209709, 0.02209709, 0.02209709, 0.02209709, 0.02209709, 0.02209709, 0.02209709, 0.02209709, 0.02209709, 0.02209709, 0.02209709, 0.02209709, 0.02209709, 0.02209709, 0.02209709, 0.02209709, 0.02209709, 0.02209709, 0.02209709, 0.02209709, 0.02209709, 0.02209709, 0.02209709, 0.02209709, 0.02209709, 0.02209709, 0.02209709, 0.02209709, 0.02209709, 0.02209709, 0.02209709, 0.02209709, 0.02209709, 0.02209709, 0.02209709, 0.02209709, 0.02209709, 0.02209709, 0.02209709, 0.02209709, 0.02209709, 0.02209709, 0.02209709, 0.02209709, 0.02209709, 0.02209709, 0.02209709, 0.02209709, 0.02209709, 0.02209709, 0.02209709, 0.02209709, 0.02209709, 0.02209709, 0.02209709, 0.02209709, 0.02209709, 0.02209709, 0.02209709, 0.02209709, 0.02209709, 0.02209709, 0.02209709, 0.02209709, 0.02209709, 0.02209709, 0.02209709, 0.02209709, 0.02209709, 0.02209709, 0.02209709, 0.02209709, 0.02209709, 0.02209709, 0.02209709, 0.02209709, 0.02209709, 0.02209709, 0.02209709, 0.02209709, 0.02209709, 0.02209709, 0.02209709, 0.02209709, 0.02209709, 0.02209709, 0.02209709, 0.02209709, 0.02209709, 0.02209709, 0.02209709, 0.02209709, 0.02209709, 0.02209709, 0.02209709, 0.02209709, 0.02209709, 0.02209709, 0.02209709, 0.02209709, 0.02209709, 0.02209709, 0.02209709, 0.02209709, 0.02209709, 0.02209709, 0.02209709, 0.02209709, 0.02209709, 0.02209709, 0.02209709, 0.02209709, 0.02209709, 0.02209709, 0.02209709, 0.02209709, 0.02209709, 0.02209709, 0.02209709, 0.02209709, 0.02209709, 0.02209709, 0.02209709, 0.02209709, 0.02209709, 0.02209709, 0.02209709, 0.02209709, 0.02209709, 0.02209709, 0.02209709, 0.02209709, 0.02209709, 0.02209709, 0.02209709, 0.02209709, 0.02209709, 0.02209709, 0.02209709, 0.02209709, 0.02209709, 0.02209709, 0.02209709, 0.02209709, 0.02209709, 0.02209709, 0.02209709, 0.02209709, 0.02209709, 0.02209709, 0.02209709, 0.02209709, 0.02209709, 0.02209709, 0.02209709, 0.02209709, 0.02209709, 0.02209709, 0.02209709, 0.02209709, 0.02209709, 0.02209709, 0.02209709, 0.02209709, 0.02209709, 0.02209709, 0.02209709, 0.02209709, 0.02209709, 0.02209709, 0.02209709, 0.02209709, 0.02209709, 0.02209709, 0.02209709, 0.02209709, 0.02209709]",1,,,True
norm__poi_d512_c3_s42,17.97381591796875,16.779315948486328,17.97381591796875,78.0,4.7939520300133154e-05,18.24108123779297,18.24108123779297,735.4473266601562,735.4473266601562,735.447265625,735.2456665039062,27.725740432739258,0.0,1.0,2.213587522506714,62.95924377441406,4.771033763885498,11.824264526367188,9.99999883788405e-07,1.8749331502476707e-05,6.751587390899658,3.8520314693450928,0.5705372095108032,0.3744688630104065,0.05546382814645767,0.0003974437713623047,0.0016613006591796875,4.179964065551758,0.0016611814498901367,4.179664134979248,0.9878333210945129,6.630940914154053,0.5861666798591614,6.630940914154053,0.4269999861717224,4.009232044219971,0.42533332109451294,4.009232044219971,0.3695000112056732,0.7422055006027222,0.3683333396911621,0.7422055006027222,6.752061367034912,0.0005625386838801205,12002.8388671875,3.863297939300537,6.346680311253294e-05,60871.15625,0.19718433916568756,0.3856191337108612,8.684809472470079e-06,44401.56640625,0.2703246772289276,0.00043032565736211836,3.4419533676555147e-06,125.02367401123047,0.0016942383954301476,1.4343639122671448e-05,118.11773681640625,1.0584665536880493,0.0016881824703887105,1.8568482119007967e-05,90.91656494140625,1.3751475811004639,12.794929504394531,12.853044509887695,0.9954785108566284,9.59467601776123,9.594130516052246,1.0000568628311157,0.33056405186653137,0.32880595326423645,1.0053468942642212,6.752542972564697,6.768670082092285,0.9976175427436829,4.3798346519470215,4.379721641540527,1.000025749206543,0.812966525554657,0.810799777507782,1.0026723146438599,inf,inf,,,,inf,,,1.0,6.762088775634766,poincare,3.0,512,gaussian,gaussian,60000,0.3,0.3,"[0.0, 0.0, 0.0, 0.0, 0.0, 0.0, 0.0, 0.0, 0.0, 0.0, 0.0, 0.0, 0.0, 0.0, 0.0, 0.0, 0.0, 0.0, 0.0, 0.0, 0.0, 0.0, 0.0, 0.0, 0.0, 0.0, 0.0, 0.0, 0.0, 0.0, 0.0, 0.0, 0.0, 0.0, 0.0, 0.0, 0.0, 0.0, 0.0, 0.0, 0.0, 0.0, 0.0, 0.0, 0.0, 0.0, 0.0, 0.0, 0.0, 0.0, 0.0, 0.0, 0.0, 0.0, 0.0, 0.0, 0.0, 0.0, 0.0, 0.0, 0.0, 0.0, 0.0, 0.0, 0.0, 0.0, 0.0, 0.0, 0.0, 0.0, 0.0, 0.0, 0.0, 0.0, 0.0, 0.0, 0.0, 0.0, 0.0, 0.0, 0.0, 0.0, 0.0, 0.0, 0.0, 0.0, 0.0, 0.0, 0.0, 0.0, 0.0, 0.0, 0.0, 0.0, 0.0, 0.0, 0.0, 0.0, 0.0, 0.0, 0.0, 0.0, 0.0, 0.0, 0.0, 0.0, 0.0, 0.0, 0.0, 0.0, 0.0, 0.0, 0.0, 0.0, 0.0, 0.0, 0.0, 0.0, 0.0, 0.0, 0.0, 0.0, 0.0, 0.0, 0.0, 0.0, 0.0, 0.0, 0.0, 0.0, 0.0, 0.0, 0.0, 0.0, 0.0, 0.0, 0.0, 0.0, 0.0, 0.0, 0.0, 0.0, 0.0, 0.0, 0.0, 0.0, 0.0, 0.0, 0.0, 0.0, 0.0, 0.0, 0.0, 0.0, 0.0, 0.0, 0.0, 0.0, 0.0, 0.0, 0.0, 0.0, 0.0, 0.0, 0.0, 0.0, 0.0, 0.0, 0.0, 0.0, 0.0, 0.0, 0.0, 0.0, 0.0, 0.0, 0.0, 0.0, 0.0, 0.0, 0.0, 0.0, 0.0, 0.0, 0.0, 0.0, 0.0, 0.0, 0.0, 0.0, 0.0, 0.0, 0.0, 0.0, 0.0, 0.0, 0.0, 0.0, 0.0, 0.0, 0.0, 0.0, 0.0, 0.0, 0.0, 0.0, 0.0, 0.0, 0.0, 0.0, 0.0, 0.0, 0.0, 0.0, 0.0, 0.0, 0.0, 0.0, 0.0, 0.0, 0.0, 0.0, 0.0, 0.0, 0.0, 0.0, 0.0, 0.0, 0.0, 0.0, 0.0, 0.0, 0.0, 0.0, 0.0, 0.0, 0.0, 0.0, 0.0, 0.0, 0.0, 0.0, 0.0, 0.0, 0.0, 0.0, 0.0, 0.0, 0.0, 0.0, 0.0, 0.0, 0.0, 0.0, 0.0, 0.0, 0.0, 0.0, 0.0, 0.0, 0.0, 0.0, 0.0, 0.0, 0.0, 0.0, 0.0, 0.0, 0.0, 0.0, 0.0, 0.0, 0.0, 0.0, 0.0, 0.0, 0.0, 0.0, 0.0, 0.0, 0.0, 0.0, 0.0, 0.0, 0.0, 0.0, 0.0, 0.0, 0.0, 0.0, 0.0, 0.0, 0.0, 0.0, 0.0, 0.0, 0.0, 0.0, 0.0, 0.0, 0.0, 0.0, 0.0, 0.0, 0.0, 0.0, 0.0, 0.0, 0.0, 0.0, 0.0, 0.0, 0.0, 0.0, 0.0, 0.0, 0.0, 0.0, 0.0, 0.0, 0.0, 0.0, 0.0, 0.0, 0.0, 0.0, 0.0, 0.0, 0.0, 0.0, 0.0, 0.0, 0.0, 0.0, 0.0, 0.0, 0.0, 0.0, 0.0, 0.0, 0.0, 0.0, 0.0, 0.0, 0.0, 0.0, 0.0, 0.0, 0.0, 0.0, 0.0, 0.0, 0.0, 0.0, 0.0, 0.0, 0.0, 0.0, 0.0, 0.0, 0.0, 0.0, 0.0, 0.0, 0.0, 0.0, 0.0, 0.0, 0.0, 0.0, 0.0, 0.0, 0.0, 0.0, 0.0, 0.0, 0.0, 0.0, 0.0, 0.0, 0.0, 0.0, 0.0, 0.0, 0.0, 0.0, 0.0, 0.0, 0.0, 0.0, 0.0, 0.0, 0.0, 0.0, 0.0, 0.0, 0.0, 0.0, 0.0, 0.0, 0.0, 0.0, 0.0, 0.0, 0.0, 0.0, 0.0, 0.0, 0.0, 0.0, 0.0, 0.0, 0.0, 0.0, 0.0, 0.0, 0.0, 0.0, 0.0, 0.0, 0.0, 0.0, 0.0, 0.0, 0.0, 0.0, 0.0, 0.0, 0.0, 0.0, 0.0, 0.0, 0.0, 0.0, 0.0, 0.0, 0.0, 0.0, 0.0, 0.0, 0.0, 0.0, 0.0, 0.0, 0.0, 0.0, 0.0, 0.0, 0.0, 0.0, 0.0, 0.0, 0.0, 0.0, 0.0, 0.0, 0.0, 0.0, 0.0, 0.0, 0.0, 0.0, 0.0, 0.0, 0.0, 0.0, 0.0, 0.0, 0.0, 0.0, 0.0, 0.0, 0.0, 0.0, 0.0, 0.0, 0.0, 0.0, 0.0, 0.0, 0.0, 0.0, 0.0, 0.0, 0.0, 0.0, 0.0, 0.0, 0.0, 0.0, 0.0, 0.0, 0.0, 0.0, 0.0, 0.0, 0.0, 0.0, 0.0, 0.0, 0.0, 0.0, 0.0, 0.0, 0.0, 0.0, 0.0, 0.0, 0.0, 0.0, 0.0, 0.0]","[0.02209709, 0.02209709, 0.02209709, 0.02209709, 0.02209709, 0.02209709, 0.02209709, 0.02209709, 0.02209709, 0.02209709, 0.02209709, 0.02209709, 0.02209709, 0.02209709, 0.02209709, 0.02209709, 0.02209709, 0.02209709, 0.02209709, 0.02209709, 0.02209709, 0.02209709, 0.02209709, 0.02209709, 0.02209709, 0.02209709, 0.02209709, 0.02209709, 0.02209709, 0.02209709, 0.02209709, 0.02209709, 0.02209709, 0.02209709, 0.02209709, 0.02209709, 0.02209709, 0.02209709, 0.02209709, 0.02209709, 0.02209709, 0.02209709, 0.02209709, 0.02209709, 0.02209709, 0.02209709, 0.02209709, 0.02209709, 0.02209709, 0.02209709, 0.02209709, 0.02209709, 0.02209709, 0.02209709, 0.02209709, 0.02209709, 0.02209709, 0.02209709, 0.02209709, 0.02209709, 0.02209709, 0.02209709, 0.02209709, 0.02209709, 0.02209709, 0.02209709, 0.02209709, 0.02209709, 0.02209709, 0.02209709, 0.02209709, 0.02209709, 0.02209709, 0.02209709, 0.02209709, 0.02209709, 0.02209709, 0.02209709, 0.02209709, 0.02209709, 0.02209709, 0.02209709, 0.02209709, 0.02209709, 0.02209709, 0.02209709, 0.02209709, 0.02209709, 0.02209709, 0.02209709, 0.02209709, 0.02209709, 0.02209709, 0.02209709, 0.02209709, 0.02209709, 0.02209709, 0.02209709, 0.02209709, 0.02209709, 0.02209709, 0.02209709, 0.02209709, 0.02209709, 0.02209709, 0.02209709, 0.02209709, 0.02209709, 0.02209709, 0.02209709, 0.02209709, 0.02209709, 0.02209709, 0.02209709, 0.02209709, 0.02209709, 0.02209709, 0.02209709, 0.02209709, 0.02209709, 0.02209709, 0.02209709, 0.02209709, 0.02209709, 0.02209709, 0.02209709, 0.02209709, 0.02209709, 0.02209709, 0.02209709, 0.02209709, 0.02209709, 0.02209709, 0.02209709, 0.02209709, 0.02209709, 0.02209709, 0.02209709, 0.02209709, 0.02209709, 0.02209709, 0.02209709, 0.02209709, 0.02209709, 0.02209709, 0.02209709, 0.02209709, 0.02209709, 0.02209709, 0.02209709, 0.02209709, 0.02209709, 0.02209709, 0.02209709, 0.02209709, 0.02209709, 0.02209709, 0.02209709, 0.02209709, 0.02209709, 0.02209709, 0.02209709, 0.02209709, 0.02209709, 0.02209709, 0.02209709, 0.02209709, 0.02209709, 0.02209709, 0.02209709, 0.02209709, 0.02209709, 0.02209709, 0.02209709, 0.02209709, 0.02209709, 0.02209709, 0.02209709, 0.02209709, 0.02209709, 0.02209709, 0.02209709, 0.02209709, 0.02209709, 0.02209709, 0.02209709, 0.02209709, 0.02209709, 0.02209709, 0.02209709, 0.02209709, 0.02209709, 0.02209709, 0.02209709, 0.02209709, 0.02209709, 0.02209709, 0.02209709, 0.02209709, 0.02209709, 0.02209709, 0.02209709, 0.02209709, 0.02209709, 0.02209709, 0.02209709, 0.02209709, 0.02209709, 0.02209709, 0.02209709, 0.02209709, 0.02209709, 0.02209709, 0.02209709, 0.02209709, 0.02209709, 0.02209709, 0.02209709, 0.02209709, 0.02209709, 0.02209709, 0.02209709, 0.02209709, 0.02209709, 0.02209709, 0.02209709, 0.02209709, 0.02209709, 0.02209709, 0.02209709, 0.02209709, 0.02209709, 0.02209709, 0.02209709, 0.02209709, 0.02209709, 0.02209709, 0.02209709, 0.02209709, 0.02209709, 0.02209709, 0.02209709, 0.02209709, 0.02209709, 0.02209709, 0.02209709, 0.02209709, 0.02209709, 0.02209709, 0.02209709, 0.02209709, 0.02209709, 0.02209709, 0.02209709, 0.02209709, 0.02209709, 0.02209709, 0.02209709, 0.02209709, 0.02209709, 0.02209709, 0.02209709, 0.02209709, 0.02209709, 0.02209709, 0.02209709, 0.02209709, 0.02209709, 0.02209709, 0.02209709, 0.02209709, 0.02209709, 0.02209709, 0.02209709, 0.02209709, 0.02209709, 0.02209709, 0.02209709, 0.02209709, 0.02209709, 0.02209709, 0.02209709, 0.02209709, 0.02209709, 0.02209709, 0.02209709, 0.02209709, 0.02209709, 0.02209709, 0.02209709, 0.02209709, 0.02209709, 0.02209709, 0.02209709, 0.02209709, 0.02209709, 0.02209709, 0.02209709, 0.02209709, 0.02209709, 0.02209709, 0.02209709, 0.02209709, 0.02209709, 0.02209709, 0.02209709, 0.02209709, 0.02209709, 0.02209709, 0.02209709, 0.02209709, 0.02209709, 0.02209709, 0.02209709, 0.02209709, 0.02209709, 0.02209709, 0.02209709, 0.02209709, 0.02209709, 0.02209709, 0.02209709, 0.02209709, 0.02209709, 0.02209709, 0.02209709, 0.02209709, 0.02209709, 0.02209709, 0.02209709, 0.02209709, 0.02209709, 0.02209709, 0.02209709, 0.02209709, 0.02209709, 0.02209709, 0.02209709, 0.02209709, 0.02209709, 0.02209709, 0.02209709, 0.02209709, 0.02209709, 0.02209709, 0.02209709, 0.02209709, 0.02209709, 0.02209709, 0.02209709, 0.02209709, 0.02209709, 0.02209709, 0.02209709, 0.02209709, 0.02209709, 0.02209709, 0.02209709, 0.02209709, 0.02209709, 0.02209709, 0.02209709, 0.02209709, 0.02209709, 0.02209709, 0.02209709, 0.02209709, 0.02209709, 0.02209709, 0.02209709, 0.02209709, 0.02209709, 0.02209709, 0.02209709, 0.02209709, 0.02209709, 0.02209709, 0.02209709, 0.02209709, 0.02209709, 0.02209709, 0.02209709, 0.02209709, 0.02209709, 0.02209709, 0.02209709, 0.02209709, 0.02209709, 0.02209709, 0.02209709, 0.02209709, 0.02209709, 0.02209709, 0.02209709, 0.02209709, 0.02209709, 0.02209709, 0.02209709, 0.02209709, 0.02209709, 0.02209709, 0.02209709, 0.02209709, 0.02209709, 0.02209709, 0.02209709, 0.02209709, 0.02209709, 0.02209709, 0.02209709, 0.02209709, 0.02209709, 0.02209709, 0.02209709, 0.02209709, 0.02209709, 0.02209709, 0.02209709, 0.02209709, 0.02209709, 0.02209709, 0.02209709, 0.02209709, 0.02209709, 0.02209709, 0.02209709, 0.02209709, 0.02209709, 0.02209709, 0.02209709, 0.02209709, 0.02209709, 0.02209709, 0.02209709, 0.02209709, 0.02209709, 0.02209709, 0.02209709, 0.02209709, 0.02209709, 0.02209709, 0.02209709, 0.02209709, 0.02209709, 0.02209709, 0.02209709, 0.02209709, 0.02209709, 0.02209709, 0.02209709, 0.02209709, 0.02209709, 0.02209709, 0.02209709, 0.02209709, 0.02209709, 0.02209709, 0.02209709, 0.02209709, 0.02209709, 0.02209709, 0.02209709, 0.02209709, 0.02209709, 0.02209709, 0.02209709, 0.02209709, 0.02209709, 0.02209709, 0.02209709, 0.02209709, 0.02209709, 0.02209709, 0.02209709, 0.02209709, 0.02209709, 0.02209709, 0.02209709, 0.02209709, 0.02209709, 0.02209709, 0.02209709, 0.02209709, 0.02209709, 0.02209709, 0.02209709, 0.02209709, 0.02209709, 0.02209709, 0.02209709, 0.02209709, 0.02209709, 0.02209709, 0.02209709, 0.02209709, 0.02209709, 0.02209709, 0.02209709, 0.02209709, 0.02209709, 0.02209709, 0.02209709, 0.02209709, 0.02209709, 0.02209709, 0.02209709, 0.02209709, 0.02209709, 0.02209709, 0.02209709, 0.02209709, 0.02209709]",1,,,True
norm__poi_d512_c3_s50,17.987133026123047,14.937179565429688,17.987133026123047,78.0,1.496821641921997e-05,17.757658004760742,17.757658004760742,739.9601440429688,739.9601440429688,739.9601440429688,740.187255859375,22.558000564575195,0.0,1.0,1.8975515365600586,40.679012298583984,4.353665351867676,10.218070030212402,9.99999883788405e-07,2.552888327045366e-05,6.7596282958984375,3.85489559173584,0.5702821612358093,0.3744960427284241,0.055401869118213654,0.0003910064697265625,0.001616358757019043,4.133841514587402,0.0016165971755981445,4.134451389312744,0.9476666450500488,6.663644313812256,0.6606666445732117,6.663644313812256,0.4129999876022339,4.0109639167785645,0.4048333466053009,4.0109639167785645,0.3876666724681854,0.7425180077552795,0.375166654586792,0.7425180077552795,6.7598443031311035,0.0005202456377446651,12993.5625,3.8661670684814453,4.52907697763294e-05,85363.2421875,0.15221495926380157,0.38564765453338623,5.622267053695396e-06,68592.9140625,0.1894300878047943,0.00042336780461482704,2.6124462237930857e-06,162.0580291748047,0.0016471229027956724,1.703112320683431e-05,96.7125244140625,1.6756675243377686,0.0016539215575903654,2.1173978893784806e-05,78.11104583740234,2.0747132301330566,12.829054832458496,12.8535795211792,0.9980919361114502,9.62037181854248,9.596146583557129,1.002524495124817,0.3305910527706146,0.32887163758277893,1.0052282810211182,6.7621564865112305,6.768836498260498,0.9990131258964539,4.385715484619141,4.380183219909668,1.0012630224227905,0.8129999041557312,0.8108808398246765,1.0026131868362427,inf,inf,,,,inf,,,1.0,6.766972541809082,poincare,3.0,512,gaussian,gaussian,60000,0.3,0.3,"[0.0, 0.0, 0.0, 0.0, 0.0, 0.0, 0.0, 0.0, 0.0, 0.0, 0.0, 0.0, 0.0, 0.0, 0.0, 0.0, 0.0, 0.0, 0.0, 0.0, 0.0, 0.0, 0.0, 0.0, 0.0, 0.0, 0.0, 0.0, 0.0, 0.0, 0.0, 0.0, 0.0, 0.0, 0.0, 0.0, 0.0, 0.0, 0.0, 0.0, 0.0, 0.0, 0.0, 0.0, 0.0, 0.0, 0.0, 0.0, 0.0, 0.0, 0.0, 0.0, 0.0, 0.0, 0.0, 0.0, 0.0, 0.0, 0.0, 0.0, 0.0, 0.0, 0.0, 0.0, 0.0, 0.0, 0.0, 0.0, 0.0, 0.0, 0.0, 0.0, 0.0, 0.0, 0.0, 0.0, 0.0, 0.0, 0.0, 0.0, 0.0, 0.0, 0.0, 0.0, 0.0, 0.0, 0.0, 0.0, 0.0, 0.0, 0.0, 0.0, 0.0, 0.0, 0.0, 0.0, 0.0, 0.0, 0.0, 0.0, 0.0, 0.0, 0.0, 0.0, 0.0, 0.0, 0.0, 0.0, 0.0, 0.0, 0.0, 0.0, 0.0, 0.0, 0.0, 0.0, 0.0, 0.0, 0.0, 0.0, 0.0, 0.0, 0.0, 0.0, 0.0, 0.0, 0.0, 0.0, 0.0, 0.0, 0.0, 0.0, 0.0, 0.0, 0.0, 0.0, 0.0, 0.0, 0.0, 0.0, 0.0, 0.0, 0.0, 0.0, 0.0, 0.0, 0.0, 0.0, 0.0, 0.0, 0.0, 0.0, 0.0, 0.0, 0.0, 0.0, 0.0, 0.0, 0.0, 0.0, 0.0, 0.0, 0.0, 0.0, 0.0, 0.0, 0.0, 0.0, 0.0, 0.0, 0.0, 0.0, 0.0, 0.0, 0.0, 0.0, 0.0, 0.0, 0.0, 0.0, 0.0, 0.0, 0.0, 0.0, 0.0, 0.0, 0.0, 0.0, 0.0, 0.0, 0.0, 0.0, 0.0, 0.0, 0.0, 0.0, 0.0, 0.0, 0.0, 0.0, 0.0, 0.0, 0.0, 0.0, 0.0, 0.0, 0.0, 0.0, 0.0, 0.0, 0.0, 0.0, 0.0, 0.0, 0.0, 0.0, 0.0, 0.0, 0.0, 0.0, 0.0, 0.0, 0.0, 0.0, 0.0, 0.0, 0.0, 0.0, 0.0, 0.0, 0.0, 0.0, 0.0, 0.0, 0.0, 0.0, 0.0, 0.0, 0.0, 0.0, 0.0, 0.0, 0.0, 0.0, 0.0, 0.0, 0.0, 0.0, 0.0, 0.0, 0.0, 0.0, 0.0, 0.0, 0.0, 0.0, 0.0, 0.0, 0.0, 0.0, 0.0, 0.0, 0.0, 0.0, 0.0, 0.0, 0.0, 0.0, 0.0, 0.0, 0.0, 0.0, 0.0, 0.0, 0.0, 0.0, 0.0, 0.0, 0.0, 0.0, 0.0, 0.0, 0.0, 0.0, 0.0, 0.0, 0.0, 0.0, 0.0, 0.0, 0.0, 0.0, 0.0, 0.0, 0.0, 0.0, 0.0, 0.0, 0.0, 0.0, 0.0, 0.0, 0.0, 0.0, 0.0, 0.0, 0.0, 0.0, 0.0, 0.0, 0.0, 0.0, 0.0, 0.0, 0.0, 0.0, 0.0, 0.0, 0.0, 0.0, 0.0, 0.0, 0.0, 0.0, 0.0, 0.0, 0.0, 0.0, 0.0, 0.0, 0.0, 0.0, 0.0, 0.0, 0.0, 0.0, 0.0, 0.0, 0.0, 0.0, 0.0, 0.0, 0.0, 0.0, 0.0, 0.0, 0.0, 0.0, 0.0, 0.0, 0.0, 0.0, 0.0, 0.0, 0.0, 0.0, 0.0, 0.0, 0.0, 0.0, 0.0, 0.0, 0.0, 0.0, 0.0, 0.0, 0.0, 0.0, 0.0, 0.0, 0.0, 0.0, 0.0, 0.0, 0.0, 0.0, 0.0, 0.0, 0.0, 0.0, 0.0, 0.0, 0.0, 0.0, 0.0, 0.0, 0.0, 0.0, 0.0, 0.0, 0.0, 0.0, 0.0, 0.0, 0.0, 0.0, 0.0, 0.0, 0.0, 0.0, 0.0, 0.0, 0.0, 0.0, 0.0, 0.0, 0.0, 0.0, 0.0, 0.0, 0.0, 0.0, 0.0, 0.0, 0.0, 0.0, 0.0, 0.0, 0.0, 0.0, 0.0, 0.0, 0.0, 0.0, 0.0, 0.0, 0.0, 0.0, 0.0, 0.0, 0.0, 0.0, 0.0, 0.0, 0.0, 0.0, 0.0, 0.0, 0.0, 0.0, 0.0, 0.0, 0.0, 0.0, 0.0, 0.0, 0.0, 0.0, 0.0, 0.0, 0.0, 0.0, 0.0, 0.0, 0.0, 0.0, 0.0, 0.0, 0.0, 0.0, 0.0, 0.0, 0.0, 0.0, 0.0, 0.0, 0.0, 0.0, 0.0, 0.0, 0.0, 0.0, 0.0, 0.0, 0.0, 0.0, 0.0, 0.0, 0.0, 0.0, 0.0, 0.0, 0.0, 0.0, 0.0, 0.0, 0.0, 0.0, 0.0, 0.0, 0.0, 0.0, 0.0, 0.0, 0.0, 0.0, 0.0, 0.0, 0.0, 0.0, 0.0, 0.0, 0.0, 0.0, 0.0, 0.0, 0.0, 0.0, 0.0, 0.0, 0.0, 0.0]","[0.02209709, 0.02209709, 0.02209709, 0.02209709, 0.02209709, 0.02209709, 0.02209709, 0.02209709, 0.02209709, 0.02209709, 0.02209709, 0.02209709, 0.02209709, 0.02209709, 0.02209709, 0.02209709, 0.02209709, 0.02209709, 0.02209709, 0.02209709, 0.02209709, 0.02209709, 0.02209709, 0.02209709, 0.02209709, 0.02209709, 0.02209709, 0.02209709, 0.02209709, 0.02209709, 0.02209709, 0.02209709, 0.02209709, 0.02209709, 0.02209709, 0.02209709, 0.02209709, 0.02209709, 0.02209709, 0.02209709, 0.02209709, 0.02209709, 0.02209709, 0.02209709, 0.02209709, 0.02209709, 0.02209709, 0.02209709, 0.02209709, 0.02209709, 0.02209709, 0.02209709, 0.02209709, 0.02209709, 0.02209709, 0.02209709, 0.02209709, 0.02209709, 0.02209709, 0.02209709, 0.02209709, 0.02209709, 0.02209709, 0.02209709, 0.02209709, 0.02209709, 0.02209709, 0.02209709, 0.02209709, 0.02209709, 0.02209709, 0.02209709, 0.02209709, 0.02209709, 0.02209709, 0.02209709, 0.02209709, 0.02209709, 0.02209709, 0.02209709, 0.02209709, 0.02209709, 0.02209709, 0.02209709, 0.02209709, 0.02209709, 0.02209709, 0.02209709, 0.02209709, 0.02209709, 0.02209709, 0.02209709, 0.02209709, 0.02209709, 0.02209709, 0.02209709, 0.02209709, 0.02209709, 0.02209709, 0.02209709, 0.02209709, 0.02209709, 0.02209709, 0.02209709, 0.02209709, 0.02209709, 0.02209709, 0.02209709, 0.02209709, 0.02209709, 0.02209709, 0.02209709, 0.02209709, 0.02209709, 0.02209709, 0.02209709, 0.02209709, 0.02209709, 0.02209709, 0.02209709, 0.02209709, 0.02209709, 0.02209709, 0.02209709, 0.02209709, 0.02209709, 0.02209709, 0.02209709, 0.02209709, 0.02209709, 0.02209709, 0.02209709, 0.02209709, 0.02209709, 0.02209709, 0.02209709, 0.02209709, 0.02209709, 0.02209709, 0.02209709, 0.02209709, 0.02209709, 0.02209709, 0.02209709, 0.02209709, 0.02209709, 0.02209709, 0.02209709, 0.02209709, 0.02209709, 0.02209709, 0.02209709, 0.02209709, 0.02209709, 0.02209709, 0.02209709, 0.02209709, 0.02209709, 0.02209709, 0.02209709, 0.02209709, 0.02209709, 0.02209709, 0.02209709, 0.02209709, 0.02209709, 0.02209709, 0.02209709, 0.02209709, 0.02209709, 0.02209709, 0.02209709, 0.02209709, 0.02209709, 0.02209709, 0.02209709, 0.02209709, 0.02209709, 0.02209709, 0.02209709, 0.02209709, 0.02209709, 0.02209709, 0.02209709, 0.02209709, 0.02209709, 0.02209709, 0.02209709, 0.02209709, 0.02209709, 0.02209709, 0.02209709, 0.02209709, 0.02209709, 0.02209709, 0.02209709, 0.02209709, 0.02209709, 0.02209709, 0.02209709, 0.02209709, 0.02209709, 0.02209709, 0.02209709, 0.02209709, 0.02209709, 0.02209709, 0.02209709, 0.02209709, 0.02209709, 0.02209709, 0.02209709, 0.02209709, 0.02209709, 0.02209709, 0.02209709, 0.02209709, 0.02209709, 0.02209709, 0.02209709, 0.02209709, 0.02209709, 0.02209709, 0.02209709, 0.02209709, 0.02209709, 0.02209709, 0.02209709, 0.02209709, 0.02209709, 0.02209709, 0.02209709, 0.02209709, 0.02209709, 0.02209709, 0.02209709, 0.02209709, 0.02209709, 0.02209709, 0.02209709, 0.02209709, 0.02209709, 0.02209709, 0.02209709, 0.02209709, 0.02209709, 0.02209709, 0.02209709, 0.02209709, 0.02209709, 0.02209709, 0.02209709, 0.02209709, 0.02209709, 0.02209709, 0.02209709, 0.02209709, 0.02209709, 0.02209709, 0.02209709, 0.02209709, 0.02209709, 0.02209709, 0.02209709, 0.02209709, 0.02209709, 0.02209709, 0.02209709, 0.02209709, 0.02209709, 0.02209709, 0.02209709, 0.02209709, 0.02209709, 0.02209709, 0.02209709, 0.02209709, 0.02209709, 0.02209709, 0.02209709, 0.02209709, 0.02209709, 0.02209709, 0.02209709, 0.02209709, 0.02209709, 0.02209709, 0.02209709, 0.02209709, 0.02209709, 0.02209709, 0.02209709, 0.02209709, 0.02209709, 0.02209709, 0.02209709, 0.02209709, 0.02209709, 0.02209709, 0.02209709, 0.02209709, 0.02209709, 0.02209709, 0.02209709, 0.02209709, 0.02209709, 0.02209709, 0.02209709, 0.02209709, 0.02209709, 0.02209709, 0.02209709, 0.02209709, 0.02209709, 0.02209709, 0.02209709, 0.02209709, 0.02209709, 0.02209709, 0.02209709, 0.02209709, 0.02209709, 0.02209709, 0.02209709, 0.02209709, 0.02209709, 0.02209709, 0.02209709, 0.02209709, 0.02209709, 0.02209709, 0.02209709, 0.02209709, 0.02209709, 0.02209709, 0.02209709, 0.02209709, 0.02209709, 0.02209709, 0.02209709, 0.02209709, 0.02209709, 0.02209709, 0.02209709, 0.02209709, 0.02209709, 0.02209709, 0.02209709, 0.02209709, 0.02209709, 0.02209709, 0.02209709, 0.02209709, 0.02209709, 0.02209709, 0.02209709, 0.02209709, 0.02209709, 0.02209709, 0.02209709, 0.02209709, 0.02209709, 0.02209709, 0.02209709, 0.02209709, 0.02209709, 0.02209709, 0.02209709, 0.02209709, 0.02209709, 0.02209709, 0.02209709, 0.02209709, 0.02209709, 0.02209709, 0.02209709, 0.02209709, 0.02209709, 0.02209709, 0.02209709, 0.02209709, 0.02209709, 0.02209709, 0.02209709, 0.02209709, 0.02209709, 0.02209709, 0.02209709, 0.02209709, 0.02209709, 0.02209709, 0.02209709, 0.02209709, 0.02209709, 0.02209709, 0.02209709, 0.02209709, 0.02209709, 0.02209709, 0.02209709, 0.02209709, 0.02209709, 0.02209709, 0.02209709, 0.02209709, 0.02209709, 0.02209709, 0.02209709, 0.02209709, 0.02209709, 0.02209709, 0.02209709, 0.02209709, 0.02209709, 0.02209709, 0.02209709, 0.02209709, 0.02209709, 0.02209709, 0.02209709, 0.02209709, 0.02209709, 0.02209709, 0.02209709, 0.02209709, 0.02209709, 0.02209709, 0.02209709, 0.02209709, 0.02209709, 0.02209709, 0.02209709, 0.02209709, 0.02209709, 0.02209709, 0.02209709, 0.02209709, 0.02209709, 0.02209709, 0.02209709, 0.02209709, 0.02209709, 0.02209709, 0.02209709, 0.02209709, 0.02209709, 0.02209709, 0.02209709, 0.02209709, 0.02209709, 0.02209709, 0.02209709, 0.02209709, 0.02209709, 0.02209709, 0.02209709, 0.02209709, 0.02209709, 0.02209709, 0.02209709, 0.02209709, 0.02209709, 0.02209709, 0.02209709, 0.02209709, 0.02209709, 0.02209709, 0.02209709, 0.02209709, 0.02209709, 0.02209709, 0.02209709, 0.02209709, 0.02209709, 0.02209709, 0.02209709, 0.02209709, 0.02209709, 0.02209709, 0.02209709, 0.02209709, 0.02209709, 0.02209709, 0.02209709, 0.02209709, 0.02209709, 0.02209709, 0.02209709, 0.02209709, 0.02209709, 0.02209709, 0.02209709, 0.02209709, 0.02209709, 0.02209709, 0.02209709, 0.02209709, 0.02209709, 0.02209709, 0.02209709, 0.02209709, 0.02209709, 0.02209709, 0.02209709, 0.02209709, 0.02209709, 0.02209709, 0.02209709, 0.02209709, 0.02209709, 0.02209709, 0.02209709]",1,,,True
norm__poi_d512_c5_s34,10.863494873046875,10.481513977050781,10.863494873046875,86.0,9.499490261077881e-06,10.762663841247559,10.762663841247559,430.7353210449219,430.7353210449219,430.7353210449219,430.680419921875,14.571815490722656,0.0,1.0,1.524088978767395,32.46670150756836,3.499821901321411,8.2914457321167,9.99999883788405e-07,3.155927697662264e-05,5.237813472747803,3.8549721240997314,0.7359887957572937,0.19365768134593964,0.036972999572753906,0.0004254579544067383,0.0017181634902954102,4.03838586807251,0.0017184019088745117,4.038946628570557,0.09549999982118607,5.083773136138916,0.53166663646698,5.083773136138916,0.3791666626930237,4.009517669677734,0.3765000104904175,4.009517669677734,0.35233333706855774,0.5749780535697937,0.343666672706604,0.5749780535697937,5.237786769866943,0.0003788826579693705,13824.296875,3.866225481033325,5.432588295661844e-05,71167.28125,0.19425074756145477,0.20460306107997894,7.487627499358496e-06,27325.48828125,0.505912184715271,0.00045889217290095985,3.7574543512164382e-06,122.12847900390625,0.001748466631397605,1.9559907741495408e-05,89.39031982421875,1.3662382364273071,0.0017521858680993319,1.4760569683858193e-05,118.70719909667969,1.0288211107254028,7.696147918701172,7.711531162261963,0.9980051517486572,9.618806838989258,9.593147277832031,1.0026748180389404,0.1983543336391449,0.19726857542991638,1.0055040121078491,5.238435745239258,5.243676662445068,0.9990005493164062,4.3853583335876465,4.379497528076172,1.001338243484497,0.6297466158866882,0.6280189752578735,1.0027509927749634,inf,inf,,,,inf,,,1.0,5.242402076721191,poincare,5.0,512,gaussian,gaussian,60000,0.3,0.3,"[0.0, 0.0, 0.0, 0.0, 0.0, 0.0, 0.0, 0.0, 0.0, 0.0, 0.0, 0.0, 0.0, 0.0, 0.0, 0.0, 0.0, 0.0, 0.0, 0.0, 0.0, 0.0, 0.0, 0.0, 0.0, 0.0, 0.0, 0.0, 0.0, 0.0, 0.0, 0.0, 0.0, 0.0, 0.0, 0.0, 0.0, 0.0, 0.0, 0.0, 0.0, 0.0, 0.0, 0.0, 0.0, 0.0, 0.0, 0.0, 0.0, 0.0, 0.0, 0.0, 0.0, 0.0, 0.0, 0.0, 0.0, 0.0, 0.0, 0.0, 0.0, 0.0, 0.0, 0.0, 0.0, 0.0, 0.0, 0.0, 0.0, 0.0, 0.0, 0.0, 0.0, 0.0, 0.0, 0.0, 0.0, 0.0, 0.0, 0.0, 0.0, 0.0, 0.0, 0.0, 0.0, 0.0, 0.0, 0.0, 0.0, 0.0, 0.0, 0.0, 0.0, 0.0, 0.0, 0.0, 0.0, 0.0, 0.0, 0.0, 0.0, 0.0, 0.0, 0.0, 0.0, 0.0, 0.0, 0.0, 0.0, 0.0, 0.0, 0.0, 0.0, 0.0, 0.0, 0.0, 0.0, 0.0, 0.0, 0.0, 0.0, 0.0, 0.0, 0.0, 0.0, 0.0, 0.0, 0.0, 0.0, 0.0, 0.0, 0.0, 0.0, 0.0, 0.0, 0.0, 0.0, 0.0, 0.0, 0.0, 0.0, 0.0, 0.0, 0.0, 0.0, 0.0, 0.0, 0.0, 0.0, 0.0, 0.0, 0.0, 0.0, 0.0, 0.0, 0.0, 0.0, 0.0, 0.0, 0.0, 0.0, 0.0, 0.0, 0.0, 0.0, 0.0, 0.0, 0.0, 0.0, 0.0, 0.0, 0.0, 0.0, 0.0, 0.0, 0.0, 0.0, 0.0, 0.0, 0.0, 0.0, 0.0, 0.0, 0.0, 0.0, 0.0, 0.0, 0.0, 0.0, 0.0, 0.0, 0.0, 0.0, 0.0, 0.0, 0.0, 0.0, 0.0, 0.0, 0.0, 0.0, 0.0, 0.0, 0.0, 0.0, 0.0, 0.0, 0.0, 0.0, 0.0, 0.0, 0.0, 0.0, 0.0, 0.0, 0.0, 0.0, 0.0, 0.0, 0.0, 0.0, 0.0, 0.0, 0.0, 0.0, 0.0, 0.0, 0.0, 0.0, 0.0, 0.0, 0.0, 0.0, 0.0, 0.0, 0.0, 0.0, 0.0, 0.0, 0.0, 0.0, 0.0, 0.0, 0.0, 0.0, 0.0, 0.0, 0.0, 0.0, 0.0, 0.0, 0.0, 0.0, 0.0, 0.0, 0.0, 0.0, 0.0, 0.0, 0.0, 0.0, 0.0, 0.0, 0.0, 0.0, 0.0, 0.0, 0.0, 0.0, 0.0, 0.0, 0.0, 0.0, 0.0, 0.0, 0.0, 0.0, 0.0, 0.0, 0.0, 0.0, 0.0, 0.0, 0.0, 0.0, 0.0, 0.0, 0.0, 0.0, 0.0, 0.0, 0.0, 0.0, 0.0, 0.0, 0.0, 0.0, 0.0, 0.0, 0.0, 0.0, 0.0, 0.0, 0.0, 0.0, 0.0, 0.0, 0.0, 0.0, 0.0, 0.0, 0.0, 0.0, 0.0, 0.0, 0.0, 0.0, 0.0, 0.0, 0.0, 0.0, 0.0, 0.0, 0.0, 0.0, 0.0, 0.0, 0.0, 0.0, 0.0, 0.0, 0.0, 0.0, 0.0, 0.0, 0.0, 0.0, 0.0, 0.0, 0.0, 0.0, 0.0, 0.0, 0.0, 0.0, 0.0, 0.0, 0.0, 0.0, 0.0, 0.0, 0.0, 0.0, 0.0, 0.0, 0.0, 0.0, 0.0, 0.0, 0.0, 0.0, 0.0, 0.0, 0.0, 0.0, 0.0, 0.0, 0.0, 0.0, 0.0, 0.0, 0.0, 0.0, 0.0, 0.0, 0.0, 0.0, 0.0, 0.0, 0.0, 0.0, 0.0, 0.0, 0.0, 0.0, 0.0, 0.0, 0.0, 0.0, 0.0, 0.0, 0.0, 0.0, 0.0, 0.0, 0.0, 0.0, 0.0, 0.0, 0.0, 0.0, 0.0, 0.0, 0.0, 0.0, 0.0, 0.0, 0.0, 0.0, 0.0, 0.0, 0.0, 0.0, 0.0, 0.0, 0.0, 0.0, 0.0, 0.0, 0.0, 0.0, 0.0, 0.0, 0.0, 0.0, 0.0, 0.0, 0.0, 0.0, 0.0, 0.0, 0.0, 0.0, 0.0, 0.0, 0.0, 0.0, 0.0, 0.0, 0.0, 0.0, 0.0, 0.0, 0.0, 0.0, 0.0, 0.0, 0.0, 0.0, 0.0, 0.0, 0.0, 0.0, 0.0, 0.0, 0.0, 0.0, 0.0, 0.0, 0.0, 0.0, 0.0, 0.0, 0.0, 0.0, 0.0, 0.0, 0.0, 0.0, 0.0, 0.0, 0.0, 0.0, 0.0, 0.0, 0.0, 0.0, 0.0, 0.0, 0.0, 0.0, 0.0, 0.0, 0.0, 0.0, 0.0, 0.0, 0.0, 0.0, 0.0, 0.0, 0.0, 0.0, 0.0, 0.0, 0.0, 0.0, 0.0, 0.0, 0.0, 0.0, 0.0, 0.0, 0.0, 0.0, 0.0, 0.0, 0.0, 0.0, 0.0, 0.0, 0.0]","[0.02209709, 0.02209709, 0.02209709, 0.02209709, 0.02209709, 0.02209709, 0.02209709, 0.02209709, 0.02209709, 0.02209709, 0.02209709, 0.02209709, 0.02209709, 0.02209709, 0.02209709, 0.02209709, 0.02209709, 0.02209709, 0.02209709, 0.02209709, 0.02209709, 0.02209709, 0.02209709, 0.02209709, 0.02209709, 0.02209709, 0.02209709, 0.02209709, 0.02209709, 0.02209709, 0.02209709, 0.02209709, 0.02209709, 0.02209709, 0.02209709, 0.02209709, 0.02209709, 0.02209709, 0.02209709, 0.02209709, 0.02209709, 0.02209709, 0.02209709, 0.02209709, 0.02209709, 0.02209709, 0.02209709, 0.02209709, 0.02209709, 0.02209709, 0.02209709, 0.02209709, 0.02209709, 0.02209709, 0.02209709, 0.02209709, 0.02209709, 0.02209709, 0.02209709, 0.02209709, 0.02209709, 0.02209709, 0.02209709, 0.02209709, 0.02209709, 0.02209709, 0.02209709, 0.02209709, 0.02209709, 0.02209709, 0.02209709, 0.02209709, 0.02209709, 0.02209709, 0.02209709, 0.02209709, 0.02209709, 0.02209709, 0.02209709, 0.02209709, 0.02209709, 0.02209709, 0.02209709, 0.02209709, 0.02209709, 0.02209709, 0.02209709, 0.02209709, 0.02209709, 0.02209709, 0.02209709, 0.02209709, 0.02209709, 0.02209709, 0.02209709, 0.02209709, 0.02209709, 0.02209709, 0.02209709, 0.02209709, 0.02209709, 0.02209709, 0.02209709, 0.02209709, 0.02209709, 0.02209709, 0.02209709, 0.02209709, 0.02209709, 0.02209709, 0.02209709, 0.02209709, 0.02209709, 0.02209709, 0.02209709, 0.02209709, 0.02209709, 0.02209709, 0.02209709, 0.02209709, 0.02209709, 0.02209709, 0.02209709, 0.02209709, 0.02209709, 0.02209709, 0.02209709, 0.02209709, 0.02209709, 0.02209709, 0.02209709, 0.02209709, 0.02209709, 0.02209709, 0.02209709, 0.02209709, 0.02209709, 0.02209709, 0.02209709, 0.02209709, 0.02209709, 0.02209709, 0.02209709, 0.02209709, 0.02209709, 0.02209709, 0.02209709, 0.02209709, 0.02209709, 0.02209709, 0.02209709, 0.02209709, 0.02209709, 0.02209709, 0.02209709, 0.02209709, 0.02209709, 0.02209709, 0.02209709, 0.02209709, 0.02209709, 0.02209709, 0.02209709, 0.02209709, 0.02209709, 0.02209709, 0.02209709, 0.02209709, 0.02209709, 0.02209709, 0.02209709, 0.02209709, 0.02209709, 0.02209709, 0.02209709, 0.02209709, 0.02209709, 0.02209709, 0.02209709, 0.02209709, 0.02209709, 0.02209709, 0.02209709, 0.02209709, 0.02209709, 0.02209709, 0.02209709, 0.02209709, 0.02209709, 0.02209709, 0.02209709, 0.02209709, 0.02209709, 0.02209709, 0.02209709, 0.02209709, 0.02209709, 0.02209709, 0.02209709, 0.02209709, 0.02209709, 0.02209709, 0.02209709, 0.02209709, 0.02209709, 0.02209709, 0.02209709, 0.02209709, 0.02209709, 0.02209709, 0.02209709, 0.02209709, 0.02209709, 0.02209709, 0.02209709, 0.02209709, 0.02209709, 0.02209709, 0.02209709, 0.02209709, 0.02209709, 0.02209709, 0.02209709, 0.02209709, 0.02209709, 0.02209709, 0.02209709, 0.02209709, 0.02209709, 0.02209709, 0.02209709, 0.02209709, 0.02209709, 0.02209709, 0.02209709, 0.02209709, 0.02209709, 0.02209709, 0.02209709, 0.02209709, 0.02209709, 0.02209709, 0.02209709, 0.02209709, 0.02209709, 0.02209709, 0.02209709, 0.02209709, 0.02209709, 0.02209709, 0.02209709, 0.02209709, 0.02209709, 0.02209709, 0.02209709, 0.02209709, 0.02209709, 0.02209709, 0.02209709, 0.02209709, 0.02209709, 0.02209709, 0.02209709, 0.02209709, 0.02209709, 0.02209709, 0.02209709, 0.02209709, 0.02209709, 0.02209709, 0.02209709, 0.02209709, 0.02209709, 0.02209709, 0.02209709, 0.02209709, 0.02209709, 0.02209709, 0.02209709, 0.02209709, 0.02209709, 0.02209709, 0.02209709, 0.02209709, 0.02209709, 0.02209709, 0.02209709, 0.02209709, 0.02209709, 0.02209709, 0.02209709, 0.02209709, 0.02209709, 0.02209709, 0.02209709, 0.02209709, 0.02209709, 0.02209709, 0.02209709, 0.02209709, 0.02209709, 0.02209709, 0.02209709, 0.02209709, 0.02209709, 0.02209709, 0.02209709, 0.02209709, 0.02209709, 0.02209709, 0.02209709, 0.02209709, 0.02209709, 0.02209709, 0.02209709, 0.02209709, 0.02209709, 0.02209709, 0.02209709, 0.02209709, 0.02209709, 0.02209709, 0.02209709, 0.02209709, 0.02209709, 0.02209709, 0.02209709, 0.02209709, 0.02209709, 0.02209709, 0.02209709, 0.02209709, 0.02209709, 0.02209709, 0.02209709, 0.02209709, 0.02209709, 0.02209709, 0.02209709, 0.02209709, 0.02209709, 0.02209709, 0.02209709, 0.02209709, 0.02209709, 0.02209709, 0.02209709, 0.02209709, 0.02209709, 0.02209709, 0.02209709, 0.02209709, 0.02209709, 0.02209709, 0.02209709, 0.02209709, 0.02209709, 0.02209709, 0.02209709, 0.02209709, 0.02209709, 0.02209709, 0.02209709, 0.02209709, 0.02209709, 0.02209709, 0.02209709, 0.02209709, 0.02209709, 0.02209709, 0.02209709, 0.02209709, 0.02209709, 0.02209709, 0.02209709, 0.02209709, 0.02209709, 0.02209709, 0.02209709, 0.02209709, 0.02209709, 0.02209709, 0.02209709, 0.02209709, 0.02209709, 0.02209709, 0.02209709, 0.02209709, 0.02209709, 0.02209709, 0.02209709, 0.02209709, 0.02209709, 0.02209709, 0.02209709, 0.02209709, 0.02209709, 0.02209709, 0.02209709, 0.02209709, 0.02209709, 0.02209709, 0.02209709, 0.02209709, 0.02209709, 0.02209709, 0.02209709, 0.02209709, 0.02209709, 0.02209709, 0.02209709, 0.02209709, 0.02209709, 0.02209709, 0.02209709, 0.02209709, 0.02209709, 0.02209709, 0.02209709, 0.02209709, 0.02209709, 0.02209709, 0.02209709, 0.02209709, 0.02209709, 0.02209709, 0.02209709, 0.02209709, 0.02209709, 0.02209709, 0.02209709, 0.02209709, 0.02209709, 0.02209709, 0.02209709, 0.02209709, 0.02209709, 0.02209709, 0.02209709, 0.02209709, 0.02209709, 0.02209709, 0.02209709, 0.02209709, 0.02209709, 0.02209709, 0.02209709, 0.02209709, 0.02209709, 0.02209709, 0.02209709, 0.02209709, 0.02209709, 0.02209709, 0.02209709, 0.02209709, 0.02209709, 0.02209709, 0.02209709, 0.02209709, 0.02209709, 0.02209709, 0.02209709, 0.02209709, 0.02209709, 0.02209709, 0.02209709, 0.02209709, 0.02209709, 0.02209709, 0.02209709, 0.02209709, 0.02209709, 0.02209709, 0.02209709, 0.02209709, 0.02209709, 0.02209709, 0.02209709, 0.02209709, 0.02209709, 0.02209709, 0.02209709, 0.02209709, 0.02209709, 0.02209709, 0.02209709, 0.02209709, 0.02209709, 0.02209709, 0.02209709, 0.02209709, 0.02209709, 0.02209709, 0.02209709, 0.02209709, 0.02209709, 0.02209709, 0.02209709, 0.02209709, 0.02209709, 0.02209709, 0.02209709, 0.02209709, 0.02209709, 0.02209709, 0.02209709, 0.02209709, 0.02209709, 0.02209709, 0.02209709, 0.02209709]",1,,,True
norm__poi_d512_c5_s42,10.68705940246582,11.1127347946167,10.68705940246582,76.0,1.3803442016069312e-05,10.97598934173584,10.97598934173584,430.0265808105469,430.0265808105469,430.0265808105469,429.9339599609375,15.136390686035156,0.0,1.0,1.565248727798462,32.817543029785156,3.555217742919922,8.70333194732666,9.99999883788405e-07,3.8392128772102296e-05,5.237854957580566,3.8546745777130127,0.7359262108802795,0.19364815950393677,0.03697089105844498,0.00041985511779785156,0.0016838312149047852,4.010505199432373,0.0016843080520629883,4.011641025543213,0.07716666907072067,5.137601852416992,0.559333324432373,5.137601852416992,0.39383333921432495,4.009237289428711,0.3955000042915344,4.009237289428711,0.3683333396911621,0.5749099850654602,0.36666667461395264,0.5749099850654602,5.237870693206787,0.0003243104147259146,16150.79296875,3.86594557762146,5.8007430197903886e-05,66645.6953125,0.2423381358385086,0.20459236204624176,6.7102000684826635e-06,30489.75390625,0.5297122001647949,0.0004531860467977822,3.3233832255064044e-06,136.36285400390625,0.0017169436905533075,1.4519135220325552e-05,118.25385284423828,1.1531366109848022,0.0017110428307205439,1.8858823750633746e-05,90.72903442382812,1.5029683113098145,7.695289134979248,7.711826324462891,0.9978556036949158,9.617619514465332,9.594134330749512,1.0024478435516357,0.1983516365289688,0.1972835659980774,1.0054138898849487,5.238144874572754,5.243786811828613,0.9989240765571594,4.3850860595703125,4.379722595214844,1.0012246370315552,0.6297421455383301,0.6280427575111389,1.0027058124542236,inf,inf,,,,inf,,,1.0,5.242249965667725,poincare,5.0,512,gaussian,gaussian,60000,0.3,0.3,"[0.0, 0.0, 0.0, 0.0, 0.0, 0.0, 0.0, 0.0, 0.0, 0.0, 0.0, 0.0, 0.0, 0.0, 0.0, 0.0, 0.0, 0.0, 0.0, 0.0, 0.0, 0.0, 0.0, 0.0, 0.0, 0.0, 0.0, 0.0, 0.0, 0.0, 0.0, 0.0, 0.0, 0.0, 0.0, 0.0, 0.0, 0.0, 0.0, 0.0, 0.0, 0.0, 0.0, 0.0, 0.0, 0.0, 0.0, 0.0, 0.0, 0.0, 0.0, 0.0, 0.0, 0.0, 0.0, 0.0, 0.0, 0.0, 0.0, 0.0, 0.0, 0.0, 0.0, 0.0, 0.0, 0.0, 0.0, 0.0, 0.0, 0.0, 0.0, 0.0, 0.0, 0.0, 0.0, 0.0, 0.0, 0.0, 0.0, 0.0, 0.0, 0.0, 0.0, 0.0, 0.0, 0.0, 0.0, 0.0, 0.0, 0.0, 0.0, 0.0, 0.0, 0.0, 0.0, 0.0, 0.0, 0.0, 0.0, 0.0, 0.0, 0.0, 0.0, 0.0, 0.0, 0.0, 0.0, 0.0, 0.0, 0.0, 0.0, 0.0, 0.0, 0.0, 0.0, 0.0, 0.0, 0.0, 0.0, 0.0, 0.0, 0.0, 0.0, 0.0, 0.0, 0.0, 0.0, 0.0, 0.0, 0.0, 0.0, 0.0, 0.0, 0.0, 0.0, 0.0, 0.0, 0.0, 0.0, 0.0, 0.0, 0.0, 0.0, 0.0, 0.0, 0.0, 0.0, 0.0, 0.0, 0.0, 0.0, 0.0, 0.0, 0.0, 0.0, 0.0, 0.0, 0.0, 0.0, 0.0, 0.0, 0.0, 0.0, 0.0, 0.0, 0.0, 0.0, 0.0, 0.0, 0.0, 0.0, 0.0, 0.0, 0.0, 0.0, 0.0, 0.0, 0.0, 0.0, 0.0, 0.0, 0.0, 0.0, 0.0, 0.0, 0.0, 0.0, 0.0, 0.0, 0.0, 0.0, 0.0, 0.0, 0.0, 0.0, 0.0, 0.0, 0.0, 0.0, 0.0, 0.0, 0.0, 0.0, 0.0, 0.0, 0.0, 0.0, 0.0, 0.0, 0.0, 0.0, 0.0, 0.0, 0.0, 0.0, 0.0, 0.0, 0.0, 0.0, 0.0, 0.0, 0.0, 0.0, 0.0, 0.0, 0.0, 0.0, 0.0, 0.0, 0.0, 0.0, 0.0, 0.0, 0.0, 0.0, 0.0, 0.0, 0.0, 0.0, 0.0, 0.0, 0.0, 0.0, 0.0, 0.0, 0.0, 0.0, 0.0, 0.0, 0.0, 0.0, 0.0, 0.0, 0.0, 0.0, 0.0, 0.0, 0.0, 0.0, 0.0, 0.0, 0.0, 0.0, 0.0, 0.0, 0.0, 0.0, 0.0, 0.0, 0.0, 0.0, 0.0, 0.0, 0.0, 0.0, 0.0, 0.0, 0.0, 0.0, 0.0, 0.0, 0.0, 0.0, 0.0, 0.0, 0.0, 0.0, 0.0, 0.0, 0.0, 0.0, 0.0, 0.0, 0.0, 0.0, 0.0, 0.0, 0.0, 0.0, 0.0, 0.0, 0.0, 0.0, 0.0, 0.0, 0.0, 0.0, 0.0, 0.0, 0.0, 0.0, 0.0, 0.0, 0.0, 0.0, 0.0, 0.0, 0.0, 0.0, 0.0, 0.0, 0.0, 0.0, 0.0, 0.0, 0.0, 0.0, 0.0, 0.0, 0.0, 0.0, 0.0, 0.0, 0.0, 0.0, 0.0, 0.0, 0.0, 0.0, 0.0, 0.0, 0.0, 0.0, 0.0, 0.0, 0.0, 0.0, 0.0, 0.0, 0.0, 0.0, 0.0, 0.0, 0.0, 0.0, 0.0, 0.0, 0.0, 0.0, 0.0, 0.0, 0.0, 0.0, 0.0, 0.0, 0.0, 0.0, 0.0, 0.0, 0.0, 0.0, 0.0, 0.0, 0.0, 0.0, 0.0, 0.0, 0.0, 0.0, 0.0, 0.0, 0.0, 0.0, 0.0, 0.0, 0.0, 0.0, 0.0, 0.0, 0.0, 0.0, 0.0, 0.0, 0.0, 0.0, 0.0, 0.0, 0.0, 0.0, 0.0, 0.0, 0.0, 0.0, 0.0, 0.0, 0.0, 0.0, 0.0, 0.0, 0.0, 0.0, 0.0, 0.0, 0.0, 0.0, 0.0, 0.0, 0.0, 0.0, 0.0, 0.0, 0.0, 0.0, 0.0, 0.0, 0.0, 0.0, 0.0, 0.0, 0.0, 0.0, 0.0, 0.0, 0.0, 0.0, 0.0, 0.0, 0.0, 0.0, 0.0, 0.0, 0.0, 0.0, 0.0, 0.0, 0.0, 0.0, 0.0, 0.0, 0.0, 0.0, 0.0, 0.0, 0.0, 0.0, 0.0, 0.0, 0.0, 0.0, 0.0, 0.0, 0.0, 0.0, 0.0, 0.0, 0.0, 0.0, 0.0, 0.0, 0.0, 0.0, 0.0, 0.0, 0.0, 0.0, 0.0, 0.0, 0.0, 0.0, 0.0, 0.0, 0.0, 0.0, 0.0, 0.0, 0.0, 0.0, 0.0, 0.0, 0.0, 0.0, 0.0, 0.0, 0.0, 0.0, 0.0, 0.0, 0.0, 0.0, 0.0, 0.0, 0.0, 0.0, 0.0, 0.0, 0.0, 0.0, 0.0, 0.0, 0.0, 0.0, 0.0]","[0.02209709, 0.02209709, 0.02209709, 0.02209709, 0.02209709, 0.02209709, 0.02209709, 0.02209709, 0.02209709, 0.02209709, 0.02209709, 0.02209709, 0.02209709, 0.02209709, 0.02209709, 0.02209709, 0.02209709, 0.02209709, 0.02209709, 0.02209709, 0.02209709, 0.02209709, 0.02209709, 0.02209709, 0.02209709, 0.02209709, 0.02209709, 0.02209709, 0.02209709, 0.02209709, 0.02209709, 0.02209709, 0.02209709, 0.02209709, 0.02209709, 0.02209709, 0.02209709, 0.02209709, 0.02209709, 0.02209709, 0.02209709, 0.02209709, 0.02209709, 0.02209709, 0.02209709, 0.02209709, 0.02209709, 0.02209709, 0.02209709, 0.02209709, 0.02209709, 0.02209709, 0.02209709, 0.02209709, 0.02209709, 0.02209709, 0.02209709, 0.02209709, 0.02209709, 0.02209709, 0.02209709, 0.02209709, 0.02209709, 0.02209709, 0.02209709, 0.02209709, 0.02209709, 0.02209709, 0.02209709, 0.02209709, 0.02209709, 0.02209709, 0.02209709, 0.02209709, 0.02209709, 0.02209709, 0.02209709, 0.02209709, 0.02209709, 0.02209709, 0.02209709, 0.02209709, 0.02209709, 0.02209709, 0.02209709, 0.02209709, 0.02209709, 0.02209709, 0.02209709, 0.02209709, 0.02209709, 0.02209709, 0.02209709, 0.02209709, 0.02209709, 0.02209709, 0.02209709, 0.02209709, 0.02209709, 0.02209709, 0.02209709, 0.02209709, 0.02209709, 0.02209709, 0.02209709, 0.02209709, 0.02209709, 0.02209709, 0.02209709, 0.02209709, 0.02209709, 0.02209709, 0.02209709, 0.02209709, 0.02209709, 0.02209709, 0.02209709, 0.02209709, 0.02209709, 0.02209709, 0.02209709, 0.02209709, 0.02209709, 0.02209709, 0.02209709, 0.02209709, 0.02209709, 0.02209709, 0.02209709, 0.02209709, 0.02209709, 0.02209709, 0.02209709, 0.02209709, 0.02209709, 0.02209709, 0.02209709, 0.02209709, 0.02209709, 0.02209709, 0.02209709, 0.02209709, 0.02209709, 0.02209709, 0.02209709, 0.02209709, 0.02209709, 0.02209709, 0.02209709, 0.02209709, 0.02209709, 0.02209709, 0.02209709, 0.02209709, 0.02209709, 0.02209709, 0.02209709, 0.02209709, 0.02209709, 0.02209709, 0.02209709, 0.02209709, 0.02209709, 0.02209709, 0.02209709, 0.02209709, 0.02209709, 0.02209709, 0.02209709, 0.02209709, 0.02209709, 0.02209709, 0.02209709, 0.02209709, 0.02209709, 0.02209709, 0.02209709, 0.02209709, 0.02209709, 0.02209709, 0.02209709, 0.02209709, 0.02209709, 0.02209709, 0.02209709, 0.02209709, 0.02209709, 0.02209709, 0.02209709, 0.02209709, 0.02209709, 0.02209709, 0.02209709, 0.02209709, 0.02209709, 0.02209709, 0.02209709, 0.02209709, 0.02209709, 0.02209709, 0.02209709, 0.02209709, 0.02209709, 0.02209709, 0.02209709, 0.02209709, 0.02209709, 0.02209709, 0.02209709, 0.02209709, 0.02209709, 0.02209709, 0.02209709, 0.02209709, 0.02209709, 0.02209709, 0.02209709, 0.02209709, 0.02209709, 0.02209709, 0.02209709, 0.02209709, 0.02209709, 0.02209709, 0.02209709, 0.02209709, 0.02209709, 0.02209709, 0.02209709, 0.02209709, 0.02209709, 0.02209709, 0.02209709, 0.02209709, 0.02209709, 0.02209709, 0.02209709, 0.02209709, 0.02209709, 0.02209709, 0.02209709, 0.02209709, 0.02209709, 0.02209709, 0.02209709, 0.02209709, 0.02209709, 0.02209709, 0.02209709, 0.02209709, 0.02209709, 0.02209709, 0.02209709, 0.02209709, 0.02209709, 0.02209709, 0.02209709, 0.02209709, 0.02209709, 0.02209709, 0.02209709, 0.02209709, 0.02209709, 0.02209709, 0.02209709, 0.02209709, 0.02209709, 0.02209709, 0.02209709, 0.02209709, 0.02209709, 0.02209709, 0.02209709, 0.02209709, 0.02209709, 0.02209709, 0.02209709, 0.02209709, 0.02209709, 0.02209709, 0.02209709, 0.02209709, 0.02209709, 0.02209709, 0.02209709, 0.02209709, 0.02209709, 0.02209709, 0.02209709, 0.02209709, 0.02209709, 0.02209709, 0.02209709, 0.02209709, 0.02209709, 0.02209709, 0.02209709, 0.02209709, 0.02209709, 0.02209709, 0.02209709, 0.02209709, 0.02209709, 0.02209709, 0.02209709, 0.02209709, 0.02209709, 0.02209709, 0.02209709, 0.02209709, 0.02209709, 0.02209709, 0.02209709, 0.02209709, 0.02209709, 0.02209709, 0.02209709, 0.02209709, 0.02209709, 0.02209709, 0.02209709, 0.02209709, 0.02209709, 0.02209709, 0.02209709, 0.02209709, 0.02209709, 0.02209709, 0.02209709, 0.02209709, 0.02209709, 0.02209709, 0.02209709, 0.02209709, 0.02209709, 0.02209709, 0.02209709, 0.02209709, 0.02209709, 0.02209709, 0.02209709, 0.02209709, 0.02209709, 0.02209709, 0.02209709, 0.02209709, 0.02209709, 0.02209709, 0.02209709, 0.02209709, 0.02209709, 0.02209709, 0.02209709, 0.02209709, 0.02209709, 0.02209709, 0.02209709, 0.02209709, 0.02209709, 0.02209709, 0.02209709, 0.02209709, 0.02209709, 0.02209709, 0.02209709, 0.02209709, 0.02209709, 0.02209709, 0.02209709, 0.02209709, 0.02209709, 0.02209709, 0.02209709, 0.02209709, 0.02209709, 0.02209709, 0.02209709, 0.02209709, 0.02209709, 0.02209709, 0.02209709, 0.02209709, 0.02209709, 0.02209709, 0.02209709, 0.02209709, 0.02209709, 0.02209709, 0.02209709, 0.02209709, 0.02209709, 0.02209709, 0.02209709, 0.02209709, 0.02209709, 0.02209709, 0.02209709, 0.02209709, 0.02209709, 0.02209709, 0.02209709, 0.02209709, 0.02209709, 0.02209709, 0.02209709, 0.02209709, 0.02209709, 0.02209709, 0.02209709, 0.02209709, 0.02209709, 0.02209709, 0.02209709, 0.02209709, 0.02209709, 0.02209709, 0.02209709, 0.02209709, 0.02209709, 0.02209709, 0.02209709, 0.02209709, 0.02209709, 0.02209709, 0.02209709, 0.02209709, 0.02209709, 0.02209709, 0.02209709, 0.02209709, 0.02209709, 0.02209709, 0.02209709, 0.02209709, 0.02209709, 0.02209709, 0.02209709, 0.02209709, 0.02209709, 0.02209709, 0.02209709, 0.02209709, 0.02209709, 0.02209709, 0.02209709, 0.02209709, 0.02209709, 0.02209709, 0.02209709, 0.02209709, 0.02209709, 0.02209709, 0.02209709, 0.02209709, 0.02209709, 0.02209709, 0.02209709, 0.02209709, 0.02209709, 0.02209709, 0.02209709, 0.02209709, 0.02209709, 0.02209709, 0.02209709, 0.02209709, 0.02209709, 0.02209709, 0.02209709, 0.02209709, 0.02209709, 0.02209709, 0.02209709, 0.02209709, 0.02209709, 0.02209709, 0.02209709, 0.02209709, 0.02209709, 0.02209709, 0.02209709, 0.02209709, 0.02209709, 0.02209709, 0.02209709, 0.02209709, 0.02209709, 0.02209709, 0.02209709, 0.02209709, 0.02209709, 0.02209709, 0.02209709, 0.02209709, 0.02209709, 0.02209709, 0.02209709, 0.02209709, 0.02209709, 0.02209709, 0.02209709, 0.02209709, 0.02209709, 0.02209709, 0.02209709, 0.02209709, 0.02209709, 0.02209709, 0.02209709, 0.02209709, 0.02209709, 0.02209709]",1,,,True
norm__poi_d512_c5_s50,10.94954776763916,11.673673629760742,10.94954776763916,60.0,1.4415631994779687e-05,10.355951309204102,10.355951309204102,431.52734375,431.52734375,431.4631652832031,431.616943359375,13.256424903869629,0.0,1.0,1.4799100160598755,27.911983489990234,3.326032876968384,7.869117259979248,9.99999883788405e-07,2.1873036530450918e-05,5.237461090087891,3.8544585704803467,0.7359403371810913,0.19364045560359955,0.03697219863533974,0.0004107952117919922,0.0016131401062011719,3.9268717765808105,0.0016132593154907227,3.927161693572998,0.9451666474342346,5.161637306213379,0.6131666898727417,5.161637306213379,0.41583332419395447,4.010955333709717,0.40833333134651184,4.010955333709717,0.3876666724681854,0.5751519799232483,0.375166654586792,0.5751519799232483,5.237656116485596,0.00038389532710425556,13643.44921875,3.8657305240631104,4.558948057820089e-05,84794.34375,0.16090045869350433,0.20458567142486572,4.530236765276641e-06,45160.0390625,0.3021133244037628,0.0004433353606145829,2.7792648324975744e-06,159.51535034179688,0.0016438205493614078,1.699946187727619e-05,96.69839477539062,1.649617314338684,0.0016505877720192075,2.1108295186422765e-05,78.19617462158203,2.039937973022461,7.69415807723999,7.712147235870361,0.9976673722267151,9.616279602050781,9.596151351928711,1.002097487449646,0.19835232198238373,0.19732297956943512,1.0052164793014526,5.237731456756592,5.243893623352051,0.9988248944282532,4.384780406951904,4.380184173583984,1.001049280166626,0.6297433972358704,0.628105640411377,1.0026074647903442,inf,inf,,,,inf,,,1.0,5.242022514343262,poincare,5.0,512,gaussian,gaussian,60000,0.3,0.3,"[0.0, 0.0, 0.0, 0.0, 0.0, 0.0, 0.0, 0.0, 0.0, 0.0, 0.0, 0.0, 0.0, 0.0, 0.0, 0.0, 0.0, 0.0, 0.0, 0.0, 0.0, 0.0, 0.0, 0.0, 0.0, 0.0, 0.0, 0.0, 0.0, 0.0, 0.0, 0.0, 0.0, 0.0, 0.0, 0.0, 0.0, 0.0, 0.0, 0.0, 0.0, 0.0, 0.0, 0.0, 0.0, 0.0, 0.0, 0.0, 0.0, 0.0, 0.0, 0.0, 0.0, 0.0, 0.0, 0.0, 0.0, 0.0, 0.0, 0.0, 0.0, 0.0, 0.0, 0.0, 0.0, 0.0, 0.0, 0.0, 0.0, 0.0, 0.0, 0.0, 0.0, 0.0, 0.0, 0.0, 0.0, 0.0, 0.0, 0.0, 0.0, 0.0, 0.0, 0.0, 0.0, 0.0, 0.0, 0.0, 0.0, 0.0, 0.0, 0.0, 0.0, 0.0, 0.0, 0.0, 0.0, 0.0, 0.0, 0.0, 0.0, 0.0, 0.0, 0.0, 0.0, 0.0, 0.0, 0.0, 0.0, 0.0, 0.0, 0.0, 0.0, 0.0, 0.0, 0.0, 0.0, 0.0, 0.0, 0.0, 0.0, 0.0, 0.0, 0.0, 0.0, 0.0, 0.0, 0.0, 0.0, 0.0, 0.0, 0.0, 0.0, 0.0, 0.0, 0.0, 0.0, 0.0, 0.0, 0.0, 0.0, 0.0, 0.0, 0.0, 0.0, 0.0, 0.0, 0.0, 0.0, 0.0, 0.0, 0.0, 0.0, 0.0, 0.0, 0.0, 0.0, 0.0, 0.0, 0.0, 0.0, 0.0, 0.0, 0.0, 0.0, 0.0, 0.0, 0.0, 0.0, 0.0, 0.0, 0.0, 0.0, 0.0, 0.0, 0.0, 0.0, 0.0, 0.0, 0.0, 0.0, 0.0, 0.0, 0.0, 0.0, 0.0, 0.0, 0.0, 0.0, 0.0, 0.0, 0.0, 0.0, 0.0, 0.0, 0.0, 0.0, 0.0, 0.0, 0.0, 0.0, 0.0, 0.0, 0.0, 0.0, 0.0, 0.0, 0.0, 0.0, 0.0, 0.0, 0.0, 0.0, 0.0, 0.0, 0.0, 0.0, 0.0, 0.0, 0.0, 0.0, 0.0, 0.0, 0.0, 0.0, 0.0, 0.0, 0.0, 0.0, 0.0, 0.0, 0.0, 0.0, 0.0, 0.0, 0.0, 0.0, 0.0, 0.0, 0.0, 0.0, 0.0, 0.0, 0.0, 0.0, 0.0, 0.0, 0.0, 0.0, 0.0, 0.0, 0.0, 0.0, 0.0, 0.0, 0.0, 0.0, 0.0, 0.0, 0.0, 0.0, 0.0, 0.0, 0.0, 0.0, 0.0, 0.0, 0.0, 0.0, 0.0, 0.0, 0.0, 0.0, 0.0, 0.0, 0.0, 0.0, 0.0, 0.0, 0.0, 0.0, 0.0, 0.0, 0.0, 0.0, 0.0, 0.0, 0.0, 0.0, 0.0, 0.0, 0.0, 0.0, 0.0, 0.0, 0.0, 0.0, 0.0, 0.0, 0.0, 0.0, 0.0, 0.0, 0.0, 0.0, 0.0, 0.0, 0.0, 0.0, 0.0, 0.0, 0.0, 0.0, 0.0, 0.0, 0.0, 0.0, 0.0, 0.0, 0.0, 0.0, 0.0, 0.0, 0.0, 0.0, 0.0, 0.0, 0.0, 0.0, 0.0, 0.0, 0.0, 0.0, 0.0, 0.0, 0.0, 0.0, 0.0, 0.0, 0.0, 0.0, 0.0, 0.0, 0.0, 0.0, 0.0, 0.0, 0.0, 0.0, 0.0, 0.0, 0.0, 0.0, 0.0, 0.0, 0.0, 0.0, 0.0, 0.0, 0.0, 0.0, 0.0, 0.0, 0.0, 0.0, 0.0, 0.0, 0.0, 0.0, 0.0, 0.0, 0.0, 0.0, 0.0, 0.0, 0.0, 0.0, 0.0, 0.0, 0.0, 0.0, 0.0, 0.0, 0.0, 0.0, 0.0, 0.0, 0.0, 0.0, 0.0, 0.0, 0.0, 0.0, 0.0, 0.0, 0.0, 0.0, 0.0, 0.0, 0.0, 0.0, 0.0, 0.0, 0.0, 0.0, 0.0, 0.0, 0.0, 0.0, 0.0, 0.0, 0.0, 0.0, 0.0, 0.0, 0.0, 0.0, 0.0, 0.0, 0.0, 0.0, 0.0, 0.0, 0.0, 0.0, 0.0, 0.0, 0.0, 0.0, 0.0, 0.0, 0.0, 0.0, 0.0, 0.0, 0.0, 0.0, 0.0, 0.0, 0.0, 0.0, 0.0, 0.0, 0.0, 0.0, 0.0, 0.0, 0.0, 0.0, 0.0, 0.0, 0.0, 0.0, 0.0, 0.0, 0.0, 0.0, 0.0, 0.0, 0.0, 0.0, 0.0, 0.0, 0.0, 0.0, 0.0, 0.0, 0.0, 0.0, 0.0, 0.0, 0.0, 0.0, 0.0, 0.0, 0.0, 0.0, 0.0, 0.0, 0.0, 0.0, 0.0, 0.0, 0.0, 0.0, 0.0, 0.0, 0.0, 0.0, 0.0, 0.0, 0.0, 0.0, 0.0, 0.0, 0.0, 0.0, 0.0, 0.0, 0.0, 0.0, 0.0, 0.0, 0.0, 0.0, 0.0, 0.0, 0.0, 0.0, 0.0, 0.0, 0.0]","[0.02209709, 0.02209709, 0.02209709, 0.02209709, 0.02209709, 0.02209709, 0.02209709, 0.02209709, 0.02209709, 0.02209709, 0.02209709, 0.02209709, 0.02209709, 0.02209709, 0.02209709, 0.02209709, 0.02209709, 0.02209709, 0.02209709, 0.02209709, 0.02209709, 0.02209709, 0.02209709, 0.02209709, 0.02209709, 0.02209709, 0.02209709, 0.02209709, 0.02209709, 0.02209709, 0.02209709, 0.02209709, 0.02209709, 0.02209709, 0.02209709, 0.02209709, 0.02209709, 0.02209709, 0.02209709, 0.02209709, 0.02209709, 0.02209709, 0.02209709, 0.02209709, 0.02209709, 0.02209709, 0.02209709, 0.02209709, 0.02209709, 0.02209709, 0.02209709, 0.02209709, 0.02209709, 0.02209709, 0.02209709, 0.02209709, 0.02209709, 0.02209709, 0.02209709, 0.02209709, 0.02209709, 0.02209709, 0.02209709, 0.02209709, 0.02209709, 0.02209709, 0.02209709, 0.02209709, 0.02209709, 0.02209709, 0.02209709, 0.02209709, 0.02209709, 0.02209709, 0.02209709, 0.02209709, 0.02209709, 0.02209709, 0.02209709, 0.02209709, 0.02209709, 0.02209709, 0.02209709, 0.02209709, 0.02209709, 0.02209709, 0.02209709, 0.02209709, 0.02209709, 0.02209709, 0.02209709, 0.02209709, 0.02209709, 0.02209709, 0.02209709, 0.02209709, 0.02209709, 0.02209709, 0.02209709, 0.02209709, 0.02209709, 0.02209709, 0.02209709, 0.02209709, 0.02209709, 0.02209709, 0.02209709, 0.02209709, 0.02209709, 0.02209709, 0.02209709, 0.02209709, 0.02209709, 0.02209709, 0.02209709, 0.02209709, 0.02209709, 0.02209709, 0.02209709, 0.02209709, 0.02209709, 0.02209709, 0.02209709, 0.02209709, 0.02209709, 0.02209709, 0.02209709, 0.02209709, 0.02209709, 0.02209709, 0.02209709, 0.02209709, 0.02209709, 0.02209709, 0.02209709, 0.02209709, 0.02209709, 0.02209709, 0.02209709, 0.02209709, 0.02209709, 0.02209709, 0.02209709, 0.02209709, 0.02209709, 0.02209709, 0.02209709, 0.02209709, 0.02209709, 0.02209709, 0.02209709, 0.02209709, 0.02209709, 0.02209709, 0.02209709, 0.02209709, 0.02209709, 0.02209709, 0.02209709, 0.02209709, 0.02209709, 0.02209709, 0.02209709, 0.02209709, 0.02209709, 0.02209709, 0.02209709, 0.02209709, 0.02209709, 0.02209709, 0.02209709, 0.02209709, 0.02209709, 0.02209709, 0.02209709, 0.02209709, 0.02209709, 0.02209709, 0.02209709, 0.02209709, 0.02209709, 0.02209709, 0.02209709, 0.02209709, 0.02209709, 0.02209709, 0.02209709, 0.02209709, 0.02209709, 0.02209709, 0.02209709, 0.02209709, 0.02209709, 0.02209709, 0.02209709, 0.02209709, 0.02209709, 0.02209709, 0.02209709, 0.02209709, 0.02209709, 0.02209709, 0.02209709, 0.02209709, 0.02209709, 0.02209709, 0.02209709, 0.02209709, 0.02209709, 0.02209709, 0.02209709, 0.02209709, 0.02209709, 0.02209709, 0.02209709, 0.02209709, 0.02209709, 0.02209709, 0.02209709, 0.02209709, 0.02209709, 0.02209709, 0.02209709, 0.02209709, 0.02209709, 0.02209709, 0.02209709, 0.02209709, 0.02209709, 0.02209709, 0.02209709, 0.02209709, 0.02209709, 0.02209709, 0.02209709, 0.02209709, 0.02209709, 0.02209709, 0.02209709, 0.02209709, 0.02209709, 0.02209709, 0.02209709, 0.02209709, 0.02209709, 0.02209709, 0.02209709, 0.02209709, 0.02209709, 0.02209709, 0.02209709, 0.02209709, 0.02209709, 0.02209709, 0.02209709, 0.02209709, 0.02209709, 0.02209709, 0.02209709, 0.02209709, 0.02209709, 0.02209709, 0.02209709, 0.02209709, 0.02209709, 0.02209709, 0.02209709, 0.02209709, 0.02209709, 0.02209709, 0.02209709, 0.02209709, 0.02209709, 0.02209709, 0.02209709, 0.02209709, 0.02209709, 0.02209709, 0.02209709, 0.02209709, 0.02209709, 0.02209709, 0.02209709, 0.02209709, 0.02209709, 0.02209709, 0.02209709, 0.02209709, 0.02209709, 0.02209709, 0.02209709, 0.02209709, 0.02209709, 0.02209709, 0.02209709, 0.02209709, 0.02209709, 0.02209709, 0.02209709, 0.02209709, 0.02209709, 0.02209709, 0.02209709, 0.02209709, 0.02209709, 0.02209709, 0.02209709, 0.02209709, 0.02209709, 0.02209709, 0.02209709, 0.02209709, 0.02209709, 0.02209709, 0.02209709, 0.02209709, 0.02209709, 0.02209709, 0.02209709, 0.02209709, 0.02209709, 0.02209709, 0.02209709, 0.02209709, 0.02209709, 0.02209709, 0.02209709, 0.02209709, 0.02209709, 0.02209709, 0.02209709, 0.02209709, 0.02209709, 0.02209709, 0.02209709, 0.02209709, 0.02209709, 0.02209709, 0.02209709, 0.02209709, 0.02209709, 0.02209709, 0.02209709, 0.02209709, 0.02209709, 0.02209709, 0.02209709, 0.02209709, 0.02209709, 0.02209709, 0.02209709, 0.02209709, 0.02209709, 0.02209709, 0.02209709, 0.02209709, 0.02209709, 0.02209709, 0.02209709, 0.02209709, 0.02209709, 0.02209709, 0.02209709, 0.02209709, 0.02209709, 0.02209709, 0.02209709, 0.02209709, 0.02209709, 0.02209709, 0.02209709, 0.02209709, 0.02209709, 0.02209709, 0.02209709, 0.02209709, 0.02209709, 0.02209709, 0.02209709, 0.02209709, 0.02209709, 0.02209709, 0.02209709, 0.02209709, 0.02209709, 0.02209709, 0.02209709, 0.02209709, 0.02209709, 0.02209709, 0.02209709, 0.02209709, 0.02209709, 0.02209709, 0.02209709, 0.02209709, 0.02209709, 0.02209709, 0.02209709, 0.02209709, 0.02209709, 0.02209709, 0.02209709, 0.02209709, 0.02209709, 0.02209709, 0.02209709, 0.02209709, 0.02209709, 0.02209709, 0.02209709, 0.02209709, 0.02209709, 0.02209709, 0.02209709, 0.02209709, 0.02209709, 0.02209709, 0.02209709, 0.02209709, 0.02209709, 0.02209709, 0.02209709, 0.02209709, 0.02209709, 0.02209709, 0.02209709, 0.02209709, 0.02209709, 0.02209709, 0.02209709, 0.02209709, 0.02209709, 0.02209709, 0.02209709, 0.02209709, 0.02209709, 0.02209709, 0.02209709, 0.02209709, 0.02209709, 0.02209709, 0.02209709, 0.02209709, 0.02209709, 0.02209709, 0.02209709, 0.02209709, 0.02209709, 0.02209709, 0.02209709, 0.02209709, 0.02209709, 0.02209709, 0.02209709, 0.02209709, 0.02209709, 0.02209709, 0.02209709, 0.02209709, 0.02209709, 0.02209709, 0.02209709, 0.02209709, 0.02209709, 0.02209709, 0.02209709, 0.02209709, 0.02209709, 0.02209709, 0.02209709, 0.02209709, 0.02209709, 0.02209709, 0.02209709, 0.02209709, 0.02209709, 0.02209709, 0.02209709, 0.02209709, 0.02209709, 0.02209709, 0.02209709, 0.02209709, 0.02209709, 0.02209709, 0.02209709, 0.02209709, 0.02209709, 0.02209709, 0.02209709, 0.02209709, 0.02209709, 0.02209709, 0.02209709, 0.02209709, 0.02209709, 0.02209709, 0.02209709, 0.02209709, 0.02209709, 0.02209709, 0.02209709, 0.02209709, 0.02209709, 0.02209709, 0.02209709, 0.02209709, 0.02209709, 0.02209709, 0.02209709, 0.02209709]",1,,,True
norm__poi_d64_c10_s34,0.04032211750745773,0.04043685272336006,0.04032211750745773,20.0,0.0,0.04029083997011185,0.04029083997011185,-9.451118469238281,-9.451118469238281,-9.455072402954102,-9.499484062194824,0.05410364270210266,0.0,1.0,0.20182868838310242,1.036792516708374,0.11561018228530884,0.42664724588394165,9.99999883788405e-07,7.618911695317365e-06,1.2108442783355713,1.140549659729004,0.9419457912445068,0.011736830696463585,0.00969309639185667,0.0015752315521240234,0.003165125846862793,2.009308338165283,0.003174304962158203,2.0151355266571045,0.4736666679382324,1.035068154335022,0.48266667127609253,1.035068154335022,0.4528333246707916,1.2197108268737793,0.4518333375453949,1.2197108268737793,0.40033334493637085,0.270952045917511,0.37816667556762695,0.270952045917511,1.2182364463806152,0.003432994242757559,354.8612060546875,1.1519442796707153,0.0005012126639485359,2298.314453125,0.15440063178539276,0.014075889252126217,2.3494207198382355e-05,599.1217651367188,0.5923023223876953,0.001603591488674283,2.664946805452928e-05,60.17348861694336,0.003187732072547078,7.1436952566728e-05,44.623008728027344,1.3484855890274048,0.0032219768036156893,6.999019387876615e-05,46.034690856933594,1.3071335554122925,0.5906426906585693,0.5877434611320496,1.0049327611923218,1.4665216207504272,1.4324816465377808,1.0237629413604736,0.06900590658187866,0.0671035498380661,1.02834951877594,1.3150644302368164,1.3113933801651,1.002799391746521,1.7062033414840698,1.686226725578308,1.011846899986267,0.37065789103507996,0.36548393964767456,1.0141565799713135,3.2516208440844884e+34,2.112168095680551e+34,inf,inf,-1.1394527484039376e+34,7.007477196678627e+32,inf,2.0420933856107665e+34,1.0,1.315221905708313,poincare,10.0,64,gaussian,gaussian,60000,0.3,0.3,"[0.0, 0.0, 0.0, 0.0, 0.0, 0.0, 0.0, 0.0, 0.0, 0.0, 0.0, 0.0, 0.0, 0.0, 0.0, 0.0, 0.0, 0.0, 0.0, 0.0, 0.0, 0.0, 0.0, 0.0, 0.0, 0.0, 0.0, 0.0, 0.0, 0.0, 0.0, 0.0, 0.0, 0.0, 0.0, 0.0, 0.0, 0.0, 0.0, 0.0, 0.0, 0.0, 0.0, 0.0, 0.0, 0.0, 0.0, 0.0, 0.0, 0.0, 0.0, 0.0, 0.0, 0.0, 0.0, 0.0, 0.0, 0.0, 0.0, 0.0, 0.0, 0.0, 0.0, 0.0]","[0.0625, 0.0625, 0.0625, 0.0625, 0.0625, 0.0625, 0.0625, 0.0625, 0.0625, 0.0625, 0.0625, 0.0625, 0.0625, 0.0625, 0.0625, 0.0625, 0.0625, 0.0625, 0.0625, 0.0625, 0.0625, 0.0625, 0.0625, 0.0625, 0.0625, 0.0625, 0.0625, 0.0625, 0.0625, 0.0625, 0.0625, 0.0625, 0.0625, 0.0625, 0.0625, 0.0625, 0.0625, 0.0625, 0.0625, 0.0625, 0.0625, 0.0625, 0.0625, 0.0625, 0.0625, 0.0625, 0.0625, 0.0625, 0.0625, 0.0625, 0.0625, 0.0625, 0.0625, 0.0625, 0.0625, 0.0625, 0.0625, 0.0625, 0.0625, 0.0625, 0.0625, 0.0625, 0.0625, 0.0625]",1,,,True
norm__poi_d64_c10_s42,0.040395691990852356,0.03944115713238716,0.040395691990852356,20.0,0.0,0.040212295949459076,0.040212295949459076,-9.442240715026855,-9.442240715026855,-9.448811531066895,-9.43990707397461,0.054015737026929855,0.0,1.0,0.2012598067522049,0.9979562759399414,0.11621356010437012,0.42870450019836426,9.99999883788405e-07,7.724028364464175e-06,1.2151014804840088,1.140894889831543,0.9389297962188721,0.011723971925675869,0.00964855495840311,0.0015550851821899414,0.0031588077545166016,2.0312764644622803,0.003142237663269043,2.020620822906494,0.49050000309944153,1.0364911556243896,0.4908333420753479,1.0364911556243896,0.44749999046325684,1.2201985120773315,0.45133334398269653,1.2201985120773315,0.40183332562446594,0.2711482048034668,0.3868333399295807,0.2711482048034668,1.2160834074020386,0.003749802941456437,324.3059387207031,1.1522575616836548,0.0005576232797466218,2066.372802734375,0.15694454312324524,0.01406792365014553,2.5502013158984482e-05,551.6397094726562,0.5878944993019104,0.0015874744858592749,3.174633820890449e-05,50.00496292114258,0.003185065696015954,7.775252015562728e-05,40.96414566040039,1.220700740814209,0.00315471482463181,7.862113125156611e-05,40.12553787231445,1.2462129592895508,0.5877480506896973,0.5912706255912781,0.9940423369407654,1.4591611623764038,1.4409945011138916,1.0126069784164429,0.06883352249860764,0.06726547330617905,1.0233113765716553,1.311241865158081,1.3158230781555176,0.9965183734893799,1.7018462419509888,1.69122314453125,1.0062812566757202,0.370189905166626,0.3659254014492035,1.0116539001464844,inf,inf,,,,2.0708234670940006e+33,inf,inf,1.0,1.3164646625518799,poincare,10.0,64,gaussian,gaussian,60000,0.3,0.3,"[0.0, 0.0, 0.0, 0.0, 0.0, 0.0, 0.0, 0.0, 0.0, 0.0, 0.0, 0.0, 0.0, 0.0, 0.0, 0.0, 0.0, 0.0, 0.0, 0.0, 0.0, 0.0, 0.0, 0.0, 0.0, 0.0, 0.0, 0.0, 0.0, 0.0, 0.0, 0.0, 0.0, 0.0, 0.0, 0.0, 0.0, 0.0, 0.0, 0.0, 0.0, 0.0, 0.0, 0.0, 0.0, 0.0, 0.0, 0.0, 0.0, 0.0, 0.0, 0.0, 0.0, 0.0, 0.0, 0.0, 0.0, 0.0, 0.0, 0.0, 0.0, 0.0, 0.0, 0.0]","[0.0625, 0.0625, 0.0625, 0.0625, 0.0625, 0.0625, 0.0625, 0.0625, 0.0625, 0.0625, 0.0625, 0.0625, 0.0625, 0.0625, 0.0625, 0.0625, 0.0625, 0.0625, 0.0625, 0.0625, 0.0625, 0.0625, 0.0625, 0.0625, 0.0625, 0.0625, 0.0625, 0.0625, 0.0625, 0.0625, 0.0625, 0.0625, 0.0625, 0.0625, 0.0625, 0.0625, 0.0625, 0.0625, 0.0625, 0.0625, 0.0625, 0.0625, 0.0625, 0.0625, 0.0625, 0.0625, 0.0625, 0.0625, 0.0625, 0.0625, 0.0625, 0.0625, 0.0625, 0.0625, 0.0625, 0.0625, 0.0625, 0.0625, 0.0625, 0.0625, 0.0625, 0.0625, 0.0625, 0.0625]",1,,,True
norm__poi_d64_c10_s50,0.040248554199934006,0.038912054151296616,0.040248554199934006,20.0,0.0,0.040397871285676956,0.040397871285676956,-9.429641723632812,-9.429641723632812,-9.429641723632812,-9.452942848205566,0.05280333384871483,0.0,1.0,0.19942936301231384,1.101681113243103,0.11413657665252686,0.41861408948898315,9.99999883788405e-07,7.789220944687258e-06,1.2167081832885742,1.1403157711029053,0.9372138381004333,0.01173567958176136,0.009645435027778149,0.0015999078750610352,0.0032552480697631836,2.034647226333618,0.0032339096069335938,2.0213098526000977,0.4413333237171173,1.0311471223831177,0.5019999742507935,1.0311471223831177,0.45783331990242004,1.2197495698928833,0.45500001311302185,1.2197495698928833,0.3959999978542328,0.2708371877670288,0.37033334374427795,0.2708371877670288,1.213910698890686,0.004501694347709417,269.6564025878906,1.1516621112823486,0.0005632400279864669,2044.7091064453125,0.13188007473945618,0.014075307175517082,2.5858536901068874e-05,544.319580078125,0.49540087580680847,0.0016400138847529888,3.716546416399069e-05,44.127357482910156,0.0032971303444355726,7.32617118046619e-05,45.00482177734375,0.9805029034614563,0.003283004043623805,7.287158950930461e-05,45.05190658569336,0.9794782996177673,0.5871731638908386,0.5908461213111877,0.9937835931777954,1.457868218421936,1.4397324323654175,1.012596607208252,0.06880613416433334,0.06721141189336777,1.0237269401550293,1.3104370832443237,1.3151049613952637,0.9964505434036255,1.701030969619751,1.6903800964355469,1.0063008069992065,0.3701155185699463,0.36577388644218445,1.0118696689605713,5.067342904789479e+33,inf,inf,,inf,3.993634026073389e+32,inf,inf,1.0,1.3142616748809814,poincare,10.0,64,gaussian,gaussian,60000,0.3,0.3,"[0.0, 0.0, 0.0, 0.0, 0.0, 0.0, 0.0, 0.0, 0.0, 0.0, 0.0, 0.0, 0.0, 0.0, 0.0, 0.0, 0.0, 0.0, 0.0, 0.0, 0.0, 0.0, 0.0, 0.0, 0.0, 0.0, 0.0, 0.0, 0.0, 0.0, 0.0, 0.0, 0.0, 0.0, 0.0, 0.0, 0.0, 0.0, 0.0, 0.0, 0.0, 0.0, 0.0, 0.0, 0.0, 0.0, 0.0, 0.0, 0.0, 0.0, 0.0, 0.0, 0.0, 0.0, 0.0, 0.0, 0.0, 0.0, 0.0, 0.0, 0.0, 0.0, 0.0, 0.0]","[0.0625, 0.0625, 0.0625, 0.0625, 0.0625, 0.0625, 0.0625, 0.0625, 0.0625, 0.0625, 0.0625, 0.0625, 0.0625, 0.0625, 0.0625, 0.0625, 0.0625, 0.0625, 0.0625, 0.0625, 0.0625, 0.0625, 0.0625, 0.0625, 0.0625, 0.0625, 0.0625, 0.0625, 0.0625, 0.0625, 0.0625, 0.0625, 0.0625, 0.0625, 0.0625, 0.0625, 0.0625, 0.0625, 0.0625, 0.0625, 0.0625, 0.0625, 0.0625, 0.0625, 0.0625, 0.0625, 0.0625, 0.0625, 0.0625, 0.0625, 0.0625, 0.0625, 0.0625, 0.0625, 0.0625, 0.0625, 0.0625, 0.0625, 0.0625, 0.0625, 0.0625, 0.0625, 0.0625, 0.0625]",1,,,True
norm__poi_d64_c1_s34,0.40195924043655396,0.39020729064941406,0.40195924043655396,20.0,0.0,0.3991387188434601,0.3991387188434601,63.18506622314453,63.18506622314453,62.745697021484375,62.35549545288086,0.5522528290748596,0.0,1.0,0.6553386449813843,3.207699775695801,0.3503579795360565,1.3465522527694702,9.99999883788405e-07,2.098642198689049e-06,3.3676323890686035,1.141918420791626,0.3390864133834839,0.674086332321167,0.2001662254333496,0.0015615224838256836,0.0031279325485229492,2.0031299591064453,0.003149271011352539,2.0167951583862305,0.4671666622161865,3.2731709480285645,0.47616666555404663,3.2731709480285645,0.44583332538604736,1.2197109460830688,0.4424999952316284,1.2197109460830688,0.3973333239555359,0.8568257689476013,0.3763333261013031,0.8568257689476013,3.4461829662323,0.05297074839472771,65.0582275390625,1.1533170938491821,0.0005014961352571845,2299.752685546875,0.028289228677749634,0.6852561235427856,0.00017917805234901607,3824.44189453125,0.017011169344186783,0.0015901010483503342,2.6775620426633395e-05,59.38615036010742,0.0031504712533205748,7.347602513618767e-05,42.877540588378906,1.3850176334381104,0.0031962753273546696,7.101474329829216e-05,45.00862121582031,1.3194395303726196,5.930243015289307,5.877434730529785,1.0089848041534424,1.4722685813903809,1.4324814081192017,1.0277750492095947,0.6911238431930542,0.6710355281829834,1.0299363136291504,4.168100833892822,4.146989822387695,1.0050907135009766,1.709537386894226,1.686226725578308,1.013824224472046,1.1730294227600098,1.1557615995407104,1.014940619468689,inf,2.1120806971137773e+34,,inf,-inf,7.007406788838893e+32,inf,2.0420066060140126e+34,1.0,4.163818836212158,poincare,1.0,64,gaussian,gaussian,60000,0.3,0.3,"[0.0, 0.0, 0.0, 0.0, 0.0, 0.0, 0.0, 0.0, 0.0, 0.0, 0.0, 0.0, 0.0, 0.0, 0.0, 0.0, 0.0, 0.0, 0.0, 0.0, 0.0, 0.0, 0.0, 0.0, 0.0, 0.0, 0.0, 0.0, 0.0, 0.0, 0.0, 0.0, 0.0, 0.0, 0.0, 0.0, 0.0, 0.0, 0.0, 0.0, 0.0, 0.0, 0.0, 0.0, 0.0, 0.0, 0.0, 0.0, 0.0, 0.0, 0.0, 0.0, 0.0, 0.0, 0.0, 0.0, 0.0, 0.0, 0.0, 0.0, 0.0, 0.0, 0.0, 0.0]","[0.0625, 0.0625, 0.0625, 0.0625, 0.0625, 0.0625, 0.0625, 0.0625, 0.0625, 0.0625, 0.0625, 0.0625, 0.0625, 0.0625, 0.0625, 0.0625, 0.0625, 0.0625, 0.0625, 0.0625, 0.0625, 0.0625, 0.0625, 0.0625, 0.0625, 0.0625, 0.0625, 0.0625, 0.0625, 0.0625, 0.0625, 0.0625, 0.0625, 0.0625, 0.0625, 0.0625, 0.0625, 0.0625, 0.0625, 0.0625, 0.0625, 0.0625, 0.0625, 0.0625, 0.0625, 0.0625, 0.0625, 0.0625, 0.0625, 0.0625, 0.0625, 0.0625, 0.0625, 0.0625, 0.0625, 0.0625, 0.0625, 0.0625, 0.0625, 0.0625, 0.0625, 0.0625, 0.0625, 0.0625]",1,,,True
norm__poi_d64_c1_s42,0.40142694115638733,0.4076530933380127,0.40142694115638733,20.0,0.0,0.40205618739128113,0.40205618739128113,63.33891677856445,63.33891677856445,62.86085510253906,62.87322998046875,0.5290220975875854,0.0,1.0,0.641167402267456,3.0169525146484375,0.343344509601593,1.3242360353469849,9.99999883788405e-07,2.1439398096845252e-06,3.420950174331665,1.1420843601226807,0.33385005593299866,0.6741220951080322,0.19705699384212494,0.0016002655029296875,0.003247976303100586,2.0296483039855957,0.0032421350479125977,2.025998115539551,0.48783332109451294,3.2776737213134766,0.48500001430511475,3.2776737213134766,0.44333332777023315,1.220198392868042,0.445333331823349,1.220198392868042,0.39916667342185974,0.8574458956718445,0.38316667079925537,0.8574458956718445,3.4329845905303955,0.043665193021297455,78.6206283569336,1.153449296951294,0.0005515076918527484,2091.447265625,0.037591494619846344,0.6853272318840027,0.0001987531577469781,3448.132568359375,0.022800927981734276,0.00163302815053612,3.2548436138313264e-05,50.17224884033203,0.003274174639955163,7.951786392368376e-05,41.17533493041992,1.2185025215148926,0.003252756781876087,8.214848639909178e-05,39.596065521240234,1.2671018838882446,5.893270969390869,5.912705898284912,0.9967130422592163,1.4633424282073975,1.4409945011138916,1.0155086517333984,0.6892865300178528,0.6726547479629517,1.0247255563735962,4.152815818786621,4.16099739074707,0.9980337619781494,1.7042781114578247,1.6912230253219604,1.0077192783355713,1.1714537143707275,1.1571577787399292,1.0123543739318848,inf,inf,,,,2.070661606433864e+33,inf,inf,1.0,4.166342258453369,poincare,1.0,64,gaussian,gaussian,60000,0.3,0.3,"[0.0, 0.0, 0.0, 0.0, 0.0, 0.0, 0.0, 0.0, 0.0, 0.0, 0.0, 0.0, 0.0, 0.0, 0.0, 0.0, 0.0, 0.0, 0.0, 0.0, 0.0, 0.0, 0.0, 0.0, 0.0, 0.0, 0.0, 0.0, 0.0, 0.0, 0.0, 0.0, 0.0, 0.0, 0.0, 0.0, 0.0, 0.0, 0.0, 0.0, 0.0, 0.0, 0.0, 0.0, 0.0, 0.0, 0.0, 0.0, 0.0, 0.0, 0.0, 0.0, 0.0, 0.0, 0.0, 0.0, 0.0, 0.0, 0.0, 0.0, 0.0, 0.0, 0.0, 0.0]","[0.0625, 0.0625, 0.0625, 0.0625, 0.0625, 0.0625, 0.0625, 0.0625, 0.0625, 0.0625, 0.0625, 0.0625, 0.0625, 0.0625, 0.0625, 0.0625, 0.0625, 0.0625, 0.0625, 0.0625, 0.0625, 0.0625, 0.0625, 0.0625, 0.0625, 0.0625, 0.0625, 0.0625, 0.0625, 0.0625, 0.0625, 0.0625, 0.0625, 0.0625, 0.0625, 0.0625, 0.0625, 0.0625, 0.0625, 0.0625, 0.0625, 0.0625, 0.0625, 0.0625, 0.0625, 0.0625, 0.0625, 0.0625, 0.0625, 0.0625, 0.0625, 0.0625, 0.0625, 0.0625, 0.0625, 0.0625, 0.0625, 0.0625, 0.0625, 0.0625, 0.0625, 0.0625, 0.0625, 0.0625]",1,,,True
norm__poi_d64_c1_s50,0.38789835572242737,0.38428428769111633,0.38789835572242737,20.0,0.0,0.39187848567962646,0.39187848567962646,66.18122863769531,66.18122863769531,63.049251556396484,62.75214767456055,0.5243490934371948,0.0,1.0,0.6402614116668701,3.387761354446411,0.3381975293159485,1.3001474142074585,9.99999883788405e-07,2.141835921065649e-06,3.4659416675567627,1.1416141986846924,0.32938066124916077,0.6738864183425903,0.19443096220493317,0.0016286373138427734,0.003307938575744629,2.0311081409454346,0.0032994747161865234,2.025911331176758,0.4336666762828827,3.2607736587524414,0.4946666657924652,3.2607736587524414,0.45483332872390747,1.2197495698928833,0.44999998807907104,1.2197495698928833,0.39283332228660583,0.8564625382423401,0.367166668176651,0.8564625382423401,3.3948721885681152,0.08697933703660965,39.03078842163086,1.1529635190963745,0.0005643025506287813,2043.16552734375,0.019103096798062325,0.6851126551628113,0.000187602243386209,3651.943115234375,0.01068767812103033,0.0016686797607690096,3.898900467902422e-05,42.79872512817383,0.003351060440763831,7.540521619375795e-05,44.440704345703125,0.96305251121521,0.0033494075760245323,7.555155025329441e-05,44.33274459838867,0.9653975963592529,5.890871524810791,5.908461093902588,0.9970229268074036,1.4627546072006226,1.4397324323654175,1.0159904956817627,0.6891051530838013,0.6721140742301941,1.0252799987792969,4.151638507843018,4.158726692199707,0.9982955455780029,1.7038778066635132,1.6903800964355469,1.00798499584198,1.1712982654571533,1.1566787958145142,1.0126391649246216,8.323180296441778e+33,inf,inf,,inf,3.9934038465973344e+32,inf,inf,1.0,4.1599955558776855,poincare,1.0,64,gaussian,gaussian,60000,0.3,0.3,"[0.0, 0.0, 0.0, 0.0, 0.0, 0.0, 0.0, 0.0, 0.0, 0.0, 0.0, 0.0, 0.0, 0.0, 0.0, 0.0, 0.0, 0.0, 0.0, 0.0, 0.0, 0.0, 0.0, 0.0, 0.0, 0.0, 0.0, 0.0, 0.0, 0.0, 0.0, 0.0, 0.0, 0.0, 0.0, 0.0, 0.0, 0.0, 0.0, 0.0, 0.0, 0.0, 0.0, 0.0, 0.0, 0.0, 0.0, 0.0, 0.0, 0.0, 0.0, 0.0, 0.0, 0.0, 0.0, 0.0, 0.0, 0.0, 0.0, 0.0, 0.0, 0.0, 0.0, 0.0]","[0.0625, 0.0625, 0.0625, 0.0625, 0.0625, 0.0625, 0.0625, 0.0625, 0.0625, 0.0625, 0.0625, 0.0625, 0.0625, 0.0625, 0.0625, 0.0625, 0.0625, 0.0625, 0.0625, 0.0625, 0.0625, 0.0625, 0.0625, 0.0625, 0.0625, 0.0625, 0.0625, 0.0625, 0.0625, 0.0625, 0.0625, 0.0625, 0.0625, 0.0625, 0.0625, 0.0625, 0.0625, 0.0625, 0.0625, 0.0625, 0.0625, 0.0625, 0.0625, 0.0625, 0.0625, 0.0625, 0.0625, 0.0625, 0.0625, 0.0625, 0.0625, 0.0625, 0.0625, 0.0625, 0.0625, 0.0625, 0.0625, 0.0625, 0.0625, 0.0625, 0.0625, 0.0625, 0.0625, 0.0625]",1,,,True
norm__poi_d64_c2_s34,0.20098437368869781,0.19511133432388306,0.20098437368869781,20.0,0.0,0.19956929981708527,0.19956929981708527,24.210500717163086,24.210500717163086,24.071714401245117,23.865089416503906,0.27734050154685974,0.0,1.0,0.4670076072216034,2.2048532962799072,0.24337606132030487,0.9496328234672546,9.99999883788405e-07,2.855086677300278e-06,2.4766576290130615,1.1410146951675415,0.46070748567581177,0.361611545085907,0.14600788056850433,0.0015048980712890625,0.0030117034912109375,2.001267433166504,0.003026723861694336,2.0112483501434326,0.4703333377838135,2.3144826889038086,0.4794999957084656,2.3144826889038086,0.4505000114440918,1.2197108268737793,0.44733333587646484,1.2197108268737793,0.40166667103767395,0.6058672666549683,0.38083332777023315,0.6058672666549683,2.524164915084839,0.02812250331044197,89.75606536865234,1.152410864830017,0.0005006958963349462,2301.618408203125,0.03899693116545677,0.37275469303131104,0.00012997930753044784,2867.800048828125,0.03129787743091583,0.0015335599891841412,2.5947290851036087e-05,59.10289764404297,0.0030345243867486715,7.085472316248342e-05,42.82741165161133,1.380025029182434,0.0030740341171622276,6.856401159893721e-05,44.83451461791992,1.318245530128479,2.960157632827759,2.9387168884277344,1.007296085357666,1.469424843788147,1.4324811697006226,1.0257900953292847,0.3451957106590271,0.3355177640914917,1.0288448333740234,2.9445018768310547,2.932363986968994,1.0041394233703613,1.7078899145126343,1.6862266063690186,1.0128471851348877,0.8290163278579712,0.8172468543052673,1.0144014358520508,inf,2.1119975075431373e+34,,inf,-inf,7.006956488149603e+32,inf,2.041927996821518e+34,1.0,2.942723035812378,poincare,2.0,64,gaussian,gaussian,60000,0.3,0.3,"[0.0, 0.0, 0.0, 0.0, 0.0, 0.0, 0.0, 0.0, 0.0, 0.0, 0.0, 0.0, 0.0, 0.0, 0.0, 0.0, 0.0, 0.0, 0.0, 0.0, 0.0, 0.0, 0.0, 0.0, 0.0, 0.0, 0.0, 0.0, 0.0, 0.0, 0.0, 0.0, 0.0, 0.0, 0.0, 0.0, 0.0, 0.0, 0.0, 0.0, 0.0, 0.0, 0.0, 0.0, 0.0, 0.0, 0.0, 0.0, 0.0, 0.0, 0.0, 0.0, 0.0, 0.0, 0.0, 0.0, 0.0, 0.0, 0.0, 0.0, 0.0, 0.0, 0.0, 0.0]","[0.0625, 0.0625, 0.0625, 0.0625, 0.0625, 0.0625, 0.0625, 0.0625, 0.0625, 0.0625, 0.0625, 0.0625, 0.0625, 0.0625, 0.0625, 0.0625, 0.0625, 0.0625, 0.0625, 0.0625, 0.0625, 0.0625, 0.0625, 0.0625, 0.0625, 0.0625, 0.0625, 0.0625, 0.0625, 0.0625, 0.0625, 0.0625, 0.0625, 0.0625, 0.0625, 0.0625, 0.0625, 0.0625, 0.0625, 0.0625, 0.0625, 0.0625, 0.0625, 0.0625, 0.0625, 0.0625, 0.0625, 0.0625, 0.0625, 0.0625, 0.0625, 0.0625, 0.0625, 0.0625, 0.0625, 0.0625, 0.0625, 0.0625, 0.0625, 0.0625, 0.0625, 0.0625, 0.0625, 0.0625]",1,,,True
norm__poi_d64_c2_s42,0.2019585371017456,0.19719958305358887,0.2019585371017456,20.0,0.0,0.20106421411037445,0.20106421411037445,24.209856033325195,24.209856033325195,24.114662170410156,24.12690544128418,0.2693899869918823,0.0,1.0,0.4562217593193054,2.170609712600708,0.24744893610477448,0.9469765424728394,9.99999883788405e-07,3.0653388876089593e-06,2.5060479640960693,1.1414915323257446,0.4554946720600128,0.36171385645866394,0.14433637261390686,0.0015583038330078125,0.003161787986755371,2.0289933681488037,0.0031512975692749023,2.022261381149292,0.49000000953674316,2.3176653385162354,0.4891666769981384,2.3176653385162354,0.4463333189487457,1.2201982736587524,0.44983333349227905,1.2201982736587524,0.3998333215713501,0.6063058376312256,0.38499999046325684,0.6063058376312256,2.5156779289245605,0.024057699367403984,104.56851959228516,1.152856707572937,0.000558192259632051,2065.33984375,0.050630174577236176,0.3728821873664856,0.00014372119039762765,2594.48291015625,0.04030418395996094,0.0015909435460343957,3.171064963680692e-05,50.17063522338867,0.0031868538353592157,7.704854942858219e-05,41.36163330078125,1.2129751443862915,0.003163520712405443,8.009462180780247e-05,39.497291564941406,1.2702298164367676,2.9435832500457764,2.956352472305298,0.9956807494163513,1.46153724193573,1.440994143486023,1.014256238937378,0.3443976938724518,0.33632737398147583,1.0239953994750977,2.934762477874756,2.9422686100006104,0.9974489212036133,1.7032287120819092,1.6912230253219604,1.007098913192749,0.8280470967292786,0.8182340264320374,1.0119929313659668,inf,inf,,,,2.0705929007616837e+33,inf,inf,1.0,2.945082664489746,poincare,2.0,64,gaussian,gaussian,60000,0.3,0.3,"[0.0, 0.0, 0.0, 0.0, 0.0, 0.0, 0.0, 0.0, 0.0, 0.0, 0.0, 0.0, 0.0, 0.0, 0.0, 0.0, 0.0, 0.0, 0.0, 0.0, 0.0, 0.0, 0.0, 0.0, 0.0, 0.0, 0.0, 0.0, 0.0, 0.0, 0.0, 0.0, 0.0, 0.0, 0.0, 0.0, 0.0, 0.0, 0.0, 0.0, 0.0, 0.0, 0.0, 0.0, 0.0, 0.0, 0.0, 0.0, 0.0, 0.0, 0.0, 0.0, 0.0, 0.0, 0.0, 0.0, 0.0, 0.0, 0.0, 0.0, 0.0, 0.0, 0.0, 0.0]","[0.0625, 0.0625, 0.0625, 0.0625, 0.0625, 0.0625, 0.0625, 0.0625, 0.0625, 0.0625, 0.0625, 0.0625, 0.0625, 0.0625, 0.0625, 0.0625, 0.0625, 0.0625, 0.0625, 0.0625, 0.0625, 0.0625, 0.0625, 0.0625, 0.0625, 0.0625, 0.0625, 0.0625, 0.0625, 0.0625, 0.0625, 0.0625, 0.0625, 0.0625, 0.0625, 0.0625, 0.0625, 0.0625, 0.0625, 0.0625, 0.0625, 0.0625, 0.0625, 0.0625, 0.0625, 0.0625, 0.0625, 0.0625, 0.0625, 0.0625, 0.0625, 0.0625, 0.0625, 0.0625, 0.0625, 0.0625, 0.0625, 0.0625, 0.0625, 0.0625, 0.0625, 0.0625, 0.0625, 0.0625]",1,,,True
norm__poi_d64_c2_s50,0.19542692601680756,0.19366775453090668,0.19542692601680756,20.0,0.0,0.19829939305782318,0.19829939305782318,25.082489013671875,25.082489013671875,24.19908332824707,24.04161262512207,0.2722296416759491,0.0,1.0,0.46273401379585266,2.4053304195404053,0.24101346731185913,0.9346017241477966,9.99999883788405e-07,2.9091247597534675e-06,2.5357377529144287,1.1408840417861938,0.4499219059944153,0.36142900586128235,0.1425340473651886,0.0015320777893066406,0.0031038522720336914,2.0259103775024414,0.00309145450592041,2.0178182125091553,0.437333345413208,2.3057150840759277,0.4970000088214874,2.3057150840759277,0.4566666781902313,1.2197493314743042,0.453166663646698,1.2197493314743042,0.3959999978542328,0.6056104302406311,0.3713333308696747,0.6056104302406311,2.494053602218628,0.048672743141651154,51.241275787353516,1.1522321701049805,0.0005640934105031192,2042.626708984375,0.025085972622036934,0.3726162016391754,0.00013480603229254484,2764.091552734375,0.01853819750249386,0.001571528147906065,3.747356095118448e-05,41.93698501586914,0.003146572969853878,7.225752051454037e-05,43.54664993286133,0.9630358219146729,0.0031407715287059546,7.249780901474878e-05,43.322296142578125,0.9680231213569641,2.9435489177703857,2.9542298316955566,0.9963844418525696,1.4611833095550537,1.4397320747375488,1.014899492263794,0.3442511260509491,0.33605703711509705,1.0243830680847168,2.934587001800537,2.9406633377075195,0.9979336857795715,1.7029625177383423,1.6903798580169678,1.0074437856674194,0.8278696537017822,0.8178953528404236,1.012195110321045,7.395916165295535e+33,inf,inf,,inf,3.993667295711945e+32,inf,inf,1.0,2.9407923221588135,poincare,2.0,64,gaussian,gaussian,60000,0.3,0.3,"[0.0, 0.0, 0.0, 0.0, 0.0, 0.0, 0.0, 0.0, 0.0, 0.0, 0.0, 0.0, 0.0, 0.0, 0.0, 0.0, 0.0, 0.0, 0.0, 0.0, 0.0, 0.0, 0.0, 0.0, 0.0, 0.0, 0.0, 0.0, 0.0, 0.0, 0.0, 0.0, 0.0, 0.0, 0.0, 0.0, 0.0, 0.0, 0.0, 0.0, 0.0, 0.0, 0.0, 0.0, 0.0, 0.0, 0.0, 0.0, 0.0, 0.0, 0.0, 0.0, 0.0, 0.0, 0.0, 0.0, 0.0, 0.0, 0.0, 0.0, 0.0, 0.0, 0.0, 0.0]","[0.0625, 0.0625, 0.0625, 0.0625, 0.0625, 0.0625, 0.0625, 0.0625, 0.0625, 0.0625, 0.0625, 0.0625, 0.0625, 0.0625, 0.0625, 0.0625, 0.0625, 0.0625, 0.0625, 0.0625, 0.0625, 0.0625, 0.0625, 0.0625, 0.0625, 0.0625, 0.0625, 0.0625, 0.0625, 0.0625, 0.0625, 0.0625, 0.0625, 0.0625, 0.0625, 0.0625, 0.0625, 0.0625, 0.0625, 0.0625, 0.0625, 0.0625, 0.0625, 0.0625, 0.0625, 0.0625, 0.0625, 0.0625, 0.0625, 0.0625, 0.0625, 0.0625, 0.0625, 0.0625, 0.0625, 0.0625, 0.0625, 0.0625, 0.0625, 0.0625, 0.0625, 0.0625, 0.0625, 0.0625]",1,,,True
norm__poi_d64_c3_s34,0.13399165868759155,0.13007724285125732,0.13399165868759155,20.0,0.0,0.13304610550403595,0.13304610550403595,10.508685111999512,10.508685111999512,10.447371482849121,10.3086576461792,0.18095709383487701,0.0,1.0,0.3787558674812317,1.7662900686264038,0.19363431632518768,0.7642747163772583,9.99999883788405e-07,3.446189793976373e-06,2.072695732116699,1.140695571899414,0.550343930721283,0.2204720675945282,0.10636971890926361,0.001512765884399414,0.003030538558959961,2.003309726715088,0.00304257869720459,2.0112686157226562,0.47216665744781494,1.889766812324524,0.4805000126361847,1.889766812324524,0.45366665720939636,1.2197108268737793,0.45100000500679016,1.2197108268737793,0.40316668152809143,0.49468857049942017,0.3816666603088379,0.49468857049942017,2.1055448055267334,0.017814932391047478,118.18988800048828,1.1520920991897583,0.0005006549181416631,2301.169921875,0.051360782235860825,0.2314876765012741,0.0001065789329004474,2171.983154296875,0.05441565439105034,0.0015413681976497173,2.592695273051504e-05,59.45042037963867,0.003053224179893732,7.068999548209831e-05,43.19174575805664,1.3764301538467407,0.00309001631103456,6.846504402346909e-05,45.13275909423828,1.3172343969345093,1.9714680910110474,1.9591444730758667,1.006290316581726,1.4680081605911255,1.4324811697006226,1.0248011350631714,0.2300441861152649,0.22367851436138153,1.028459072113037,2.402812957763672,2.3942651748657227,1.0035700798034668,1.7070672512054443,1.6862266063690186,1.012359380722046,0.6767617464065552,0.6672792434692383,1.0142107009887695,inf,2.111883369471515e+34,inf,inf,-inf,7.007334059861585e+32,inf,2.041810021135774e+34,1.0,2.40205454826355,poincare,3.0,64,gaussian,gaussian,60000,0.3,0.3,"[0.0, 0.0, 0.0, 0.0, 0.0, 0.0, 0.0, 0.0, 0.0, 0.0, 0.0, 0.0, 0.0, 0.0, 0.0, 0.0, 0.0, 0.0, 0.0, 0.0, 0.0, 0.0, 0.0, 0.0, 0.0, 0.0, 0.0, 0.0, 0.0, 0.0, 0.0, 0.0, 0.0, 0.0, 0.0, 0.0, 0.0, 0.0, 0.0, 0.0, 0.0, 0.0, 0.0, 0.0, 0.0, 0.0, 0.0, 0.0, 0.0, 0.0, 0.0, 0.0, 0.0, 0.0, 0.0, 0.0, 0.0, 0.0, 0.0, 0.0, 0.0, 0.0, 0.0, 0.0]","[0.0625, 0.0625, 0.0625, 0.0625, 0.0625, 0.0625, 0.0625, 0.0625, 0.0625, 0.0625, 0.0625, 0.0625, 0.0625, 0.0625, 0.0625, 0.0625, 0.0625, 0.0625, 0.0625, 0.0625, 0.0625, 0.0625, 0.0625, 0.0625, 0.0625, 0.0625, 0.0625, 0.0625, 0.0625, 0.0625, 0.0625, 0.0625, 0.0625, 0.0625, 0.0625, 0.0625, 0.0625, 0.0625, 0.0625, 0.0625, 0.0625, 0.0625, 0.0625, 0.0625, 0.0625, 0.0625, 0.0625, 0.0625, 0.0625, 0.0625, 0.0625, 0.0625, 0.0625, 0.0625, 0.0625, 0.0625, 0.0625, 0.0625, 0.0625, 0.0625, 0.0625, 0.0625, 0.0625, 0.0625]",1,,,True
norm__poi_d64_c3_s42,0.1346413940191269,0.1314690113067627,0.1346413940191269,20.0,0.0,0.1340423822402954,0.1340423822402954,10.506301879882812,10.506301879882812,10.46259593963623,10.47124195098877,0.18026164174079895,0.0,1.0,0.37453603744506836,1.7610019445419312,0.19992543756961823,0.7723725438117981,9.99999883788405e-07,3.655964292192948e-06,2.0916385650634766,1.1412009000778198,0.5456013679504395,0.22050976753234863,0.1054244115948677,0.001528620719909668,0.0030994415283203125,2.027606725692749,0.003087162971496582,2.0195741653442383,0.49000000953674316,1.8923659324645996,0.49016666412353516,1.8923659324645996,0.44699999690055847,1.2201985120773315,0.4506666660308838,1.2201985120773315,0.4021666646003723,0.4950467050075531,0.38716667890548706,0.4950467050075531,2.099224090576172,0.015909463167190552,131.94813537597656,1.1525663137435913,0.0005592658999375999,2060.855712890625,0.0640258938074112,0.2315456122159958,0.00011757548782043159,1969.3358154296875,0.0670013353228569,0.001561161014251411,3.1274630600819364e-05,49.917808532714844,0.003124785842373967,7.578368968097493e-05,41.23295593261719,1.210628867149353,0.003099763533100486,7.873829599702731e-05,39.36792755126953,1.2679816484451294,1.9616405963897705,1.9709017276763916,0.9953011274337769,1.4607762098312378,1.440994143486023,1.0137280225753784,0.22951741516590118,0.2242182344198227,1.0236340761184692,2.3957080841064453,2.4023523330688477,0.9972342848777771,1.7027860879898071,1.6912226676940918,1.0068373680114746,0.6759780049324036,0.6680853366851807,1.0118138790130615,inf,inf,,,,2.070498972061203e+33,inf,inf,1.0,2.404331684112549,poincare,3.0,64,gaussian,gaussian,60000,0.3,0.3,"[0.0, 0.0, 0.0, 0.0, 0.0, 0.0, 0.0, 0.0, 0.0, 0.0, 0.0, 0.0, 0.0, 0.0, 0.0, 0.0, 0.0, 0.0, 0.0, 0.0, 0.0, 0.0, 0.0, 0.0, 0.0, 0.0, 0.0, 0.0, 0.0, 0.0, 0.0, 0.0, 0.0, 0.0, 0.0, 0.0, 0.0, 0.0, 0.0, 0.0, 0.0, 0.0, 0.0, 0.0, 0.0, 0.0, 0.0, 0.0, 0.0, 0.0, 0.0, 0.0, 0.0, 0.0, 0.0, 0.0, 0.0, 0.0, 0.0, 0.0, 0.0, 0.0, 0.0, 0.0]","[0.0625, 0.0625, 0.0625, 0.0625, 0.0625, 0.0625, 0.0625, 0.0625, 0.0625, 0.0625, 0.0625, 0.0625, 0.0625, 0.0625, 0.0625, 0.0625, 0.0625, 0.0625, 0.0625, 0.0625, 0.0625, 0.0625, 0.0625, 0.0625, 0.0625, 0.0625, 0.0625, 0.0625, 0.0625, 0.0625, 0.0625, 0.0625, 0.0625, 0.0625, 0.0625, 0.0625, 0.0625, 0.0625, 0.0625, 0.0625, 0.0625, 0.0625, 0.0625, 0.0625, 0.0625, 0.0625, 0.0625, 0.0625, 0.0625, 0.0625, 0.0625, 0.0625, 0.0625, 0.0625, 0.0625, 0.0625, 0.0625, 0.0625, 0.0625, 0.0625, 0.0625, 0.0625, 0.0625, 0.0625]",1,,,True
norm__poi_d64_c3_s50,0.12862379848957062,0.1283906102180481,0.12862379848957062,20.0,0.0,0.13126146793365479,0.13126146793365479,10.920145988464355,10.920145988464355,10.542031288146973,10.429325103759766,0.1775786578655243,0.0,1.0,0.37603792548179626,1.8951764106750488,0.19016237556934357,0.750842273235321,9.99999883788405e-07,3.462471113380161e-06,2.110866069793701,1.1404955387115479,0.5402974486351013,0.22029663622379303,0.10436315089464188,0.0015301704406738281,0.0031032562255859375,2.028046131134033,0.0030870437622070312,2.0174508094787598,0.43933331966400146,1.8826079368591309,0.49816668033599854,1.8826079368591309,0.4581666588783264,1.219749093055725,0.45500001311302185,1.219749093055725,0.3970000147819519,0.4944787919521332,0.3725000023841858,0.4944787919521332,2.08536696434021,0.030987266451120377,67.29754638671875,1.1518431901931763,0.0005642474861815572,2041.3792724609375,0.03296670317649841,0.2313482016324997,0.00011044832353945822,2094.62841796875,0.03212863206863403,0.001569851185195148,3.724136695382185e-05,42.15342712402344,0.0031460525933653116,7.189575990196317e-05,43.75852584838867,0.9633191823959351,0.003136062528938055,7.198474486358464e-05,43.56565856933594,0.9675838351249695,1.96027672290802,1.9694865942001343,0.9953237175941467,1.4596128463745117,1.4397320747375488,1.0138086080551147,0.22939302027225494,0.2240380197763443,1.023902177810669,2.3946282863616943,2.4010415077209473,0.9973289966583252,1.7020472288131714,1.6903798580169678,1.0069022178649902,0.6757935285568237,0.6678087115287781,1.0119566917419434,6.334133136690405e+33,inf,inf,,inf,3.9936166175415865e+32,inf,inf,1.0,2.400416374206543,poincare,3.0,64,gaussian,gaussian,60000,0.3,0.3,"[0.0, 0.0, 0.0, 0.0, 0.0, 0.0, 0.0, 0.0, 0.0, 0.0, 0.0, 0.0, 0.0, 0.0, 0.0, 0.0, 0.0, 0.0, 0.0, 0.0, 0.0, 0.0, 0.0, 0.0, 0.0, 0.0, 0.0, 0.0, 0.0, 0.0, 0.0, 0.0, 0.0, 0.0, 0.0, 0.0, 0.0, 0.0, 0.0, 0.0, 0.0, 0.0, 0.0, 0.0, 0.0, 0.0, 0.0, 0.0, 0.0, 0.0, 0.0, 0.0, 0.0, 0.0, 0.0, 0.0, 0.0, 0.0, 0.0, 0.0, 0.0, 0.0, 0.0, 0.0]","[0.0625, 0.0625, 0.0625, 0.0625, 0.0625, 0.0625, 0.0625, 0.0625, 0.0625, 0.0625, 0.0625, 0.0625, 0.0625, 0.0625, 0.0625, 0.0625, 0.0625, 0.0625, 0.0625, 0.0625, 0.0625, 0.0625, 0.0625, 0.0625, 0.0625, 0.0625, 0.0625, 0.0625, 0.0625, 0.0625, 0.0625, 0.0625, 0.0625, 0.0625, 0.0625, 0.0625, 0.0625, 0.0625, 0.0625, 0.0625, 0.0625, 0.0625, 0.0625, 0.0625, 0.0625, 0.0625, 0.0625, 0.0625, 0.0625, 0.0625, 0.0625, 0.0625, 0.0625, 0.0625, 0.0625, 0.0625, 0.0625, 0.0625, 0.0625, 0.0625, 0.0625, 0.0625, 0.0625, 0.0625]",1,,,True
norm__poi_d64_c5_s34,0.08039768040180206,0.07805061340332031,0.08039768040180206,20.0,0.0,0.07982774823904037,0.07982774823904037,-0.7743046283721924,-0.7743046283721924,-0.7963494658470154,-0.877657949924469,0.10564965754747391,0.0,1.0,0.2899853587150574,1.3443981409072876,0.14681431651115417,0.5828627347946167,9.99999883788405e-07,4.455350790522061e-06,1.6546767950057983,1.1406140327453613,0.6893274188041687,0.08592330664396286,0.05192755162715912,0.0015447139739990234,0.0030995607376098633,2.0065596103668213,0.003110051155090332,2.01335072517395,0.4724999964237213,1.4638071060180664,0.4818333387374878,1.4638071060180664,0.45399999618530273,1.2197110652923584,0.4514999985694885,1.2197110652923584,0.40400001406669617,0.38318413496017456,0.3816666603088379,0.38318413496017456,1.6732838153839111,0.009198064915835857,181.91693115234375,1.152010440826416,0.0005001427489332855,2303.36328125,0.07897883653640747,0.0951739177107811,7.284264574991539e-05,1306.568603515625,0.1392326056957245,0.0015731494640931487,2.6138219254789874e-05,60.18579864501953,0.003122015856206417,7.133658073144034e-05,43.764583587646484,1.3752168416976929,0.0031576198525726795,6.917689461261034e-05,45.64558410644531,1.3185458183288574,1.1820738315582275,1.1754869222640991,1.005603551864624,1.4672138690948486,1.4324814081192017,1.024246335029602,0.13801342248916626,0.134207084774971,1.0283616781234741,1.8604881763458252,1.8545905351638794,1.003179907798767,1.7066056728363037,1.686226725578308,1.0120854377746582,0.5241924524307251,0.5168722867965698,1.0141624212265015,5.505485784953715e+34,2.1120388547404494e+34,inf,inf,-3.393446930213265e+34,7.0075236194301e+32,inf,2.0419636494946494e+34,1.0,1.8603109121322632,poincare,5.0,64,gaussian,gaussian,60000,0.3,0.3,"[0.0, 0.0, 0.0, 0.0, 0.0, 0.0, 0.0, 0.0, 0.0, 0.0, 0.0, 0.0, 0.0, 0.0, 0.0, 0.0, 0.0, 0.0, 0.0, 0.0, 0.0, 0.0, 0.0, 0.0, 0.0, 0.0, 0.0, 0.0, 0.0, 0.0, 0.0, 0.0, 0.0, 0.0, 0.0, 0.0, 0.0, 0.0, 0.0, 0.0, 0.0, 0.0, 0.0, 0.0, 0.0, 0.0, 0.0, 0.0, 0.0, 0.0, 0.0, 0.0, 0.0, 0.0, 0.0, 0.0, 0.0, 0.0, 0.0, 0.0, 0.0, 0.0, 0.0, 0.0]","[0.0625, 0.0625, 0.0625, 0.0625, 0.0625, 0.0625, 0.0625, 0.0625, 0.0625, 0.0625, 0.0625, 0.0625, 0.0625, 0.0625, 0.0625, 0.0625, 0.0625, 0.0625, 0.0625, 0.0625, 0.0625, 0.0625, 0.0625, 0.0625, 0.0625, 0.0625, 0.0625, 0.0625, 0.0625, 0.0625, 0.0625, 0.0625, 0.0625, 0.0625, 0.0625, 0.0625, 0.0625, 0.0625, 0.0625, 0.0625, 0.0625, 0.0625, 0.0625, 0.0625, 0.0625, 0.0625, 0.0625, 0.0625, 0.0625, 0.0625, 0.0625, 0.0625, 0.0625, 0.0625, 0.0625, 0.0625, 0.0625, 0.0625, 0.0625, 0.0625, 0.0625, 0.0625, 0.0625, 0.0625]",1,,,True
norm__poi_d64_c5_s42,0.08046728372573853,0.08175192773342133,0.08046728372573853,20.0,0.0,0.08042693883180618,0.08042693883180618,-0.7661902904510498,-0.7661902904510498,-0.8042555451393127,-0.8062647581100464,0.10828708112239838,0.0,1.0,0.2921089828014374,1.34074866771698,0.1514957696199417,0.5954704880714417,9.99999883788405e-07,4.52743552159518e-06,1.6644529104232788,1.1409777402877808,0.6854970455169678,0.08586902171373367,0.051589928567409515,0.001498103141784668,0.0030355453491210938,2.026259183883667,0.0030219554901123047,2.0171878337860107,0.49033331871032715,1.4658203125,0.49033331871032715,1.4658203125,0.4466666579246521,1.2201985120773315,0.4506666660308838,1.2201985120773315,0.40400001406669617,0.38346147537231445,0.38850000500679016,0.38346147537231445,1.669147253036499,0.008864129893481731,188.3035888671875,1.1523414850234985,0.0005553655209951103,2074.92431640625,0.0907520279288292,0.09513386338949203,7.926593389129266e-05,1200.18603515625,0.15689532458782196,0.0015306236455217004,3.1068957468960434e-05,49.26536560058594,0.003061545081436634,7.518422353314236e-05,40.720577239990234,1.2098395824432373,0.0030337891075760126,7.771085802232847e-05,39.03944778442383,1.2619380950927734,1.1767618656158447,1.1825411319732666,0.9951128959655762,1.4603121280670166,1.4409945011138916,1.0134057998657227,0.13767564296722412,0.1345309466123581,1.0233752727508545,1.8555152416229248,1.8608545064926147,0.9971307516098022,1.7025177478790283,1.69122314453125,1.0066783428192139,0.5235438942909241,0.5174967050552368,1.0116854906082153,inf,inf,,,,2.070661606433864e+33,inf,inf,1.0,1.8622444868087769,poincare,5.0,64,gaussian,gaussian,60000,0.3,0.3,"[0.0, 0.0, 0.0, 0.0, 0.0, 0.0, 0.0, 0.0, 0.0, 0.0, 0.0, 0.0, 0.0, 0.0, 0.0, 0.0, 0.0, 0.0, 0.0, 0.0, 0.0, 0.0, 0.0, 0.0, 0.0, 0.0, 0.0, 0.0, 0.0, 0.0, 0.0, 0.0, 0.0, 0.0, 0.0, 0.0, 0.0, 0.0, 0.0, 0.0, 0.0, 0.0, 0.0, 0.0, 0.0, 0.0, 0.0, 0.0, 0.0, 0.0, 0.0, 0.0, 0.0, 0.0, 0.0, 0.0, 0.0, 0.0, 0.0, 0.0, 0.0, 0.0, 0.0, 0.0]","[0.0625, 0.0625, 0.0625, 0.0625, 0.0625, 0.0625, 0.0625, 0.0625, 0.0625, 0.0625, 0.0625, 0.0625, 0.0625, 0.0625, 0.0625, 0.0625, 0.0625, 0.0625, 0.0625, 0.0625, 0.0625, 0.0625, 0.0625, 0.0625, 0.0625, 0.0625, 0.0625, 0.0625, 0.0625, 0.0625, 0.0625, 0.0625, 0.0625, 0.0625, 0.0625, 0.0625, 0.0625, 0.0625, 0.0625, 0.0625, 0.0625, 0.0625, 0.0625, 0.0625, 0.0625, 0.0625, 0.0625, 0.0625, 0.0625, 0.0625, 0.0625, 0.0625, 0.0625, 0.0625, 0.0625, 0.0625, 0.0625, 0.0625, 0.0625, 0.0625, 0.0625, 0.0625, 0.0625, 0.0625]",1,,,True
norm__poi_d64_c5_s50,0.08033028990030289,0.08229731023311615,0.08033028990030289,26.0,0.0,0.08113808929920197,0.08113808929920197,-0.3491792678833008,-0.3491792678833008,-0.7462902069091797,-0.8094308376312256,0.13371719419956207,0.0,1.0,0.31404271721839905,1.7686607837677002,0.18730972707271576,0.6711878776550293,9.99999883788405e-07,5.684782991011161e-06,1.674027681350708,1.1395399570465088,0.6807175278663635,0.0855056643486023,0.05107780918478966,0.0013594627380371094,0.0027436017990112305,2.0181515216827393,0.0027228593826293945,2.0028936862945557,0.43816667795181274,1.45826256275177,0.5021666884422302,1.45826256275177,0.460833340883255,1.2197494506835938,0.4611666798591614,1.2197494506835938,0.4036666750907898,0.38302165269851685,0.3803333342075348,0.38302165269851685,1.6627633571624756,0.014857552014291286,111.91368865966797,1.1508845090866089,0.000563249341212213,2043.2950439453125,0.05477118864655495,0.09477131813764572,7.419322355417535e-05,1277.3582763671875,0.08761339634656906,0.0013993146130815148,3.372319042682648e-05,41.49413299560547,0.0027838191017508507,6.698590732412413e-05,41.55828094482422,0.9984563589096069,0.0027699072379618883,6.662632222287357e-05,41.57377243041992,0.9980843663215637,1.1759029626846313,1.1816922426223755,0.9951008558273315,1.4581364393234253,1.4397324323654175,1.0127828121185303,0.13747985661029816,0.13442280888557434,1.0227420330047607,1.8546935319900513,1.8598392009735107,0.9972332119941711,1.7011991739273071,1.6903800964355469,1.0064003467559814,0.5231691598892212,0.5172824263572693,1.0113800764083862,5.472901346209664e+33,inf,inf,,inf,3.9935129400632964e+32,inf,inf,1.0,1.8590052127838135,poincare,5.0,64,gaussian,gaussian,60000,0.3,0.3,"[0.0, 0.0, 0.0, 0.0, 0.0, 0.0, 0.0, 0.0, 0.0, 0.0, 0.0, 0.0, 0.0, 0.0, 0.0, 0.0, 0.0, 0.0, 0.0, 0.0, 0.0, 0.0, 0.0, 0.0, 0.0, 0.0, 0.0, 0.0, 0.0, 0.0, 0.0, 0.0, 0.0, 0.0, 0.0, 0.0, 0.0, 0.0, 0.0, 0.0, 0.0, 0.0, 0.0, 0.0, 0.0, 0.0, 0.0, 0.0, 0.0, 0.0, 0.0, 0.0, 0.0, 0.0, 0.0, 0.0, 0.0, 0.0, 0.0, 0.0, 0.0, 0.0, 0.0, 0.0]","[0.0625, 0.0625, 0.0625, 0.0625, 0.0625, 0.0625, 0.0625, 0.0625, 0.0625, 0.0625, 0.0625, 0.0625, 0.0625, 0.0625, 0.0625, 0.0625, 0.0625, 0.0625, 0.0625, 0.0625, 0.0625, 0.0625, 0.0625, 0.0625, 0.0625, 0.0625, 0.0625, 0.0625, 0.0625, 0.0625, 0.0625, 0.0625, 0.0625, 0.0625, 0.0625, 0.0625, 0.0625, 0.0625, 0.0625, 0.0625, 0.0625, 0.0625, 0.0625, 0.0625, 0.0625, 0.0625, 0.0625, 0.0625, 0.0625, 0.0625, 0.0625, 0.0625, 0.0625, 0.0625, 0.0625, 0.0625, 0.0625, 0.0625, 0.0625, 0.0625, 0.0625, 0.0625, 0.0625, 0.0625]",1,,,True
norm__poi_d8_c10_s34,0.02018732577562332,0.020763719454407692,0.02018732577562332,20.0,0.0,0.02021496370434761,0.02021496370434761,-1.8725054264068604,-1.8725054264068604,-1.881130576133728,-1.869036316871643,0.026922622695565224,0.0,1.0,0.16308526694774628,0.2952258586883545,0.018047871068120003,0.19402596354484558,9.99999883788405e-07,6.20578521193238e-06,0.3180972635746002,0.056607745587825775,0.17795734107494354,0.0003059561422560364,0.0009618320618756115,0.0004347562789916992,0.00046062469482421875,1.0595009326934814,0.00045943260192871094,1.056758999824524,0.5055000185966492,0.11514074355363846,0.5006666779518127,0.11514074355363846,0.5005000233650208,0.16204750537872314,0.4950000047683716,0.16204750537872314,0.503000020980835,0.04706722870469093,0.4948333203792572,0.04706722870469093,0.3156990706920624,0.0016948190750554204,186.2729949951172,0.06297717988491058,0.0005436675855889916,115.8376693725586,1.6080522537231445,0.00036504960735328496,1.1368982086423784e-05,32.10926055908203,5.8012237548828125,0.0004607200971804559,6.256556662265211e-05,7.363796234130859,0.00048653685371391475,6.485010089818388e-05,7.502484321594238,0.9815143942832947,0.0004840572946704924,6.579534965567291e-05,7.357013702392578,1.0009219646453857,0.07806006819009781,0.07681375741958618,1.0162250995635986,0.18567049503326416,0.1815403252840042,1.022750735282898,0.01548968255519867,0.015097186900675297,1.0259978771209717,0.40209856629371643,0.3985232710838318,1.0089713335037231,0.5908318161964417,0.5841400027275085,1.0114558935165405,0.17111803591251373,0.16891072690486908,1.0130679607391357,3.4012603759765625,3.471966505050659,5.453928470611572,5.847396373748779,0.07070612907409668,2.471827745437622,1.5853724479675293,1.000138759613037,1.0,0.4007359743118286,poincare,10.0,8,gaussian,gaussian,60000,0.3,0.3,"[0.0, 0.0, 0.0, 0.0, 0.0, 0.0, 0.0, 0.0]","[0.1767767, 0.1767767, 0.1767767, 0.1767767, 0.1767767, 0.1767767, 0.1767767, 0.1767767]",1,,,True
norm__poi_d8_c10_s42,0.020195461809635162,0.020525198429822922,0.020195461809635162,20.0,0.0,0.02014000341296196,0.02014000341296196,-1.876641869544983,-1.876641869544983,-1.8782968521118164,-1.8785386085510254,0.027040580287575722,0.0,1.0,0.16346363723278046,0.29739460349082947,0.01788678765296936,0.19392287731170654,9.99999883788405e-07,6.190039130160585e-06,0.3141922354698181,0.05672294646501541,0.18053579330444336,0.0003349762409925461,0.0010661506094038486,0.0005879402160644531,0.0006090402603149414,1.0358880758285522,0.0006173849105834961,1.0500811338424683,0.4893333315849304,0.11394862830638885,0.4673333466053009,0.11394862830638885,0.4819999933242798,0.16067221760749817,0.46266666054725647,0.16067221760749817,0.4776666760444641,0.04669051989912987,0.46050000190734863,0.04669051989912987,0.3154759109020233,0.0025491861160844564,123.75553894042969,0.06314599514007568,0.0002584375615697354,244.3375244140625,0.5064942240715027,0.00039526348700746894,1.583473931532353e-05,24.961793899536133,4.957798480987549,0.0006098350277170539,9.415542444912717e-05,6.476897716522217,0.0006291469326242805,8.065025031100959e-05,7.800929546356201,0.8302725553512573,0.0006340066902339458,8.78921928233467e-05,7.21345853805542,0.8978906869888306,0.078266941010952,0.07610881328582764,1.0283558368682861,0.1863270252943039,0.1798781156539917,1.0358515977859497,0.015550440177321434,0.014964713715016842,1.0391404628753662,0.40276220440864563,0.3963034749031067,1.016297459602356,0.5920103192329407,0.5811727046966553,1.0186477899551392,0.1714836061000824,0.16810955107212067,1.0200705528259277,3.3876001834869385,3.454430341720581,5.0486226081848145,6.058633327484131,0.06683015823364258,2.473738670349121,1.462166666984558,0.98069167137146,1.0,0.3996264636516571,poincare,10.0,8,gaussian,gaussian,60000,0.3,0.3,"[0.0, 0.0, 0.0, 0.0, 0.0, 0.0, 0.0, 0.0]","[0.1767767, 0.1767767, 0.1767767, 0.1767767, 0.1767767, 0.1767767, 0.1767767, 0.1767767]",1,,,True
norm__poi_d8_c10_s50,0.020106665790081024,0.020985636860132217,0.020106665790081024,20.0,0.0,0.02042183093726635,0.02042183093726635,-1.8743354082107544,-1.8743354082107544,-1.8762065172195435,-1.8826725482940674,0.02664978988468647,0.0,1.0,0.16227492690086365,0.29071593284606934,0.017788616940379143,0.19233697652816772,9.99999883788405e-07,6.235884484340204e-06,0.3174150586128235,0.05630869045853615,0.17739766836166382,0.0003893268876709044,0.0012265545083209872,0.0008835792541503906,0.0009268522262573242,1.048974633216858,0.0009417533874511719,1.065839171409607,0.4891666769981384,0.11344790458679199,0.47083333134651184,0.11344790458679199,0.48766666650772095,0.16009841859340668,0.46283334493637085,0.16009841859340668,0.48633334040641785,0.04641842097043991,0.4566666781902313,0.04641842097043991,0.3162494897842407,0.002426063409075141,130.35499572753906,0.06281343102455139,0.0002515778469387442,249.67791748046875,0.5220925807952881,0.0004499146016314626,1.6758154743001796e-05,26.847501754760742,4.855386257171631,0.0009196639293804765,9.25415224628523e-05,9.937851905822754,0.0009702086681500077,0.00010209107131231576,9.503363609313965,1.0457193851470947,0.0009729862795211375,0.00011153236118843779,8.72380256652832,1.1391651630401611,0.07851612567901611,0.07544774562120438,1.0406689643859863,0.1870371550321579,0.17813660204410553,1.0499647855758667,0.015614798292517662,0.014850129373371601,1.05149245262146,0.40361109375953674,0.3948095440864563,1.022293210029602,0.5933182239532471,0.5787538290023804,1.02516508102417,0.17188753187656403,0.1675432026386261,1.025929570198059,3.3879501819610596,3.4159512519836426,5.061489105224609,5.497653007507324,0.028001070022583008,2.4825003147125244,1.4951437711715698,0.9334509372711182,1.0,0.40047022700309753,poincare,10.0,8,gaussian,gaussian,60000,0.3,0.3,"[0.0, 0.0, 0.0, 0.0, 0.0, 0.0, 0.0, 0.0]","[0.1767767, 0.1767767, 0.1767767, 0.1767767, 0.1767767, 0.1767767, 0.1767767, 0.1767767]",1,,,True
norm__poi_d8_c1_s34,0.14726673066616058,0.1424615979194641,0.14726673066616058,20.0,0.0,0.15093588829040527,0.15093588829040527,2.3734121322631836,2.3734121322631836,2.3153460025787354,2.352522611618042,0.2728270888328552,0.0,1.0,0.5193869471549988,0.9183445572853088,0.05534860119223595,0.6148117780685425,9.99999883788405e-07,1.9468038772174623e-06,0.6793301701545715,0.05665767565369606,0.08340226858854294,0.036321476101875305,0.05346660315990448,0.0004156827926635742,0.0004388093948364258,1.0556352138519287,0.0004407167434692383,1.0602236986160278,0.5048333406448364,0.36410701274871826,0.49900001287460327,0.36410701274871826,0.5018333196640015,0.16204731166362762,0.4934999942779541,0.16204731166362762,0.5018333196640015,0.14883960783481598,0.4938333332538605,0.14883960783481598,0.6771395802497864,0.041401222348213196,16.355545043945312,0.06302912533283234,0.000542733701877296,116.1326904296875,0.1408349722623825,0.04171145707368851,0.0001586212165420875,262.962646484375,0.06219721958041191,0.00044000946218147874,6.228029087651521e-05,7.0649871826171875,0.0004634102515410632,6.493406544905156e-05,7.136627674102783,0.989961564540863,0.0004677812394220382,6.857785047031939e-05,6.821170806884766,1.035744071006775,0.7822601199150085,0.7681376934051514,1.0183851718902588,0.1859414428472519,0.1815403252840042,1.0242432355880737,0.15500791370868683,0.15097185969352722,1.0267338752746582,1.2730154991149902,1.260241150856018,1.0101364850997925,0.5912653803825378,0.5841400027275085,1.0121980905532837,0.5413185954093933,0.5341425538063049,1.013434648513794,3.4211647510528564,3.471966028213501,5.582827568054199,5.847396373748779,0.05080128088593483,2.471827745437622,1.5853720903396606,1.000138282775879,1.0,1.2679411172866821,poincare,1.0,8,gaussian,gaussian,60000,0.3,0.3,"[0.0, 0.0, 0.0, 0.0, 0.0, 0.0, 0.0, 0.0]","[0.1767767, 0.1767767, 0.1767767, 0.1767767, 0.1767767, 0.1767767, 0.1767767, 0.1767767]",1,,,True
norm__poi_d8_c1_s42,0.14708437025547028,0.14628851413726807,0.14708437025547028,20.0,0.0,0.14660608768463135,0.14660608768463135,2.394392490386963,2.394392490386963,2.340991973876953,2.3165690898895264,0.25934913754463196,0.0,1.0,0.5064390301704407,0.9033330082893372,0.0535292811691761,0.5981433987617493,9.99999883788405e-07,1.996305172724533e-06,0.6815837621688843,0.056932978332042694,0.08353041857481003,0.03666657954454422,0.05379614606499672,0.0008918046951293945,0.000947117805480957,1.0620237588882446,0.0009543895721435547,1.0701777935028076,0.4894999861717224,0.36033716797828674,0.46833333373069763,0.36033716797828674,0.48233333230018616,0.1606721729040146,0.46299999952316284,0.1606721729040146,0.4779999852180481,0.14764831960201263,0.45899999141693115,0.14764831960201263,0.6930854320526123,0.028365200385451317,24.434354782104492,0.06335314363241196,0.00025317585095763206,250.23374938964844,0.09764611721038818,0.042073339223861694,0.000181779803824611,231.4522247314453,0.1055697500705719,0.0009113033884204924,0.00011975907546002418,7.609471797943115,0.0009587288950569928,9.81682023848407e-05,9.76618480682373,0.7791652679443359,0.0009612004505470395,0.00010555532935541123,9.106128692626953,0.8356428742408752,0.7799332737922668,0.7610881924629211,1.0247607231140137,0.18603204190731049,0.1798780858516693,1.0342118740081787,0.15552110970020294,0.14964713156223297,1.0392521619796753,1.2712234258651733,1.2532217502593994,1.0143643617630005,0.591538667678833,0.5811727046966553,1.017836332321167,0.542310357093811,0.5316091179847717,1.020129919052124,3.3434348106384277,3.4544296264648438,4.7989959716796875,6.0586323738098145,0.11099480837583542,2.473738670349121,1.4621670246124268,0.9806908965110779,1.0,1.2628731727600098,poincare,1.0,8,gaussian,gaussian,60000,0.3,0.3,"[0.0, 0.0, 0.0, 0.0, 0.0, 0.0, 0.0, 0.0]","[0.1767767, 0.1767767, 0.1767767, 0.1767767, 0.1767767, 0.1767767, 0.1767767, 0.1767767]",1,,,True
norm__poi_d8_c1_s50,0.14646588265895844,0.14798416197299957,0.14646588265895844,20.0,0.0,0.14803344011306763,0.14803344011306763,2.4292447566986084,2.4292447566986084,2.3675174713134766,2.264566659927368,0.2668192684650421,0.0,1.0,0.5137196183204651,0.9029082655906677,0.053939688950777054,0.6055059432983398,9.99999883788405e-07,1.9677524960570736e-06,0.6518836617469788,0.05641905590891838,0.08654773980379105,0.036437492817640305,0.05589569732546806,0.0009781122207641602,0.0010339021682739258,1.057038426399231,0.0010508298873901367,1.0743448734283447,0.4886666536331177,0.35875385999679565,0.46683332324028015,0.35875385999679565,0.4893333315849304,0.1600983738899231,0.46299999952316284,0.1600983738899231,0.48516666889190674,0.14678801596164703,0.4560000002384186,0.14678801596164703,0.6893675923347473,0.03424714505672455,20.12919807434082,0.06292898207902908,0.0002542773145250976,247.48170471191406,0.08133610337972641,0.041773051023483276,0.00016971572767943144,246.1354217529297,0.08178098499774933,0.0010164340492337942,9.819050319492817e-05,10.351652145385742,0.0010831276886165142,0.00010827173537109047,10.003789901733398,1.0347729921340942,0.00107831961940974,0.00010698324331315234,10.07933235168457,1.027017593383789,0.7856520414352417,0.7544774413108826,1.0413193702697754,0.18713700771331787,0.17813660204410553,1.0505253076553345,0.1562073975801468,0.14850129187107086,1.0518925189971924,1.276764154434204,1.2484973669052124,1.0226407051086426,0.5934774875640869,0.5787538290023804,1.0254403352737427,0.5436602830886841,0.529818058013916,1.0261263847351074,3.391927480697632,3.4159507751464844,5.077094078063965,5.49765157699585,0.02402329444885254,2.4825003147125244,1.4951435327529907,0.93345046043396,1.0,1.2667255401611328,poincare,1.0,8,gaussian,gaussian,60000,0.3,0.3,"[0.0, 0.0, 0.0, 0.0, 0.0, 0.0, 0.0, 0.0]","[0.1767767, 0.1767767, 0.1767767, 0.1767767, 0.1767767, 0.1767767, 0.1767767, 0.1767767]",1,,,True
norm__poi_d8_c2_s34,0.07348071783781052,0.0727962851524353,0.07348071783781052,56.0,0.0,0.07290615886449814,0.07290615886449814,-0.03887217119336128,-0.03887217119336128,-0.0393562912940979,-0.0121573805809021,0.32326385378837585,0.0,1.0,0.5487520098686218,1.46918523311615,0.1487022042274475,0.8032567501068115,9.99999883788405e-07,1.966199306480121e-06,0.5542462468147278,0.0551600456237793,0.09952263534069061,0.007917440496385098,0.01428505964577198,0.0001201629638671875,0.00011265277862548828,0.9375,0.0001119375228881836,0.9315475821495056,0.5069999694824219,0.2574625015258789,0.5168333053588867,0.2574625015258789,0.5056666731834412,0.16204750537872314,0.5119999647140503,0.16204750537872314,0.5044999718666077,0.10524549335241318,0.5093333125114441,0.10524549335241318,0.5517978072166443,0.01751655526459217,31.501502990722656,0.06136208772659302,0.0006738176452927291,91.06631469726562,0.3459182679653168,0.009502322413027287,4.6605608076788485e-05,203.88795471191406,0.1545039862394333,0.0001517852215329185,2.68412350123981e-05,5.654926300048828,0.0001441359636373818,3.309797466499731e-05,4.354827404022217,1.2985420227050781,0.00014927785377949476,3.0390825486392714e-05,4.911937713623047,1.151261806488037,0.3826550245285034,0.3840687572956085,0.9963191151618958,0.18082751333713531,0.18154031038284302,0.9960737228393555,0.0752977654337883,0.07548592984676361,0.9975072145462036,0.889580249786377,0.8911250829696655,0.9982664585113525,0.5830872654914856,0.5841399431228638,0.9981979131698608,0.3772642910480499,0.37769582867622375,0.9988574385643005,3.4485762119293213,3.471965789794922,6.09410285949707,5.847392559051514,0.023389577865600586,2.471827507019043,1.5853711366653442,1.000138282775879,1.0,0.8908790946006775,poincare,2.0,8,gaussian,gaussian,60000,0.3,0.3,"[0.0, 0.0, 0.0, 0.0, 0.0, 0.0, 0.0, 0.0]","[0.1767767, 0.1767767, 0.1767767, 0.1767767, 0.1767767, 0.1767767, 0.1767767, 0.1767767]",1,,,True
norm__poi_d8_c2_s42,0.07362762093544006,0.07319753617048264,0.07362762093544006,56.0,0.0,0.07493331283330917,0.07493331283330917,-0.041198257356882095,-0.041198257356882095,-0.046211086213588715,-0.0583602599799633,0.3163958489894867,0.0,1.0,0.5423939824104309,1.5012449026107788,0.14894087612628937,0.7955533862113953,9.99999883788405e-07,1.996141008930863e-06,0.5509864687919617,0.054597824811935425,0.0990910455584526,0.007857389748096466,0.01426058541983366,0.000240325927734375,0.00024569034576416016,1.0223214626312256,0.0002454519271850586,1.021329402923584,0.49549999833106995,0.2547968626022339,0.4961666762828827,0.2547968626022339,0.49183332920074463,0.1606721729040146,0.49300000071525574,0.1606721729040146,0.4908333420753479,0.10440313071012497,0.49316665530204773,0.10440313071012497,0.5539284944534302,0.013810059987008572,40.110504150390625,0.06085880100727081,0.00026409918791614473,230.43919372558594,0.1740611344575882,0.009427210316061974,6.54017785564065e-05,144.1430206298828,0.2782687842845917,0.00028067431412637234,4.9398069677408785e-05,5.681888103485107,0.00029031038866378367,5.176518243388273e-05,5.608217239379883,1.0131362676620483,0.0002745270903687924,5.0674661906668916e-05,5.417442798614502,1.0488137006759644,0.37812474370002747,0.3805440664291382,0.9936423897743225,0.17883998155593872,0.1798780858516693,0.9942288398742676,0.0745980441570282,0.07482356578111649,0.9969860315322876,0.8837292194366455,0.8861614465713501,0.9972553849220276,0.5798219442367554,0.5811726450920105,0.9976758360862732,0.375470370054245,0.3759044110774994,0.9988453984260559,3.390690803527832,3.4544291496276855,5.447026252746582,6.058628082275391,0.06373810768127441,2.473738193511963,1.4621660709381104,0.9806907773017883,1.0,0.8848826289176941,poincare,2.0,8,gaussian,gaussian,60000,0.3,0.3,"[0.0, 0.0, 0.0, 0.0, 0.0, 0.0, 0.0, 0.0]","[0.1767767, 0.1767767, 0.1767767, 0.1767767, 0.1767767, 0.1767767, 0.1767767, 0.1767767]",1,,,True
norm__poi_d8_c2_s50,0.09869872033596039,0.09423097968101501,0.09869872033596039,26.0,0.0,0.10033836960792542,0.10033836960792542,0.11360716074705124,0.11360716074705124,0.00399475684389472,-0.051532916724681854,0.14308694005012512,0.0,1.0,0.37550050020217896,0.7340567111968994,0.04565878212451935,0.4527779221534729,9.99999883788405e-07,2.7025496365240542e-06,0.5360862016677856,0.055137984454631805,0.10285283625125885,0.008090846240520477,0.015092435292899609,0.0004729032516479492,0.0004680156707763672,0.9896647334098816,0.00046694278717041016,0.9873960018157959,0.4938333332538605,0.2536771595478058,0.4803333282470703,0.2536771595478058,0.492000013589859,0.1600983738899231,0.4779999852180481,0.1600983738899231,0.4896666705608368,0.10379479825496674,0.47450000047683716,0.10379479825496674,0.555793046951294,0.01621379144489765,34.279029846191406,0.06150304153561592,0.00038445618702098727,159.97412109375,0.21427857875823975,0.009659032337367535,5.9609548770822585e-05,162.03834533691406,0.21154889464378357,0.000505681848153472,6.0028862208127975e-05,8.423978805541992,0.0005053877830505371,5.972134749754332e-05,8.462431907653809,0.9954560399055481,0.0004989504814147949,6.267916614888236e-05,7.96038818359375,1.0582371950149536,0.38651058077812195,0.3772387206554413,1.0245782136917114,0.18323348462581635,0.17813655734062195,1.028612494468689,0.07647371292114258,0.07425064593553543,1.0299400091171265,0.8946523666381836,0.8828209042549133,1.0134018659591675,0.5871405005455017,0.5787538290023804,1.0144909620285034,0.38032266497612,0.37463799118995667,1.0151737928390503,3.3774304389953613,3.415950298309326,4.774909019470215,5.497647762298584,0.038519859313964844,2.4825000762939453,1.495142936706543,0.933449923992157,1.0,0.8912596106529236,poincare,2.0,8,gaussian,gaussian,60000,0.3,0.3,"[0.0, 0.0, 0.0, 0.0, 0.0, 0.0, 0.0, 0.0]","[0.1767767, 0.1767767, 0.1767767, 0.1767767, 0.1767767, 0.1767767, 0.1767767, 0.1767767]",1,,,True
norm__poi_d8_c3_s34,0.04907004535198212,0.04915512353181839,0.04907004535198212,56.0,0.0,0.05005227029323578,0.05005227029323578,-0.8577388525009155,-0.8577388525009155,-0.8921664953231812,-0.8697799444198608,0.17855539917945862,0.0,1.0,0.40844523906707764,1.1462652683258057,0.10824475437402725,0.6019988656044006,9.99999883788405e-07,2.621725798235275e-06,0.4852079153060913,0.054820481687784195,0.11298348009586334,0.003200281411409378,0.006595691200345755,0.0002551078796386719,0.0002701282501220703,1.0588785409927368,0.00028073787689208984,1.100467324256897,0.5111666321754456,0.21021728217601776,0.5339999794960022,0.21021728217601776,0.5071666836738586,0.16204768419265747,0.5258333086967468,0.16204768419265747,0.5086666345596313,0.08593251556158066,0.5258333086967468,0.08593251556158066,0.4818558394908905,0.009709087200462818,49.629364013671875,0.06113775074481964,0.00027834693901240826,219.64585876464844,0.22595174610614777,0.003788782050833106,0.00016139149374794215,23.475723266601562,2.114071846008301,0.00028905869112350047,4.18026429542806e-05,6.914841651916504,0.000289682560833171,5.131481520948e-05,5.645203113555908,1.2249057292938232,0.000315356272039935,5.313494330039248e-05,5.935007095336914,1.1650941371917725,0.25128740072250366,0.2560458481311798,0.9814156293869019,0.17760205268859863,0.18154028058052063,0.9783065319061279,0.049082670360803604,0.050323955714702606,0.9753341674804688,0.7193694710731506,0.7276005744934082,0.9886873364448547,0.5773472189903259,0.5841399431228638,0.9883714318275452,0.3044885993003845,0.3083873689174652,0.9873575568199158,3.5582480430603027,3.4719655513763428,9.904072761535645,5.847390651702881,-0.08628249168395996,2.471827507019043,1.5853712558746338,1.0001380443572998,1.0,0.7239612340927124,poincare,3.0,8,gaussian,gaussian,60000,0.3,0.3,"[0.0, 0.0, 0.0, 0.0, 0.0, 0.0, 0.0, 0.0]","[0.1767767, 0.1767767, 0.1767767, 0.1767767, 0.1767767, 0.1767767, 0.1767767, 0.1767767]",1,,,True
norm__poi_d8_c3_s42,0.06731167435646057,0.06842850893735886,0.06731167435646057,20.0,0.0,0.06713195145130157,0.06713195145130157,-0.7896820306777954,-0.7896820306777954,-0.7896819710731506,-0.7968743443489075,0.08902911096811295,0.0,1.0,0.2965281307697296,0.5472671985626221,0.033155012875795364,0.35290536284446716,9.99999883788405e-07,3.4141341984650353e-06,0.48588383197784424,0.056599974632263184,0.11648869514465332,0.0034057677257806063,0.00700942799448967,0.0006841421127319336,0.0007151365280151367,1.0453040599822998,0.0007202625274658203,1.0527966022491455,0.49133333563804626,0.2080407738685608,0.4715000092983246,0.2080407738685608,0.48366665840148926,0.16067221760749817,0.46549999713897705,0.16067221760749817,0.4793333411216736,0.08524483442306519,0.4625000059604645,0.08524483442306519,0.48833951354026794,0.009084178134799004,53.75715255737305,0.06300466507673264,0.0002573321689851582,244.837890625,0.21956221759319305,0.0041114650666713715,4.2629893869161606e-05,96.4455795288086,0.5573831796646118,0.0007073601591400802,0.00010134717012988403,6.979574680328369,0.0007323702448047698,8.92539246706292e-05,8.20546817779541,0.8506004214286804,0.0007341742748394608,9.492675599176437e-05,7.7341132164001465,0.9024401903152466,0.25956329703330994,0.2536960244178772,1.0231271982192993,0.18545426428318024,0.17987807095050812,1.0309998989105225,0.05165227875113487,0.049882374703884125,1.035481572151184,0.7332966923713684,0.7235478758811951,1.0134737491607666,0.5906094908714294,0.5811726450920105,1.0162376165390015,0.3125246465206146,0.30692464113235474,1.0182455778121948,3.354942798614502,3.4544291496276855,4.781949996948242,6.058627605438232,0.0994863510131836,2.473738193511963,1.4621658325195312,0.9806907773017883,1.0,0.7286584377288818,poincare,3.0,8,gaussian,gaussian,60000,0.3,0.3,"[0.0, 0.0, 0.0, 0.0, 0.0, 0.0, 0.0, 0.0]","[0.1767767, 0.1767767, 0.1767767, 0.1767767, 0.1767767, 0.1767767, 0.1767767, 0.1767767]",1,,,True
norm__poi_d8_c3_s50,0.05116790160536766,0.05024063587188721,0.05116790160536766,56.0,0.0,0.052752237766981125,0.052752237766981125,-0.8410263657569885,-0.8410263657569885,-0.8485610485076904,-0.8832542896270752,0.1897878646850586,0.0,1.0,0.42028510570526123,1.1674613952636719,0.11465556174516678,0.6205122470855713,9.99999883788405e-07,2.5686736080388073e-06,0.4762951135635376,0.05433386564254761,0.11407604813575745,0.0031259215902537107,0.00656299339607358,0.0002460479736328125,0.00026679039001464844,1.084302306175232,0.00026237964630126953,1.066375970840454,0.49149999022483826,0.20712658762931824,0.4869999885559082,0.20712658762931824,0.49283334612846375,0.1600983738899231,0.48883333802223206,0.1600983738899231,0.49300000071525574,0.08474805951118469,0.4856666624546051,0.08474805951118469,0.4857523739337921,0.010271399281919003,47.291744232177734,0.0607268251478672,0.00021834931976627558,278.1177978515625,0.17004214227199554,0.003622565185651183,0.00017265835776925087,20.981117248535156,2.254014492034912,0.0002756277972366661,5.081229755887762e-05,5.424430847167969,0.0002868851297535002,4.3345546146156266e-05,6.618560314178467,0.8195785880088806,0.0003075798449572176,5.291501656756736e-05,5.812713623046875,0.9332011938095093,0.2552303373813629,0.2514924705028534,1.0148627758026123,0.18063423037528992,0.17813655734062195,1.0140211582183838,0.049975838512182236,0.04950042814016342,1.0096042156219482,0.7263385653495789,0.7208202481269836,1.0076556205749512,0.5828030705451965,0.5787538290023804,1.006996512413025,0.30743861198425293,0.30589061975479126,1.0050605535507202,3.529900074005127,3.415950298309326,7.280884265899658,5.497648239135742,-0.11395001411437988,2.4825000762939453,1.495142936706543,0.933449923992157,1.0,0.7255069017410278,poincare,3.0,8,gaussian,gaussian,60000,0.3,0.3,"[0.0, 0.0, 0.0, 0.0, 0.0, 0.0, 0.0, 0.0]","[0.1767767, 0.1767767, 0.1767767, 0.1767767, 0.1767767, 0.1767767, 0.1767767, 0.1767767]",1,,,True
norm__poi_d8_c5_s34,0.0403716042637825,0.041524358093738556,0.0403716042637825,20.0,0.0,0.04042860493063927,0.04042860493063927,-1.4085382223129272,-1.4085382223129272,-1.4152594804763794,-1.3991285562515259,0.05380599945783615,0.0,1.0,0.23054683208465576,0.41808757185935974,0.02557292953133583,0.2743823230266571,9.99999883788405e-07,4.390129106468521e-06,0.4121852517127991,0.05657980963587761,0.13726791739463806,0.0010322778252884746,0.0025044025387614965,0.00043761730194091797,0.0004642009735107422,1.060746431350708,0.00046241283416748047,1.0566602945327759,0.5056666731834412,0.162833571434021,0.5013333559036255,0.162833571434021,0.5008333325386047,0.16204731166362762,0.49549999833106995,0.16204731166362762,0.503000020980835,0.06656311452388763,0.49533334374427795,0.06656311452388763,0.40849000215530396,0.004595725331455469,88.88477325439453,0.06294705718755722,0.0005440101958811283,115.70933532714844,0.7681728601455688,0.0012540433090180159,1.7851356460596435e-05,70.24919128417969,1.2652782201766968,0.00046340623521246016,6.29719506832771e-05,7.358931541442871,0.0004899144405499101,6.507600483018905e-05,7.528342247009277,0.9774969220161438,0.00048669977695681155,6.597403262276202e-05,7.37714147567749,0.9975315928459167,0.15601515769958496,0.15362751483917236,1.0155417919158936,0.185548335313797,0.1815403252840042,1.0220777988433838,0.030962910503149033,0.030194373801350594,1.025452971458435,0.5684451460838318,0.5635969638824463,1.008602261543274,0.5906363725662231,0.5841400027275085,1.0111212730407715,0.2419324815273285,0.2388758361339569,1.0127959251403809,3.397629499435425,3.471966028213501,5.421623229980469,5.847397327423096,0.07433652877807617,2.471827745437622,1.5853720903396606,1.000138282775879,1.0,0.566623866558075,poincare,5.0,8,gaussian,gaussian,60000,0.3,0.3,"[0.0, 0.0, 0.0, 0.0, 0.0, 0.0, 0.0, 0.0]","[0.1767767, 0.1767767, 0.1767767, 0.1767767, 0.1767767, 0.1767767, 0.1767767, 0.1767767]",1,,,True
norm__poi_d8_c5_s42,0.04038980230689049,0.04105225205421448,0.04038980230689049,20.0,0.0,0.04027976095676422,0.04027976095676422,-1.4085807800292969,-1.4085807800292969,-1.4097001552581787,-1.4123533964157104,0.054069772362709045,0.0,1.0,0.2311435490846634,0.4210089147090912,0.02533494122326374,0.2742847502231598,9.99999883788405e-07,4.377744062367128e-06,0.4072788953781128,0.05671145021915436,0.13924475014209747,0.0010793645633384585,0.0026501852553337812,0.0005931854248046875,0.0006146430969238281,1.0361735820770264,0.000622868537902832,1.0500402450561523,0.4898333251476288,0.1611475795507431,0.4675000011920929,0.1611475795507431,0.4814999997615814,0.16067224740982056,0.46299999952316284,0.16067224740982056,0.4779999852180481,0.0660303607583046,0.46050000190734863,0.0660303607583046,0.4092588424682617,0.005225058179348707,78.326171875,0.06313267350196838,0.00025869967066682875,244.03848266601562,0.32095828652381897,0.0013037259923294187,2.4506181944161654e-05,53.19987869262695,1.4722996950149536,0.0006152630085125566,9.460640285396948e-05,6.503396987915039,0.0006349683389998972,8.116594108287245e-05,7.823088645935059,0.831308126449585,0.0006397724500857294,8.870751480571926e-05,7.212156295776367,0.9017271399497986,0.15647749602794647,0.15221762657165527,1.0279853343963623,0.18625964224338531,0.1798781156539917,1.0354769229888916,0.031091591343283653,0.029929427430033684,1.0388301610946655,0.569479763507843,0.5604577660560608,1.0160975456237793,0.5919023752212524,0.5811727046966553,1.018462061882019,0.24247778952121735,0.2377428114414215,1.019916296005249,3.385779857635498,3.454430341720581,5.032312393188477,6.058632850646973,0.06865048408508301,2.473738670349121,1.4621667861938477,0.98069167137146,1.0,0.5651036500930786,poincare,5.0,8,gaussian,gaussian,60000,0.3,0.3,"[0.0, 0.0, 0.0, 0.0, 0.0, 0.0, 0.0, 0.0]","[0.1767767, 0.1767767, 0.1767767, 0.1767767, 0.1767767, 0.1767767, 0.1767767, 0.1767767]",1,,,True
norm__poi_d8_c5_s50,0.02932017855346203,0.029650546610355377,0.02932017855346203,50.0,0.0,0.029662659391760826,0.029662659391760826,-1.5208759307861328,-1.5208759307861328,-1.5572086572647095,-1.568407416343689,0.09662164002656937,0.0,1.0,0.3002469837665558,0.9347543120384216,0.0804489329457283,0.44666165113449097,9.99999883788405e-07,3.573204594431445e-06,0.4030851125717163,0.053780898451805115,0.13342317938804626,0.0009903275640681386,0.0024568696971982718,0.00015985965728759766,0.00015401840209960938,0.9634601473808289,0.00015270709991455078,0.9552572965621948,0.500333309173584,0.160439595580101,0.5034999847412109,0.160439595580101,0.5009999871253967,0.16009826958179474,0.5023333430290222,0.16009826958179474,0.49683332443237305,0.06564557552337646,0.4975000023841858,0.06564557552337646,0.40530937910079956,0.005079338327050209,79.79570770263672,0.060028716921806335,0.00037958036409690976,158.1449432373047,0.5045732259750366,0.0012008192716166377,1.448465627618134e-05,82.90284729003906,0.9625207781791687,0.00019229254394304007,3.585687591112219e-05,5.3627800941467285,0.00018753607582766563,3.089782330789603e-05,6.069556713104248,0.8835538029670715,0.00018944342446047813,2.9806402380927466e-05,6.355796813964844,0.8437620401382446,0.15022805333137512,0.15089549124240875,0.995576798915863,0.17754144966602325,0.17813660204410553,0.9966589212417603,0.02956126444041729,0.029700258746743202,0.9953200817108154,0.5566163063049316,0.5583450198173523,0.9969038367271423,0.5776205658912659,0.5787538290023804,0.9980418086051941,0.23639322817325592,0.2369418740272522,0.9976844787597656,3.4565136432647705,3.4159512519836426,7.755641460418701,5.497653007507324,-0.04056239128112793,2.4825003147125244,1.4951438903808594,0.9334509372711182,1.0,0.5588483810424805,poincare,5.0,8,gaussian,gaussian,60000,0.3,0.3,"[0.0, 0.0, 0.0, 0.0, 0.0, 0.0, 0.0, 0.0]","[0.1767767, 0.1767767, 0.1767767, 0.1767767, 0.1767767, 0.1767767, 0.1767767, 0.1767767]",1,,,True
norm__sph_d16_c10_s34,0.011683464981615543,0.011806998401880264,0.011683464981615543,38.0,5.811452865600586e-07,0.011638532392680645,0.011638532392680645,-16.569477081298828,-16.569477081298828,-16.593524932861328,-16.605634689331055,0.023748619481921196,0.0,1.0,0.150477334856987,0.2614162266254425,0.0332401767373085,0.218756303191185,9.999999974752427e-07,6.935998953849776e-06,0.3633553385734558,0.7153048515319824,1.9686096906661987,0.01156460028141737,0.03182724863290787,0.0002276897430419922,0.00022208690643310547,0.9753926396369934,0.0002187490463256836,0.9607329964637756,0.503333330154419,0.18180932104587555,0.4961666762828827,0.18180932104587555,0.4986666738986969,0.7196152210235596,0.492333322763443,0.7196152210235596,0.503333330154419,0.17931561172008514,0.4961666762828827,0.17931561172008514,0.36445096135139465,0.0013053162256255746,279.2051086425781,0.7301560640335083,0.0007050111307762563,1035.6661376953125,0.2695898711681366,0.01393960602581501,3.8183203287189826e-05,365.0716552734375,0.7647953033447266,0.000258092099102214,3.639522037701681e-05,7.091373920440674,0.00025795301189646125,3.080192254856229e-05,8.374574661254883,0.846774160861969,0.0002373218594584614,3.147322058794089e-05,7.540437698364258,0.9404457807540894,0.11567565053701401,0.11591905355453491,0.9979002475738525,1.3531080484390259,1.3507450819015503,1.0017493963241577,0.07674943655729294,0.07685556262731552,0.9986191391944885,0.4205131530761719,0.4208633601665497,0.999167799949646,1.6179472208023071,1.6166062355041504,1.0008295774459839,0.3874708116054535,0.3877438008785248,0.9992958903312683,0.04049617424607277,0.042481593787670135,0.002570416545495391,0.002884627552703023,0.0019854195415973663,0.06632044166326523,0.005058421287685633,-0.023838846012949944,1.0,0.4203169047832489,sphere,10.0,16,gaussian,gaussian,60000,0.3,0.3,"[0.0, 0.0, 0.0, 0.0, 0.0, 0.0, 0.0, 0.0, 0.0, 0.0, 0.0, 0.0, 0.0, 0.0, 0.0, 0.0]","[0.0, 0.1290994, 0.1290994, 0.1290994, 0.1290994, 0.1290994, 0.1290994, 0.1290994, 0.1290994, 0.1290994, 0.1290994, 0.1290994, 0.1290994, 0.1290994, 0.1290994, 0.1290994]",1,,,True
norm__sph_d16_c10_s42,0.011729768477380276,0.011780880391597748,0.011729768477380276,50.0,2.980232238769531e-07,0.011684105731546879,0.011684105731546879,-16.636661529541016,-16.636661529541016,-16.66698455810547,-16.657419204711914,0.022622844204306602,0.0,1.0,0.14677858352661133,0.26099899411201477,0.03284357115626335,0.2156752496957779,9.999999974752427e-07,7.117153927538311e-06,0.36354774236679077,0.7126511335372925,1.9602683782577515,0.011479857377707958,0.031577304005622864,0.00026535987854003906,0.00022482872009277344,0.8472595810890198,0.00025141239166259766,0.9474393725395203,0.492166668176651,0.18184791505336761,0.5080000162124634,0.18184791505336761,0.4964999854564667,0.7192822098731995,0.5108333230018616,0.7192822098731995,0.492166668176651,0.17935262620449066,0.5080000162124634,0.17935262620449066,0.36363744735717773,0.0015485435724258423,234.825439453125,0.7271815538406372,0.000972671085037291,747.6129760742188,0.3141002655029297,0.013837655074894428,3.9684608054813e-05,348.69073486328125,0.6734490394592285,0.00030084452009759843,4.324121618992649e-05,6.95735502243042,0.000256101309787482,4.116275522392243e-05,6.221674919128418,1.1182446479797363,0.0002973874507006258,4.8277801397489384e-05,6.159921169281006,1.1294552087783813,0.11448649317026138,0.11594240367412567,0.9874427914619446,1.328985333442688,1.3516978025436401,0.9831970930099487,0.07628066837787628,0.07687097787857056,0.9923207759857178,0.41894757747650146,0.4209143817424774,0.9953272938728333,1.6030648946762085,1.6168581247329712,0.9914692640304565,0.38625025749206543,0.3877883851528168,0.9960336685180664,0.04343968629837036,0.04291504994034767,0.002879462670534849,0.003008520696312189,-0.0005246363580226898,0.06742816418409348,0.004958125296980143,-0.024513114243745804,1.0,0.42040395736694336,sphere,10.0,16,gaussian,gaussian,60000,0.3,0.3,"[0.0, 0.0, 0.0, 0.0, 0.0, 0.0, 0.0, 0.0, 0.0, 0.0, 0.0, 0.0, 0.0, 0.0, 0.0, 0.0]","[0.0, 0.1290994, 0.1290994, 0.1290994, 0.1290994, 0.1290994, 0.1290994, 0.1290994, 0.1290994, 0.1290994, 0.1290994, 0.1290994, 0.1290994, 0.1290994, 0.1290994, 0.1290994]",1,,,True
norm__sph_d16_c10_s50,0.011694682762026787,0.011689061298966408,0.011694682762026787,38.0,6.606181273127731e-07,0.011750273406505585,0.011750273406505585,-16.616539001464844,-16.616539001464844,-16.628541946411133,-16.601900100708008,0.02269938588142395,0.0,1.0,0.14696210622787476,0.2613391578197479,0.03318394348025322,0.215266153216362,9.999999974752427e-07,7.115379048627801e-06,0.36372265219688416,0.7166438102722168,1.970302939414978,0.011611716821789742,0.03192465007305145,0.00012481212615966797,0.00013399124145507812,1.0735434293746948,0.00012993812561035156,1.041069746017456,0.4880000054836273,0.1816360205411911,0.4803333282470703,0.1816360205411911,0.5091666579246521,0.7235586643218994,0.5043333172798157,0.7235586643218994,0.4880000054836273,0.17914935946464539,0.4803333282470703,0.17914935946464539,0.36568114161491394,0.001346584758721292,271.56195068359375,0.7312394976615906,0.0009945452911779284,735.2500610351562,0.36934638023376465,0.013989306055009365,3.633077722042799e-05,385.0538635253906,0.7052570581436157,0.00015914044342935085,3.822191501967609e-05,4.163591384887695,0.00016726258036214858,2.8313190341577865e-05,5.907585144042969,0.7047873735427856,0.00016008615784812719,2.1322288375813514e-05,7.5079264640808105,0.5545594096183777,0.11640512198209763,0.11659742891788483,0.9983506798744202,1.3531663417816162,1.3569332361221313,0.997223973274231,0.07704727351665497,0.07710368931293488,0.9992682933807373,0.42151445150375366,0.42168429493904114,0.9995972514152527,1.6184488534927368,1.6200827360153198,0.9989915490150452,0.38826191425323486,0.38836801052093506,0.9997268319129944,0.04135802015662193,0.042708177119493484,0.0028133888263255358,0.0030740192160010338,0.001350153237581253,0.06538829207420349,0.004828264471143484,-0.022680120542645454,1.0,0.4203449785709381,sphere,10.0,16,gaussian,gaussian,60000,0.3,0.3,"[0.0, 0.0, 0.0, 0.0, 0.0, 0.0, 0.0, 0.0, 0.0, 0.0, 0.0, 0.0, 0.0, 0.0, 0.0, 0.0]","[0.0, 0.1290994, 0.1290994, 0.1290994, 0.1290994, 0.1290994, 0.1290994, 0.1290994, 0.1290994, 0.1290994, 0.1290994, 0.1290994, 0.1290994, 0.1290994, 0.1290994, 0.1290994]",1,,,True
norm__sph_d16_c1_s34,0.11660881340503693,0.11747349798679352,0.11660881340503693,44.0,6.556510925292969e-07,0.11642444133758545,0.11642444133758545,0.668095052242279,0.668095052242279,0.5188760757446289,0.5056105256080627,0.18953584134578705,0.0,1.0,0.4289741516113281,0.7895784378051758,0.07416932284832001,0.591098964214325,9.999999974752427e-07,2.3880668322817655e-06,0.8996354937553406,0.7045259475708008,0.783123791217804,0.498513787984848,0.5541286468505859,0.0004794597625732422,0.00029671192169189453,0.6188463568687439,0.0004482269287109375,0.9348582625389099,0.518666684627533,0.574931263923645,0.5271666646003723,0.574931263923645,0.5115000009536743,0.7196152210235596,0.5426666736602783,0.7196152210235596,0.518666684627533,0.5670458078384399,0.5271666646003723,0.5670458078384399,0.907084047794342,0.021329855546355247,42.52649688720703,0.7191376090049744,0.0006958476733416319,1033.4698486328125,0.041149236261844635,0.5112029910087585,0.00034447418875060976,1484.009521484375,0.028656484559178352,0.0005117694963701069,5.503651482285932e-05,9.298726081848145,0.0003376364766154438,3.240597288822755e-05,10.41895866394043,0.8924813866615295,0.00047324501792900264,5.036007860326208e-05,9.397225379943848,0.9895182847976685,1.0994473695755005,1.1591905355453491,0.9484612345695496,1.2816420793533325,1.3507450819015503,0.9488407969474792,0.7468562126159668,0.7685556411743164,0.97176593542099,1.3084516525268555,1.3308868408203125,0.9831426739692688,1.5754727125167847,1.6166062355041504,0.9745556116104126,1.2094184160232544,1.2261536121368408,0.986351490020752,0.0505421943962574,0.04248160123825073,0.004023896064609289,0.002884628949686885,-0.008060593158006668,0.06632044911384583,0.005058423615992069,-0.023838846012949944,1.0,1.3186768293380737,sphere,1.0,16,gaussian,gaussian,60000,0.3,0.3,"[0.0, 0.0, 0.0, 0.0, 0.0, 0.0, 0.0, 0.0, 0.0, 0.0, 0.0, 0.0, 0.0, 0.0, 0.0, 0.0]","[0.0, 0.1290994, 0.1290994, 0.1290994, 0.1290994, 0.1290994, 0.1290994, 0.1290994, 0.1290994, 0.1290994, 0.1290994, 0.1290994, 0.1290994, 0.1290994, 0.1290994, 0.1290994]",1,,,True
norm__sph_d16_c1_s42,0.11705614626407623,0.11583957821130753,0.11705614626407623,44.0,7.152557373046875e-07,0.11689746379852295,0.11689746379852295,0.6249274015426636,0.6249274015426636,0.5416468977928162,0.5373555421829224,0.17427894473075867,0.0,1.0,0.41185498237609863,0.750320553779602,0.06821489334106445,0.5600016117095947,9.999999974752427e-07,2.4824478259688476e-06,0.8922423720359802,0.7057247161865234,0.7909563183784485,0.4998297393321991,0.5601950883865356,0.0006524324417114258,0.0003714561462402344,0.5693404078483582,0.0006039142608642578,0.9256349205970764,0.5036666393280029,0.5750534534454346,0.5221666693687439,0.5750534534454346,0.49933332204818726,0.7192820906639099,0.5370000004768372,0.7192820906639099,0.5036666393280029,0.5671626925468445,0.5221666693687439,0.5671626925468445,0.8975558280944824,0.0306109469383955,29.32139778137207,0.7200755476951599,0.0009654266177676618,745.8624877929688,0.03931207209825516,0.512514591217041,0.00045064312871545553,1137.2958984375,0.025781679898500443,0.0006842335569672287,7.663191354367882e-05,8.9288330078125,0.00040057103615254164,4.5933898945804685e-05,8.720598220825195,1.0238784551620483,0.0006411672220565379,6.908748764544725e-05,9.280511856079102,0.9621056914329529,1.1092479228973389,1.1594239473342896,0.9567233324050903,1.2821191549301147,1.3516978025436401,0.9485250115394592,0.7503862977027893,0.7687099575996399,0.9761630892753601,1.3120630979537964,1.3310482501983643,0.9857366681098938,1.5748215913772583,1.6168581247329712,0.9740011096000671,1.2120624780654907,1.2262945175170898,0.9883942604064941,0.052854787558317184,0.04291506111621857,0.004399804398417473,0.00300852139480412,-0.009939730167388916,0.06742817163467407,0.004958127159625292,-0.024513114243745804,1.0,1.3236281871795654,sphere,1.0,16,gaussian,gaussian,60000,0.3,0.3,"[0.0, 0.0, 0.0, 0.0, 0.0, 0.0, 0.0, 0.0, 0.0, 0.0, 0.0, 0.0, 0.0, 0.0, 0.0, 0.0]","[0.0, 0.1290994, 0.1290994, 0.1290994, 0.1290994, 0.1290994, 0.1290994, 0.1290994, 0.1290994, 0.1290994, 0.1290994, 0.1290994, 0.1290994, 0.1290994, 0.1290994, 0.1290994]",1,,,True
norm__sph_d16_c1_s50,0.1168726235628128,0.1142670139670372,0.1168726235628128,44.0,3.97364289028701e-07,0.1174641102552414,0.1174641102552414,0.6417146921157837,0.6417146921157837,0.5478096008300781,0.5947397351264954,0.17684988677501678,0.0,1.0,0.41428324580192566,0.8015678524971008,0.07223083078861237,0.5696512460708618,9.999999974752427e-07,2.472873120495933e-06,0.8858845829963684,0.7089994549751282,0.8003292679786682,0.5014151334762573,0.5660049915313721,0.00043511390686035156,0.0002809762954711914,0.6457534432411194,0.00041854381561279297,0.9619178175926208,0.49933332204818726,0.5743832588195801,0.5071666836738586,0.5743832588195801,0.5113333463668823,0.7235586643218994,0.5396666526794434,0.7235586643218994,0.49933332204818726,0.5665199160575867,0.5071666836738586,0.5665199160575867,0.9131206274032593,0.023746656253933907,38.45259475708008,0.7234460711479187,0.0010030361590906978,721.2561645507812,0.05331336334347725,0.513897716999054,0.00034545973176136613,1487.5762939453125,0.025849156081676483,0.0004631797783076763,5.0813199777621776e-05,9.115344047546387,0.000311970739858225,3.610062049119733e-05,8.64169979095459,1.0548092126846313,0.0004497130576055497,4.210004044580273e-05,10.68200969696045,0.8533360362052917,1.1197224855422974,1.1659742593765259,0.9603320956230164,1.299910306930542,1.3569332361221313,0.9579766392707825,0.7551136612892151,0.7710369229316711,0.9793482422828674,1.3171272277832031,1.3334828615188599,0.9877346754074097,1.5864474773406982,1.6200827360153198,0.9792386293411255,1.2161586284637451,1.2281275987625122,0.9902543425559998,0.05118275806307793,0.04270818084478378,0.004418717697262764,0.003074019681662321,-0.008474577218294144,0.06538829952478409,0.004828266799449921,-0.022680120542645454,1.0,1.3217209577560425,sphere,1.0,16,gaussian,gaussian,60000,0.3,0.3,"[0.0, 0.0, 0.0, 0.0, 0.0, 0.0, 0.0, 0.0, 0.0, 0.0, 0.0, 0.0, 0.0, 0.0, 0.0, 0.0]","[0.0, 0.1290994, 0.1290994, 0.1290994, 0.1290994, 0.1290994, 0.1290994, 0.1290994, 0.1290994, 0.1290994, 0.1290994, 0.1290994, 0.1290994, 0.1290994, 0.1290994, 0.1290994]",1,,,True
norm__sph_d16_c2_s34,0.05834858864545822,0.058425236493349075,0.05834858864545822,44.0,9.5367431640625e-07,0.05798576399683952,0.05798576399683952,-4.520241737365723,-4.520241737365723,-4.629032611846924,-4.631434440612793,0.10211802273988724,0.0,1.0,0.3137491047382355,0.5839482545852661,0.060601454228162766,0.4453098475933075,9.999999974752427e-07,3.2855471090442734e-06,0.6984905004501343,0.7078644037246704,1.0134202241897583,0.28041040897369385,0.401451975107193,0.00030481815338134766,0.00023758411407470703,0.779429018497467,0.00029087066650390625,0.9542432427406311,0.5139999985694885,0.406537801027298,0.5131666660308838,0.406537801027298,0.5061666369438171,0.7196152210235596,0.5270000100135803,0.7196152210235596,0.5139999985694885,0.40096190571784973,0.5131666660308838,0.40096190571784973,0.7031905651092529,0.008194033987820148,85.81739044189453,0.7225377559661865,0.000702989287674427,1027.8076171875,0.08349557965993881,0.29189667105674744,0.00024594011483713984,1186.8607177734375,0.07230620086193085,0.0003384748997632414,4.219465336063877e-05,8.021748542785645,0.00027648211107589304,3.0137956855469383e-05,9.173884391784668,0.874411404132843,0.0003143906651530415,3.913616092177108e-05,8.033252716064453,0.9985679388046265,0.5578674077987671,0.5795952677726746,0.9625120162963867,1.3042505979537964,1.3507450819015503,0.9655786156654358,0.3766113221645355,0.3842778205871582,0.9800496697425842,0.9299256801605225,0.9410790205001831,0.9881483316421509,1.5893439054489136,1.6166062355041504,0.9831360578536987,0.8588005900382996,0.8670216202735901,0.9905181527137756,0.047536659985780716,0.042481593787670135,0.003614202607423067,0.0028846280183643103,-0.0050550661981105804,0.06632043421268463,0.005058421287685633,-0.023838838562369347,1.0,0.9346705675125122,sphere,2.0,16,gaussian,gaussian,60000,0.3,0.3,"[0.0, 0.0, 0.0, 0.0, 0.0, 0.0, 0.0, 0.0, 0.0, 0.0, 0.0, 0.0, 0.0, 0.0, 0.0, 0.0]","[0.0, 0.1290994, 0.1290994, 0.1290994, 0.1290994, 0.1290994, 0.1290994, 0.1290994, 0.1290994, 0.1290994, 0.1290994, 0.1290994, 0.1290994, 0.1290994, 0.1290994, 0.1290994]",1,,,True
norm__sph_d16_c2_s42,0.058533575385808945,0.05795234441757202,0.058533575385808945,44.0,5.165736070011917e-07,0.05845744162797928,0.05845744162797928,-4.575561046600342,-4.575561046600342,-4.585844039916992,-4.58878755569458,0.0956539586186409,0.0,1.0,0.3040468394756317,0.5665990114212036,0.056643884629011154,0.4273448586463928,9.999999974752427e-07,3.3837334285635734e-06,0.69600510597229,0.7101289629936218,1.0202927589416504,0.28143012523651123,0.4043506383895874,0.00036787986755371094,0.000263214111328125,0.7154893279075623,0.0003552436828613281,0.9656513929367065,0.500166654586792,0.4066242575645447,0.5151666402816772,0.4066242575645447,0.4959999918937683,0.7192822098731995,0.5224999785423279,0.7192822098731995,0.500166654586792,0.4010445475578308,0.5151666402816772,0.4010445475578308,0.6988895535469055,0.013890259899199009,50.31508255004883,0.7245485782623291,0.000978322234004736,740.603271484375,0.06793797761201859,0.29290977120399475,0.0003255084156990051,899.8531494140625,0.05591477081179619,0.00040102802449837327,5.5351894843624905e-05,7.2450642585754395,0.0002934416406787932,4.136291681788862e-05,7.0943169593811035,1.0212490558624268,0.000394713890273124,5.532076829695143e-05,7.135003089904785,1.0154255628585815,0.5644072890281677,0.5797119736671448,0.9735995531082153,1.3107064962387085,1.3516978025436401,0.9696742296218872,0.3789435625076294,0.38435494899749756,0.9859208464622498,0.9333021640777588,0.9411932826042175,0.9916158318519592,1.5917872190475464,1.6168581247329712,0.984494149684906,0.8612757325172424,0.867121160030365,0.9932588934898376,0.05021163076162338,0.04291504994034767,0.004132738336920738,0.003008520696312189,-0.007296576630324125,0.06742816418409348,0.004958125296980143,-0.024513114243745804,1.0,0.9384725093841553,sphere,2.0,16,gaussian,gaussian,60000,0.3,0.3,"[0.0, 0.0, 0.0, 0.0, 0.0, 0.0, 0.0, 0.0, 0.0, 0.0, 0.0, 0.0, 0.0, 0.0, 0.0, 0.0]","[0.0, 0.1290994, 0.1290994, 0.1290994, 0.1290994, 0.1290994, 0.1290994, 0.1290994, 0.1290994, 0.1290994, 0.1290994, 0.1290994, 0.1290994, 0.1290994, 0.1290994, 0.1290994]",1,,,True
norm__sph_d16_c2_s50,0.05845847725868225,0.057155296206474304,0.05845847725868225,44.0,6.556510925292969e-07,0.0587523989379406,0.0587523989379406,-4.553218841552734,-4.553218841552734,-4.596773147583008,-4.552000045776367,0.09552333503961563,0.0,1.0,0.30358371138572693,0.597842276096344,0.057954221963882446,0.4246729016304016,9.999999974752427e-07,3.3926728519872995e-06,0.6937558650970459,0.7125818729400635,1.0271363258361816,0.28270044922828674,0.4074927270412445,0.00028693675994873047,0.0002218484878540039,0.7731616497039795,0.0002906322479248047,1.0128791332244873,0.4946666657924652,0.40615028142929077,0.492333322763443,0.40615028142929077,0.5078333020210266,0.7235586643218994,0.5256666541099548,0.7235586643218994,0.4946666657924652,0.40059003233909607,0.492333322763443,0.40059003233909607,0.7071366906166077,0.009825625456869602,71.96862030029297,0.7270722389221191,0.0010072201257571578,721.8602294921875,0.09969881922006607,0.29404234886169434,0.0002428417355986312,1210.8394775390625,0.05943696200847626,0.00031593244057148695,4.490616265684366e-05,7.035391807556152,0.0002529144403524697,3.373974686837755e-05,7.496038436889648,0.9385479092597961,0.0003211140865460038,3.699557055369951e-05,8.679798126220703,0.8105478286743164,0.569579005241394,0.5829871892929077,0.977000892162323,1.3233102560043335,1.3569331169128418,0.9752214550971985,0.3812965452671051,0.3855184316635132,0.9890487194061279,0.9368727803230286,0.9429147839546204,0.9935922026634216,1.6004037857055664,1.6200827360153198,0.9878531694412231,0.8641742467880249,0.8684172630310059,0.9951140880584717,0.04989604651927948,0.04270816966891289,0.004352122079581022,0.003074018517509103,-0.007187876850366592,0.06538829207420349,0.004828264936804771,-0.022680122405290604,1.0,0.9372405409812927,sphere,2.0,16,gaussian,gaussian,60000,0.3,0.3,"[0.0, 0.0, 0.0, 0.0, 0.0, 0.0, 0.0, 0.0, 0.0, 0.0, 0.0, 0.0, 0.0, 0.0, 0.0, 0.0]","[0.0, 0.1290994, 0.1290994, 0.1290994, 0.1290994, 0.1290994, 0.1290994, 0.1290994, 0.1290994, 0.1290994, 0.1290994, 0.1290994, 0.1290994, 0.1290994, 0.1290994, 0.1290994]",1,,,True
norm__sph_d16_c3_s34,0.038900237530469894,0.0389535054564476,0.038900237530469894,44.0,9.437401899958786e-07,0.038658007979393005,0.038658007979393005,-7.56062650680542,-7.56062650680542,-7.628661632537842,-7.632429599761963,0.07188861817121506,0.0,1.0,0.2625105679035187,0.48707467317581177,0.054527223110198975,0.37978219985961914,9.999999974752427e-07,3.948066478187684e-06,0.5982387661933899,0.7105386853218079,1.1877174377441406,0.17453773319721222,0.2917526662349701,0.00022423267364501953,0.0002086162567138672,0.9303562045097351,0.0002181529998779297,0.9728867411613464,0.5094999670982361,0.33193695545196533,0.5023333430290222,0.33193695545196533,0.5036666393280029,0.7196153402328491,0.512666642665863,0.7196153402328491,0.5094999670982361,0.3273840546607971,0.5023333430290222,0.3273840546607971,0.6016872525215149,0.004604782909154892,130.66571044921875,0.7252689599990845,0.0007043306832201779,1029.7279052734375,0.12689343094825745,0.18544968962669373,0.00020847356063313782,889.5597534179688,0.14688806235790253,0.0002571543154772371,3.5970788303529844e-05,7.1489763259887695,0.0002458135422784835,2.8610802473849617e-05,8.591633796691895,0.8320857882499695,0.0002404133410891518,3.2536099752178416e-05,7.389126300811768,0.9674996137619019,0.37682846188545227,0.3863968849182129,0.975236713886261,1.322495698928833,1.3507450819015503,0.9790861010551453,0.25293639302253723,0.2561852037906647,0.9873185157775879,0.7626439332962036,0.7683877944946289,0.9925249218940735,1.600460410118103,1.6166062355041504,0.990012526512146,0.7037637829780579,0.7079201936721802,0.9941286444664001,0.04505859315395355,0.042481593787670135,0.003255283460021019,0.0028846280183643103,-0.0025769993662834167,0.06632043421268463,0.005058420356363058,-0.023838838562369347,1.0,0.7647933959960938,sphere,3.0,16,gaussian,gaussian,60000,0.3,0.3,"[0.0, 0.0, 0.0, 0.0, 0.0, 0.0, 0.0, 0.0, 0.0, 0.0, 0.0, 0.0, 0.0, 0.0, 0.0, 0.0]","[0.0, 0.1290994, 0.1290994, 0.1290994, 0.1290994, 0.1290994, 0.1290994, 0.1290994, 0.1290994, 0.1290994, 0.1290994, 0.1290994, 0.1290994, 0.1290994, 0.1290994, 0.1290994]",1,,,True
norm__sph_d16_c3_s42,0.03905332833528519,0.03889245539903641,0.03905332833528519,50.0,3.5762786865234375e-07,0.0390620082616806,0.0390620082616806,-7.6216301918029785,-7.6216301918029785,-7.621628761291504,-7.597315788269043,0.08886850625276566,0.0,1.0,0.2904735207557678,0.4847218096256256,0.06701992452144623,0.41907984018325806,9.999999974752427e-07,3.6191688650433207e-06,0.5959005355834961,0.7134414911270142,1.1972492933273315,0.17537488043308258,0.2943022847175598,0.0001900196075439453,0.00018084049224853516,0.9516938328742981,0.0001819133758544922,0.9573400020599365,0.49399998784065247,0.3320073187351227,0.5088333487510681,0.3320073187351227,0.49533334374427795,0.7192822098731995,0.5044999718666077,0.7192822098731995,0.49399998784065247,0.32745161652565,0.5088333487510681,0.32745161652565,0.597409188747406,0.008098121732473373,73.77132415771484,0.7280449271202087,0.0009596918243914843,758.6236572265625,0.09724362939596176,0.1862669438123703,0.0002868331503123045,649.3912963867188,0.1136007308959961,0.00022639038797933608,4.0035702113527805e-05,5.654712200164795,0.0002138614800060168,3.831773574347608e-05,5.581265449523926,1.0131593942642212,0.00022604862169828266,4.1624520235927776e-05,5.430660247802734,1.0412569046020508,0.38195598125457764,0.38647469878196716,0.9883078336715698,1.336215853691101,1.3516978025436401,0.9885463118553162,0.25438135862350464,0.25623661279678345,0.9927595853805542,0.7650820016860962,0.7684810161590576,0.9955769777297974,1.6076117753982544,1.6168581247329712,0.9942814111709595,0.7053243517875671,0.7080014944076538,0.9962188601493835,0.04324967414140701,0.04291504994034767,0.0030077174305915833,0.003008520696312189,-0.00033462420105934143,0.06742816418409348,0.004958124831318855,-0.024513114243745804,1.0,0.7675699591636658,sphere,3.0,16,gaussian,gaussian,60000,0.3,0.3,"[0.0, 0.0, 0.0, 0.0, 0.0, 0.0, 0.0, 0.0, 0.0, 0.0, 0.0, 0.0, 0.0, 0.0, 0.0, 0.0]","[0.0, 0.1290994, 0.1290994, 0.1290994, 0.1290994, 0.1290994, 0.1290994, 0.1290994, 0.1290994, 0.1290994, 0.1290994, 0.1290994, 0.1290994, 0.1290994, 0.1290994, 0.1290994]",1,,,True
norm__sph_d16_c3_s50,0.03897802159190178,0.0381099209189415,0.03897802159190178,44.0,9.735425692269928e-07,0.0391727015376091,0.0391727015376091,-7.593001365661621,-7.593001365661621,-7.610326290130615,-7.567445278167725,0.06853298842906952,0.0,1.0,0.25610432028770447,0.5049203634262085,0.05424190312623978,0.36880379915237427,9.999999974752427e-07,4.0519062167732045e-06,0.5965735912322998,0.7146480083465576,1.1979209184646606,0.17618143558502197,0.2953222095966339,0.00020956993103027344,0.00019073486328125,0.9101251363754272,0.00021731853485107422,1.0369738340377808,0.49266666173934937,0.3316202163696289,0.4833333194255829,0.3316202163696289,0.5083333253860474,0.7235584855079651,0.5161666870117188,0.7235584855079651,0.49266666173934937,0.3270804286003113,0.4833333194255829,0.3270804286003113,0.6048391461372375,0.005598592571914196,108.03413391113281,0.7291770577430725,0.0010020588524639606,727.6788940429688,0.14846400916576385,0.18698711693286896,0.00020122698333580047,929.2347412109375,0.11626140028238297,0.00023990473710000515,4.2104293243028224e-05,5.697869300842285,0.00022329094645101577,3.188861956004985e-05,7.002213954925537,0.8137239813804626,0.00024717251653783023,3.229106368962675e-05,7.654517650604248,0.7443798780441284,0.3834226429462433,0.38865816593170166,0.9865292310714722,1.3378478288650513,1.3569332361221313,0.9859349131584167,0.2555745542049408,0.257012277841568,0.99440598487854,0.7674455642700195,0.7698866128921509,0.9968292713165283,1.609402060508728,1.6200827360153198,0.9934073090553284,0.7074925899505615,0.7090598344802856,0.9977898001670837,0.047299254685640335,0.04270816966891289,0.003925484139472246,0.0030740187503397465,-0.0045910850167274475,0.06538829207420349,0.004828264005482197,-0.022680122405290604,1.0,0.7664397954940796,sphere,3.0,16,gaussian,gaussian,60000,0.3,0.3,"[0.0, 0.0, 0.0, 0.0, 0.0, 0.0, 0.0, 0.0, 0.0, 0.0, 0.0, 0.0, 0.0, 0.0, 0.0, 0.0]","[0.0, 0.1290994, 0.1290994, 0.1290994, 0.1290994, 0.1290994, 0.1290994, 0.1290994, 0.1290994, 0.1290994, 0.1290994, 0.1290994, 0.1290994, 0.1290994, 0.1290994, 0.1290994]",1,,,True
norm__sph_d16_c5_s34,0.02333756349980831,0.02370244637131691,0.02333756349980831,52.0,3.774960930513771e-07,0.023256881162524223,0.023256881162524223,-11.399065017700195,-11.399065017700195,-11.443702697753906,-11.446635246276855,0.04595138505101204,0.0,1.0,0.20934300124645233,0.37558072805404663,0.0461062453687191,0.307474285364151,9.999999974752427e-07,4.97881046612747e-06,0.48698192834854126,0.7120820879936218,1.4622352123260498,0.0703667402267456,0.14449559152126312,0.0002046823501586914,0.0002009868621826172,0.9819453358650208,0.0001990795135498047,0.9726266860961914,0.5078333020210266,0.25711721181869507,0.5013333559036255,0.25711721181869507,0.5024999976158142,0.7196152210235596,0.5011666417121887,0.7196152210235596,0.5078333020210266,0.25359055399894714,0.5013333559036255,0.25359055399894714,0.4891553521156311,0.0024743510875850916,197.6903533935547,0.726869523525238,0.0006975777796469629,1041.9906005859375,0.18972375988960266,0.07882112264633179,0.00014484699931927025,544.1681518554688,0.36328911781311035,0.0002371946902712807,3.432817538850941e-05,6.909621715545654,0.0002376556658418849,2.8640302843996324e-05,8.297945022583008,0.8326907753944397,0.0002200881572207436,3.061327151954174e-05,7.189305782318115,0.9610971808433533,0.22811564803123474,0.2318381369113922,0.983943521976471,1.3337236642837524,1.3507450819015503,0.9873985052108765,0.1524176448583603,0.15371112525463104,0.9915850162506104,0.5922279953956604,0.595190703868866,0.9950222373008728,1.6070901155471802,1.6166062355041504,0.9941135048866272,0.5461856722831726,0.5483525991439819,0.9960482716560364,0.04246010258793831,0.042481593787670135,0.002821821253746748,0.0028846273198723793,2.1491199731826782e-05,0.06632044166326523,0.005058421287685633,-0.023838846012949944,1.0,0.5931556820869446,sphere,5.0,16,gaussian,gaussian,60000,0.3,0.3,"[0.0, 0.0, 0.0, 0.0, 0.0, 0.0, 0.0, 0.0, 0.0, 0.0, 0.0, 0.0, 0.0, 0.0, 0.0, 0.0]","[0.0, 0.1290994, 0.1290994, 0.1290994, 0.1290994, 0.1290994, 0.1290994, 0.1290994, 0.1290994, 0.1290994, 0.1290994, 0.1290994, 0.1290994, 0.1290994, 0.1290994, 0.1290994]",1,,,True
norm__sph_d16_c5_s42,0.023442693054676056,0.023344358429312706,0.023442693054676056,56.0,9.934107225717526e-08,0.02345285378396511,0.02345285378396511,-11.452814102172852,-11.452814102172852,-11.460152626037598,-11.450799942016602,0.04512057453393936,0.0,1.0,0.20720812678337097,0.38843634724617004,0.0467415414750576,0.30475914478302,9.999999974752427e-07,5.040103133069351e-06,0.48740634322166443,0.7121464610099792,1.4610940217971802,0.07035698741674423,0.14434976875782013,0.0002721548080444336,0.00023376941680908203,0.8589575290679932,0.0002568960189819336,0.9439334273338318,0.4986666738986969,0.2571716606616974,0.5094999670982361,0.2571716606616974,0.49549999833106995,0.7192822098731995,0.5118333101272583,0.7192822098731995,0.4986666738986969,0.25364285707473755,0.5094999670982361,0.25364285707473755,0.48802003264427185,0.0037885112687945366,128.81578063964844,0.7266386151313782,0.0009875178802758455,735.8231811523438,0.17506349086761475,0.07879681885242462,0.00017648610810283571,446.4760437011719,0.28851667046546936,0.0003058751462958753,4.5927470637252554e-05,6.659960746765137,0.00026534002972766757,4.177262962912209e-05,6.3520073890686035,1.0484813451766968,0.00029881400405429304,4.6662935346830636e-05,6.403668403625488,1.040022611618042,0.22781376540660858,0.23188480734825134,0.9824436902999878,1.325763463973999,1.3516978025436401,0.9808135032653809,0.1522676795721054,0.1537419557571411,0.9904107451438904,0.591858983039856,0.595262885093689,0.9942817091941833,1.6014233827590942,1.6168581247329712,0.990453839302063,0.5458745360374451,0.5484156012535095,0.9953665137290955,0.04524686560034752,0.04291504994034767,0.003265928477048874,0.003008520696312189,-0.0023318156599998474,0.06742815673351288,0.004958125296980143,-0.024513106793165207,1.0,0.5942644476890564,sphere,5.0,16,gaussian,gaussian,60000,0.3,0.3,"[0.0, 0.0, 0.0, 0.0, 0.0, 0.0, 0.0, 0.0, 0.0, 0.0, 0.0, 0.0, 0.0, 0.0, 0.0, 0.0]","[0.0, 0.1290994, 0.1290994, 0.1290994, 0.1290994, 0.1290994, 0.1290994, 0.1290994, 0.1290994, 0.1290994, 0.1290994, 0.1290994, 0.1290994, 0.1290994, 0.1290994, 0.1290994]",1,,,True
norm__sph_d16_c5_s50,0.023413360118865967,0.023888060823082924,0.023413360118865967,56.0,1.341104507446289e-07,0.02348235622048378,0.02348235622048378,-11.415872573852539,-11.415872573852539,-11.481612205505371,-11.441950798034668,0.04438086599111557,0.0,1.0,0.20536042749881744,0.39439624547958374,0.0469791404902935,0.3023548126220703,9.999999974752427e-07,5.090495506010484e-06,0.48662126064300537,0.7133188247680664,1.465860366821289,0.07077202945947647,0.14543554186820984,0.0001779794692993164,0.00015985965728759766,0.8981915712356567,0.00017702579498291016,0.9946416616439819,0.4933333396911621,0.2568720579147339,0.4886666536331177,0.2568720579147339,0.5119999647140503,0.7235586643218994,0.5191666483879089,0.7235586643218994,0.4933333396911621,0.25335538387298584,0.4886666536331177,0.25335538387298584,0.4908033311367035,0.002821024041622877,173.98057556152344,0.7278580069541931,0.0009941759053617716,732.1218872070312,0.23763880133628845,0.07917822897434235,0.00013562144886236638,583.81787109375,0.2980048954486847,0.0002093831863021478,3.8870937714818865e-05,5.38662576675415,0.00019214948406443,3.0584218620788306e-05,6.28263521194458,0.8573831915855408,0.00020780165505129844,2.6935862479149364e-05,7.714684009552002,0.6982303261756897,0.22907453775405884,0.23319490253925323,0.9823307991027832,1.3318184614181519,1.3569332361221313,0.9814915657043457,0.15284043550491333,0.15420737862586975,0.9911356568336487,0.5932394862174988,0.5963516235351562,0.9947814345359802,1.6059757471084595,1.6200827360153198,0.9912924766540527,0.5469993948936462,0.5492352843284607,0.9959290623664856,0.044827353209257126,0.04270816966891289,0.0033628924284130335,0.003074018517509103,-0.0021191835403442383,0.06538829207420349,0.004828265402466059,-0.022680122405290604,1.0,0.5930529832839966,sphere,5.0,16,gaussian,gaussian,60000,0.3,0.3,"[0.0, 0.0, 0.0, 0.0, 0.0, 0.0, 0.0, 0.0, 0.0, 0.0, 0.0, 0.0, 0.0, 0.0, 0.0, 0.0]","[0.0, 0.1290994, 0.1290994, 0.1290994, 0.1290994, 0.1290994, 0.1290994, 0.1290994, 0.1290994, 0.1290994, 0.1290994, 0.1290994, 0.1290994, 0.1290994, 0.1290994, 0.1290994]",1,,,True
norm__sph_d256_c10_s34,0.0009505863999947906,0.0009531248360872269,0.0009505863999947906,32.0,1.5894572413799324e-07,0.0009507607901468873,0.0009507607901468873,-639.7642211914062,-639.7642211914062,-639.7945556640625,-639.81005859375,0.0018150246469303966,0.0,1.0,0.03941996395587921,0.07626669108867645,0.016156310215592384,0.07031986117362976,9.999999974752427e-07,2.9504646590794437e-05,0.47919711470603943,1.596830129623413,3.332303285598755,0.037138111889362335,0.07750070840120316,0.00014293193817138672,0.00014126300811767578,0.9883236289024353,0.00014019012451171875,0.9808173775672913,0.5056666731834412,0.41365131735801697,0.5015000104904175,0.41365131735801697,0.4501666724681854,1.5659611225128174,0.5109999775886536,1.5659611225128174,0.5056666731834412,0.3847845196723938,0.5015000104904175,0.3847845196723938,0.4795875549316406,0.00048246714868582785,994.031494140625,1.6081022024154663,0.0013602342223748565,1182.224365234375,0.8408145904541016,0.0432710200548172,1.9876237274729647e-05,2177.022705078125,0.4566013514995575,0.0001766642089933157,1.0791703971335664e-05,16.370372772216797,0.00017486810975242406,8.29986220196588e-06,21.068796157836914,0.7769961953163147,0.00017344953084830195,8.033423910092097e-06,21.590984344482422,0.7582041025161743,0.20806880295276642,0.2082434892654419,0.9991611242294312,2.1750192642211914,2.183483123779297,0.9961236715316772,0.09799108654260635,0.09799972176551819,0.9999118447303772,0.49040356278419495,0.49043115973472595,0.9999437928199768,2.074465751647949,2.0784192085266113,0.998097836971283,0.44237881898880005,0.44239839911460876,0.9999557137489319,6.288940451303765e-14,2.25879575460608e-11,1.8406232755144956e-23,3.012704494276587e-18,2.2525068615886212e-11,1.7061215450402817e-14,1.1918267342183959e-24,2.2570896540674568e-11,1.0,0.4903919994831085,sphere,10.0,256,gaussian,gaussian,60000,0.3,0.3,"[0.0, 0.0, 0.0, 0.0, 0.0, 0.0, 0.0, 0.0, 0.0, 0.0, 0.0, 0.0, 0.0, 0.0, 0.0, 0.0, 0.0, 0.0, 0.0, 0.0, 0.0, 0.0, 0.0, 0.0, 0.0, 0.0, 0.0, 0.0, 0.0, 0.0, 0.0, 0.0, 0.0, 0.0, 0.0, 0.0, 0.0, 0.0, 0.0, 0.0, 0.0, 0.0, 0.0, 0.0, 0.0, 0.0, 0.0, 0.0, 0.0, 0.0, 0.0, 0.0, 0.0, 0.0, 0.0, 0.0, 0.0, 0.0, 0.0, 0.0, 0.0, 0.0, 0.0, 0.0, 0.0, 0.0, 0.0, 0.0, 0.0, 0.0, 0.0, 0.0, 0.0, 0.0, 0.0, 0.0, 0.0, 0.0, 0.0, 0.0, 0.0, 0.0, 0.0, 0.0, 0.0, 0.0, 0.0, 0.0, 0.0, 0.0, 0.0, 0.0, 0.0, 0.0, 0.0, 0.0, 0.0, 0.0, 0.0, 0.0, 0.0, 0.0, 0.0, 0.0, 0.0, 0.0, 0.0, 0.0, 0.0, 0.0, 0.0, 0.0, 0.0, 0.0, 0.0, 0.0, 0.0, 0.0, 0.0, 0.0, 0.0, 0.0, 0.0, 0.0, 0.0, 0.0, 0.0, 0.0, 0.0, 0.0, 0.0, 0.0, 0.0, 0.0, 0.0, 0.0, 0.0, 0.0, 0.0, 0.0, 0.0, 0.0, 0.0, 0.0, 0.0, 0.0, 0.0, 0.0, 0.0, 0.0, 0.0, 0.0, 0.0, 0.0, 0.0, 0.0, 0.0, 0.0, 0.0, 0.0, 0.0, 0.0, 0.0, 0.0, 0.0, 0.0, 0.0, 0.0, 0.0, 0.0, 0.0, 0.0, 0.0, 0.0, 0.0, 0.0, 0.0, 0.0, 0.0, 0.0, 0.0, 0.0, 0.0, 0.0, 0.0, 0.0, 0.0, 0.0, 0.0, 0.0, 0.0, 0.0, 0.0, 0.0, 0.0, 0.0, 0.0, 0.0, 0.0, 0.0, 0.0, 0.0, 0.0, 0.0, 0.0, 0.0, 0.0, 0.0, 0.0, 0.0, 0.0, 0.0, 0.0, 0.0, 0.0, 0.0, 0.0, 0.0, 0.0, 0.0, 0.0, 0.0, 0.0, 0.0, 0.0, 0.0, 0.0, 0.0, 0.0, 0.0, 0.0, 0.0, 0.0, 0.0, 0.0, 0.0, 0.0, 0.0, 0.0, 0.0, 0.0, 0.0, 0.0, 0.0, 0.0, 0.0, 0.0, 0.0, 0.0, 0.0, 0.0, 0.0, 0.0, 0.0, 0.0, 0.0]","[0.0, 0.0313112, 0.0313112, 0.0313112, 0.0313112, 0.0313112, 0.0313112, 0.0313112, 0.0313112, 0.0313112, 0.0313112, 0.0313112, 0.0313112, 0.0313112, 0.0313112, 0.0313112, 0.0313112, 0.0313112, 0.0313112, 0.0313112, 0.0313112, 0.0313112, 0.0313112, 0.0313112, 0.0313112, 0.0313112, 0.0313112, 0.0313112, 0.0313112, 0.0313112, 0.0313112, 0.0313112, 0.0313112, 0.0313112, 0.0313112, 0.0313112, 0.0313112, 0.0313112, 0.0313112, 0.0313112, 0.0313112, 0.0313112, 0.0313112, 0.0313112, 0.0313112, 0.0313112, 0.0313112, 0.0313112, 0.0313112, 0.0313112, 0.0313112, 0.0313112, 0.0313112, 0.0313112, 0.0313112, 0.0313112, 0.0313112, 0.0313112, 0.0313112, 0.0313112, 0.0313112, 0.0313112, 0.0313112, 0.0313112, 0.0313112, 0.0313112, 0.0313112, 0.0313112, 0.0313112, 0.0313112, 0.0313112, 0.0313112, 0.0313112, 0.0313112, 0.0313112, 0.0313112, 0.0313112, 0.0313112, 0.0313112, 0.0313112, 0.0313112, 0.0313112, 0.0313112, 0.0313112, 0.0313112, 0.0313112, 0.0313112, 0.0313112, 0.0313112, 0.0313112, 0.0313112, 0.0313112, 0.0313112, 0.0313112, 0.0313112, 0.0313112, 0.0313112, 0.0313112, 0.0313112, 0.0313112, 0.0313112, 0.0313112, 0.0313112, 0.0313112, 0.0313112, 0.0313112, 0.0313112, 0.0313112, 0.0313112, 0.0313112, 0.0313112, 0.0313112, 0.0313112, 0.0313112, 0.0313112, 0.0313112, 0.0313112, 0.0313112, 0.0313112, 0.0313112, 0.0313112, 0.0313112, 0.0313112, 0.0313112, 0.0313112, 0.0313112, 0.0313112, 0.0313112, 0.0313112, 0.0313112, 0.0313112, 0.0313112, 0.0313112, 0.0313112, 0.0313112, 0.0313112, 0.0313112, 0.0313112, 0.0313112, 0.0313112, 0.0313112, 0.0313112, 0.0313112, 0.0313112, 0.0313112, 0.0313112, 0.0313112, 0.0313112, 0.0313112, 0.0313112, 0.0313112, 0.0313112, 0.0313112, 0.0313112, 0.0313112, 0.0313112, 0.0313112, 0.0313112, 0.0313112, 0.0313112, 0.0313112, 0.0313112, 0.0313112, 0.0313112, 0.0313112, 0.0313112, 0.0313112, 0.0313112, 0.0313112, 0.0313112, 0.0313112, 0.0313112, 0.0313112, 0.0313112, 0.0313112, 0.0313112, 0.0313112, 0.0313112, 0.0313112, 0.0313112, 0.0313112, 0.0313112, 0.0313112, 0.0313112, 0.0313112, 0.0313112, 0.0313112, 0.0313112, 0.0313112, 0.0313112, 0.0313112, 0.0313112, 0.0313112, 0.0313112, 0.0313112, 0.0313112, 0.0313112, 0.0313112, 0.0313112, 0.0313112, 0.0313112, 0.0313112, 0.0313112, 0.0313112, 0.0313112, 0.0313112, 0.0313112, 0.0313112, 0.0313112, 0.0313112, 0.0313112, 0.0313112, 0.0313112, 0.0313112, 0.0313112, 0.0313112, 0.0313112, 0.0313112, 0.0313112, 0.0313112, 0.0313112, 0.0313112, 0.0313112, 0.0313112, 0.0313112, 0.0313112, 0.0313112, 0.0313112, 0.0313112, 0.0313112, 0.0313112, 0.0313112, 0.0313112, 0.0313112, 0.0313112, 0.0313112, 0.0313112, 0.0313112, 0.0313112, 0.0313112, 0.0313112, 0.0313112, 0.0313112, 0.0313112, 0.0313112, 0.0313112, 0.0313112, 0.0313112, 0.0313112, 0.0313112, 0.0313112, 0.0313112, 0.0313112, 0.0313112, 0.0313112, 0.0313112]",1,,,True
norm__sph_d256_c10_s42,0.0009501134045422077,0.0009445613832212985,0.0009501134045422077,32.0,1.986821445143505e-07,0.0009525500354357064,0.0009525500354357064,-639.7786865234375,-639.7786865234375,-639.8121337890625,-639.8670654296875,0.0017448129365220666,0.0,1.0,0.03839634731411934,0.07371459156274796,0.01644681952893734,0.06879297643899918,9.999999974752427e-07,3.0965828045737e-05,0.47936123609542847,1.5980767011642456,3.3337626457214355,0.037142131477594376,0.07748255133628845,0.00014674663543701172,0.00014507770538330078,0.9886271357536316,0.00014352798461914062,0.978066623210907,0.4894999861717224,0.41321903467178345,0.4973333477973938,0.41321903467178345,0.4505000114440918,1.5522524118423462,0.5146666765213013,1.5522524118423462,0.4894999861717224,0.3844413161277771,0.4973333477973938,0.3844413161277771,0.47942695021629333,0.0005336690228432417,898.3601684570312,1.6093095541000366,0.0015538601437583566,1035.6849365234375,0.8674068450927734,0.04327763244509697,2.36339692492038e-05,1831.162109375,0.49059560894966125,0.00017521779227536172,8.705520485818852e-06,20.12720489501953,0.00017990668129641563,6.52140761303599e-06,27.58709716796875,0.7295876741409302,0.00017299651517532766,6.3714542193338275e-06,27.151811599731445,0.7412840723991394,0.20826639235019684,0.20859555900096893,0.9984219670295715,2.1783182621002197,2.1866343021392822,0.9961968660354614,0.09800717234611511,0.09802165627479553,0.9998522400856018,0.4904555380344391,0.49049970507621765,0.9999098181724548,2.0759544372558594,2.0794737339019775,0.9983076453208923,0.4424150288105011,0.4424377381801605,0.9999487400054932,2.5308048842362374e-13,1.7088158665856668e-10,3.3015800404673672e-22,1.7388366150291148e-16,1.7062852519789118e-10,1.0526722180569104e-13,5.791667198105039e-23,1.707763375158322e-10,1.0,0.4905027747154236,sphere,10.0,256,gaussian,gaussian,60000,0.3,0.3,"[0.0, 0.0, 0.0, 0.0, 0.0, 0.0, 0.0, 0.0, 0.0, 0.0, 0.0, 0.0, 0.0, 0.0, 0.0, 0.0, 0.0, 0.0, 0.0, 0.0, 0.0, 0.0, 0.0, 0.0, 0.0, 0.0, 0.0, 0.0, 0.0, 0.0, 0.0, 0.0, 0.0, 0.0, 0.0, 0.0, 0.0, 0.0, 0.0, 0.0, 0.0, 0.0, 0.0, 0.0, 0.0, 0.0, 0.0, 0.0, 0.0, 0.0, 0.0, 0.0, 0.0, 0.0, 0.0, 0.0, 0.0, 0.0, 0.0, 0.0, 0.0, 0.0, 0.0, 0.0, 0.0, 0.0, 0.0, 0.0, 0.0, 0.0, 0.0, 0.0, 0.0, 0.0, 0.0, 0.0, 0.0, 0.0, 0.0, 0.0, 0.0, 0.0, 0.0, 0.0, 0.0, 0.0, 0.0, 0.0, 0.0, 0.0, 0.0, 0.0, 0.0, 0.0, 0.0, 0.0, 0.0, 0.0, 0.0, 0.0, 0.0, 0.0, 0.0, 0.0, 0.0, 0.0, 0.0, 0.0, 0.0, 0.0, 0.0, 0.0, 0.0, 0.0, 0.0, 0.0, 0.0, 0.0, 0.0, 0.0, 0.0, 0.0, 0.0, 0.0, 0.0, 0.0, 0.0, 0.0, 0.0, 0.0, 0.0, 0.0, 0.0, 0.0, 0.0, 0.0, 0.0, 0.0, 0.0, 0.0, 0.0, 0.0, 0.0, 0.0, 0.0, 0.0, 0.0, 0.0, 0.0, 0.0, 0.0, 0.0, 0.0, 0.0, 0.0, 0.0, 0.0, 0.0, 0.0, 0.0, 0.0, 0.0, 0.0, 0.0, 0.0, 0.0, 0.0, 0.0, 0.0, 0.0, 0.0, 0.0, 0.0, 0.0, 0.0, 0.0, 0.0, 0.0, 0.0, 0.0, 0.0, 0.0, 0.0, 0.0, 0.0, 0.0, 0.0, 0.0, 0.0, 0.0, 0.0, 0.0, 0.0, 0.0, 0.0, 0.0, 0.0, 0.0, 0.0, 0.0, 0.0, 0.0, 0.0, 0.0, 0.0, 0.0, 0.0, 0.0, 0.0, 0.0, 0.0, 0.0, 0.0, 0.0, 0.0, 0.0, 0.0, 0.0, 0.0, 0.0, 0.0, 0.0, 0.0, 0.0, 0.0, 0.0, 0.0, 0.0, 0.0, 0.0, 0.0, 0.0, 0.0, 0.0, 0.0, 0.0, 0.0, 0.0, 0.0, 0.0, 0.0, 0.0, 0.0, 0.0, 0.0, 0.0, 0.0, 0.0, 0.0, 0.0, 0.0, 0.0, 0.0, 0.0, 0.0, 0.0]","[0.0, 0.0313112, 0.0313112, 0.0313112, 0.0313112, 0.0313112, 0.0313112, 0.0313112, 0.0313112, 0.0313112, 0.0313112, 0.0313112, 0.0313112, 0.0313112, 0.0313112, 0.0313112, 0.0313112, 0.0313112, 0.0313112, 0.0313112, 0.0313112, 0.0313112, 0.0313112, 0.0313112, 0.0313112, 0.0313112, 0.0313112, 0.0313112, 0.0313112, 0.0313112, 0.0313112, 0.0313112, 0.0313112, 0.0313112, 0.0313112, 0.0313112, 0.0313112, 0.0313112, 0.0313112, 0.0313112, 0.0313112, 0.0313112, 0.0313112, 0.0313112, 0.0313112, 0.0313112, 0.0313112, 0.0313112, 0.0313112, 0.0313112, 0.0313112, 0.0313112, 0.0313112, 0.0313112, 0.0313112, 0.0313112, 0.0313112, 0.0313112, 0.0313112, 0.0313112, 0.0313112, 0.0313112, 0.0313112, 0.0313112, 0.0313112, 0.0313112, 0.0313112, 0.0313112, 0.0313112, 0.0313112, 0.0313112, 0.0313112, 0.0313112, 0.0313112, 0.0313112, 0.0313112, 0.0313112, 0.0313112, 0.0313112, 0.0313112, 0.0313112, 0.0313112, 0.0313112, 0.0313112, 0.0313112, 0.0313112, 0.0313112, 0.0313112, 0.0313112, 0.0313112, 0.0313112, 0.0313112, 0.0313112, 0.0313112, 0.0313112, 0.0313112, 0.0313112, 0.0313112, 0.0313112, 0.0313112, 0.0313112, 0.0313112, 0.0313112, 0.0313112, 0.0313112, 0.0313112, 0.0313112, 0.0313112, 0.0313112, 0.0313112, 0.0313112, 0.0313112, 0.0313112, 0.0313112, 0.0313112, 0.0313112, 0.0313112, 0.0313112, 0.0313112, 0.0313112, 0.0313112, 0.0313112, 0.0313112, 0.0313112, 0.0313112, 0.0313112, 0.0313112, 0.0313112, 0.0313112, 0.0313112, 0.0313112, 0.0313112, 0.0313112, 0.0313112, 0.0313112, 0.0313112, 0.0313112, 0.0313112, 0.0313112, 0.0313112, 0.0313112, 0.0313112, 0.0313112, 0.0313112, 0.0313112, 0.0313112, 0.0313112, 0.0313112, 0.0313112, 0.0313112, 0.0313112, 0.0313112, 0.0313112, 0.0313112, 0.0313112, 0.0313112, 0.0313112, 0.0313112, 0.0313112, 0.0313112, 0.0313112, 0.0313112, 0.0313112, 0.0313112, 0.0313112, 0.0313112, 0.0313112, 0.0313112, 0.0313112, 0.0313112, 0.0313112, 0.0313112, 0.0313112, 0.0313112, 0.0313112, 0.0313112, 0.0313112, 0.0313112, 0.0313112, 0.0313112, 0.0313112, 0.0313112, 0.0313112, 0.0313112, 0.0313112, 0.0313112, 0.0313112, 0.0313112, 0.0313112, 0.0313112, 0.0313112, 0.0313112, 0.0313112, 0.0313112, 0.0313112, 0.0313112, 0.0313112, 0.0313112, 0.0313112, 0.0313112, 0.0313112, 0.0313112, 0.0313112, 0.0313112, 0.0313112, 0.0313112, 0.0313112, 0.0313112, 0.0313112, 0.0313112, 0.0313112, 0.0313112, 0.0313112, 0.0313112, 0.0313112, 0.0313112, 0.0313112, 0.0313112, 0.0313112, 0.0313112, 0.0313112, 0.0313112, 0.0313112, 0.0313112, 0.0313112, 0.0313112, 0.0313112, 0.0313112, 0.0313112, 0.0313112, 0.0313112, 0.0313112, 0.0313112, 0.0313112, 0.0313112, 0.0313112, 0.0313112, 0.0313112, 0.0313112, 0.0313112, 0.0313112, 0.0313112, 0.0313112, 0.0313112, 0.0313112, 0.0313112, 0.0313112, 0.0313112, 0.0313112, 0.0313112, 0.0313112, 0.0313112, 0.0313112, 0.0313112, 0.0313112, 0.0313112]",1,,,True
norm__sph_d256_c10_s50,0.0009497944265604019,0.0009425046155229211,0.0009497944265604019,44.0,3.476937493473997e-08,0.0009524154011160135,0.0009524154011160135,-639.8455810546875,-639.8455810546875,-639.8527221679688,-639.857666015625,0.0018624210497364402,0.0,1.0,0.03979713097214699,0.07677620649337769,0.016688605770468712,0.07116245478391647,9.999999974752427e-07,2.9524115234380588e-05,0.4794195294380188,1.5974235534667969,3.3319950103759766,0.037116266787052155,0.07741917669773102,0.0001493692398071289,0.00014853477478027344,0.994413435459137,0.00014507770538330078,0.9712689518928528,0.5008333325386047,0.41326451301574707,0.503166675567627,0.41326451301574707,0.5285000205039978,1.5874348878860474,0.5115000009536743,1.5874348878860474,0.5008333325386047,0.38447749614715576,0.503166675567627,0.38447749614715576,0.4794391691684723,0.00033358775544911623,1437.220458984375,1.6085231304168701,0.0012529923114925623,1283.745361328125,1.1195526123046875,0.04324714094400406,2.065012995444704e-05,2094.279296875,0.6862601637840271,0.0001814365532482043,8.675857316120528e-06,20.912809371948242,0.00018083653412759304,5.926948688284028e-06,30.51089859008789,0.6854208707809448,0.00017353692965116352,7.1878180278872605e-06,24.143203735351562,0.8661985397338867,0.20805543661117554,0.20831668376922607,0.9987459182739258,2.177769899368286,2.1842200756073,0.997046947479248,0.09798559546470642,0.0979982540011406,0.9998709559440613,0.4903867244720459,0.4904269576072693,0.9999179840087891,2.0755977630615234,2.0784716606140137,0.9986172914505005,0.4423638880252838,0.4423896372318268,0.9999417066574097,3.876176452293628e-13,4.050085665604185e-14,3.3182450741889594e-22,4.458429632725654e-24,-3.471167851851892e-13,1.5278274793310148e-13,4.893099091250579e-23,-1.1228188788892784e-13,1.0,0.49024447798728943,sphere,10.0,256,gaussian,gaussian,60000,0.3,0.3,"[0.0, 0.0, 0.0, 0.0, 0.0, 0.0, 0.0, 0.0, 0.0, 0.0, 0.0, 0.0, 0.0, 0.0, 0.0, 0.0, 0.0, 0.0, 0.0, 0.0, 0.0, 0.0, 0.0, 0.0, 0.0, 0.0, 0.0, 0.0, 0.0, 0.0, 0.0, 0.0, 0.0, 0.0, 0.0, 0.0, 0.0, 0.0, 0.0, 0.0, 0.0, 0.0, 0.0, 0.0, 0.0, 0.0, 0.0, 0.0, 0.0, 0.0, 0.0, 0.0, 0.0, 0.0, 0.0, 0.0, 0.0, 0.0, 0.0, 0.0, 0.0, 0.0, 0.0, 0.0, 0.0, 0.0, 0.0, 0.0, 0.0, 0.0, 0.0, 0.0, 0.0, 0.0, 0.0, 0.0, 0.0, 0.0, 0.0, 0.0, 0.0, 0.0, 0.0, 0.0, 0.0, 0.0, 0.0, 0.0, 0.0, 0.0, 0.0, 0.0, 0.0, 0.0, 0.0, 0.0, 0.0, 0.0, 0.0, 0.0, 0.0, 0.0, 0.0, 0.0, 0.0, 0.0, 0.0, 0.0, 0.0, 0.0, 0.0, 0.0, 0.0, 0.0, 0.0, 0.0, 0.0, 0.0, 0.0, 0.0, 0.0, 0.0, 0.0, 0.0, 0.0, 0.0, 0.0, 0.0, 0.0, 0.0, 0.0, 0.0, 0.0, 0.0, 0.0, 0.0, 0.0, 0.0, 0.0, 0.0, 0.0, 0.0, 0.0, 0.0, 0.0, 0.0, 0.0, 0.0, 0.0, 0.0, 0.0, 0.0, 0.0, 0.0, 0.0, 0.0, 0.0, 0.0, 0.0, 0.0, 0.0, 0.0, 0.0, 0.0, 0.0, 0.0, 0.0, 0.0, 0.0, 0.0, 0.0, 0.0, 0.0, 0.0, 0.0, 0.0, 0.0, 0.0, 0.0, 0.0, 0.0, 0.0, 0.0, 0.0, 0.0, 0.0, 0.0, 0.0, 0.0, 0.0, 0.0, 0.0, 0.0, 0.0, 0.0, 0.0, 0.0, 0.0, 0.0, 0.0, 0.0, 0.0, 0.0, 0.0, 0.0, 0.0, 0.0, 0.0, 0.0, 0.0, 0.0, 0.0, 0.0, 0.0, 0.0, 0.0, 0.0, 0.0, 0.0, 0.0, 0.0, 0.0, 0.0, 0.0, 0.0, 0.0, 0.0, 0.0, 0.0, 0.0, 0.0, 0.0, 0.0, 0.0, 0.0, 0.0, 0.0, 0.0, 0.0, 0.0, 0.0, 0.0, 0.0, 0.0, 0.0, 0.0, 0.0, 0.0, 0.0, 0.0, 0.0, 0.0, 0.0, 0.0, 0.0, 0.0]","[0.0, 0.0313112, 0.0313112, 0.0313112, 0.0313112, 0.0313112, 0.0313112, 0.0313112, 0.0313112, 0.0313112, 0.0313112, 0.0313112, 0.0313112, 0.0313112, 0.0313112, 0.0313112, 0.0313112, 0.0313112, 0.0313112, 0.0313112, 0.0313112, 0.0313112, 0.0313112, 0.0313112, 0.0313112, 0.0313112, 0.0313112, 0.0313112, 0.0313112, 0.0313112, 0.0313112, 0.0313112, 0.0313112, 0.0313112, 0.0313112, 0.0313112, 0.0313112, 0.0313112, 0.0313112, 0.0313112, 0.0313112, 0.0313112, 0.0313112, 0.0313112, 0.0313112, 0.0313112, 0.0313112, 0.0313112, 0.0313112, 0.0313112, 0.0313112, 0.0313112, 0.0313112, 0.0313112, 0.0313112, 0.0313112, 0.0313112, 0.0313112, 0.0313112, 0.0313112, 0.0313112, 0.0313112, 0.0313112, 0.0313112, 0.0313112, 0.0313112, 0.0313112, 0.0313112, 0.0313112, 0.0313112, 0.0313112, 0.0313112, 0.0313112, 0.0313112, 0.0313112, 0.0313112, 0.0313112, 0.0313112, 0.0313112, 0.0313112, 0.0313112, 0.0313112, 0.0313112, 0.0313112, 0.0313112, 0.0313112, 0.0313112, 0.0313112, 0.0313112, 0.0313112, 0.0313112, 0.0313112, 0.0313112, 0.0313112, 0.0313112, 0.0313112, 0.0313112, 0.0313112, 0.0313112, 0.0313112, 0.0313112, 0.0313112, 0.0313112, 0.0313112, 0.0313112, 0.0313112, 0.0313112, 0.0313112, 0.0313112, 0.0313112, 0.0313112, 0.0313112, 0.0313112, 0.0313112, 0.0313112, 0.0313112, 0.0313112, 0.0313112, 0.0313112, 0.0313112, 0.0313112, 0.0313112, 0.0313112, 0.0313112, 0.0313112, 0.0313112, 0.0313112, 0.0313112, 0.0313112, 0.0313112, 0.0313112, 0.0313112, 0.0313112, 0.0313112, 0.0313112, 0.0313112, 0.0313112, 0.0313112, 0.0313112, 0.0313112, 0.0313112, 0.0313112, 0.0313112, 0.0313112, 0.0313112, 0.0313112, 0.0313112, 0.0313112, 0.0313112, 0.0313112, 0.0313112, 0.0313112, 0.0313112, 0.0313112, 0.0313112, 0.0313112, 0.0313112, 0.0313112, 0.0313112, 0.0313112, 0.0313112, 0.0313112, 0.0313112, 0.0313112, 0.0313112, 0.0313112, 0.0313112, 0.0313112, 0.0313112, 0.0313112, 0.0313112, 0.0313112, 0.0313112, 0.0313112, 0.0313112, 0.0313112, 0.0313112, 0.0313112, 0.0313112, 0.0313112, 0.0313112, 0.0313112, 0.0313112, 0.0313112, 0.0313112, 0.0313112, 0.0313112, 0.0313112, 0.0313112, 0.0313112, 0.0313112, 0.0313112, 0.0313112, 0.0313112, 0.0313112, 0.0313112, 0.0313112, 0.0313112, 0.0313112, 0.0313112, 0.0313112, 0.0313112, 0.0313112, 0.0313112, 0.0313112, 0.0313112, 0.0313112, 0.0313112, 0.0313112, 0.0313112, 0.0313112, 0.0313112, 0.0313112, 0.0313112, 0.0313112, 0.0313112, 0.0313112, 0.0313112, 0.0313112, 0.0313112, 0.0313112, 0.0313112, 0.0313112, 0.0313112, 0.0313112, 0.0313112, 0.0313112, 0.0313112, 0.0313112, 0.0313112, 0.0313112, 0.0313112, 0.0313112, 0.0313112, 0.0313112, 0.0313112, 0.0313112, 0.0313112, 0.0313112, 0.0313112, 0.0313112, 0.0313112, 0.0313112, 0.0313112, 0.0313112, 0.0313112, 0.0313112, 0.0313112, 0.0313112, 0.0313112, 0.0313112, 0.0313112, 0.0313112, 0.0313112, 0.0313112, 0.0313112]",1,,,True
norm__sph_d256_c1_s34,0.009504572488367558,0.009460067376494408,0.009504572488367558,32.0,2.5828680350059585e-07,0.009506717324256897,0.009506717324256897,-346.30999755859375,-346.30999755859375,-346.3141784667969,-346.32904052734375,0.017896577715873718,0.0,1.0,0.12381185591220856,0.24007529020309448,0.05066061019897461,0.2204734832048416,9.999999974752427e-07,9.394390872330405e-06,1.4519411325454712,1.5969167947769165,1.0998495817184448,0.9371168613433838,0.6454235315322876,0.0001398324966430664,0.00013899803161621094,0.9940323829650879,0.0001379251480102539,0.9863597750663757,0.5074999928474426,1.3080803155899048,0.5041666626930237,1.3080803155899048,0.4543333351612091,1.5659608840942383,0.5099999904632568,1.5659608840942383,0.5074999928474426,1.216795563697815,0.5041666626930237,1.216795563697815,1.4572672843933105,0.009911010973155499,147.03518676757812,1.608188509941101,0.0013678675750270486,1175.6900634765625,0.12506288290023804,0.9482775330543518,0.0001439733459847048,6586.4794921875,0.022323790937662125,0.0001735965342959389,1.0807275430124719e-05,16.06293296813965,0.00017218987341038883,8.03444163466338e-06,21.431467056274414,0.7495023012161255,0.00017108125030063093,8.231827450799756e-06,20.78289794921875,0.7728918194770813,2.0818228721618652,2.08243465423584,0.9997062087059021,2.1758382320404053,2.183483123779297,0.9964987635612488,0.9799638390541077,0.9799973368644714,0.9999659061431885,1.5508439540863037,1.5508795976638794,0.9999769926071167,2.0746634006500244,2.0784192085266113,0.9981929659843445,1.3989481925964355,1.3989866971969604,0.9999725818634033,8.259486708938821e-14,2.258687507861179e-11,3.166675737996946e-23,3.012412499520356e-18,2.250427795502663e-11,1.7061884606431148e-14,1.1919407246192003e-24,2.2569812338502082e-11,1.0,1.5507683753967285,sphere,1.0,256,gaussian,gaussian,60000,0.3,0.3,"[0.0, 0.0, 0.0, 0.0, 0.0, 0.0, 0.0, 0.0, 0.0, 0.0, 0.0, 0.0, 0.0, 0.0, 0.0, 0.0, 0.0, 0.0, 0.0, 0.0, 0.0, 0.0, 0.0, 0.0, 0.0, 0.0, 0.0, 0.0, 0.0, 0.0, 0.0, 0.0, 0.0, 0.0, 0.0, 0.0, 0.0, 0.0, 0.0, 0.0, 0.0, 0.0, 0.0, 0.0, 0.0, 0.0, 0.0, 0.0, 0.0, 0.0, 0.0, 0.0, 0.0, 0.0, 0.0, 0.0, 0.0, 0.0, 0.0, 0.0, 0.0, 0.0, 0.0, 0.0, 0.0, 0.0, 0.0, 0.0, 0.0, 0.0, 0.0, 0.0, 0.0, 0.0, 0.0, 0.0, 0.0, 0.0, 0.0, 0.0, 0.0, 0.0, 0.0, 0.0, 0.0, 0.0, 0.0, 0.0, 0.0, 0.0, 0.0, 0.0, 0.0, 0.0, 0.0, 0.0, 0.0, 0.0, 0.0, 0.0, 0.0, 0.0, 0.0, 0.0, 0.0, 0.0, 0.0, 0.0, 0.0, 0.0, 0.0, 0.0, 0.0, 0.0, 0.0, 0.0, 0.0, 0.0, 0.0, 0.0, 0.0, 0.0, 0.0, 0.0, 0.0, 0.0, 0.0, 0.0, 0.0, 0.0, 0.0, 0.0, 0.0, 0.0, 0.0, 0.0, 0.0, 0.0, 0.0, 0.0, 0.0, 0.0, 0.0, 0.0, 0.0, 0.0, 0.0, 0.0, 0.0, 0.0, 0.0, 0.0, 0.0, 0.0, 0.0, 0.0, 0.0, 0.0, 0.0, 0.0, 0.0, 0.0, 0.0, 0.0, 0.0, 0.0, 0.0, 0.0, 0.0, 0.0, 0.0, 0.0, 0.0, 0.0, 0.0, 0.0, 0.0, 0.0, 0.0, 0.0, 0.0, 0.0, 0.0, 0.0, 0.0, 0.0, 0.0, 0.0, 0.0, 0.0, 0.0, 0.0, 0.0, 0.0, 0.0, 0.0, 0.0, 0.0, 0.0, 0.0, 0.0, 0.0, 0.0, 0.0, 0.0, 0.0, 0.0, 0.0, 0.0, 0.0, 0.0, 0.0, 0.0, 0.0, 0.0, 0.0, 0.0, 0.0, 0.0, 0.0, 0.0, 0.0, 0.0, 0.0, 0.0, 0.0, 0.0, 0.0, 0.0, 0.0, 0.0, 0.0, 0.0, 0.0, 0.0, 0.0, 0.0, 0.0, 0.0, 0.0, 0.0, 0.0, 0.0, 0.0, 0.0, 0.0, 0.0, 0.0, 0.0, 0.0, 0.0, 0.0, 0.0, 0.0, 0.0, 0.0]","[0.0, 0.0313112, 0.0313112, 0.0313112, 0.0313112, 0.0313112, 0.0313112, 0.0313112, 0.0313112, 0.0313112, 0.0313112, 0.0313112, 0.0313112, 0.0313112, 0.0313112, 0.0313112, 0.0313112, 0.0313112, 0.0313112, 0.0313112, 0.0313112, 0.0313112, 0.0313112, 0.0313112, 0.0313112, 0.0313112, 0.0313112, 0.0313112, 0.0313112, 0.0313112, 0.0313112, 0.0313112, 0.0313112, 0.0313112, 0.0313112, 0.0313112, 0.0313112, 0.0313112, 0.0313112, 0.0313112, 0.0313112, 0.0313112, 0.0313112, 0.0313112, 0.0313112, 0.0313112, 0.0313112, 0.0313112, 0.0313112, 0.0313112, 0.0313112, 0.0313112, 0.0313112, 0.0313112, 0.0313112, 0.0313112, 0.0313112, 0.0313112, 0.0313112, 0.0313112, 0.0313112, 0.0313112, 0.0313112, 0.0313112, 0.0313112, 0.0313112, 0.0313112, 0.0313112, 0.0313112, 0.0313112, 0.0313112, 0.0313112, 0.0313112, 0.0313112, 0.0313112, 0.0313112, 0.0313112, 0.0313112, 0.0313112, 0.0313112, 0.0313112, 0.0313112, 0.0313112, 0.0313112, 0.0313112, 0.0313112, 0.0313112, 0.0313112, 0.0313112, 0.0313112, 0.0313112, 0.0313112, 0.0313112, 0.0313112, 0.0313112, 0.0313112, 0.0313112, 0.0313112, 0.0313112, 0.0313112, 0.0313112, 0.0313112, 0.0313112, 0.0313112, 0.0313112, 0.0313112, 0.0313112, 0.0313112, 0.0313112, 0.0313112, 0.0313112, 0.0313112, 0.0313112, 0.0313112, 0.0313112, 0.0313112, 0.0313112, 0.0313112, 0.0313112, 0.0313112, 0.0313112, 0.0313112, 0.0313112, 0.0313112, 0.0313112, 0.0313112, 0.0313112, 0.0313112, 0.0313112, 0.0313112, 0.0313112, 0.0313112, 0.0313112, 0.0313112, 0.0313112, 0.0313112, 0.0313112, 0.0313112, 0.0313112, 0.0313112, 0.0313112, 0.0313112, 0.0313112, 0.0313112, 0.0313112, 0.0313112, 0.0313112, 0.0313112, 0.0313112, 0.0313112, 0.0313112, 0.0313112, 0.0313112, 0.0313112, 0.0313112, 0.0313112, 0.0313112, 0.0313112, 0.0313112, 0.0313112, 0.0313112, 0.0313112, 0.0313112, 0.0313112, 0.0313112, 0.0313112, 0.0313112, 0.0313112, 0.0313112, 0.0313112, 0.0313112, 0.0313112, 0.0313112, 0.0313112, 0.0313112, 0.0313112, 0.0313112, 0.0313112, 0.0313112, 0.0313112, 0.0313112, 0.0313112, 0.0313112, 0.0313112, 0.0313112, 0.0313112, 0.0313112, 0.0313112, 0.0313112, 0.0313112, 0.0313112, 0.0313112, 0.0313112, 0.0313112, 0.0313112, 0.0313112, 0.0313112, 0.0313112, 0.0313112, 0.0313112, 0.0313112, 0.0313112, 0.0313112, 0.0313112, 0.0313112, 0.0313112, 0.0313112, 0.0313112, 0.0313112, 0.0313112, 0.0313112, 0.0313112, 0.0313112, 0.0313112, 0.0313112, 0.0313112, 0.0313112, 0.0313112, 0.0313112, 0.0313112, 0.0313112, 0.0313112, 0.0313112, 0.0313112, 0.0313112, 0.0313112, 0.0313112, 0.0313112, 0.0313112, 0.0313112, 0.0313112, 0.0313112, 0.0313112, 0.0313112, 0.0313112, 0.0313112, 0.0313112, 0.0313112, 0.0313112, 0.0313112, 0.0313112, 0.0313112, 0.0313112, 0.0313112, 0.0313112, 0.0313112, 0.0313112, 0.0313112, 0.0313112, 0.0313112, 0.0313112, 0.0313112, 0.0313112, 0.0313112, 0.0313112, 0.0313112]",1,,,True
norm__sph_d256_c1_s42,0.009496618993580341,0.009439675137400627,0.009496618993580341,32.0,4.172325134277344e-07,0.009525281377136707,0.009525281377136707,-346.37786865234375,-346.37786865234375,-346.3810729980469,-346.43792724609375,0.01874578930437565,0.0,1.0,0.12661013007164001,0.25051790475845337,0.052108343690633774,0.22584164142608643,9.999999974752427e-07,9.21439550438663e-06,1.4552321434020996,1.6000206470489502,1.0994951725006104,0.9369651079177856,0.6438596248626709,0.00013935565948486328,0.00014126300811767578,1.0136868953704834,0.00013768672943115234,0.9880239367485046,0.4933333396911621,1.3067132234573364,0.49683332443237305,1.3067132234573364,0.45633333921432495,1.5522522926330566,0.5093333125114441,1.5522522926330566,0.4933333396911621,1.215710163116455,0.49683332443237305,1.215710163116455,1.451703429222107,0.01340949535369873,108.25936126708984,1.6112475395202637,0.0015759571688249707,1022.3930053710938,0.10588821768760681,0.9481604695320129,0.00014960477710701525,6337.7685546875,0.017081622034311295,0.0001692970545263961,8.078684004431125e-06,20.95602035522461,0.00017623901658225805,6.529857273562811e-06,26.98971939086914,0.7764445543289185,0.00016802948084659874,5.818495537823765e-06,28.878509521484375,0.7256613969802856,2.0901601314544678,2.0859556198120117,1.0020155906677246,2.187692403793335,2.1866343021392822,1.0004838705062866,0.9806135892868042,0.9802166223526001,1.000404953956604,1.551498532295227,1.5510965585708618,1.000259280204773,2.0800650119781494,2.0794737339019775,1.0002843141555786,1.3994054794311523,1.3991107940673828,1.0002105236053467,3.256799669358601e-13,1.7087885273436854e-10,5.381684826064644e-22,1.7387811608408492e-16,1.7055316881009475e-10,1.0526902429180279e-13,5.791860311254637e-23,1.7077358971384626e-10,1.0,1.551365852355957,sphere,1.0,256,gaussian,gaussian,60000,0.3,0.3,"[0.0, 0.0, 0.0, 0.0, 0.0, 0.0, 0.0, 0.0, 0.0, 0.0, 0.0, 0.0, 0.0, 0.0, 0.0, 0.0, 0.0, 0.0, 0.0, 0.0, 0.0, 0.0, 0.0, 0.0, 0.0, 0.0, 0.0, 0.0, 0.0, 0.0, 0.0, 0.0, 0.0, 0.0, 0.0, 0.0, 0.0, 0.0, 0.0, 0.0, 0.0, 0.0, 0.0, 0.0, 0.0, 0.0, 0.0, 0.0, 0.0, 0.0, 0.0, 0.0, 0.0, 0.0, 0.0, 0.0, 0.0, 0.0, 0.0, 0.0, 0.0, 0.0, 0.0, 0.0, 0.0, 0.0, 0.0, 0.0, 0.0, 0.0, 0.0, 0.0, 0.0, 0.0, 0.0, 0.0, 0.0, 0.0, 0.0, 0.0, 0.0, 0.0, 0.0, 0.0, 0.0, 0.0, 0.0, 0.0, 0.0, 0.0, 0.0, 0.0, 0.0, 0.0, 0.0, 0.0, 0.0, 0.0, 0.0, 0.0, 0.0, 0.0, 0.0, 0.0, 0.0, 0.0, 0.0, 0.0, 0.0, 0.0, 0.0, 0.0, 0.0, 0.0, 0.0, 0.0, 0.0, 0.0, 0.0, 0.0, 0.0, 0.0, 0.0, 0.0, 0.0, 0.0, 0.0, 0.0, 0.0, 0.0, 0.0, 0.0, 0.0, 0.0, 0.0, 0.0, 0.0, 0.0, 0.0, 0.0, 0.0, 0.0, 0.0, 0.0, 0.0, 0.0, 0.0, 0.0, 0.0, 0.0, 0.0, 0.0, 0.0, 0.0, 0.0, 0.0, 0.0, 0.0, 0.0, 0.0, 0.0, 0.0, 0.0, 0.0, 0.0, 0.0, 0.0, 0.0, 0.0, 0.0, 0.0, 0.0, 0.0, 0.0, 0.0, 0.0, 0.0, 0.0, 0.0, 0.0, 0.0, 0.0, 0.0, 0.0, 0.0, 0.0, 0.0, 0.0, 0.0, 0.0, 0.0, 0.0, 0.0, 0.0, 0.0, 0.0, 0.0, 0.0, 0.0, 0.0, 0.0, 0.0, 0.0, 0.0, 0.0, 0.0, 0.0, 0.0, 0.0, 0.0, 0.0, 0.0, 0.0, 0.0, 0.0, 0.0, 0.0, 0.0, 0.0, 0.0, 0.0, 0.0, 0.0, 0.0, 0.0, 0.0, 0.0, 0.0, 0.0, 0.0, 0.0, 0.0, 0.0, 0.0, 0.0, 0.0, 0.0, 0.0, 0.0, 0.0, 0.0, 0.0, 0.0, 0.0, 0.0, 0.0, 0.0, 0.0, 0.0, 0.0, 0.0, 0.0, 0.0, 0.0, 0.0, 0.0]","[0.0, 0.0313112, 0.0313112, 0.0313112, 0.0313112, 0.0313112, 0.0313112, 0.0313112, 0.0313112, 0.0313112, 0.0313112, 0.0313112, 0.0313112, 0.0313112, 0.0313112, 0.0313112, 0.0313112, 0.0313112, 0.0313112, 0.0313112, 0.0313112, 0.0313112, 0.0313112, 0.0313112, 0.0313112, 0.0313112, 0.0313112, 0.0313112, 0.0313112, 0.0313112, 0.0313112, 0.0313112, 0.0313112, 0.0313112, 0.0313112, 0.0313112, 0.0313112, 0.0313112, 0.0313112, 0.0313112, 0.0313112, 0.0313112, 0.0313112, 0.0313112, 0.0313112, 0.0313112, 0.0313112, 0.0313112, 0.0313112, 0.0313112, 0.0313112, 0.0313112, 0.0313112, 0.0313112, 0.0313112, 0.0313112, 0.0313112, 0.0313112, 0.0313112, 0.0313112, 0.0313112, 0.0313112, 0.0313112, 0.0313112, 0.0313112, 0.0313112, 0.0313112, 0.0313112, 0.0313112, 0.0313112, 0.0313112, 0.0313112, 0.0313112, 0.0313112, 0.0313112, 0.0313112, 0.0313112, 0.0313112, 0.0313112, 0.0313112, 0.0313112, 0.0313112, 0.0313112, 0.0313112, 0.0313112, 0.0313112, 0.0313112, 0.0313112, 0.0313112, 0.0313112, 0.0313112, 0.0313112, 0.0313112, 0.0313112, 0.0313112, 0.0313112, 0.0313112, 0.0313112, 0.0313112, 0.0313112, 0.0313112, 0.0313112, 0.0313112, 0.0313112, 0.0313112, 0.0313112, 0.0313112, 0.0313112, 0.0313112, 0.0313112, 0.0313112, 0.0313112, 0.0313112, 0.0313112, 0.0313112, 0.0313112, 0.0313112, 0.0313112, 0.0313112, 0.0313112, 0.0313112, 0.0313112, 0.0313112, 0.0313112, 0.0313112, 0.0313112, 0.0313112, 0.0313112, 0.0313112, 0.0313112, 0.0313112, 0.0313112, 0.0313112, 0.0313112, 0.0313112, 0.0313112, 0.0313112, 0.0313112, 0.0313112, 0.0313112, 0.0313112, 0.0313112, 0.0313112, 0.0313112, 0.0313112, 0.0313112, 0.0313112, 0.0313112, 0.0313112, 0.0313112, 0.0313112, 0.0313112, 0.0313112, 0.0313112, 0.0313112, 0.0313112, 0.0313112, 0.0313112, 0.0313112, 0.0313112, 0.0313112, 0.0313112, 0.0313112, 0.0313112, 0.0313112, 0.0313112, 0.0313112, 0.0313112, 0.0313112, 0.0313112, 0.0313112, 0.0313112, 0.0313112, 0.0313112, 0.0313112, 0.0313112, 0.0313112, 0.0313112, 0.0313112, 0.0313112, 0.0313112, 0.0313112, 0.0313112, 0.0313112, 0.0313112, 0.0313112, 0.0313112, 0.0313112, 0.0313112, 0.0313112, 0.0313112, 0.0313112, 0.0313112, 0.0313112, 0.0313112, 0.0313112, 0.0313112, 0.0313112, 0.0313112, 0.0313112, 0.0313112, 0.0313112, 0.0313112, 0.0313112, 0.0313112, 0.0313112, 0.0313112, 0.0313112, 0.0313112, 0.0313112, 0.0313112, 0.0313112, 0.0313112, 0.0313112, 0.0313112, 0.0313112, 0.0313112, 0.0313112, 0.0313112, 0.0313112, 0.0313112, 0.0313112, 0.0313112, 0.0313112, 0.0313112, 0.0313112, 0.0313112, 0.0313112, 0.0313112, 0.0313112, 0.0313112, 0.0313112, 0.0313112, 0.0313112, 0.0313112, 0.0313112, 0.0313112, 0.0313112, 0.0313112, 0.0313112, 0.0313112, 0.0313112, 0.0313112, 0.0313112, 0.0313112, 0.0313112, 0.0313112, 0.0313112, 0.0313112, 0.0313112, 0.0313112, 0.0313112, 0.0313112, 0.0313112, 0.0313112, 0.0313112]",1,,,True
norm__sph_d256_c1_s50,0.009492723271250725,0.009485112503170967,0.009492723271250725,26.0,8.940696716308594e-07,0.009522068314254284,0.009522068314254284,-346.4849853515625,-346.4849853515625,-346.5135498046875,-346.5035705566406,0.0191776342689991,0.0,1.0,0.12808825075626373,0.26813778281211853,0.05263257399201393,0.2259892225265503,9.999999974752427e-07,9.165571100311354e-06,1.4565250873565674,1.5979421138763428,1.0970920324325562,0.9365715980529785,0.6430178284645081,0.00014019012451171875,0.0001417398452758789,1.0110543966293335,0.00013816356658935547,0.9855442047119141,0.5046666860580444,1.3068574666976929,0.5105000138282776,1.3068574666976929,0.5418333411216736,1.5874347686767578,0.5069999694824219,1.5874347686767578,0.5046666860580444,1.215824842453003,0.5103332996368408,1.215824842453003,1.4582127332687378,0.00630562799051404,231.25575256347656,1.6090314388275146,0.0012467302149161696,1290.6011962890625,0.17918451130390167,0.9477411508560181,0.0001458946062484756,6496.06689453125,0.035599347203969955,0.00017221768212039024,8.778852134128101e-06,19.61733627319336,0.0001741767191560939,5.578105174208758e-06,31.22507095336914,0.6282559633255005,0.00016681353736203164,7.170849585236283e-06,23.26272964477539,0.8432946801185608,2.0831985473632812,2.0831668376922607,1.0000152587890625,2.181612253189087,2.1842200756073,0.9988060593605042,0.9799350500106812,0.9799825549125671,0.9999516010284424,1.5508142709732056,1.5508660078048706,0.999966561794281,2.076810598373413,2.0784716606140137,0.9992008209228516,1.3988879919052124,1.3989590406417847,0.9999492168426514,1.1471678641739036e-12,4.049995541298597e-14,3.153335481622709e-21,4.458230445347086e-24,-1.1066679257015766e-12,1.5278438778888737e-13,4.893178292885463e-23,-1.1228442898776961e-13,1.0,1.5503652095794678,sphere,1.0,256,gaussian,gaussian,60000,0.3,0.3,"[0.0, 0.0, 0.0, 0.0, 0.0, 0.0, 0.0, 0.0, 0.0, 0.0, 0.0, 0.0, 0.0, 0.0, 0.0, 0.0, 0.0, 0.0, 0.0, 0.0, 0.0, 0.0, 0.0, 0.0, 0.0, 0.0, 0.0, 0.0, 0.0, 0.0, 0.0, 0.0, 0.0, 0.0, 0.0, 0.0, 0.0, 0.0, 0.0, 0.0, 0.0, 0.0, 0.0, 0.0, 0.0, 0.0, 0.0, 0.0, 0.0, 0.0, 0.0, 0.0, 0.0, 0.0, 0.0, 0.0, 0.0, 0.0, 0.0, 0.0, 0.0, 0.0, 0.0, 0.0, 0.0, 0.0, 0.0, 0.0, 0.0, 0.0, 0.0, 0.0, 0.0, 0.0, 0.0, 0.0, 0.0, 0.0, 0.0, 0.0, 0.0, 0.0, 0.0, 0.0, 0.0, 0.0, 0.0, 0.0, 0.0, 0.0, 0.0, 0.0, 0.0, 0.0, 0.0, 0.0, 0.0, 0.0, 0.0, 0.0, 0.0, 0.0, 0.0, 0.0, 0.0, 0.0, 0.0, 0.0, 0.0, 0.0, 0.0, 0.0, 0.0, 0.0, 0.0, 0.0, 0.0, 0.0, 0.0, 0.0, 0.0, 0.0, 0.0, 0.0, 0.0, 0.0, 0.0, 0.0, 0.0, 0.0, 0.0, 0.0, 0.0, 0.0, 0.0, 0.0, 0.0, 0.0, 0.0, 0.0, 0.0, 0.0, 0.0, 0.0, 0.0, 0.0, 0.0, 0.0, 0.0, 0.0, 0.0, 0.0, 0.0, 0.0, 0.0, 0.0, 0.0, 0.0, 0.0, 0.0, 0.0, 0.0, 0.0, 0.0, 0.0, 0.0, 0.0, 0.0, 0.0, 0.0, 0.0, 0.0, 0.0, 0.0, 0.0, 0.0, 0.0, 0.0, 0.0, 0.0, 0.0, 0.0, 0.0, 0.0, 0.0, 0.0, 0.0, 0.0, 0.0, 0.0, 0.0, 0.0, 0.0, 0.0, 0.0, 0.0, 0.0, 0.0, 0.0, 0.0, 0.0, 0.0, 0.0, 0.0, 0.0, 0.0, 0.0, 0.0, 0.0, 0.0, 0.0, 0.0, 0.0, 0.0, 0.0, 0.0, 0.0, 0.0, 0.0, 0.0, 0.0, 0.0, 0.0, 0.0, 0.0, 0.0, 0.0, 0.0, 0.0, 0.0, 0.0, 0.0, 0.0, 0.0, 0.0, 0.0, 0.0, 0.0, 0.0, 0.0, 0.0, 0.0, 0.0, 0.0, 0.0, 0.0, 0.0, 0.0, 0.0, 0.0, 0.0, 0.0, 0.0, 0.0, 0.0, 0.0]","[0.0, 0.0313112, 0.0313112, 0.0313112, 0.0313112, 0.0313112, 0.0313112, 0.0313112, 0.0313112, 0.0313112, 0.0313112, 0.0313112, 0.0313112, 0.0313112, 0.0313112, 0.0313112, 0.0313112, 0.0313112, 0.0313112, 0.0313112, 0.0313112, 0.0313112, 0.0313112, 0.0313112, 0.0313112, 0.0313112, 0.0313112, 0.0313112, 0.0313112, 0.0313112, 0.0313112, 0.0313112, 0.0313112, 0.0313112, 0.0313112, 0.0313112, 0.0313112, 0.0313112, 0.0313112, 0.0313112, 0.0313112, 0.0313112, 0.0313112, 0.0313112, 0.0313112, 0.0313112, 0.0313112, 0.0313112, 0.0313112, 0.0313112, 0.0313112, 0.0313112, 0.0313112, 0.0313112, 0.0313112, 0.0313112, 0.0313112, 0.0313112, 0.0313112, 0.0313112, 0.0313112, 0.0313112, 0.0313112, 0.0313112, 0.0313112, 0.0313112, 0.0313112, 0.0313112, 0.0313112, 0.0313112, 0.0313112, 0.0313112, 0.0313112, 0.0313112, 0.0313112, 0.0313112, 0.0313112, 0.0313112, 0.0313112, 0.0313112, 0.0313112, 0.0313112, 0.0313112, 0.0313112, 0.0313112, 0.0313112, 0.0313112, 0.0313112, 0.0313112, 0.0313112, 0.0313112, 0.0313112, 0.0313112, 0.0313112, 0.0313112, 0.0313112, 0.0313112, 0.0313112, 0.0313112, 0.0313112, 0.0313112, 0.0313112, 0.0313112, 0.0313112, 0.0313112, 0.0313112, 0.0313112, 0.0313112, 0.0313112, 0.0313112, 0.0313112, 0.0313112, 0.0313112, 0.0313112, 0.0313112, 0.0313112, 0.0313112, 0.0313112, 0.0313112, 0.0313112, 0.0313112, 0.0313112, 0.0313112, 0.0313112, 0.0313112, 0.0313112, 0.0313112, 0.0313112, 0.0313112, 0.0313112, 0.0313112, 0.0313112, 0.0313112, 0.0313112, 0.0313112, 0.0313112, 0.0313112, 0.0313112, 0.0313112, 0.0313112, 0.0313112, 0.0313112, 0.0313112, 0.0313112, 0.0313112, 0.0313112, 0.0313112, 0.0313112, 0.0313112, 0.0313112, 0.0313112, 0.0313112, 0.0313112, 0.0313112, 0.0313112, 0.0313112, 0.0313112, 0.0313112, 0.0313112, 0.0313112, 0.0313112, 0.0313112, 0.0313112, 0.0313112, 0.0313112, 0.0313112, 0.0313112, 0.0313112, 0.0313112, 0.0313112, 0.0313112, 0.0313112, 0.0313112, 0.0313112, 0.0313112, 0.0313112, 0.0313112, 0.0313112, 0.0313112, 0.0313112, 0.0313112, 0.0313112, 0.0313112, 0.0313112, 0.0313112, 0.0313112, 0.0313112, 0.0313112, 0.0313112, 0.0313112, 0.0313112, 0.0313112, 0.0313112, 0.0313112, 0.0313112, 0.0313112, 0.0313112, 0.0313112, 0.0313112, 0.0313112, 0.0313112, 0.0313112, 0.0313112, 0.0313112, 0.0313112, 0.0313112, 0.0313112, 0.0313112, 0.0313112, 0.0313112, 0.0313112, 0.0313112, 0.0313112, 0.0313112, 0.0313112, 0.0313112, 0.0313112, 0.0313112, 0.0313112, 0.0313112, 0.0313112, 0.0313112, 0.0313112, 0.0313112, 0.0313112, 0.0313112, 0.0313112, 0.0313112, 0.0313112, 0.0313112, 0.0313112, 0.0313112, 0.0313112, 0.0313112, 0.0313112, 0.0313112, 0.0313112, 0.0313112, 0.0313112, 0.0313112, 0.0313112, 0.0313112, 0.0313112, 0.0313112, 0.0313112, 0.0313112, 0.0313112, 0.0313112, 0.0313112, 0.0313112, 0.0313112, 0.0313112, 0.0313112, 0.0313112, 0.0313112, 0.0313112]",1,,,True
norm__sph_d256_c2_s34,0.004751737229526043,0.0047109839506447315,0.004751737229526043,32.0,1.3907749973895989e-07,0.0047560944221913815,0.0047560944221913815,-434.5820007324219,-434.5820007324219,-434.597412109375,-434.61505126953125,0.009030649438500404,0.0,1.0,0.08803967386484146,0.16961924731731415,0.0357678160071373,0.15633688867092133,9.999999974752427e-07,1.3176076208765153e-05,1.0486193895339966,1.597224473953247,1.523168921470642,0.5406571626663208,0.5155895352363586,0.0001308917999267578,0.0001323223114013672,1.010928988456726,0.00013077259063720703,0.9990893006324768,0.5073333382606506,0.9249524474143982,0.5024999976158142,0.9249524474143982,0.4503333270549774,1.5659608840942383,0.5106666684150696,1.5659608840942383,0.5073333382606506,0.860404372215271,0.5024999976158142,0.860404372215271,1.0512161254882812,0.0026532248593866825,396.2031555175781,1.6084954738616943,0.0013623564736917615,1180.6715087890625,0.3355744481086731,0.5518174171447754,9.395874803885818e-05,5872.97509765625,0.06746208667755127,0.00016525189857929945,9.662303455115762e-06,17.10274314880371,0.0001659631816437468,7.891903806012124e-06,21.02954864501953,0.8132719993591309,0.0001637458917684853,7.117916084098397e-06,23.004749298095703,0.7434439063072205,1.040589451789856,1.0412170886993408,0.9993972182273865,2.1768651008605957,2.1834824085235596,0.9969694018363953,0.4899670481681824,0.48999860882759094,0.9999355673789978,1.0965921878814697,1.09663724899292,0.9999589323997498,2.0753173828125,2.0784192085266113,0.9985076785087585,0.9892001748085022,0.9892328381538391,0.9999669790267944,6.421127735425913e-14,2.25879575460608e-11,1.9237961939677488e-23,3.012704494276587e-18,2.2523746756597518e-11,1.7061938816539772e-14,1.191942400948624e-24,2.2570894805951092e-11,1.0,1.0965460538864136,sphere,2.0,256,gaussian,gaussian,60000,0.3,0.3,"[0.0, 0.0, 0.0, 0.0, 0.0, 0.0, 0.0, 0.0, 0.0, 0.0, 0.0, 0.0, 0.0, 0.0, 0.0, 0.0, 0.0, 0.0, 0.0, 0.0, 0.0, 0.0, 0.0, 0.0, 0.0, 0.0, 0.0, 0.0, 0.0, 0.0, 0.0, 0.0, 0.0, 0.0, 0.0, 0.0, 0.0, 0.0, 0.0, 0.0, 0.0, 0.0, 0.0, 0.0, 0.0, 0.0, 0.0, 0.0, 0.0, 0.0, 0.0, 0.0, 0.0, 0.0, 0.0, 0.0, 0.0, 0.0, 0.0, 0.0, 0.0, 0.0, 0.0, 0.0, 0.0, 0.0, 0.0, 0.0, 0.0, 0.0, 0.0, 0.0, 0.0, 0.0, 0.0, 0.0, 0.0, 0.0, 0.0, 0.0, 0.0, 0.0, 0.0, 0.0, 0.0, 0.0, 0.0, 0.0, 0.0, 0.0, 0.0, 0.0, 0.0, 0.0, 0.0, 0.0, 0.0, 0.0, 0.0, 0.0, 0.0, 0.0, 0.0, 0.0, 0.0, 0.0, 0.0, 0.0, 0.0, 0.0, 0.0, 0.0, 0.0, 0.0, 0.0, 0.0, 0.0, 0.0, 0.0, 0.0, 0.0, 0.0, 0.0, 0.0, 0.0, 0.0, 0.0, 0.0, 0.0, 0.0, 0.0, 0.0, 0.0, 0.0, 0.0, 0.0, 0.0, 0.0, 0.0, 0.0, 0.0, 0.0, 0.0, 0.0, 0.0, 0.0, 0.0, 0.0, 0.0, 0.0, 0.0, 0.0, 0.0, 0.0, 0.0, 0.0, 0.0, 0.0, 0.0, 0.0, 0.0, 0.0, 0.0, 0.0, 0.0, 0.0, 0.0, 0.0, 0.0, 0.0, 0.0, 0.0, 0.0, 0.0, 0.0, 0.0, 0.0, 0.0, 0.0, 0.0, 0.0, 0.0, 0.0, 0.0, 0.0, 0.0, 0.0, 0.0, 0.0, 0.0, 0.0, 0.0, 0.0, 0.0, 0.0, 0.0, 0.0, 0.0, 0.0, 0.0, 0.0, 0.0, 0.0, 0.0, 0.0, 0.0, 0.0, 0.0, 0.0, 0.0, 0.0, 0.0, 0.0, 0.0, 0.0, 0.0, 0.0, 0.0, 0.0, 0.0, 0.0, 0.0, 0.0, 0.0, 0.0, 0.0, 0.0, 0.0, 0.0, 0.0, 0.0, 0.0, 0.0, 0.0, 0.0, 0.0, 0.0, 0.0, 0.0, 0.0, 0.0, 0.0, 0.0, 0.0, 0.0, 0.0, 0.0, 0.0, 0.0, 0.0, 0.0, 0.0, 0.0, 0.0, 0.0, 0.0]","[0.0, 0.0313112, 0.0313112, 0.0313112, 0.0313112, 0.0313112, 0.0313112, 0.0313112, 0.0313112, 0.0313112, 0.0313112, 0.0313112, 0.0313112, 0.0313112, 0.0313112, 0.0313112, 0.0313112, 0.0313112, 0.0313112, 0.0313112, 0.0313112, 0.0313112, 0.0313112, 0.0313112, 0.0313112, 0.0313112, 0.0313112, 0.0313112, 0.0313112, 0.0313112, 0.0313112, 0.0313112, 0.0313112, 0.0313112, 0.0313112, 0.0313112, 0.0313112, 0.0313112, 0.0313112, 0.0313112, 0.0313112, 0.0313112, 0.0313112, 0.0313112, 0.0313112, 0.0313112, 0.0313112, 0.0313112, 0.0313112, 0.0313112, 0.0313112, 0.0313112, 0.0313112, 0.0313112, 0.0313112, 0.0313112, 0.0313112, 0.0313112, 0.0313112, 0.0313112, 0.0313112, 0.0313112, 0.0313112, 0.0313112, 0.0313112, 0.0313112, 0.0313112, 0.0313112, 0.0313112, 0.0313112, 0.0313112, 0.0313112, 0.0313112, 0.0313112, 0.0313112, 0.0313112, 0.0313112, 0.0313112, 0.0313112, 0.0313112, 0.0313112, 0.0313112, 0.0313112, 0.0313112, 0.0313112, 0.0313112, 0.0313112, 0.0313112, 0.0313112, 0.0313112, 0.0313112, 0.0313112, 0.0313112, 0.0313112, 0.0313112, 0.0313112, 0.0313112, 0.0313112, 0.0313112, 0.0313112, 0.0313112, 0.0313112, 0.0313112, 0.0313112, 0.0313112, 0.0313112, 0.0313112, 0.0313112, 0.0313112, 0.0313112, 0.0313112, 0.0313112, 0.0313112, 0.0313112, 0.0313112, 0.0313112, 0.0313112, 0.0313112, 0.0313112, 0.0313112, 0.0313112, 0.0313112, 0.0313112, 0.0313112, 0.0313112, 0.0313112, 0.0313112, 0.0313112, 0.0313112, 0.0313112, 0.0313112, 0.0313112, 0.0313112, 0.0313112, 0.0313112, 0.0313112, 0.0313112, 0.0313112, 0.0313112, 0.0313112, 0.0313112, 0.0313112, 0.0313112, 0.0313112, 0.0313112, 0.0313112, 0.0313112, 0.0313112, 0.0313112, 0.0313112, 0.0313112, 0.0313112, 0.0313112, 0.0313112, 0.0313112, 0.0313112, 0.0313112, 0.0313112, 0.0313112, 0.0313112, 0.0313112, 0.0313112, 0.0313112, 0.0313112, 0.0313112, 0.0313112, 0.0313112, 0.0313112, 0.0313112, 0.0313112, 0.0313112, 0.0313112, 0.0313112, 0.0313112, 0.0313112, 0.0313112, 0.0313112, 0.0313112, 0.0313112, 0.0313112, 0.0313112, 0.0313112, 0.0313112, 0.0313112, 0.0313112, 0.0313112, 0.0313112, 0.0313112, 0.0313112, 0.0313112, 0.0313112, 0.0313112, 0.0313112, 0.0313112, 0.0313112, 0.0313112, 0.0313112, 0.0313112, 0.0313112, 0.0313112, 0.0313112, 0.0313112, 0.0313112, 0.0313112, 0.0313112, 0.0313112, 0.0313112, 0.0313112, 0.0313112, 0.0313112, 0.0313112, 0.0313112, 0.0313112, 0.0313112, 0.0313112, 0.0313112, 0.0313112, 0.0313112, 0.0313112, 0.0313112, 0.0313112, 0.0313112, 0.0313112, 0.0313112, 0.0313112, 0.0313112, 0.0313112, 0.0313112, 0.0313112, 0.0313112, 0.0313112, 0.0313112, 0.0313112, 0.0313112, 0.0313112, 0.0313112, 0.0313112, 0.0313112, 0.0313112, 0.0313112, 0.0313112, 0.0313112, 0.0313112, 0.0313112, 0.0313112, 0.0313112, 0.0313112, 0.0313112, 0.0313112, 0.0313112, 0.0313112, 0.0313112, 0.0313112, 0.0313112, 0.0313112, 0.0313112]",1,,,True
norm__sph_d256_c2_s42,0.0047491746954619884,0.004721806384623051,0.0047491746954619884,32.0,1.5894572413799324e-07,0.004762726370245218,0.004762726370245218,-434.59136962890625,-434.59136962890625,-434.6070861816406,-434.6616516113281,0.009136704728007317,0.0,1.0,0.08787274360656738,0.17024725675582886,0.03761518374085426,0.1584286242723465,9.999999974752427e-07,1.3484358532878105e-05,1.0499119758605957,1.5982139110565186,1.5222361087799072,0.5405979752540588,0.5148983597755432,0.00014543533325195312,0.00014448165893554688,0.9934426546096802,0.00014257431030273438,0.9803279042243958,0.49016666412353516,0.9239857792854309,0.4970000088214874,0.9239857792854309,0.4503333270549774,1.5522515773773193,0.5141666531562805,1.5522515773773193,0.49016666412353516,0.8596370220184326,0.4970000088214874,0.8596370220184326,1.0499534606933594,0.0030460392590612173,344.6946716308594,1.609446406364441,0.0015539487358182669,1035.7139892578125,0.3328087329864502,0.5517774224281311,0.00010215533984592184,5401.3564453125,0.06381631642580032,0.0001738826686050743,8.262175470008515e-06,21.045625686645508,0.00017913976626005024,6.634334113186924e-06,27.001922607421875,0.7794120907783508,0.00017207862401846796,6.548302280862117e-06,26.278356552124023,0.8008729815483093,1.0416066646575928,1.0429775714874268,0.9986856579780579,2.1789000034332275,2.186633586883545,0.9964632391929626,0.49005958437919617,0.49010828137397766,0.9999005794525146,1.096725583076477,1.0967907905578613,0.9999405741691589,2.076230049133301,2.0794737339019775,0.9984402060508728,0.989294171333313,0.989320695400238,0.9999731183052063,2.485475746657334e-13,1.7087885273436854e-10,3.181041841714107e-22,1.7387811608408492e-16,1.7063030155473058e-10,1.0527061671374363e-13,5.79204963787189e-23,1.7077358971384626e-10,1.0,1.096813678741455,sphere,2.0,256,gaussian,gaussian,60000,0.3,0.3,"[0.0, 0.0, 0.0, 0.0, 0.0, 0.0, 0.0, 0.0, 0.0, 0.0, 0.0, 0.0, 0.0, 0.0, 0.0, 0.0, 0.0, 0.0, 0.0, 0.0, 0.0, 0.0, 0.0, 0.0, 0.0, 0.0, 0.0, 0.0, 0.0, 0.0, 0.0, 0.0, 0.0, 0.0, 0.0, 0.0, 0.0, 0.0, 0.0, 0.0, 0.0, 0.0, 0.0, 0.0, 0.0, 0.0, 0.0, 0.0, 0.0, 0.0, 0.0, 0.0, 0.0, 0.0, 0.0, 0.0, 0.0, 0.0, 0.0, 0.0, 0.0, 0.0, 0.0, 0.0, 0.0, 0.0, 0.0, 0.0, 0.0, 0.0, 0.0, 0.0, 0.0, 0.0, 0.0, 0.0, 0.0, 0.0, 0.0, 0.0, 0.0, 0.0, 0.0, 0.0, 0.0, 0.0, 0.0, 0.0, 0.0, 0.0, 0.0, 0.0, 0.0, 0.0, 0.0, 0.0, 0.0, 0.0, 0.0, 0.0, 0.0, 0.0, 0.0, 0.0, 0.0, 0.0, 0.0, 0.0, 0.0, 0.0, 0.0, 0.0, 0.0, 0.0, 0.0, 0.0, 0.0, 0.0, 0.0, 0.0, 0.0, 0.0, 0.0, 0.0, 0.0, 0.0, 0.0, 0.0, 0.0, 0.0, 0.0, 0.0, 0.0, 0.0, 0.0, 0.0, 0.0, 0.0, 0.0, 0.0, 0.0, 0.0, 0.0, 0.0, 0.0, 0.0, 0.0, 0.0, 0.0, 0.0, 0.0, 0.0, 0.0, 0.0, 0.0, 0.0, 0.0, 0.0, 0.0, 0.0, 0.0, 0.0, 0.0, 0.0, 0.0, 0.0, 0.0, 0.0, 0.0, 0.0, 0.0, 0.0, 0.0, 0.0, 0.0, 0.0, 0.0, 0.0, 0.0, 0.0, 0.0, 0.0, 0.0, 0.0, 0.0, 0.0, 0.0, 0.0, 0.0, 0.0, 0.0, 0.0, 0.0, 0.0, 0.0, 0.0, 0.0, 0.0, 0.0, 0.0, 0.0, 0.0, 0.0, 0.0, 0.0, 0.0, 0.0, 0.0, 0.0, 0.0, 0.0, 0.0, 0.0, 0.0, 0.0, 0.0, 0.0, 0.0, 0.0, 0.0, 0.0, 0.0, 0.0, 0.0, 0.0, 0.0, 0.0, 0.0, 0.0, 0.0, 0.0, 0.0, 0.0, 0.0, 0.0, 0.0, 0.0, 0.0, 0.0, 0.0, 0.0, 0.0, 0.0, 0.0, 0.0, 0.0, 0.0, 0.0, 0.0, 0.0, 0.0, 0.0, 0.0, 0.0, 0.0, 0.0]","[0.0, 0.0313112, 0.0313112, 0.0313112, 0.0313112, 0.0313112, 0.0313112, 0.0313112, 0.0313112, 0.0313112, 0.0313112, 0.0313112, 0.0313112, 0.0313112, 0.0313112, 0.0313112, 0.0313112, 0.0313112, 0.0313112, 0.0313112, 0.0313112, 0.0313112, 0.0313112, 0.0313112, 0.0313112, 0.0313112, 0.0313112, 0.0313112, 0.0313112, 0.0313112, 0.0313112, 0.0313112, 0.0313112, 0.0313112, 0.0313112, 0.0313112, 0.0313112, 0.0313112, 0.0313112, 0.0313112, 0.0313112, 0.0313112, 0.0313112, 0.0313112, 0.0313112, 0.0313112, 0.0313112, 0.0313112, 0.0313112, 0.0313112, 0.0313112, 0.0313112, 0.0313112, 0.0313112, 0.0313112, 0.0313112, 0.0313112, 0.0313112, 0.0313112, 0.0313112, 0.0313112, 0.0313112, 0.0313112, 0.0313112, 0.0313112, 0.0313112, 0.0313112, 0.0313112, 0.0313112, 0.0313112, 0.0313112, 0.0313112, 0.0313112, 0.0313112, 0.0313112, 0.0313112, 0.0313112, 0.0313112, 0.0313112, 0.0313112, 0.0313112, 0.0313112, 0.0313112, 0.0313112, 0.0313112, 0.0313112, 0.0313112, 0.0313112, 0.0313112, 0.0313112, 0.0313112, 0.0313112, 0.0313112, 0.0313112, 0.0313112, 0.0313112, 0.0313112, 0.0313112, 0.0313112, 0.0313112, 0.0313112, 0.0313112, 0.0313112, 0.0313112, 0.0313112, 0.0313112, 0.0313112, 0.0313112, 0.0313112, 0.0313112, 0.0313112, 0.0313112, 0.0313112, 0.0313112, 0.0313112, 0.0313112, 0.0313112, 0.0313112, 0.0313112, 0.0313112, 0.0313112, 0.0313112, 0.0313112, 0.0313112, 0.0313112, 0.0313112, 0.0313112, 0.0313112, 0.0313112, 0.0313112, 0.0313112, 0.0313112, 0.0313112, 0.0313112, 0.0313112, 0.0313112, 0.0313112, 0.0313112, 0.0313112, 0.0313112, 0.0313112, 0.0313112, 0.0313112, 0.0313112, 0.0313112, 0.0313112, 0.0313112, 0.0313112, 0.0313112, 0.0313112, 0.0313112, 0.0313112, 0.0313112, 0.0313112, 0.0313112, 0.0313112, 0.0313112, 0.0313112, 0.0313112, 0.0313112, 0.0313112, 0.0313112, 0.0313112, 0.0313112, 0.0313112, 0.0313112, 0.0313112, 0.0313112, 0.0313112, 0.0313112, 0.0313112, 0.0313112, 0.0313112, 0.0313112, 0.0313112, 0.0313112, 0.0313112, 0.0313112, 0.0313112, 0.0313112, 0.0313112, 0.0313112, 0.0313112, 0.0313112, 0.0313112, 0.0313112, 0.0313112, 0.0313112, 0.0313112, 0.0313112, 0.0313112, 0.0313112, 0.0313112, 0.0313112, 0.0313112, 0.0313112, 0.0313112, 0.0313112, 0.0313112, 0.0313112, 0.0313112, 0.0313112, 0.0313112, 0.0313112, 0.0313112, 0.0313112, 0.0313112, 0.0313112, 0.0313112, 0.0313112, 0.0313112, 0.0313112, 0.0313112, 0.0313112, 0.0313112, 0.0313112, 0.0313112, 0.0313112, 0.0313112, 0.0313112, 0.0313112, 0.0313112, 0.0313112, 0.0313112, 0.0313112, 0.0313112, 0.0313112, 0.0313112, 0.0313112, 0.0313112, 0.0313112, 0.0313112, 0.0313112, 0.0313112, 0.0313112, 0.0313112, 0.0313112, 0.0313112, 0.0313112, 0.0313112, 0.0313112, 0.0313112, 0.0313112, 0.0313112, 0.0313112, 0.0313112, 0.0313112, 0.0313112, 0.0313112, 0.0313112, 0.0313112, 0.0313112, 0.0313112, 0.0313112, 0.0313112, 0.0313112]",1,,,True
norm__sph_d256_c2_s50,0.004747131839394569,0.004742790944874287,0.004747131839394569,32.0,4.172325134277344e-07,0.004760380368679762,0.004760380368679762,-434.7935791015625,-434.7935791015625,-434.7935791015625,-434.795654296875,0.009384823963046074,0.0,1.0,0.0897238552570343,0.1722024381160736,0.03652358427643776,0.15895944833755493,9.999999974752427e-07,1.2958717888977844e-05,1.0508464574813843,1.598613977432251,1.5212632417678833,0.5404595136642456,0.514308750629425,0.00014209747314453125,0.0001437664031982422,1.0117449760437012,0.00013911724090576172,0.9790268540382385,0.5028333067893982,0.9240878224372864,0.5063333511352539,0.9240878224372864,0.5346666574478149,1.587435007095337,0.5071666836738586,1.587435007095337,0.5028333067893982,0.8597179651260376,0.5063333511352539,0.8597179651260376,1.0510339736938477,0.001569543732330203,669.64306640625,1.6097110509872437,0.0012590514961630106,1278.5108642578125,0.5237680077552795,0.5516240000724792,9.570310794515535e-05,5763.9091796875,0.11617863178253174,0.00017373959417454898,8.582936970924493e-06,20.242441177368164,0.0001761039166012779,5.628354756481713e-06,31.28870391845703,0.6469568610191345,0.0001671433710725978,7.351578005909687e-06,22.73571014404297,0.890336811542511,1.0423610210418701,1.0415832996368408,1.000746726989746,2.18379807472229,2.1842193603515625,0.9998071193695068,0.49006322026252747,0.48999127745628357,1.0001468658447266,1.096728801727295,1.0966278314590454,1.0000920295715332,2.0781495571136475,2.0784714221954346,0.9998451471328735,0.9892778396606445,0.9892132878303528,1.0000652074813843,5.730399336469072e-13,4.050057544110336e-14,7.40921386248624e-22,4.458338519291101e-24,-5.325393446532767e-13,1.5278904985822905e-13,4.893495730513724e-23,-1.122884744171257e-13,1.0,1.0963109731674194,sphere,2.0,256,gaussian,gaussian,60000,0.3,0.3,"[0.0, 0.0, 0.0, 0.0, 0.0, 0.0, 0.0, 0.0, 0.0, 0.0, 0.0, 0.0, 0.0, 0.0, 0.0, 0.0, 0.0, 0.0, 0.0, 0.0, 0.0, 0.0, 0.0, 0.0, 0.0, 0.0, 0.0, 0.0, 0.0, 0.0, 0.0, 0.0, 0.0, 0.0, 0.0, 0.0, 0.0, 0.0, 0.0, 0.0, 0.0, 0.0, 0.0, 0.0, 0.0, 0.0, 0.0, 0.0, 0.0, 0.0, 0.0, 0.0, 0.0, 0.0, 0.0, 0.0, 0.0, 0.0, 0.0, 0.0, 0.0, 0.0, 0.0, 0.0, 0.0, 0.0, 0.0, 0.0, 0.0, 0.0, 0.0, 0.0, 0.0, 0.0, 0.0, 0.0, 0.0, 0.0, 0.0, 0.0, 0.0, 0.0, 0.0, 0.0, 0.0, 0.0, 0.0, 0.0, 0.0, 0.0, 0.0, 0.0, 0.0, 0.0, 0.0, 0.0, 0.0, 0.0, 0.0, 0.0, 0.0, 0.0, 0.0, 0.0, 0.0, 0.0, 0.0, 0.0, 0.0, 0.0, 0.0, 0.0, 0.0, 0.0, 0.0, 0.0, 0.0, 0.0, 0.0, 0.0, 0.0, 0.0, 0.0, 0.0, 0.0, 0.0, 0.0, 0.0, 0.0, 0.0, 0.0, 0.0, 0.0, 0.0, 0.0, 0.0, 0.0, 0.0, 0.0, 0.0, 0.0, 0.0, 0.0, 0.0, 0.0, 0.0, 0.0, 0.0, 0.0, 0.0, 0.0, 0.0, 0.0, 0.0, 0.0, 0.0, 0.0, 0.0, 0.0, 0.0, 0.0, 0.0, 0.0, 0.0, 0.0, 0.0, 0.0, 0.0, 0.0, 0.0, 0.0, 0.0, 0.0, 0.0, 0.0, 0.0, 0.0, 0.0, 0.0, 0.0, 0.0, 0.0, 0.0, 0.0, 0.0, 0.0, 0.0, 0.0, 0.0, 0.0, 0.0, 0.0, 0.0, 0.0, 0.0, 0.0, 0.0, 0.0, 0.0, 0.0, 0.0, 0.0, 0.0, 0.0, 0.0, 0.0, 0.0, 0.0, 0.0, 0.0, 0.0, 0.0, 0.0, 0.0, 0.0, 0.0, 0.0, 0.0, 0.0, 0.0, 0.0, 0.0, 0.0, 0.0, 0.0, 0.0, 0.0, 0.0, 0.0, 0.0, 0.0, 0.0, 0.0, 0.0, 0.0, 0.0, 0.0, 0.0, 0.0, 0.0, 0.0, 0.0, 0.0, 0.0, 0.0, 0.0, 0.0, 0.0, 0.0, 0.0, 0.0, 0.0, 0.0, 0.0, 0.0, 0.0]","[0.0, 0.0313112, 0.0313112, 0.0313112, 0.0313112, 0.0313112, 0.0313112, 0.0313112, 0.0313112, 0.0313112, 0.0313112, 0.0313112, 0.0313112, 0.0313112, 0.0313112, 0.0313112, 0.0313112, 0.0313112, 0.0313112, 0.0313112, 0.0313112, 0.0313112, 0.0313112, 0.0313112, 0.0313112, 0.0313112, 0.0313112, 0.0313112, 0.0313112, 0.0313112, 0.0313112, 0.0313112, 0.0313112, 0.0313112, 0.0313112, 0.0313112, 0.0313112, 0.0313112, 0.0313112, 0.0313112, 0.0313112, 0.0313112, 0.0313112, 0.0313112, 0.0313112, 0.0313112, 0.0313112, 0.0313112, 0.0313112, 0.0313112, 0.0313112, 0.0313112, 0.0313112, 0.0313112, 0.0313112, 0.0313112, 0.0313112, 0.0313112, 0.0313112, 0.0313112, 0.0313112, 0.0313112, 0.0313112, 0.0313112, 0.0313112, 0.0313112, 0.0313112, 0.0313112, 0.0313112, 0.0313112, 0.0313112, 0.0313112, 0.0313112, 0.0313112, 0.0313112, 0.0313112, 0.0313112, 0.0313112, 0.0313112, 0.0313112, 0.0313112, 0.0313112, 0.0313112, 0.0313112, 0.0313112, 0.0313112, 0.0313112, 0.0313112, 0.0313112, 0.0313112, 0.0313112, 0.0313112, 0.0313112, 0.0313112, 0.0313112, 0.0313112, 0.0313112, 0.0313112, 0.0313112, 0.0313112, 0.0313112, 0.0313112, 0.0313112, 0.0313112, 0.0313112, 0.0313112, 0.0313112, 0.0313112, 0.0313112, 0.0313112, 0.0313112, 0.0313112, 0.0313112, 0.0313112, 0.0313112, 0.0313112, 0.0313112, 0.0313112, 0.0313112, 0.0313112, 0.0313112, 0.0313112, 0.0313112, 0.0313112, 0.0313112, 0.0313112, 0.0313112, 0.0313112, 0.0313112, 0.0313112, 0.0313112, 0.0313112, 0.0313112, 0.0313112, 0.0313112, 0.0313112, 0.0313112, 0.0313112, 0.0313112, 0.0313112, 0.0313112, 0.0313112, 0.0313112, 0.0313112, 0.0313112, 0.0313112, 0.0313112, 0.0313112, 0.0313112, 0.0313112, 0.0313112, 0.0313112, 0.0313112, 0.0313112, 0.0313112, 0.0313112, 0.0313112, 0.0313112, 0.0313112, 0.0313112, 0.0313112, 0.0313112, 0.0313112, 0.0313112, 0.0313112, 0.0313112, 0.0313112, 0.0313112, 0.0313112, 0.0313112, 0.0313112, 0.0313112, 0.0313112, 0.0313112, 0.0313112, 0.0313112, 0.0313112, 0.0313112, 0.0313112, 0.0313112, 0.0313112, 0.0313112, 0.0313112, 0.0313112, 0.0313112, 0.0313112, 0.0313112, 0.0313112, 0.0313112, 0.0313112, 0.0313112, 0.0313112, 0.0313112, 0.0313112, 0.0313112, 0.0313112, 0.0313112, 0.0313112, 0.0313112, 0.0313112, 0.0313112, 0.0313112, 0.0313112, 0.0313112, 0.0313112, 0.0313112, 0.0313112, 0.0313112, 0.0313112, 0.0313112, 0.0313112, 0.0313112, 0.0313112, 0.0313112, 0.0313112, 0.0313112, 0.0313112, 0.0313112, 0.0313112, 0.0313112, 0.0313112, 0.0313112, 0.0313112, 0.0313112, 0.0313112, 0.0313112, 0.0313112, 0.0313112, 0.0313112, 0.0313112, 0.0313112, 0.0313112, 0.0313112, 0.0313112, 0.0313112, 0.0313112, 0.0313112, 0.0313112, 0.0313112, 0.0313112, 0.0313112, 0.0313112, 0.0313112, 0.0313112, 0.0313112, 0.0313112, 0.0313112, 0.0313112, 0.0313112, 0.0313112, 0.0313112, 0.0313112, 0.0313112, 0.0313112, 0.0313112, 0.0313112]",1,,,True
norm__sph_d256_c3_s34,0.003168007591739297,0.00314071006141603,0.003168007591739297,32.0,1.3907749973895989e-07,0.0031707389280200005,0.0031707389280200005,-486.261962890625,-486.261962890625,-486.2916564941406,-486.31732177734375,0.005893110763281584,0.0,1.0,0.07065168023109436,0.13723497092723846,0.03001980111002922,0.12688928842544556,9.999999974752427e-07,1.6711246644263156e-05,0.8628730177879333,1.5961990356445312,1.849865436553955,0.3635309934616089,0.4213029742240906,0.00014960765838623047,0.00014495849609375,0.968924343585968,0.0001456737518310547,0.9737051725387573,0.5071666836738586,0.7552205324172974,0.5043333172798157,0.7552205324172974,0.4505000114440918,1.5659608840942383,0.5130000114440918,1.5659608840942383,0.5071666836738586,0.7025171518325806,0.5043333172798157,0.7025171518325806,0.8644511103630066,0.0014528637984767556,594.998046875,1.6074696779251099,0.0013623207341879606,1179.949462890625,0.5042572021484375,0.37468427419662476,7.390898826997727e-05,5069.5361328125,0.11736735701560974,0.00018407506286166608,1.0817386282724328e-05,17.016592025756836,0.0001785556523827836,7.567229204141768e-06,23.595905303955078,0.7211670875549316,0.00017953714996110648,7.930588253657334e-06,22.638566970825195,0.7516638040542603,0.6923480033874512,0.6941447854042053,0.9974114298820496,2.172253131866455,2.1834824085235596,0.9948571920394897,0.32652491331100464,0.3266657292842865,0.9995689392089844,0.8951553702354431,0.8954006433486938,0.9997260570526123,2.073134660720825,2.0784192085266113,0.9974574446678162,0.8075292706489563,0.8077053427696228,0.999782145023346,6.6885841483455e-14,2.2587596723577796e-11,2.1165093910869054e-23,3.0126064733739996e-18,2.252071099051456e-11,1.706130354182933e-14,1.1918298896620168e-24,2.257053745291504e-11,1.0,0.8952369689941406,sphere,3.0,256,gaussian,gaussian,60000,0.3,0.3,"[0.0, 0.0, 0.0, 0.0, 0.0, 0.0, 0.0, 0.0, 0.0, 0.0, 0.0, 0.0, 0.0, 0.0, 0.0, 0.0, 0.0, 0.0, 0.0, 0.0, 0.0, 0.0, 0.0, 0.0, 0.0, 0.0, 0.0, 0.0, 0.0, 0.0, 0.0, 0.0, 0.0, 0.0, 0.0, 0.0, 0.0, 0.0, 0.0, 0.0, 0.0, 0.0, 0.0, 0.0, 0.0, 0.0, 0.0, 0.0, 0.0, 0.0, 0.0, 0.0, 0.0, 0.0, 0.0, 0.0, 0.0, 0.0, 0.0, 0.0, 0.0, 0.0, 0.0, 0.0, 0.0, 0.0, 0.0, 0.0, 0.0, 0.0, 0.0, 0.0, 0.0, 0.0, 0.0, 0.0, 0.0, 0.0, 0.0, 0.0, 0.0, 0.0, 0.0, 0.0, 0.0, 0.0, 0.0, 0.0, 0.0, 0.0, 0.0, 0.0, 0.0, 0.0, 0.0, 0.0, 0.0, 0.0, 0.0, 0.0, 0.0, 0.0, 0.0, 0.0, 0.0, 0.0, 0.0, 0.0, 0.0, 0.0, 0.0, 0.0, 0.0, 0.0, 0.0, 0.0, 0.0, 0.0, 0.0, 0.0, 0.0, 0.0, 0.0, 0.0, 0.0, 0.0, 0.0, 0.0, 0.0, 0.0, 0.0, 0.0, 0.0, 0.0, 0.0, 0.0, 0.0, 0.0, 0.0, 0.0, 0.0, 0.0, 0.0, 0.0, 0.0, 0.0, 0.0, 0.0, 0.0, 0.0, 0.0, 0.0, 0.0, 0.0, 0.0, 0.0, 0.0, 0.0, 0.0, 0.0, 0.0, 0.0, 0.0, 0.0, 0.0, 0.0, 0.0, 0.0, 0.0, 0.0, 0.0, 0.0, 0.0, 0.0, 0.0, 0.0, 0.0, 0.0, 0.0, 0.0, 0.0, 0.0, 0.0, 0.0, 0.0, 0.0, 0.0, 0.0, 0.0, 0.0, 0.0, 0.0, 0.0, 0.0, 0.0, 0.0, 0.0, 0.0, 0.0, 0.0, 0.0, 0.0, 0.0, 0.0, 0.0, 0.0, 0.0, 0.0, 0.0, 0.0, 0.0, 0.0, 0.0, 0.0, 0.0, 0.0, 0.0, 0.0, 0.0, 0.0, 0.0, 0.0, 0.0, 0.0, 0.0, 0.0, 0.0, 0.0, 0.0, 0.0, 0.0, 0.0, 0.0, 0.0, 0.0, 0.0, 0.0, 0.0, 0.0, 0.0, 0.0, 0.0, 0.0, 0.0, 0.0, 0.0, 0.0, 0.0, 0.0, 0.0, 0.0, 0.0, 0.0, 0.0, 0.0, 0.0]","[0.0, 0.0313112, 0.0313112, 0.0313112, 0.0313112, 0.0313112, 0.0313112, 0.0313112, 0.0313112, 0.0313112, 0.0313112, 0.0313112, 0.0313112, 0.0313112, 0.0313112, 0.0313112, 0.0313112, 0.0313112, 0.0313112, 0.0313112, 0.0313112, 0.0313112, 0.0313112, 0.0313112, 0.0313112, 0.0313112, 0.0313112, 0.0313112, 0.0313112, 0.0313112, 0.0313112, 0.0313112, 0.0313112, 0.0313112, 0.0313112, 0.0313112, 0.0313112, 0.0313112, 0.0313112, 0.0313112, 0.0313112, 0.0313112, 0.0313112, 0.0313112, 0.0313112, 0.0313112, 0.0313112, 0.0313112, 0.0313112, 0.0313112, 0.0313112, 0.0313112, 0.0313112, 0.0313112, 0.0313112, 0.0313112, 0.0313112, 0.0313112, 0.0313112, 0.0313112, 0.0313112, 0.0313112, 0.0313112, 0.0313112, 0.0313112, 0.0313112, 0.0313112, 0.0313112, 0.0313112, 0.0313112, 0.0313112, 0.0313112, 0.0313112, 0.0313112, 0.0313112, 0.0313112, 0.0313112, 0.0313112, 0.0313112, 0.0313112, 0.0313112, 0.0313112, 0.0313112, 0.0313112, 0.0313112, 0.0313112, 0.0313112, 0.0313112, 0.0313112, 0.0313112, 0.0313112, 0.0313112, 0.0313112, 0.0313112, 0.0313112, 0.0313112, 0.0313112, 0.0313112, 0.0313112, 0.0313112, 0.0313112, 0.0313112, 0.0313112, 0.0313112, 0.0313112, 0.0313112, 0.0313112, 0.0313112, 0.0313112, 0.0313112, 0.0313112, 0.0313112, 0.0313112, 0.0313112, 0.0313112, 0.0313112, 0.0313112, 0.0313112, 0.0313112, 0.0313112, 0.0313112, 0.0313112, 0.0313112, 0.0313112, 0.0313112, 0.0313112, 0.0313112, 0.0313112, 0.0313112, 0.0313112, 0.0313112, 0.0313112, 0.0313112, 0.0313112, 0.0313112, 0.0313112, 0.0313112, 0.0313112, 0.0313112, 0.0313112, 0.0313112, 0.0313112, 0.0313112, 0.0313112, 0.0313112, 0.0313112, 0.0313112, 0.0313112, 0.0313112, 0.0313112, 0.0313112, 0.0313112, 0.0313112, 0.0313112, 0.0313112, 0.0313112, 0.0313112, 0.0313112, 0.0313112, 0.0313112, 0.0313112, 0.0313112, 0.0313112, 0.0313112, 0.0313112, 0.0313112, 0.0313112, 0.0313112, 0.0313112, 0.0313112, 0.0313112, 0.0313112, 0.0313112, 0.0313112, 0.0313112, 0.0313112, 0.0313112, 0.0313112, 0.0313112, 0.0313112, 0.0313112, 0.0313112, 0.0313112, 0.0313112, 0.0313112, 0.0313112, 0.0313112, 0.0313112, 0.0313112, 0.0313112, 0.0313112, 0.0313112, 0.0313112, 0.0313112, 0.0313112, 0.0313112, 0.0313112, 0.0313112, 0.0313112, 0.0313112, 0.0313112, 0.0313112, 0.0313112, 0.0313112, 0.0313112, 0.0313112, 0.0313112, 0.0313112, 0.0313112, 0.0313112, 0.0313112, 0.0313112, 0.0313112, 0.0313112, 0.0313112, 0.0313112, 0.0313112, 0.0313112, 0.0313112, 0.0313112, 0.0313112, 0.0313112, 0.0313112, 0.0313112, 0.0313112, 0.0313112, 0.0313112, 0.0313112, 0.0313112, 0.0313112, 0.0313112, 0.0313112, 0.0313112, 0.0313112, 0.0313112, 0.0313112, 0.0313112, 0.0313112, 0.0313112, 0.0313112, 0.0313112, 0.0313112, 0.0313112, 0.0313112, 0.0313112, 0.0313112, 0.0313112, 0.0313112, 0.0313112, 0.0313112, 0.0313112, 0.0313112, 0.0313112, 0.0313112, 0.0313112, 0.0313112]",1,,,True
norm__sph_d256_c3_s42,0.0031659023370593786,0.0031206710264086723,0.0031659023370593786,32.0,2.086162567138672e-07,0.0031740397680550814,0.0031740397680550814,-486.26885986328125,-486.26885986328125,-486.29193115234375,-486.33953857421875,0.006387113593518734,0.0,1.0,0.0738196074962616,0.1426408290863037,0.030621245503425598,0.13249830901622772,9.999999974752427e-07,1.5828778487048112e-05,0.8637924194335938,1.5991452932357788,1.8513075113296509,0.36358842253685,0.42092105746269226,0.0001366138458251953,0.00013875961303710938,1.0157067775726318,0.00013577938079833984,0.9938917756080627,0.49016666412353516,0.7544311285018921,0.4973333477973938,0.7544311285018921,0.44966667890548706,1.5522522926330566,0.5111666321754456,1.5522522926330566,0.49016666412353516,0.7018906474113464,0.4973333477973938,0.7018906474113464,0.8640273213386536,0.0015599473845213652,553.8823852539062,1.6103781461715698,0.0015539282467216253,1036.3272705078125,0.5344666838645935,0.3747554123401642,8.155397517839447e-05,4595.1826171875,0.12053544819355011,0.00016648373275529593,8.010191777430009e-06,20.78398895263672,0.0001733938988763839,6.568325261468999e-06,26.398494720458984,0.7873172163963318,0.00016602278628852218,5.979109573672758e-06,27.767141342163086,0.7485102415084839,0.6951547861099243,0.695318341255188,0.9997648000717163,2.183000326156616,2.186633586883545,0.9983384013175964,0.3267674446105957,0.3267388343811035,1.0000876188278198,0.8955791592597961,0.8955259323120117,1.0000593662261963,2.0781943798065186,2.0794737339019775,0.9993847608566284,0.8078330755233765,0.8077770471572876,1.0000693798065186,2.353742201144371e-13,1.708842928271892e-10,2.866944187417005e-22,1.7388920692173803e-16,1.7064891166818086e-10,1.052722294644752e-13,5.792240857755315e-23,1.7077901592887912e-10,1.0,0.8955909013748169,sphere,3.0,256,gaussian,gaussian,60000,0.3,0.3,"[0.0, 0.0, 0.0, 0.0, 0.0, 0.0, 0.0, 0.0, 0.0, 0.0, 0.0, 0.0, 0.0, 0.0, 0.0, 0.0, 0.0, 0.0, 0.0, 0.0, 0.0, 0.0, 0.0, 0.0, 0.0, 0.0, 0.0, 0.0, 0.0, 0.0, 0.0, 0.0, 0.0, 0.0, 0.0, 0.0, 0.0, 0.0, 0.0, 0.0, 0.0, 0.0, 0.0, 0.0, 0.0, 0.0, 0.0, 0.0, 0.0, 0.0, 0.0, 0.0, 0.0, 0.0, 0.0, 0.0, 0.0, 0.0, 0.0, 0.0, 0.0, 0.0, 0.0, 0.0, 0.0, 0.0, 0.0, 0.0, 0.0, 0.0, 0.0, 0.0, 0.0, 0.0, 0.0, 0.0, 0.0, 0.0, 0.0, 0.0, 0.0, 0.0, 0.0, 0.0, 0.0, 0.0, 0.0, 0.0, 0.0, 0.0, 0.0, 0.0, 0.0, 0.0, 0.0, 0.0, 0.0, 0.0, 0.0, 0.0, 0.0, 0.0, 0.0, 0.0, 0.0, 0.0, 0.0, 0.0, 0.0, 0.0, 0.0, 0.0, 0.0, 0.0, 0.0, 0.0, 0.0, 0.0, 0.0, 0.0, 0.0, 0.0, 0.0, 0.0, 0.0, 0.0, 0.0, 0.0, 0.0, 0.0, 0.0, 0.0, 0.0, 0.0, 0.0, 0.0, 0.0, 0.0, 0.0, 0.0, 0.0, 0.0, 0.0, 0.0, 0.0, 0.0, 0.0, 0.0, 0.0, 0.0, 0.0, 0.0, 0.0, 0.0, 0.0, 0.0, 0.0, 0.0, 0.0, 0.0, 0.0, 0.0, 0.0, 0.0, 0.0, 0.0, 0.0, 0.0, 0.0, 0.0, 0.0, 0.0, 0.0, 0.0, 0.0, 0.0, 0.0, 0.0, 0.0, 0.0, 0.0, 0.0, 0.0, 0.0, 0.0, 0.0, 0.0, 0.0, 0.0, 0.0, 0.0, 0.0, 0.0, 0.0, 0.0, 0.0, 0.0, 0.0, 0.0, 0.0, 0.0, 0.0, 0.0, 0.0, 0.0, 0.0, 0.0, 0.0, 0.0, 0.0, 0.0, 0.0, 0.0, 0.0, 0.0, 0.0, 0.0, 0.0, 0.0, 0.0, 0.0, 0.0, 0.0, 0.0, 0.0, 0.0, 0.0, 0.0, 0.0, 0.0, 0.0, 0.0, 0.0, 0.0, 0.0, 0.0, 0.0, 0.0, 0.0, 0.0, 0.0, 0.0, 0.0, 0.0, 0.0, 0.0, 0.0, 0.0, 0.0, 0.0, 0.0, 0.0, 0.0, 0.0, 0.0, 0.0]","[0.0, 0.0313112, 0.0313112, 0.0313112, 0.0313112, 0.0313112, 0.0313112, 0.0313112, 0.0313112, 0.0313112, 0.0313112, 0.0313112, 0.0313112, 0.0313112, 0.0313112, 0.0313112, 0.0313112, 0.0313112, 0.0313112, 0.0313112, 0.0313112, 0.0313112, 0.0313112, 0.0313112, 0.0313112, 0.0313112, 0.0313112, 0.0313112, 0.0313112, 0.0313112, 0.0313112, 0.0313112, 0.0313112, 0.0313112, 0.0313112, 0.0313112, 0.0313112, 0.0313112, 0.0313112, 0.0313112, 0.0313112, 0.0313112, 0.0313112, 0.0313112, 0.0313112, 0.0313112, 0.0313112, 0.0313112, 0.0313112, 0.0313112, 0.0313112, 0.0313112, 0.0313112, 0.0313112, 0.0313112, 0.0313112, 0.0313112, 0.0313112, 0.0313112, 0.0313112, 0.0313112, 0.0313112, 0.0313112, 0.0313112, 0.0313112, 0.0313112, 0.0313112, 0.0313112, 0.0313112, 0.0313112, 0.0313112, 0.0313112, 0.0313112, 0.0313112, 0.0313112, 0.0313112, 0.0313112, 0.0313112, 0.0313112, 0.0313112, 0.0313112, 0.0313112, 0.0313112, 0.0313112, 0.0313112, 0.0313112, 0.0313112, 0.0313112, 0.0313112, 0.0313112, 0.0313112, 0.0313112, 0.0313112, 0.0313112, 0.0313112, 0.0313112, 0.0313112, 0.0313112, 0.0313112, 0.0313112, 0.0313112, 0.0313112, 0.0313112, 0.0313112, 0.0313112, 0.0313112, 0.0313112, 0.0313112, 0.0313112, 0.0313112, 0.0313112, 0.0313112, 0.0313112, 0.0313112, 0.0313112, 0.0313112, 0.0313112, 0.0313112, 0.0313112, 0.0313112, 0.0313112, 0.0313112, 0.0313112, 0.0313112, 0.0313112, 0.0313112, 0.0313112, 0.0313112, 0.0313112, 0.0313112, 0.0313112, 0.0313112, 0.0313112, 0.0313112, 0.0313112, 0.0313112, 0.0313112, 0.0313112, 0.0313112, 0.0313112, 0.0313112, 0.0313112, 0.0313112, 0.0313112, 0.0313112, 0.0313112, 0.0313112, 0.0313112, 0.0313112, 0.0313112, 0.0313112, 0.0313112, 0.0313112, 0.0313112, 0.0313112, 0.0313112, 0.0313112, 0.0313112, 0.0313112, 0.0313112, 0.0313112, 0.0313112, 0.0313112, 0.0313112, 0.0313112, 0.0313112, 0.0313112, 0.0313112, 0.0313112, 0.0313112, 0.0313112, 0.0313112, 0.0313112, 0.0313112, 0.0313112, 0.0313112, 0.0313112, 0.0313112, 0.0313112, 0.0313112, 0.0313112, 0.0313112, 0.0313112, 0.0313112, 0.0313112, 0.0313112, 0.0313112, 0.0313112, 0.0313112, 0.0313112, 0.0313112, 0.0313112, 0.0313112, 0.0313112, 0.0313112, 0.0313112, 0.0313112, 0.0313112, 0.0313112, 0.0313112, 0.0313112, 0.0313112, 0.0313112, 0.0313112, 0.0313112, 0.0313112, 0.0313112, 0.0313112, 0.0313112, 0.0313112, 0.0313112, 0.0313112, 0.0313112, 0.0313112, 0.0313112, 0.0313112, 0.0313112, 0.0313112, 0.0313112, 0.0313112, 0.0313112, 0.0313112, 0.0313112, 0.0313112, 0.0313112, 0.0313112, 0.0313112, 0.0313112, 0.0313112, 0.0313112, 0.0313112, 0.0313112, 0.0313112, 0.0313112, 0.0313112, 0.0313112, 0.0313112, 0.0313112, 0.0313112, 0.0313112, 0.0313112, 0.0313112, 0.0313112, 0.0313112, 0.0313112, 0.0313112, 0.0313112, 0.0313112, 0.0313112, 0.0313112, 0.0313112, 0.0313112, 0.0313112, 0.0313112, 0.0313112, 0.0313112]",1,,,True
norm__sph_d256_c3_s50,0.0031653197947889566,0.0031406863126903772,0.0031653197947889566,32.0,9.934107225717526e-08,0.0031747068278491497,0.0031747068278491497,-486.3468017578125,-486.3468017578125,-486.34674072265625,-486.354248046875,0.0062612565234303474,0.0,1.0,0.07308895885944366,0.1405753642320633,0.03031391091644764,0.1302458792924881,9.999999974752427e-07,1.600681571289897e-05,0.8644402027130127,1.5977274179458618,1.8482798337936401,0.3634883761405945,0.4204899072647095,0.0001404285430908203,0.0001417398452758789,1.0093379020690918,0.00013780593872070312,0.9813241958618164,0.5009999871253967,0.7545145153999329,0.5034999847412109,0.7545145153999329,0.527999997138977,1.5874348878860474,0.5103332996368408,1.5874348878860474,0.5009999871253967,0.7019568085670471,0.5034999847412109,0.7019568085670471,0.864448070526123,0.0008758334442973137,987.0006103515625,1.6088262796401978,0.0012536309659481049,1283.333251953125,0.7690913677215576,0.37464356422424316,7.44945791666396e-05,5029.138671875,0.1962563842535019,0.00017233689140994102,8.815171895548701e-06,19.550033569335938,0.00017405750986654311,5.632047304970911e-06,30.904836654663086,0.6325882077217102,0.00016638041415717453,7.045505753922043e-06,23.6151123046875,0.8278611898422241,0.6937965750694275,0.6943888068199158,0.9991470575332642,2.179204225540161,2.1842191219329834,0.997704029083252,0.32664045691490173,0.3266608417034149,0.9999375939369202,0.8953574895858765,0.8953930139541626,0.9999603033065796,2.076270341873169,2.0784716606140137,0.9989409446716309,0.8076693415641785,0.8076891899108887,0.999975323677063,3.869947710812699e-13,4.0500311166823816e-14,3.3007487703998815e-22,4.458285271179999e-24,-3.464944531381825e-13,1.5278595988203747e-13,4.893356575450043e-23,-1.1228565549147723e-13,1.0,0.895072340965271,sphere,3.0,256,gaussian,gaussian,60000,0.3,0.3,"[0.0, 0.0, 0.0, 0.0, 0.0, 0.0, 0.0, 0.0, 0.0, 0.0, 0.0, 0.0, 0.0, 0.0, 0.0, 0.0, 0.0, 0.0, 0.0, 0.0, 0.0, 0.0, 0.0, 0.0, 0.0, 0.0, 0.0, 0.0, 0.0, 0.0, 0.0, 0.0, 0.0, 0.0, 0.0, 0.0, 0.0, 0.0, 0.0, 0.0, 0.0, 0.0, 0.0, 0.0, 0.0, 0.0, 0.0, 0.0, 0.0, 0.0, 0.0, 0.0, 0.0, 0.0, 0.0, 0.0, 0.0, 0.0, 0.0, 0.0, 0.0, 0.0, 0.0, 0.0, 0.0, 0.0, 0.0, 0.0, 0.0, 0.0, 0.0, 0.0, 0.0, 0.0, 0.0, 0.0, 0.0, 0.0, 0.0, 0.0, 0.0, 0.0, 0.0, 0.0, 0.0, 0.0, 0.0, 0.0, 0.0, 0.0, 0.0, 0.0, 0.0, 0.0, 0.0, 0.0, 0.0, 0.0, 0.0, 0.0, 0.0, 0.0, 0.0, 0.0, 0.0, 0.0, 0.0, 0.0, 0.0, 0.0, 0.0, 0.0, 0.0, 0.0, 0.0, 0.0, 0.0, 0.0, 0.0, 0.0, 0.0, 0.0, 0.0, 0.0, 0.0, 0.0, 0.0, 0.0, 0.0, 0.0, 0.0, 0.0, 0.0, 0.0, 0.0, 0.0, 0.0, 0.0, 0.0, 0.0, 0.0, 0.0, 0.0, 0.0, 0.0, 0.0, 0.0, 0.0, 0.0, 0.0, 0.0, 0.0, 0.0, 0.0, 0.0, 0.0, 0.0, 0.0, 0.0, 0.0, 0.0, 0.0, 0.0, 0.0, 0.0, 0.0, 0.0, 0.0, 0.0, 0.0, 0.0, 0.0, 0.0, 0.0, 0.0, 0.0, 0.0, 0.0, 0.0, 0.0, 0.0, 0.0, 0.0, 0.0, 0.0, 0.0, 0.0, 0.0, 0.0, 0.0, 0.0, 0.0, 0.0, 0.0, 0.0, 0.0, 0.0, 0.0, 0.0, 0.0, 0.0, 0.0, 0.0, 0.0, 0.0, 0.0, 0.0, 0.0, 0.0, 0.0, 0.0, 0.0, 0.0, 0.0, 0.0, 0.0, 0.0, 0.0, 0.0, 0.0, 0.0, 0.0, 0.0, 0.0, 0.0, 0.0, 0.0, 0.0, 0.0, 0.0, 0.0, 0.0, 0.0, 0.0, 0.0, 0.0, 0.0, 0.0, 0.0, 0.0, 0.0, 0.0, 0.0, 0.0, 0.0, 0.0, 0.0, 0.0, 0.0, 0.0, 0.0, 0.0, 0.0, 0.0, 0.0, 0.0]","[0.0, 0.0313112, 0.0313112, 0.0313112, 0.0313112, 0.0313112, 0.0313112, 0.0313112, 0.0313112, 0.0313112, 0.0313112, 0.0313112, 0.0313112, 0.0313112, 0.0313112, 0.0313112, 0.0313112, 0.0313112, 0.0313112, 0.0313112, 0.0313112, 0.0313112, 0.0313112, 0.0313112, 0.0313112, 0.0313112, 0.0313112, 0.0313112, 0.0313112, 0.0313112, 0.0313112, 0.0313112, 0.0313112, 0.0313112, 0.0313112, 0.0313112, 0.0313112, 0.0313112, 0.0313112, 0.0313112, 0.0313112, 0.0313112, 0.0313112, 0.0313112, 0.0313112, 0.0313112, 0.0313112, 0.0313112, 0.0313112, 0.0313112, 0.0313112, 0.0313112, 0.0313112, 0.0313112, 0.0313112, 0.0313112, 0.0313112, 0.0313112, 0.0313112, 0.0313112, 0.0313112, 0.0313112, 0.0313112, 0.0313112, 0.0313112, 0.0313112, 0.0313112, 0.0313112, 0.0313112, 0.0313112, 0.0313112, 0.0313112, 0.0313112, 0.0313112, 0.0313112, 0.0313112, 0.0313112, 0.0313112, 0.0313112, 0.0313112, 0.0313112, 0.0313112, 0.0313112, 0.0313112, 0.0313112, 0.0313112, 0.0313112, 0.0313112, 0.0313112, 0.0313112, 0.0313112, 0.0313112, 0.0313112, 0.0313112, 0.0313112, 0.0313112, 0.0313112, 0.0313112, 0.0313112, 0.0313112, 0.0313112, 0.0313112, 0.0313112, 0.0313112, 0.0313112, 0.0313112, 0.0313112, 0.0313112, 0.0313112, 0.0313112, 0.0313112, 0.0313112, 0.0313112, 0.0313112, 0.0313112, 0.0313112, 0.0313112, 0.0313112, 0.0313112, 0.0313112, 0.0313112, 0.0313112, 0.0313112, 0.0313112, 0.0313112, 0.0313112, 0.0313112, 0.0313112, 0.0313112, 0.0313112, 0.0313112, 0.0313112, 0.0313112, 0.0313112, 0.0313112, 0.0313112, 0.0313112, 0.0313112, 0.0313112, 0.0313112, 0.0313112, 0.0313112, 0.0313112, 0.0313112, 0.0313112, 0.0313112, 0.0313112, 0.0313112, 0.0313112, 0.0313112, 0.0313112, 0.0313112, 0.0313112, 0.0313112, 0.0313112, 0.0313112, 0.0313112, 0.0313112, 0.0313112, 0.0313112, 0.0313112, 0.0313112, 0.0313112, 0.0313112, 0.0313112, 0.0313112, 0.0313112, 0.0313112, 0.0313112, 0.0313112, 0.0313112, 0.0313112, 0.0313112, 0.0313112, 0.0313112, 0.0313112, 0.0313112, 0.0313112, 0.0313112, 0.0313112, 0.0313112, 0.0313112, 0.0313112, 0.0313112, 0.0313112, 0.0313112, 0.0313112, 0.0313112, 0.0313112, 0.0313112, 0.0313112, 0.0313112, 0.0313112, 0.0313112, 0.0313112, 0.0313112, 0.0313112, 0.0313112, 0.0313112, 0.0313112, 0.0313112, 0.0313112, 0.0313112, 0.0313112, 0.0313112, 0.0313112, 0.0313112, 0.0313112, 0.0313112, 0.0313112, 0.0313112, 0.0313112, 0.0313112, 0.0313112, 0.0313112, 0.0313112, 0.0313112, 0.0313112, 0.0313112, 0.0313112, 0.0313112, 0.0313112, 0.0313112, 0.0313112, 0.0313112, 0.0313112, 0.0313112, 0.0313112, 0.0313112, 0.0313112, 0.0313112, 0.0313112, 0.0313112, 0.0313112, 0.0313112, 0.0313112, 0.0313112, 0.0313112, 0.0313112, 0.0313112, 0.0313112, 0.0313112, 0.0313112, 0.0313112, 0.0313112, 0.0313112, 0.0313112, 0.0313112, 0.0313112, 0.0313112, 0.0313112, 0.0313112, 0.0313112, 0.0313112, 0.0313112, 0.0313112]",1,,,True
norm__sph_d256_c5_s34,0.0019009194802492857,0.0019060967024415731,0.0019009194802492857,32.0,1.986821445143505e-07,0.0019015215802937746,0.0019015215802937746,-551.3904418945312,-551.3904418945312,-551.4180297851562,-551.43408203125,0.0036164498887956142,0.0,1.0,0.05564911291003227,0.10760883241891861,0.022792452946305275,0.09921735525131226,9.999999974752427e-07,2.08964993362315e-05,0.6732723712921143,1.5968650579452515,2.3717966079711914,0.1863570511341095,0.2767929434776306,0.0001418590545654297,0.0001404285430908203,0.9899159073829651,0.00013935565948486328,0.9823529720306396,0.5055000185966492,0.5849912762641907,0.5011666417121887,0.5849912762641907,0.4501666724681854,1.5659615993499756,0.5109999775886536,1.5659615993499756,0.5055000185966492,0.5441674590110779,0.5011666417121887,0.5441674590110779,0.674119234085083,0.0008289400138892233,813.2304077148438,1.6081370115280151,0.001360404770821333,1182.101806640625,0.6879529356956482,0.1972692608833313,5.371297083911486e-05,3672.65625,0.22142840921878815,0.00017569860210642219,1.0651125194272026e-05,16.495779037475586,0.00017392636800650507,8.230652383645065e-06,21.131540298461914,0.7806236147880554,0.00017267069779336452,8.079270628513768e-06,21.3720645904541,0.771838366985321,0.41617855429649353,0.4164869785308838,0.9992594122886658,2.1751441955566406,2.183483123779297,0.9961808919906616,0.19598588347434998,0.19599944353103638,0.9999307990074158,0.6935436725616455,0.6935743689537048,0.9999557137489319,2.0745248794555664,2.0784192085266113,0.9981263279914856,0.6256240606307983,0.6256458163261414,0.999965250492096,6.277171436721435e-14,2.25879575460608e-11,1.830994912621911e-23,3.012704494276587e-18,2.2525188311806055e-11,1.706197947412124e-14,1.1919438800628212e-24,2.2570894805951092e-11,1.0,0.6935225129127502,sphere,5.0,256,gaussian,gaussian,60000,0.3,0.3,"[0.0, 0.0, 0.0, 0.0, 0.0, 0.0, 0.0, 0.0, 0.0, 0.0, 0.0, 0.0, 0.0, 0.0, 0.0, 0.0, 0.0, 0.0, 0.0, 0.0, 0.0, 0.0, 0.0, 0.0, 0.0, 0.0, 0.0, 0.0, 0.0, 0.0, 0.0, 0.0, 0.0, 0.0, 0.0, 0.0, 0.0, 0.0, 0.0, 0.0, 0.0, 0.0, 0.0, 0.0, 0.0, 0.0, 0.0, 0.0, 0.0, 0.0, 0.0, 0.0, 0.0, 0.0, 0.0, 0.0, 0.0, 0.0, 0.0, 0.0, 0.0, 0.0, 0.0, 0.0, 0.0, 0.0, 0.0, 0.0, 0.0, 0.0, 0.0, 0.0, 0.0, 0.0, 0.0, 0.0, 0.0, 0.0, 0.0, 0.0, 0.0, 0.0, 0.0, 0.0, 0.0, 0.0, 0.0, 0.0, 0.0, 0.0, 0.0, 0.0, 0.0, 0.0, 0.0, 0.0, 0.0, 0.0, 0.0, 0.0, 0.0, 0.0, 0.0, 0.0, 0.0, 0.0, 0.0, 0.0, 0.0, 0.0, 0.0, 0.0, 0.0, 0.0, 0.0, 0.0, 0.0, 0.0, 0.0, 0.0, 0.0, 0.0, 0.0, 0.0, 0.0, 0.0, 0.0, 0.0, 0.0, 0.0, 0.0, 0.0, 0.0, 0.0, 0.0, 0.0, 0.0, 0.0, 0.0, 0.0, 0.0, 0.0, 0.0, 0.0, 0.0, 0.0, 0.0, 0.0, 0.0, 0.0, 0.0, 0.0, 0.0, 0.0, 0.0, 0.0, 0.0, 0.0, 0.0, 0.0, 0.0, 0.0, 0.0, 0.0, 0.0, 0.0, 0.0, 0.0, 0.0, 0.0, 0.0, 0.0, 0.0, 0.0, 0.0, 0.0, 0.0, 0.0, 0.0, 0.0, 0.0, 0.0, 0.0, 0.0, 0.0, 0.0, 0.0, 0.0, 0.0, 0.0, 0.0, 0.0, 0.0, 0.0, 0.0, 0.0, 0.0, 0.0, 0.0, 0.0, 0.0, 0.0, 0.0, 0.0, 0.0, 0.0, 0.0, 0.0, 0.0, 0.0, 0.0, 0.0, 0.0, 0.0, 0.0, 0.0, 0.0, 0.0, 0.0, 0.0, 0.0, 0.0, 0.0, 0.0, 0.0, 0.0, 0.0, 0.0, 0.0, 0.0, 0.0, 0.0, 0.0, 0.0, 0.0, 0.0, 0.0, 0.0, 0.0, 0.0, 0.0, 0.0, 0.0, 0.0, 0.0, 0.0, 0.0, 0.0, 0.0, 0.0, 0.0, 0.0, 0.0, 0.0, 0.0, 0.0]","[0.0, 0.0313112, 0.0313112, 0.0313112, 0.0313112, 0.0313112, 0.0313112, 0.0313112, 0.0313112, 0.0313112, 0.0313112, 0.0313112, 0.0313112, 0.0313112, 0.0313112, 0.0313112, 0.0313112, 0.0313112, 0.0313112, 0.0313112, 0.0313112, 0.0313112, 0.0313112, 0.0313112, 0.0313112, 0.0313112, 0.0313112, 0.0313112, 0.0313112, 0.0313112, 0.0313112, 0.0313112, 0.0313112, 0.0313112, 0.0313112, 0.0313112, 0.0313112, 0.0313112, 0.0313112, 0.0313112, 0.0313112, 0.0313112, 0.0313112, 0.0313112, 0.0313112, 0.0313112, 0.0313112, 0.0313112, 0.0313112, 0.0313112, 0.0313112, 0.0313112, 0.0313112, 0.0313112, 0.0313112, 0.0313112, 0.0313112, 0.0313112, 0.0313112, 0.0313112, 0.0313112, 0.0313112, 0.0313112, 0.0313112, 0.0313112, 0.0313112, 0.0313112, 0.0313112, 0.0313112, 0.0313112, 0.0313112, 0.0313112, 0.0313112, 0.0313112, 0.0313112, 0.0313112, 0.0313112, 0.0313112, 0.0313112, 0.0313112, 0.0313112, 0.0313112, 0.0313112, 0.0313112, 0.0313112, 0.0313112, 0.0313112, 0.0313112, 0.0313112, 0.0313112, 0.0313112, 0.0313112, 0.0313112, 0.0313112, 0.0313112, 0.0313112, 0.0313112, 0.0313112, 0.0313112, 0.0313112, 0.0313112, 0.0313112, 0.0313112, 0.0313112, 0.0313112, 0.0313112, 0.0313112, 0.0313112, 0.0313112, 0.0313112, 0.0313112, 0.0313112, 0.0313112, 0.0313112, 0.0313112, 0.0313112, 0.0313112, 0.0313112, 0.0313112, 0.0313112, 0.0313112, 0.0313112, 0.0313112, 0.0313112, 0.0313112, 0.0313112, 0.0313112, 0.0313112, 0.0313112, 0.0313112, 0.0313112, 0.0313112, 0.0313112, 0.0313112, 0.0313112, 0.0313112, 0.0313112, 0.0313112, 0.0313112, 0.0313112, 0.0313112, 0.0313112, 0.0313112, 0.0313112, 0.0313112, 0.0313112, 0.0313112, 0.0313112, 0.0313112, 0.0313112, 0.0313112, 0.0313112, 0.0313112, 0.0313112, 0.0313112, 0.0313112, 0.0313112, 0.0313112, 0.0313112, 0.0313112, 0.0313112, 0.0313112, 0.0313112, 0.0313112, 0.0313112, 0.0313112, 0.0313112, 0.0313112, 0.0313112, 0.0313112, 0.0313112, 0.0313112, 0.0313112, 0.0313112, 0.0313112, 0.0313112, 0.0313112, 0.0313112, 0.0313112, 0.0313112, 0.0313112, 0.0313112, 0.0313112, 0.0313112, 0.0313112, 0.0313112, 0.0313112, 0.0313112, 0.0313112, 0.0313112, 0.0313112, 0.0313112, 0.0313112, 0.0313112, 0.0313112, 0.0313112, 0.0313112, 0.0313112, 0.0313112, 0.0313112, 0.0313112, 0.0313112, 0.0313112, 0.0313112, 0.0313112, 0.0313112, 0.0313112, 0.0313112, 0.0313112, 0.0313112, 0.0313112, 0.0313112, 0.0313112, 0.0313112, 0.0313112, 0.0313112, 0.0313112, 0.0313112, 0.0313112, 0.0313112, 0.0313112, 0.0313112, 0.0313112, 0.0313112, 0.0313112, 0.0313112, 0.0313112, 0.0313112, 0.0313112, 0.0313112, 0.0313112, 0.0313112, 0.0313112, 0.0313112, 0.0313112, 0.0313112, 0.0313112, 0.0313112, 0.0313112, 0.0313112, 0.0313112, 0.0313112, 0.0313112, 0.0313112, 0.0313112, 0.0313112, 0.0313112, 0.0313112, 0.0313112, 0.0313112, 0.0313112, 0.0313112, 0.0313112, 0.0313112, 0.0313112, 0.0313112]",1,,,True
norm__sph_d256_c5_s42,0.001899936469271779,0.0018888663034886122,0.001899936469271779,32.0,2.5828680350059585e-07,0.001905097160488367,0.001905097160488367,-551.402587890625,-551.402587890625,-551.43505859375,-551.489990234375,0.0035618667025119066,0.0,1.0,0.054765522480010986,0.10595154017210007,0.023717734962701797,0.09877534955739975,9.999999974752427e-07,2.1779187591164373e-05,0.6736205220222473,1.5981178283691406,2.3724303245544434,0.1863373965024948,0.2766207456588745,0.00014531612396240234,0.0001442432403564453,0.9926168322563171,0.00014257431030273438,0.9811320900917053,0.4896666705608368,0.5843799114227295,0.4970000088214874,0.5843799114227295,0.4505000114440918,1.5522526502609253,0.5146666765213013,1.5522526502609253,0.4896666705608368,0.5436821579933167,0.4970000088214874,0.5436821579933167,0.6737850904464722,0.0008987361798062921,749.7029418945312,1.609351396560669,0.0015531143872067332,1036.209228515625,0.7235053181648254,0.1972571462392807,6.164241494843736e-05,3200.022705078125,0.23428048193454742,0.00017379125347360969,8.427203283645213e-06,20.622648239135742,0.00017891725292429328,6.6292204792262055e-06,26.989181518554688,0.764107882976532,0.00017197926354128867,6.489035968115786e-06,26.503055572509766,0.7781234383583069,0.41656729578971863,0.4171910881996155,0.9985046982765198,2.1784768104553223,2.1866343021392822,0.9962693452835083,0.19601736962795258,0.19604329764842987,0.9998677372932434,0.6936155557632446,0.693671464920044,0.9999194145202637,2.0760304927825928,2.0794737339019775,0.9983441829681396,0.6256742477416992,0.625701367855072,0.9999567270278931,2.5233751177987374e-13,1.7087070647292535e-10,3.2844101357664336e-22,1.7386137394848685e-16,1.7061836665721586e-10,1.0526724891074535e-13,5.791667198105039e-23,1.7076544345240308e-10,1.0,0.6936783194541931,sphere,5.0,256,gaussian,gaussian,60000,0.3,0.3,"[0.0, 0.0, 0.0, 0.0, 0.0, 0.0, 0.0, 0.0, 0.0, 0.0, 0.0, 0.0, 0.0, 0.0, 0.0, 0.0, 0.0, 0.0, 0.0, 0.0, 0.0, 0.0, 0.0, 0.0, 0.0, 0.0, 0.0, 0.0, 0.0, 0.0, 0.0, 0.0, 0.0, 0.0, 0.0, 0.0, 0.0, 0.0, 0.0, 0.0, 0.0, 0.0, 0.0, 0.0, 0.0, 0.0, 0.0, 0.0, 0.0, 0.0, 0.0, 0.0, 0.0, 0.0, 0.0, 0.0, 0.0, 0.0, 0.0, 0.0, 0.0, 0.0, 0.0, 0.0, 0.0, 0.0, 0.0, 0.0, 0.0, 0.0, 0.0, 0.0, 0.0, 0.0, 0.0, 0.0, 0.0, 0.0, 0.0, 0.0, 0.0, 0.0, 0.0, 0.0, 0.0, 0.0, 0.0, 0.0, 0.0, 0.0, 0.0, 0.0, 0.0, 0.0, 0.0, 0.0, 0.0, 0.0, 0.0, 0.0, 0.0, 0.0, 0.0, 0.0, 0.0, 0.0, 0.0, 0.0, 0.0, 0.0, 0.0, 0.0, 0.0, 0.0, 0.0, 0.0, 0.0, 0.0, 0.0, 0.0, 0.0, 0.0, 0.0, 0.0, 0.0, 0.0, 0.0, 0.0, 0.0, 0.0, 0.0, 0.0, 0.0, 0.0, 0.0, 0.0, 0.0, 0.0, 0.0, 0.0, 0.0, 0.0, 0.0, 0.0, 0.0, 0.0, 0.0, 0.0, 0.0, 0.0, 0.0, 0.0, 0.0, 0.0, 0.0, 0.0, 0.0, 0.0, 0.0, 0.0, 0.0, 0.0, 0.0, 0.0, 0.0, 0.0, 0.0, 0.0, 0.0, 0.0, 0.0, 0.0, 0.0, 0.0, 0.0, 0.0, 0.0, 0.0, 0.0, 0.0, 0.0, 0.0, 0.0, 0.0, 0.0, 0.0, 0.0, 0.0, 0.0, 0.0, 0.0, 0.0, 0.0, 0.0, 0.0, 0.0, 0.0, 0.0, 0.0, 0.0, 0.0, 0.0, 0.0, 0.0, 0.0, 0.0, 0.0, 0.0, 0.0, 0.0, 0.0, 0.0, 0.0, 0.0, 0.0, 0.0, 0.0, 0.0, 0.0, 0.0, 0.0, 0.0, 0.0, 0.0, 0.0, 0.0, 0.0, 0.0, 0.0, 0.0, 0.0, 0.0, 0.0, 0.0, 0.0, 0.0, 0.0, 0.0, 0.0, 0.0, 0.0, 0.0, 0.0, 0.0, 0.0, 0.0, 0.0, 0.0, 0.0, 0.0, 0.0, 0.0, 0.0, 0.0, 0.0, 0.0]","[0.0, 0.0313112, 0.0313112, 0.0313112, 0.0313112, 0.0313112, 0.0313112, 0.0313112, 0.0313112, 0.0313112, 0.0313112, 0.0313112, 0.0313112, 0.0313112, 0.0313112, 0.0313112, 0.0313112, 0.0313112, 0.0313112, 0.0313112, 0.0313112, 0.0313112, 0.0313112, 0.0313112, 0.0313112, 0.0313112, 0.0313112, 0.0313112, 0.0313112, 0.0313112, 0.0313112, 0.0313112, 0.0313112, 0.0313112, 0.0313112, 0.0313112, 0.0313112, 0.0313112, 0.0313112, 0.0313112, 0.0313112, 0.0313112, 0.0313112, 0.0313112, 0.0313112, 0.0313112, 0.0313112, 0.0313112, 0.0313112, 0.0313112, 0.0313112, 0.0313112, 0.0313112, 0.0313112, 0.0313112, 0.0313112, 0.0313112, 0.0313112, 0.0313112, 0.0313112, 0.0313112, 0.0313112, 0.0313112, 0.0313112, 0.0313112, 0.0313112, 0.0313112, 0.0313112, 0.0313112, 0.0313112, 0.0313112, 0.0313112, 0.0313112, 0.0313112, 0.0313112, 0.0313112, 0.0313112, 0.0313112, 0.0313112, 0.0313112, 0.0313112, 0.0313112, 0.0313112, 0.0313112, 0.0313112, 0.0313112, 0.0313112, 0.0313112, 0.0313112, 0.0313112, 0.0313112, 0.0313112, 0.0313112, 0.0313112, 0.0313112, 0.0313112, 0.0313112, 0.0313112, 0.0313112, 0.0313112, 0.0313112, 0.0313112, 0.0313112, 0.0313112, 0.0313112, 0.0313112, 0.0313112, 0.0313112, 0.0313112, 0.0313112, 0.0313112, 0.0313112, 0.0313112, 0.0313112, 0.0313112, 0.0313112, 0.0313112, 0.0313112, 0.0313112, 0.0313112, 0.0313112, 0.0313112, 0.0313112, 0.0313112, 0.0313112, 0.0313112, 0.0313112, 0.0313112, 0.0313112, 0.0313112, 0.0313112, 0.0313112, 0.0313112, 0.0313112, 0.0313112, 0.0313112, 0.0313112, 0.0313112, 0.0313112, 0.0313112, 0.0313112, 0.0313112, 0.0313112, 0.0313112, 0.0313112, 0.0313112, 0.0313112, 0.0313112, 0.0313112, 0.0313112, 0.0313112, 0.0313112, 0.0313112, 0.0313112, 0.0313112, 0.0313112, 0.0313112, 0.0313112, 0.0313112, 0.0313112, 0.0313112, 0.0313112, 0.0313112, 0.0313112, 0.0313112, 0.0313112, 0.0313112, 0.0313112, 0.0313112, 0.0313112, 0.0313112, 0.0313112, 0.0313112, 0.0313112, 0.0313112, 0.0313112, 0.0313112, 0.0313112, 0.0313112, 0.0313112, 0.0313112, 0.0313112, 0.0313112, 0.0313112, 0.0313112, 0.0313112, 0.0313112, 0.0313112, 0.0313112, 0.0313112, 0.0313112, 0.0313112, 0.0313112, 0.0313112, 0.0313112, 0.0313112, 0.0313112, 0.0313112, 0.0313112, 0.0313112, 0.0313112, 0.0313112, 0.0313112, 0.0313112, 0.0313112, 0.0313112, 0.0313112, 0.0313112, 0.0313112, 0.0313112, 0.0313112, 0.0313112, 0.0313112, 0.0313112, 0.0313112, 0.0313112, 0.0313112, 0.0313112, 0.0313112, 0.0313112, 0.0313112, 0.0313112, 0.0313112, 0.0313112, 0.0313112, 0.0313112, 0.0313112, 0.0313112, 0.0313112, 0.0313112, 0.0313112, 0.0313112, 0.0313112, 0.0313112, 0.0313112, 0.0313112, 0.0313112, 0.0313112, 0.0313112, 0.0313112, 0.0313112, 0.0313112, 0.0313112, 0.0313112, 0.0313112, 0.0313112, 0.0313112, 0.0313112, 0.0313112, 0.0313112, 0.0313112, 0.0313112, 0.0313112, 0.0313112, 0.0313112, 0.0313112]",1,,,True
norm__sph_d256_c5_s50,0.0018993255216628313,0.0018845618469640613,0.0018993255216628313,32.0,1.688798221266552e-07,0.0019048270769417286,0.0019048270769417286,-551.4703979492188,-551.4703979492188,-551.4749145507812,-551.4804077148438,0.0037103737704455853,0.0,1.0,0.056182775646448135,0.10828666388988495,0.02353021688759327,0.10038300603628159,9.999999974752427e-07,2.0905736164422706e-05,0.6739500761032104,1.5975279808044434,2.3703951835632324,0.18629123270511627,0.27641698718070984,0.0001494884490966797,0.00014889240264892578,0.9960127472877502,0.00014495849609375,0.9696969985961914,0.5008333325386047,0.5844442248344421,0.503166675567627,0.5844442248344421,0.5285000205039978,1.587435007095337,0.5111666321754456,1.587435007095337,0.5008333325386047,0.5437332391738892,0.503166675567627,0.5437332391738892,0.673937976360321,0.0005375439650379121,1253.735595703125,1.6086273193359375,0.0012532708933576941,1283.543212890625,0.9767770767211914,0.19720348715782166,5.4536092648049816e-05,3616.017578125,0.3467172384262085,0.00018144449859391898,8.560484275221825e-06,21.195587158203125,0.0001810431422200054,6.046265298209619e-06,29.94297218322754,0.7078651785850525,0.00017338196630589664,7.15191890776623e-06,24.242719650268555,0.87430739402771,0.4162066578865051,0.41663336753845215,0.9989758133888245,2.178239583969116,2.1842200756073,0.9972619414329529,0.19597981870174408,0.1959965080022812,0.9999149441719055,0.6935309171676636,0.6935684680938721,0.999945878982544,2.0758233070373535,2.0784718990325928,0.9987257719039917,0.6256109476089478,0.6256334781646729,0.9999640583992004,3.864767392832563e-13,4.0499762289473995e-14,3.3039534389412514e-22,4.458179958249152e-24,-3.459769905463095e-13,1.5278238201486827e-13,4.8930697456249045e-23,-1.1228261972539427e-13,1.0,0.6933201551437378,sphere,5.0,256,gaussian,gaussian,60000,0.3,0.3,"[0.0, 0.0, 0.0, 0.0, 0.0, 0.0, 0.0, 0.0, 0.0, 0.0, 0.0, 0.0, 0.0, 0.0, 0.0, 0.0, 0.0, 0.0, 0.0, 0.0, 0.0, 0.0, 0.0, 0.0, 0.0, 0.0, 0.0, 0.0, 0.0, 0.0, 0.0, 0.0, 0.0, 0.0, 0.0, 0.0, 0.0, 0.0, 0.0, 0.0, 0.0, 0.0, 0.0, 0.0, 0.0, 0.0, 0.0, 0.0, 0.0, 0.0, 0.0, 0.0, 0.0, 0.0, 0.0, 0.0, 0.0, 0.0, 0.0, 0.0, 0.0, 0.0, 0.0, 0.0, 0.0, 0.0, 0.0, 0.0, 0.0, 0.0, 0.0, 0.0, 0.0, 0.0, 0.0, 0.0, 0.0, 0.0, 0.0, 0.0, 0.0, 0.0, 0.0, 0.0, 0.0, 0.0, 0.0, 0.0, 0.0, 0.0, 0.0, 0.0, 0.0, 0.0, 0.0, 0.0, 0.0, 0.0, 0.0, 0.0, 0.0, 0.0, 0.0, 0.0, 0.0, 0.0, 0.0, 0.0, 0.0, 0.0, 0.0, 0.0, 0.0, 0.0, 0.0, 0.0, 0.0, 0.0, 0.0, 0.0, 0.0, 0.0, 0.0, 0.0, 0.0, 0.0, 0.0, 0.0, 0.0, 0.0, 0.0, 0.0, 0.0, 0.0, 0.0, 0.0, 0.0, 0.0, 0.0, 0.0, 0.0, 0.0, 0.0, 0.0, 0.0, 0.0, 0.0, 0.0, 0.0, 0.0, 0.0, 0.0, 0.0, 0.0, 0.0, 0.0, 0.0, 0.0, 0.0, 0.0, 0.0, 0.0, 0.0, 0.0, 0.0, 0.0, 0.0, 0.0, 0.0, 0.0, 0.0, 0.0, 0.0, 0.0, 0.0, 0.0, 0.0, 0.0, 0.0, 0.0, 0.0, 0.0, 0.0, 0.0, 0.0, 0.0, 0.0, 0.0, 0.0, 0.0, 0.0, 0.0, 0.0, 0.0, 0.0, 0.0, 0.0, 0.0, 0.0, 0.0, 0.0, 0.0, 0.0, 0.0, 0.0, 0.0, 0.0, 0.0, 0.0, 0.0, 0.0, 0.0, 0.0, 0.0, 0.0, 0.0, 0.0, 0.0, 0.0, 0.0, 0.0, 0.0, 0.0, 0.0, 0.0, 0.0, 0.0, 0.0, 0.0, 0.0, 0.0, 0.0, 0.0, 0.0, 0.0, 0.0, 0.0, 0.0, 0.0, 0.0, 0.0, 0.0, 0.0, 0.0, 0.0, 0.0, 0.0, 0.0, 0.0, 0.0, 0.0, 0.0, 0.0, 0.0, 0.0, 0.0]","[0.0, 0.0313112, 0.0313112, 0.0313112, 0.0313112, 0.0313112, 0.0313112, 0.0313112, 0.0313112, 0.0313112, 0.0313112, 0.0313112, 0.0313112, 0.0313112, 0.0313112, 0.0313112, 0.0313112, 0.0313112, 0.0313112, 0.0313112, 0.0313112, 0.0313112, 0.0313112, 0.0313112, 0.0313112, 0.0313112, 0.0313112, 0.0313112, 0.0313112, 0.0313112, 0.0313112, 0.0313112, 0.0313112, 0.0313112, 0.0313112, 0.0313112, 0.0313112, 0.0313112, 0.0313112, 0.0313112, 0.0313112, 0.0313112, 0.0313112, 0.0313112, 0.0313112, 0.0313112, 0.0313112, 0.0313112, 0.0313112, 0.0313112, 0.0313112, 0.0313112, 0.0313112, 0.0313112, 0.0313112, 0.0313112, 0.0313112, 0.0313112, 0.0313112, 0.0313112, 0.0313112, 0.0313112, 0.0313112, 0.0313112, 0.0313112, 0.0313112, 0.0313112, 0.0313112, 0.0313112, 0.0313112, 0.0313112, 0.0313112, 0.0313112, 0.0313112, 0.0313112, 0.0313112, 0.0313112, 0.0313112, 0.0313112, 0.0313112, 0.0313112, 0.0313112, 0.0313112, 0.0313112, 0.0313112, 0.0313112, 0.0313112, 0.0313112, 0.0313112, 0.0313112, 0.0313112, 0.0313112, 0.0313112, 0.0313112, 0.0313112, 0.0313112, 0.0313112, 0.0313112, 0.0313112, 0.0313112, 0.0313112, 0.0313112, 0.0313112, 0.0313112, 0.0313112, 0.0313112, 0.0313112, 0.0313112, 0.0313112, 0.0313112, 0.0313112, 0.0313112, 0.0313112, 0.0313112, 0.0313112, 0.0313112, 0.0313112, 0.0313112, 0.0313112, 0.0313112, 0.0313112, 0.0313112, 0.0313112, 0.0313112, 0.0313112, 0.0313112, 0.0313112, 0.0313112, 0.0313112, 0.0313112, 0.0313112, 0.0313112, 0.0313112, 0.0313112, 0.0313112, 0.0313112, 0.0313112, 0.0313112, 0.0313112, 0.0313112, 0.0313112, 0.0313112, 0.0313112, 0.0313112, 0.0313112, 0.0313112, 0.0313112, 0.0313112, 0.0313112, 0.0313112, 0.0313112, 0.0313112, 0.0313112, 0.0313112, 0.0313112, 0.0313112, 0.0313112, 0.0313112, 0.0313112, 0.0313112, 0.0313112, 0.0313112, 0.0313112, 0.0313112, 0.0313112, 0.0313112, 0.0313112, 0.0313112, 0.0313112, 0.0313112, 0.0313112, 0.0313112, 0.0313112, 0.0313112, 0.0313112, 0.0313112, 0.0313112, 0.0313112, 0.0313112, 0.0313112, 0.0313112, 0.0313112, 0.0313112, 0.0313112, 0.0313112, 0.0313112, 0.0313112, 0.0313112, 0.0313112, 0.0313112, 0.0313112, 0.0313112, 0.0313112, 0.0313112, 0.0313112, 0.0313112, 0.0313112, 0.0313112, 0.0313112, 0.0313112, 0.0313112, 0.0313112, 0.0313112, 0.0313112, 0.0313112, 0.0313112, 0.0313112, 0.0313112, 0.0313112, 0.0313112, 0.0313112, 0.0313112, 0.0313112, 0.0313112, 0.0313112, 0.0313112, 0.0313112, 0.0313112, 0.0313112, 0.0313112, 0.0313112, 0.0313112, 0.0313112, 0.0313112, 0.0313112, 0.0313112, 0.0313112, 0.0313112, 0.0313112, 0.0313112, 0.0313112, 0.0313112, 0.0313112, 0.0313112, 0.0313112, 0.0313112, 0.0313112, 0.0313112, 0.0313112, 0.0313112, 0.0313112, 0.0313112, 0.0313112, 0.0313112, 0.0313112, 0.0313112, 0.0313112, 0.0313112, 0.0313112, 0.0313112, 0.0313112, 0.0313112, 0.0313112, 0.0313112, 0.0313112, 0.0313112]",1,,,True
norm__sph_d2_c10_s34,0.007210960146039724,0.006901991553604603,0.007210960146039724,62.0,6.258487701416016e-07,0.007234666962176561,0.007234666962176561,0.693439781665802,0.693439781665802,0.6659078598022461,0.6740047335624695,0.027714138850569725,0.0,1.0,0.15784354507923126,0.404166579246521,0.052906423807144165,0.26664915680885315,9.999999974752427e-07,7.181395631050691e-06,0.06165008991956711,0.001715866383165121,0.02783234231173992,0.00032525515416637063,0.005275825969874859,0.001726984977722168,0.0017303228378295898,1.0019327402114868,0.0017135143280029297,0.9921998977661133,0.9973333477973938,0.00447254441678524,0.9994999766349792,0.00447254441678524,0.5680000185966492,0.0,0.559333324432373,0.0,0.7914999723434448,0.0,0.7940000295639038,0.0,0.06162424385547638,0.0007184970891103148,85.76824951171875,0.0018095921259373426,0.00018938748689834028,9.554972648620605,8.97629451751709,0.00033670870470814407,4.3709533201763406e-05,7.703324794769287,11.133925437927246,0.0017191451042890549,0.00027873454382643104,6.1676788330078125,0.0017777642933651805,0.0003547229280229658,5.011698246002197,1.2306565046310425,0.001768004847690463,0.00044139064266346395,4.005533218383789,1.5397896766662598,0.008509091101586819,0.009051550179719925,0.9400700926780701,0.08505620062351227,0.0904979258775711,0.9398690462112427,0.008163350634276867,0.008651070296764374,0.9436231851577759,0.10440214723348618,0.10735094547271729,0.972531259059906,0.32991012930870056,0.33927369117736816,0.9724011421203613,0.10288891941308975,0.10568372905254364,0.9735550284385681,1.0,1.0,0.0,0.0,0.0,1.0,0.0,0.0,1.0,0.10586261004209518,sphere,10.0,2,gaussian,gaussian,60000,0.3,0.3,"[0.0, 0.0]","[0.0, 0.5]",1,,,True
norm__sph_d2_c10_s42,0.007237669080495834,0.007008731830865145,0.007237669080495834,62.0,7.251898637150589e-07,0.007023235317319632,0.007023235317319632,0.7011634111404419,0.7011634111404419,0.6772240996360779,0.6945181488990784,0.029447514563798904,0.0,1.0,0.16151343286037445,0.44027701020240784,0.057962462306022644,0.2682155966758728,9.999999974752427e-07,1.0234429282718338e-05,0.06180290877819061,0.00044406219967640936,0.00718513410538435,8.0941739724949e-05,0.0013096752809360623,0.0003618001937866211,0.00036156177520751953,0.9993410110473633,0.0003604888916015625,0.9963756799697876,0.9988333582878113,0.00447254441678524,0.9993333220481873,0.00447254441678524,0.5786666870117188,0.0,0.5575000047683716,0.0,0.7879999876022339,0.0,0.7846666574478149,0.0,0.062035251408815384,0.000728441053070128,85.16166687011719,0.0005733005236834288,0.00011444904521340504,5.009220600128174,17.0009822845459,9.232903539668769e-05,1.9844461348839104e-05,4.652635097503662,18.303964614868164,0.0004161755496170372,0.00012923649046570063,3.2202632427215576,0.00038491093437187374,0.00014459979138337076,2.661905288696289,1.2097588777542114,0.00038108433363959193,0.00011944718426093459,3.1904001235961914,1.009360432624817,0.009149441495537758,0.008867297321557999,1.0318185091018677,0.09147389978170395,0.0886654481291771,1.0316747426986694,0.008748598396778107,0.00848144106566906,1.0314990282058716,0.10827789455652237,0.10618473589420319,1.0197124481201172,0.34220263361930847,0.33560219407081604,1.0196675062179565,0.10659921914339066,0.10456319153308868,1.0194717645645142,1.0,1.0,0.0,0.0,0.0,1.0,0.0,0.0,1.0,0.10589432716369629,sphere,10.0,2,gaussian,gaussian,60000,0.3,0.3,"[0.0, 0.0]","[0.0, 0.5]",1,,,True
norm__sph_d2_c10_s50,0.007183843292295933,0.006992181297391653,0.007183843292295933,62.0,6.755192885066208e-07,0.007154254242777824,0.007154254242777824,0.7084225416183472,0.7084225416183472,0.6651073694229126,0.6771538853645325,0.028175363317131996,0.0,1.0,0.15915197134017944,0.41185131669044495,0.053331684321165085,0.26563382148742676,9.999999974752427e-07,7.168807314883452e-06,0.06223364174365997,0.0016090173739939928,0.025854460895061493,0.0003099165915045887,0.004979888442903757,0.0014210939407348633,0.0014227628707885742,1.0011744499206543,0.0014094114303588867,0.9917792081832886,0.9983333349227905,0.00447254441678524,0.9988333582878113,0.00447254441678524,0.5703333020210266,0.0,0.5601666569709778,0.0,0.7829999923706055,0.0,0.7793333530426025,0.0,0.06126698479056358,0.0006554221035912633,93.47713470458984,0.001701453817076981,0.00023457400675397366,7.253377437591553,12.8873929977417,0.00033496780088171363,4.813318810192868e-05,6.959185600280762,13.432195663452148,0.0014617085689678788,0.0003615787427406758,4.04257345199585,0.0015196125023066998,0.0004288316995371133,3.5436105728149414,1.1408063173294067,0.0014698982704430819,0.00030294875614345074,4.851970195770264,0.8331818580627441,0.008845802396535873,0.008885743096470833,0.995505154132843,0.0884387195110321,0.08884920924901962,0.9953799843788147,0.00846024602651596,0.008496944792568684,0.9956809282302856,0.10597112774848938,0.1062621995806694,0.9972609281539917,0.33490264415740967,0.3358457386493683,0.9971919059753418,0.10435199737548828,0.1046336442232132,0.9973082542419434,1.0,1.0,0.0,0.0,0.0,1.0,0.0,0.0,1.0,0.10751330852508545,sphere,10.0,2,gaussian,gaussian,60000,0.3,0.3,"[0.0, 0.0]","[0.0, 0.5]",1,,,True
norm__sph_d2_c1_s34,0.0720384493470192,0.06832002103328705,0.0720384493470192,62.0,3.2583873235125793e-06,0.07229937613010406,0.07229937613010406,1.8446266651153564,1.8446266651153564,1.8073818683624268,1.8160359859466553,0.2732957899570465,0.0,1.0,0.5000788569450378,1.3106822967529297,0.1523514986038208,0.823481023311615,9.999999974752427e-07,2.1481403109646635e-06,0.1064191460609436,0.007335158064961433,0.06892704963684082,0.00734375137835741,0.06900779902935028,0.00661814259365201,0.006616712082177401,0.9997838735580444,0.006561875808984041,0.9914981126785278,0.9904999732971191,0.014143427833914757,0.996833324432373,0.014143427833914757,0.5734999775886536,0.0,0.5544999837875366,0.0,0.7891666889190674,0.0,0.7831666469573975,0.0,0.1062595546245575,0.0016800248995423317,63.24879837036133,0.0074040815234184265,0.00039364531403407454,18.80901527404785,3.362685203552246,0.0073521933518350124,0.00035979432868771255,20.434432983398438,3.0952069759368896,0.00659160315990448,0.0005232568364590406,12.597260475158691,0.0066629452630877495,0.000654724077321589,10.176722526550293,1.2378504276275635,0.006600372493267059,0.0008208404178731143,8.040993690490723,1.5666297674179077,0.08764748275279999,0.0905153825879097,0.9683158993721008,0.0876334011554718,0.0904979556798935,0.9683467745780945,0.0836930200457573,0.08651071041822433,0.9674295783042908,0.3304857611656189,0.33947306871414185,0.9735257029533386,0.33028003573417664,0.33927375078201294,0.9734911918640137,0.32532820105552673,0.33420124650001526,0.9734500050544739,1.0,1.0,0.0,0.0,0.0,1.0,0.0,0.0,1.0,0.33620741963386536,sphere,1.0,2,gaussian,gaussian,60000,0.3,0.3,"[0.0, 0.0]","[0.0, 0.5]",1,,,True
norm__sph_d2_c1_s42,0.07232484966516495,0.07033364474773407,0.07232484966516495,62.0,2.225239995823358e-06,0.07022170722484589,0.07022170722484589,1.8573462963104248,1.8573462963104248,1.825393557548523,1.8400481939315796,0.2788042724132538,0.0,1.0,0.5007928609848022,1.30927312374115,0.16733059287071228,0.8489976525306702,9.999999974752427e-07,2.2235974483919563e-06,0.10742019861936569,0.001311243511736393,0.012206675484776497,0.0013200165703892708,0.012288345023989677,0.0014295578002929688,0.0014297962188720703,1.0001667737960815,0.0014193058013916016,0.9928285479545593,0.9984999895095825,0.014143427833914757,0.9990000128746033,0.014143427833914757,0.5728332996368408,0.0,0.5529999732971191,0.0,0.7951666712760925,0.0,0.7731666564941406,0.0,0.10665259510278702,0.001649488345719874,64.65799713134766,0.0014133995864540339,0.0002509965852368623,5.63115119934082,11.482199668884277,0.0014229407534003258,0.0001960125518962741,7.259436130523682,8.90675163269043,0.0014947493327781558,0.0003024670004379004,4.941859722137451,0.0015135844005271792,0.00036273503792472184,4.172699928283691,1.1843314170837402,0.001382557675242424,0.0002461083931848407,5.617677688598633,0.8796979784965515,0.09043329954147339,0.08867301791906357,1.0198514461517334,0.09042656421661377,0.08866489678621292,1.0198688507080078,0.08648331463336945,0.08481442183256149,1.0196770429611206,0.3399476706981659,0.3357851803302765,1.0123963356018066,0.33976811170578003,0.33560121059417725,1.0124162435531616,0.3347081243991852,0.33065780997276306,1.012249231338501,1.0,1.0,0.0,0.0,0.0,1.0,0.0,0.0,1.0,0.3338375687599182,sphere,1.0,2,gaussian,gaussian,60000,0.3,0.3,"[0.0, 0.0]","[0.0, 0.5]",1,,,True
norm__sph_d2_c1_s50,0.07155206054449081,0.06771428138017654,0.07155206054449081,26.0,7.351239332820114e-07,0.0716746374964714,0.0716746374964714,1.836192011833191,1.836192011833191,1.8205723762512207,1.8221619129180908,0.24898278713226318,0.0,1.0,0.4986419975757599,0.5255883932113647,0.018389010801911354,0.5198078751564026,9.999999974752427e-07,2.0085060441488167e-06,0.10800385475158691,0.0014829491265118122,0.013730521313846111,0.001465693349018693,0.013570750132203102,0.0003110170364379883,0.0003107786178588867,0.9992334246635437,0.0003103017807006836,0.9977002739906311,0.9976666569709778,0.014143427833914757,0.9986666440963745,0.014143427833914757,0.5753333568572998,0.0,0.5793333053588867,0.0,0.7953333258628845,0.0,0.7766666412353516,0.0,0.10562080144882202,0.0012751257745549083,82.83167266845703,0.0016003354685381055,0.00017422172822989523,9.185624122619629,9.017533302307129,0.0015144371427595615,0.0002029739407589659,7.461239814758301,11.101595878601074,0.00033824442652985454,7.038283365545794e-05,4.805780410766602,0.0003641089133452624,0.00011325388913974166,3.2149791717529297,1.4948090314865112,0.0003387570905033499,7.524569082306698e-05,4.502012729644775,1.0674737691879272,0.08878385275602341,0.08885729312896729,0.9991735816001892,0.08876802772283554,0.08884923160076141,0.9990860223770142,0.0848042219877243,0.08496945351362228,0.9980553984642029,0.3350352346897125,0.33603012561798096,0.9970391988754272,0.3348340392112732,0.33584579825401306,0.9969874024391174,0.3298470675945282,0.33088064193725586,0.9968762993812561,1.0,1.0,0.0,0.0,0.0,1.0,0.0,0.0,1.0,0.33944612741470337,sphere,1.0,2,gaussian,gaussian,60000,0.3,0.3,"[0.0, 0.0]","[0.0, 0.5]",1,,,True
norm__sph_d2_c2_s34,0.03601571172475815,0.03610231727361679,0.03601571172475815,26.0,5.165736070011917e-07,0.03613010421395302,0.03613010421395302,1.4791585206985474,1.4791585206985474,1.447231411933899,1.4437941312789917,0.12039635330438614,0.0,1.0,0.34670498967170715,0.3657954931259155,0.013830185867846012,0.36148905754089355,9.999999974752427e-07,2.8895633477077354e-06,0.09196320921182632,0.002287122420966625,0.024869974702596664,0.0014406844275072217,0.01566588133573532,0.000765681266784668,0.0007663965225219727,1.00093412399292,0.0007623434066772461,0.9956406950950623,0.9955000281333923,0.010000912472605705,0.9986666440963745,0.010000912472605705,0.5705000162124634,0.0,0.5736666321754456,0.0,0.7718333601951599,0.0,0.7804999947547913,0.0,0.09223061800003052,0.0012657727347686887,72.86507415771484,0.0024216738529503345,0.0003003962046932429,8.061599731445312,9.038537979125977,0.0015323475236073136,0.0001985801791306585,7.716517448425293,9.442740440368652,0.0007489364361390471,0.0001518265635240823,4.9328413009643555,0.0008173783426173031,0.00016102046356536448,5.076239109039307,0.9717511534690857,0.0008386493427678943,0.00017548580945003778,4.779015064239502,1.032187819480896,0.0403609573841095,0.04525770992040634,0.8918029069900513,0.08070281893014908,0.0904979258775711,0.8917643427848816,0.03878190740942955,0.04325535520911217,0.8965804576873779,0.22712640464305878,0.24004393815994263,0.9461866617202759,0.32099008560180664,0.33927369117736816,0.9461095929145813,0.2239704132080078,0.2363159954547882,0.9477581977844238,1.0,1.0,0.0,0.0,0.0,1.0,0.0,0.0,1.0,0.23329497873783112,sphere,2.0,2,gaussian,gaussian,60000,0.3,0.3,"[0.0, 0.0]","[0.0, 0.5]",1,,,True
norm__sph_d2_c2_s42,0.036167263984680176,0.03516464680433273,0.036167263984680176,26.0,4.76837158203125e-07,0.035107266157865524,0.035107266157865524,1.5074583292007446,1.5074583292007446,1.4709404706954956,1.4717637300491333,0.12210717797279358,0.0,1.0,0.34916234016418457,0.36645036935806274,0.013886225409805775,0.3627927601337433,9.999999974752427e-07,2.869226591428742e-06,0.09265446662902832,0.0022318330593407154,0.024087699130177498,0.00142893404699862,0.015422183088958263,0.0004996061325073242,0.000499725341796875,1.0002386569976807,0.0004965066909790039,0.9937962293624878,0.9981666803359985,0.010000912472605705,0.9984999895095825,0.010000912472605705,0.5910000205039978,0.0,0.5849999785423279,0.0,0.7689999938011169,0.0,0.7718333601951599,0.0,0.09260378032922745,0.001296685659326613,71.4157485961914,0.0023644021712243557,0.0002854868653230369,8.281999588012695,8.623007774353027,0.0014962159330025315,0.0001877622416941449,7.968673229217529,8.96206283569336,0.0005260944599285722,0.00011823071690741926,4.4497270584106445,0.0005124291055835783,0.00013563226093538105,3.7780768871307373,1.1777756214141846,0.0005414327024482191,0.00010376238788012415,5.218005657196045,0.8527638912200928,0.04457998275756836,0.04433656856417656,1.0054901838302612,0.08915100246667862,0.08866487443447113,1.005482792854309,0.04256714507937431,0.042407210916280746,1.003771424293518,0.2373586893081665,0.2374362051486969,0.99967360496521,0.33548763394355774,0.33560118079185486,0.9996616840362549,0.23366516828536987,0.23381035029888153,0.9993789792060852,1.0,1.0,0.0,0.0,0.0,1.0,0.0,0.0,1.0,0.234471395611763,sphere,2.0,2,gaussian,gaussian,60000,0.3,0.3,"[0.0, 0.0]","[0.0, 0.5]",1,,,True
norm__sph_d2_c2_s50,0.03591061383485794,0.03502285107970238,0.03591061383485794,62.0,2.205371856689453e-06,0.03574886918067932,0.03574886918067932,1.4979310035705566,1.4979310035705566,1.4545527696609497,1.471441388130188,0.1374421864748001,0.0,1.0,0.3522951602935791,0.9496580362319946,0.1154170110821724,0.5835250020027161,9.999999974752427e-07,3.140011585855973e-06,0.09423675388097763,0.002686210907995701,0.02850491926074028,0.0017345614032819867,0.018406422808766365,0.002774357795715332,0.002775907516479492,1.000558614730835,0.0027517080307006836,0.9918360114097595,0.9973333477973938,0.010000912472605705,0.9991666674613953,0.010000912472605705,0.5718333125114441,0.0,0.562833309173584,0.0,0.7746666669845581,0.0,0.7593333125114441,0.0,0.09237328171730042,0.0010529527207836509,87.72785186767578,0.0027720360085368156,0.0003200724604539573,8.660650253295898,10.129476547241211,0.0018260725773870945,0.00019038018945138901,9.591714859008789,9.146211624145508,0.0028139750938862562,0.0005055133951827884,5.566568851470947,0.002895144745707512,0.0006006305338814855,4.820175647735596,1.1548477411270142,0.0028265556320548058,0.00042459944961592555,6.656993389129639,0.836198627948761,0.0434090793132782,0.04442870616912842,0.9770501852035522,0.08680157363414764,0.08884920179843903,0.9769538640975952,0.04155744984745979,0.04248472675681114,0.9781738519668579,0.23480165004730225,0.23760943114757538,0.9881832003593445,0.3318554162979126,0.3358457386493683,0.988118588924408,0.23127959668636322,0.23396793007850647,0.9885098338127136,1.0,1.0,0.0,0.0,0.0,1.0,0.0,0.0,1.0,0.23955513536930084,sphere,2.0,2,gaussian,gaussian,60000,0.3,0.3,"[0.0, 0.0]","[0.0, 0.5]",1,,,True
norm__sph_d2_c3_s34,0.024025853723287582,0.022809945046901703,0.024025853723287582,26.0,4.172325134277344e-07,0.024105921387672424,0.024105921387672424,1.2981598377227783,1.2981598377227783,1.260029911994934,1.2465696334838867,0.08212489634752274,0.0,1.0,0.28639087080955505,0.30024516582489014,0.010233478620648384,0.2971455752849579,9.999999974752427e-07,3.4967647479788866e-06,0.08401832729578018,0.0018080698791891336,0.021519945934414864,0.0008567926706746221,0.010197687894105911,0.0005753040313720703,0.0005754232406616211,1.0002071857452393,0.0005719661712646484,0.9941980838775635,0.9959999918937683,0.008165711537003517,0.9988333582878113,0.008165711537003517,0.5801666378974915,0.0,0.5886666774749756,0.0,0.8013333082199097,0.0,0.8133333325386047,0.0,0.08425702154636383,0.0010988968424499035,76.67418670654297,0.0019302762812003493,0.0002415813651168719,7.990170478820801,9.596063613891602,0.0009283108520321548,0.00012939686712343246,7.174137592315674,10.687582969665527,0.0005696177831850946,0.0001345839409623295,4.23243522644043,0.000620385049842298,0.0001299798022955656,4.772934436798096,0.8867574334144592,0.0006434163078665733,0.00013591675087809563,4.73390007019043,0.8940694332122803,0.02691616863012314,0.03017183393239975,0.8920958638191223,0.08073270320892334,0.0904979258775711,0.8920944929122925,0.025865737348794937,0.02883690409362316,0.8969665765762329,0.18554823100566864,0.19599506258964539,0.9466984868049622,0.32117071747779846,0.33927369117736816,0.9466419816017151,0.18297305703163147,0.19295121729373932,0.9482867121696472,1.0,1.0,0.0,0.0,0.0,1.0,0.0,0.0,1.0,0.19044694304466248,sphere,3.0,2,gaussian,gaussian,60000,0.3,0.3,"[0.0, 0.0]","[0.0, 0.5]",1,,,True
norm__sph_d2_c3_s42,0.02411176636815071,0.023432571440935135,0.02411176636815071,26.0,3.774960930513771e-07,0.023404963314533234,0.023404963314533234,1.3038731813430786,1.3038731813430786,1.2710140943527222,1.271770715713501,0.0805959701538086,0.0,1.0,0.2836300730705261,0.29809606075286865,0.012244882993400097,0.2951952815055847,9.999999974752427e-07,3.533383278409019e-06,0.08464780449867249,0.002748889848589897,0.03247443586587906,0.0013626792933791876,0.016098223626613617,0.0005942583084106445,0.0005960464477539062,1.0030090808868408,0.0005906820297241211,0.9939819574356079,0.9984999895095825,0.008165711537003517,0.9983333349227905,0.008165711537003517,0.5673333406448364,0.0,0.5744999647140503,0.0,0.7986666560173035,0.0,0.7961666584014893,0.0,0.08472975343465805,0.0011166820768266916,75.8763427734375,0.0028854445554316044,0.0003230161964893341,8.932816505432129,8.494112014770508,0.0014126778114587069,0.00017285163630731404,8.172776222229004,9.284035682678223,0.0006239613285288215,0.00011660602467600256,5.3510212898254395,0.000606584595516324,0.00013410697283688933,4.523139953613281,1.1830323934555054,0.0006319642416201532,0.00010394474520580843,6.079809188842773,0.8801298141479492,0.03009141981601715,0.02955770678818226,1.0180566310882568,0.09027990698814392,0.08866488933563232,1.0182149410247803,0.02871115878224373,0.028271473944187164,1.015552282333374,0.19484227895736694,0.19386588037014008,1.005036473274231,0.3373151123523712,0.33560121059417725,1.0051069259643555,0.19176718592643738,0.1909053921699524,1.004514217376709,1.0,1.0,0.0,0.0,0.0,1.0,0.0,0.0,1.0,0.19198112189769745,sphere,3.0,2,gaussian,gaussian,60000,0.3,0.3,"[0.0, 0.0]","[0.0, 0.5]",1,,,True
norm__sph_d2_c3_s50,0.023939309641718864,0.02334081195294857,0.023939309641718864,62.0,1.6291936617562897e-06,0.023835690692067146,0.023835690692067146,1.2970541715621948,1.2970541715621948,1.2563680410385132,1.2728986740112305,0.0922730416059494,0.0,1.0,0.28820088505744934,0.7685742378234863,0.09595353156328201,0.480210542678833,9.999999974752427e-07,3.911589374183677e-06,0.08612222969532013,0.0020063230767846107,0.02329622581601143,0.0009926090715453029,0.011525585316121578,0.00203704833984375,0.002039313316345215,1.0011118650436401,0.002020716667175293,0.991982638835907,0.996999979019165,0.008165711537003517,0.9986666440963745,0.008165711537003517,0.565666675567627,0.0,0.5606666803359985,0.0,0.8111666440963745,0.0,0.7946666479110718,0.0,0.08447865396738052,0.000933556875679642,90.49118041992188,0.0021022199653089046,0.000278098217677325,7.559272289276123,11.970885276794434,0.0010552461026236415,0.00013087334809824824,8.063109397888184,11.22286319732666,0.0020792128052562475,0.00043759660911746323,4.751437664031982,0.002148187253624201,0.0005210036179050803,4.123171329498291,1.152374505996704,0.002086480613797903,0.00036592414835467935,5.7019476890563965,0.833300769329071,0.029090235009789467,0.029619155451655388,0.9821426868438721,0.0872478261590004,0.08884920179843903,0.9819763898849487,0.027853678911924362,0.028323151171207428,0.9834244251251221,0.1924823373556137,0.19400730729103088,0.9921396374702454,0.3331739008426666,0.3358457386493683,0.9920444488525391,0.18959566950798035,0.19103406369686127,0.992470383644104,1.0,1.0,0.0,0.0,0.0,1.0,0.0,0.0,1.0,0.19588664174079895,sphere,3.0,2,gaussian,gaussian,60000,0.3,0.3,"[0.0, 0.0]","[0.0, 0.5]",1,,,True
norm__sph_d2_c5_s34,0.014416459947824478,0.013667382299900055,0.014416459947824478,32.0,6.854534149169922e-07,0.014466064050793648,0.014466064050793648,1.0416464805603027,1.0416464805603027,1.0111600160598755,0.9968886971473694,0.04944603517651558,0.0,1.0,0.22230537235736847,0.23209382593631744,0.005126433912664652,0.22849419713020325,9.999999974752427e-07,4.500827344600111e-06,0.07419281452894211,0.0011801717337220907,0.015906820073723793,0.0003855895483866334,0.005197127815335989,0.0005127191543579102,0.0005116462707519531,0.9979074597358704,0.0005097389221191406,0.9941874146461487,0.9980000257492065,0.006325132213532925,0.999833345413208,0.006325132213532925,0.5744999647140503,0.0,0.5806666612625122,0.0,0.7943333387374878,0.0,0.7941666841506958,0.0,0.07429727166891098,0.0009176359744742513,80.96595001220703,0.001284690573811531,0.00018300965894013643,7.019796371459961,11.533946990966797,0.0004310376534704119,7.376579014817253e-05,5.843327045440674,13.856138229370117,0.0005091865896247327,0.00013505600509233773,3.770188570022583,0.0005546252359636128,0.0001474100718041882,3.762464761734009,1.0020527839660645,0.0005766034591943026,0.00016334853717125952,3.5298967361450195,1.0680732727050781,0.01616877131164074,0.01810310408473015,0.893149197101593,0.08084062486886978,0.0904979482293129,0.8932868838310242,0.015544704161584377,0.017302142456173897,0.8984265327453613,0.1440449357032776,0.15181715786457062,0.9488053917884827,0.32191160321235657,0.33927369117736816,0.9488256573677063,0.14205648005008698,0.1494593471288681,0.9504690170288086,1.0,1.0,0.0,0.0,0.0,1.0,0.0,0.0,1.0,0.1477009505033493,sphere,5.0,2,gaussian,gaussian,60000,0.3,0.3,"[0.0, 0.0]","[0.0, 0.5]",1,,,True
norm__sph_d2_c5_s42,0.014439904130995274,0.016292180866003036,0.014439904130995274,26.0,1.3907749973895989e-07,0.014071865938603878,0.014071865938603878,1.0325326919555664,1.0325326919555664,1.0165177583694458,1.0147571563720703,0.04836861789226532,0.0,1.0,0.21978849172592163,0.2284909188747406,0.007849838584661484,0.22653956711292267,9.999999974752427e-07,4.556432486424455e-06,0.07452726364135742,0.0023770115803927183,0.03189452365040779,0.0008061061962507665,0.010816258378326893,0.0004888772964477539,0.0004889965057373047,1.000243902206421,0.0004862546920776367,0.9946355223655701,0.9981666803359985,0.006325132213532925,0.9984999895095825,0.006325132213532925,0.5820000171661377,0.0,0.5833333134651184,0.0,0.7879999876022339,0.0,0.7861666679382324,0.0,0.07471314817667007,0.0009276058408431709,80.5440673828125,0.0025108649861067533,0.0002988493361044675,8.401775360107422,9.586553573608398,0.0008401416707783937,0.00011174586688866839,7.518325328826904,10.713032722473145,0.0005195935955271125,0.00010190413740929216,5.098847389221191,0.0005032460321672261,0.00011612148955464363,4.333788871765137,1.1765334606170654,0.0005249818204902112,9.20587990549393e-05,5.702679634094238,0.8941143155097961,0.017948124557733536,0.017734656110405922,1.0120368003845215,0.08972962200641632,0.08866487443447113,1.0120086669921875,0.017137182876467705,0.01696288213133812,1.0102753639221191,0.15066149830818176,0.15016788244247437,1.0032870769500732,0.33669814467430115,0.33560121059417725,1.0032685995101929,0.1483079046010971,0.14787466824054718,1.0029298067092896,1.0,1.0,0.0,0.0,0.0,1.0,0.0,0.0,1.0,0.14856478571891785,sphere,5.0,2,gaussian,gaussian,60000,0.3,0.3,"[0.0, 0.0]","[0.0, 0.5]",1,,,True
norm__sph_d2_c5_s50,0.014362920075654984,0.013998493552207947,0.014362920075654984,62.0,9.338061204289261e-07,0.014304021373391151,0.014304021373391151,1.0476375818252563,1.0476375818252563,1.0077600479125977,1.0242764949798584,0.05547948554158211,0.0,1.0,0.2233644276857376,0.5823454856872559,0.07472796738147736,0.37209996581077576,9.999999974752427e-07,5.245994998404058e-06,0.07585807144641876,0.0016924833180382848,0.02231118083000183,0.0005834827898070216,0.007691769395023584,0.0017347335815429688,0.0017336606979370117,0.9993814826011658,0.0017211437225341797,0.9921660423278809,0.9983333349227905,0.006325132213532925,0.9990000128746033,0.006325132213532925,0.5688333511352539,0.0,0.5598333477973938,0.0,0.7898333072662354,0.0,0.784333348274231,0.0,0.0745273306965828,0.0008077037055045366,92.27062225341797,0.0017974189249798656,0.00025804899632930756,6.965417385101318,13.246962547302246,0.0006259690853767097,9.033179230755195e-05,6.929665565490723,13.3153076171875,0.0017778596375137568,0.0004058982594870031,4.380062103271484,0.0018366138683632016,0.00048378706560470164,3.7963268756866455,1.1537631750106812,0.0017823856323957443,0.00033859198447316885,5.264110565185547,0.8320611715316772,0.017665527760982513,0.017771504819393158,0.9940366744995117,0.08833128213882446,0.08884920924901962,0.9941705465316772,0.01690259948372841,0.016993889585137367,0.9946280717849731,0.14992478489875793,0.15027743577957153,0.9976533055305481,0.33507779240608215,0.3358457386493683,0.9977133870124817,0.14764685928821564,0.14797432720661163,0.9977869987487793,1.0,1.0,0.0,0.0,0.0,1.0,0.0,0.0,1.0,0.1521202027797699,sphere,5.0,2,gaussian,gaussian,60000,0.3,0.3,"[0.0, 0.0]","[0.0, 0.5]",1,,,True
norm__sph_d3_c10_s34,0.009564416483044624,0.009624357335269451,0.009564416483044624,62.0,7.351239332820114e-07,0.009500800631940365,0.009500800631940365,0.21108144521713257,0.21108144521713257,0.14160284399986267,0.15004229545593262,0.02918783575296402,0.0,1.0,0.16174755990505219,0.4243182837963104,0.05499003082513809,0.2750318944454193,9.999999974752427e-07,6.8455919972620904e-06,0.10720173269510269,0.0039800978265702724,0.03712717816233635,0.00044858281034976244,0.004184473305940628,0.0009965896606445312,0.0009943246841430664,0.9977272748947144,0.0009844303131103516,0.9877990484237671,0.8481666445732117,0.00447254441678524,0.8659999966621399,0.00447254441678524,0.49666666984558105,0.006999643985182047,0.5068333148956299,0.006999643985182047,0.500166654586792,0.0021492696832865477,0.5078333020210266,0.0021492696832865477,0.10690152645111084,0.0011293987045064569,94.65348815917969,0.0044673471711575985,0.0002098189725074917,21.291433334350586,4.445613861083984,0.0004889620468020439,5.377861452871002e-05,9.092127799987793,10.41048812866211,0.001036226749420166,0.0001838469470385462,5.636355400085449,0.0009576082811690867,0.00017059060337487608,5.613487720489502,1.0040737390518188,0.0009750009630806744,0.0001641229900997132,5.940672397613525,0.948773980140686,0.016929879784584045,0.017385035753250122,0.9738190770149231,0.17681953310966492,0.18132157623767853,0.9751709699630737,0.01577875204384327,0.016173280775547028,0.9756061434745789,0.16179515421390533,0.16394194960594177,0.9869052171707153,0.5263853669166565,0.5335267782211304,0.9866146445274353,0.15844981372356415,0.1604641228914261,0.9874469637870789,0.9333667159080505,0.9312129616737366,0.003073867177590728,0.0030270772986114025,-0.002153754234313965,0.9700390100479126,0.0008797915652394295,-0.03882598876953125,1.0,0.1640952080488205,sphere,10.0,3,gaussian,gaussian,60000,0.3,0.3,"[0.0, 0.0, 0.0]","[0.0, 0.3535534, 0.3535534]",1,,,True
norm__sph_d3_c10_s42,0.009499135427176952,0.009637381881475449,0.009499135427176952,56.0,2.980232238769531e-07,0.009545261040329933,0.009545261040329933,0.2027806043624878,0.2027806043624878,0.15323717892169952,0.175263449549675,0.03156460449099541,0.0,1.0,0.16948825120925903,0.4008224308490753,0.053260400891304016,0.27508220076560974,9.999999974752427e-07,6.645214853051584e-06,0.10521990060806274,0.002906751586124301,0.027625489979982376,0.0002830647863447666,0.0026902207173407078,0.0006008148193359375,0.0005751848220825195,0.9573412537574768,0.0005877017974853516,0.97817462682724,0.859666645526886,0.00447254441678524,0.8683333396911621,0.00447254441678524,0.48750001192092896,0.006870726123452187,0.48616665601730347,0.006870726123452187,0.4894999861717224,0.002105491701513529,0.48899999260902405,0.002105491701513529,0.10683837532997131,0.0008514437940903008,125.47907257080078,0.0033660628832876682,0.00019049562979489565,17.670024871826172,7.10123872756958,0.00032732519321143627,4.2756611946970224e-05,7.655545711517334,16.39061164855957,0.0006355961668305099,0.00015102382167242467,4.208582401275635,0.0006176948663778603,0.0001326830970356241,4.655415058135986,0.9040187001228333,0.000596423982642591,0.0001730159856379032,3.447218656539917,1.2208631038665771,0.017046380788087845,0.017174778506159782,0.9925240278244019,0.1788395196199417,0.17937129735946655,0.9970353245735168,0.015881387516856194,0.015996817499399185,0.9927842020988464,0.1623661071062088,0.16307418048381805,0.9956579804420471,0.5299058556556702,0.5310789346694946,0.9977911114692688,0.1589891016483307,0.15966534614562988,0.9957646727561951,0.9280694723129272,0.9308133125305176,0.002832630183547735,0.0028567390982061625,0.002743840217590332,0.970296323299408,0.0008425138657912612,-0.03948301076889038,1.0,0.16198420524597168,sphere,10.0,3,gaussian,gaussian,60000,0.3,0.3,"[0.0, 0.0, 0.0]","[0.0, 0.3535534, 0.3535534]",1,,,True
norm__sph_d3_c10_s50,0.009523002430796623,0.008951347321271896,0.009523002430796623,62.0,5.364418029785156e-07,0.009360849857330322,0.009360849857330322,0.17772842943668365,0.17772842943668365,0.1325497180223465,0.14901003241539001,0.030028512701392174,0.0,1.0,0.16342809796333313,0.40750154852867126,0.05760262906551361,0.2849598526954651,9.999999974752427e-07,6.927543836354744e-06,0.106523796916008,0.003528265282511711,0.033121850341558456,0.00038242837763391435,0.0035900746006518602,0.0007181167602539062,0.0006861686706542969,0.9555113315582275,0.0007058382034301758,0.9829017519950867,0.8568333387374878,0.00447254441678524,0.8606666922569275,0.00447254441678524,0.5009999871253967,0.006881561130285263,0.4975000023841858,0.006881561130285263,0.49816668033599854,0.002096626441925764,0.4973333477973938,0.002096626441925764,0.10643865168094635,0.0010558514622971416,100.80835723876953,0.00404395442456007,0.0002377098862780258,17.012144088745117,5.925670146942139,0.00040775566594675183,6.122975173639134e-05,6.6594367027282715,15.137670516967773,0.0006889383075758815,0.00015499300207011402,4.4449639320373535,0.0007180612301453948,0.000143227560329251,5.013428688049316,0.8866115808486938,0.000759899674449116,0.00014813659072387964,5.129723072052002,0.8665114641189575,0.016795028001070023,0.017178023234009743,0.9777043461799622,0.17528563737869263,0.17954659461975098,0.9762682318687439,0.01566380076110363,0.015999462455511093,0.9790204167366028,0.16116252541542053,0.16307419538497925,0.9882773160934448,0.5244293808937073,0.5311269760131836,0.9873899221420288,0.1578582525253296,0.15966379642486572,0.9886915683746338,0.9336116313934326,0.9302172660827637,0.0026604963932186365,0.0030760972294956446,-0.0033943653106689453,0.970125675201416,0.000864623230881989,-0.03990834951400757,1.0,0.1613011509180069,sphere,10.0,3,gaussian,gaussian,60000,0.3,0.3,"[0.0, 0.0, 0.0]","[0.0, 0.3535534, 0.3535534]",1,,,True
norm__sph_d3_c1_s34,0.09557157009840012,0.09580494463443756,0.09557157009840012,56.0,5.861123554495862e-06,0.09495366364717484,0.09495366364717484,2.509796619415283,2.509796619415283,2.4715301990509033,2.4794762134552,0.27062663435935974,0.0,1.0,0.4991433918476105,1.4143511056900024,0.14647671580314636,0.8150530457496643,9.999999974752427e-07,2.126891558873467e-06,0.19867506623268127,0.02573874220252037,0.1295519471168518,0.024129893630743027,0.12145406007766724,0.006589293014258146,0.006102204788476229,0.9260786771774292,0.006622671615332365,1.0050655603408813,0.8211666941642761,0.014143427833914757,0.8608333468437195,0.014143427833914757,0.4891666769981384,0.007000708486884832,0.5146666765213013,0.007000708486884832,0.48899999260902405,0.0068009705282747746,0.5130000114440918,0.0068009705282747746,0.19965127110481262,0.0035009803250432014,57.027244567871094,0.026191461831331253,0.0007416112348437309,35.31697082519531,1.6147264242172241,0.024607039988040924,0.0007125413394533098,34.5341911315918,1.6513270139694214,0.006657465826719999,0.00048312207218259573,13.780089378356934,0.005927324760705233,0.00040765077574178576,14.540202140808105,0.9477234482765198,0.00650732172653079,0.0004524166288319975,14.383472442626953,0.9580503106117249,0.1960747241973877,0.17385025322437286,1.12783682346344,0.20426853001117706,0.18132157623767853,1.1265538930892944,0.17855441570281982,0.16173280775547028,1.104008674621582,0.5339663028717041,0.5184297561645508,1.029968500137329,0.5486286878585815,0.5335267782211304,1.0283057689666748,0.519870936870575,0.5074321031570435,1.0245132446289062,0.9280475378036499,0.9312129616737366,0.006638267543166876,0.0030270779971033335,0.0031654236372560263,0.9700390100479126,0.0008797915652394295,-0.03882598876953125,1.0,0.5322879552841187,sphere,1.0,3,gaussian,gaussian,60000,0.3,0.3,"[0.0, 0.0, 0.0]","[0.0, 0.3535534, 0.3535534]",1,,,True
norm__sph_d3_c1_s42,0.09543352574110031,0.0927366241812706,0.09543352574110031,26.0,9.338061204289261e-07,0.09447377175092697,0.09447377175092697,2.486426591873169,2.486426591873169,2.442967176437378,2.438455820083618,0.23790383338928223,0.0,1.0,0.48731011152267456,0.5223843455314636,0.020793752744793892,0.5087488293647766,9.999999974752427e-07,2.0563093130476773e-06,0.19380250573158264,0.0034957220777869225,0.018037548288702965,0.003181702923029661,0.0164172425866127,0.00035119056701660156,0.0003210306167602539,0.9141208529472351,0.00034940242767333984,0.9949083924293518,0.8569999933242798,0.014143427833914757,0.874666690826416,0.014143427833914757,0.4946666657924652,0.006872894708067179,0.500166654586792,0.006872894708067179,0.49416667222976685,0.006668212823569775,0.500166654586792,0.006668212823569775,0.19796860218048096,0.0034856563434004784,56.79521179199219,0.0039433762431144714,0.00016918513574637473,23.30805206298828,2.436720848083496,0.0036502110306173563,0.00020358740584924817,17.929454803466797,3.1677043437957764,0.00037935972795821726,8.707059168955311e-05,4.356921672821045,0.00036326254485175014,7.610246393596753e-05,4.773334503173828,0.9127627015113831,0.0003568609827198088,0.00010012833081418648,3.5640361309051514,1.222468376159668,0.16775934398174286,0.17174769937992096,0.9767778515815735,0.17552869021892548,0.17937129735946655,0.9785773754119873,0.1562984734773636,0.15996819734573364,0.9770596623420715,0.5081243515014648,0.5156856179237366,0.9853373765945435,0.5238044857978821,0.5310789346694946,0.9863024950027466,0.4976172149181366,0.5049061179161072,0.9855638742446899,0.9313847422599792,0.9308133125305176,0.002375372452661395,0.0028567390982061625,-0.0005714297294616699,0.970296323299408,0.0008425138657912612,-0.03948301076889038,1.0,0.5093096494674683,sphere,1.0,3,gaussian,gaussian,60000,0.3,0.3,"[0.0, 0.0, 0.0]","[0.0, 0.3535534, 0.3535534]",1,,,True
norm__sph_d3_c1_s50,0.09536948055028915,0.10102628171443939,0.09536948055028915,32.0,1.8278757352163666e-06,0.0952109694480896,0.0952109694480896,2.487567663192749,2.487567663192749,2.438366651535034,2.442453145980835,0.24168525636196136,0.0,1.0,0.4912744462490082,0.5479177832603455,0.01829124614596367,0.5207208395004272,9.999999974752427e-07,2.0384163690323476e-06,0.20062638819217682,0.004177176393568516,0.020820673555135727,0.0037324356380850077,0.018603913486003876,0.0007156133651733398,0.0006802082061767578,0.9505247473716736,0.0007058382034301758,0.9863401651382446,0.8525000214576721,0.014143427833914757,0.8603333234786987,0.014143427833914757,0.49783334136009216,0.006883726920932531,0.5013333559036255,0.006883726920932531,0.49783334136009216,0.006632361561059952,0.49916666746139526,0.006632361561059952,0.19815315306186676,0.0027135738637298346,73.02294158935547,0.0046944208443164825,0.00027374422643333673,17.1489315032959,4.258162975311279,0.004174261353909969,0.00022256701777223498,18.755075454711914,3.893502950668335,0.000699551950674504,0.00013161925016902387,5.314966678619385,0.0006875992403365672,0.00010945797839667648,6.281856060028076,0.8460822105407715,0.0007716139662079513,0.00014087019371800125,5.477482318878174,0.9703302383422852,0.16818049550056458,0.17178016901016235,0.9790448546409607,0.17622730135917664,0.1795465499162674,0.9815130829811096,0.15681947767734528,0.15999463200569153,0.9801546335220337,0.509822428226471,0.5156857967376709,0.988629937171936,0.5255994200706482,0.5311269164085388,0.9895929098129272,0.4993409812450409,0.5049012303352356,0.9889874458312988,0.932121753692627,0.9302172660827637,0.002504252828657627,0.0030760972294956446,-0.0019044876098632812,0.970125675201416,0.000864623230881989,-0.03990834951400757,1.0,0.5100948810577393,sphere,1.0,3,gaussian,gaussian,60000,0.3,0.3,"[0.0, 0.0, 0.0]","[0.0, 0.3535534, 0.3535534]",1,,,True
norm__sph_d3_c2_s34,0.04780089110136032,0.047909244894981384,0.04780089110136032,62.0,2.4437904357910156e-06,0.047477349638938904,0.047477349638938904,1.8085428476333618,1.8085428476333618,1.763301134109497,1.7700846195220947,0.13932093977928162,0.0,1.0,0.3564585745334625,1.0515652894973755,0.11064170300960541,0.5924885869026184,9.999999974752427e-07,3.001890490850201e-06,0.17052245140075684,0.01861623302102089,0.10917174071073532,0.010870036669075489,0.06374549120664597,0.004751443862915039,0.0044710636138916016,0.9409905076026917,0.004787921905517578,1.0076771974563599,0.8335000276565552,0.010000912472605705,0.8629999756813049,0.010000912472605705,0.4816666543483734,0.006999643985182047,0.5119999647140503,0.006999643985182047,0.48483332991600037,0.00480901263654232,0.5111666321754456,0.00480901263654232,0.1708938181400299,0.0025545477401465178,66.89787292480469,0.019063785672187805,0.0005961785791441798,31.976638793945312,2.092085838317871,0.011104337871074677,0.0003730286261998117,29.768056869506836,2.2473039627075195,0.0048119984567165375,0.0004114096227567643,11.696368217468262,0.004322803113609552,0.0003493437252473086,12.374067306518555,0.9452321529388428,0.004698904696851969,0.0003846362524200231,12.216490745544434,0.9574245810508728,0.0926235169172287,0.08692517876625061,1.0655544996261597,0.19317981600761414,0.18132159113883972,1.0653988122940063,0.08523484319448471,0.08086641132831573,1.0540204048156738,0.3718264698982239,0.36658531427383423,1.0142972469329834,0.540411114692688,0.5335267782211304,1.0129034519195557,0.3629406690597534,0.3588087260723114,1.0115158557891846,0.9299684166908264,0.9312129616737366,0.005354173481464386,0.00302707776427269,0.0012445449829101562,0.9700390100479126,0.0008797915652394295,-0.03882598876953125,1.0,0.3730113208293915,sphere,2.0,3,gaussian,gaussian,60000,0.3,0.3,"[0.0, 0.0, 0.0]","[0.0, 0.3535534, 0.3535534]",1,,,True
norm__sph_d3_c2_s42,0.04773254692554474,0.046368297189474106,0.04773254692554474,26.0,5.364418029785156e-07,0.04724324494600296,0.04724324494600296,1.793850064277649,1.793850064277649,1.7544959783554077,1.7496802806854248,0.12038744986057281,0.0,1.0,0.34669941663742065,0.36890628933906555,0.013669250532984734,0.3617573380470276,9.999999974752427e-07,2.889340521505801e-06,0.16613440215587616,0.0034157910849899054,0.020560409873723984,0.0016874950379133224,0.010157409124076366,0.00041174888610839844,0.00038635730743408203,0.9383323788642883,0.00040853023529052734,0.9921829700469971,0.8553333282470703,0.010000912472605705,0.8683333396911621,0.010000912472605705,0.48766666650772095,0.006872894708067179,0.4908333420753479,0.006872894708067179,0.492000013589859,0.004715138580650091,0.4950000047683716,0.004715138580650091,0.16932137310504913,0.0024043701123446226,70.4223403930664,0.0038593329954892397,0.00016384712944272906,23.554473876953125,2.989764928817749,0.0019282373832538724,0.00013011561532039195,14.819416999816895,4.752032279968262,0.00043926635407842696,0.00010209282481810078,4.30261754989624,0.0004287242772988975,8.935941150411963e-05,4.7977519035339355,0.8967986702919006,0.0004127502324990928,0.0001207974783028476,3.4168782234191895,1.259224772453308,0.08403857052326202,0.08587390929460526,0.9786275029182434,0.17588818073272705,0.17937129735946655,0.980581521987915,0.07829148322343826,0.07998409867286682,0.9788380265235901,0.3596743047237396,0.36464494466781616,0.9863686561584473,0.5244194865226746,0.5310789346694946,0.9874605536460876,0.3522264063358307,0.35702258348464966,0.9865661859512329,0.9308782815933228,0.9308133125305176,0.002420930890366435,0.0028567390982061625,-6.490945816040039e-05,0.9702962040901184,0.0008425136911682785,-0.03948289155960083,1.0,0.36037373542785645,sphere,2.0,3,gaussian,gaussian,60000,0.3,0.3,"[0.0, 0.0, 0.0]","[0.0, 0.3535534, 0.3535534]",1,,,True
norm__sph_d3_c2_s50,0.04751897230744362,0.04535847157239914,0.04751897230744362,36.0,1.4603137969970703e-06,0.04703898727893829,0.04703898727893829,1.769778847694397,1.769778847694397,1.720426082611084,1.7331875562667847,0.11708823591470718,0.0,1.0,0.3412335216999054,0.4879051148891449,0.025448424741625786,0.39606165885925293,9.999999974752427e-07,2.945089818240376e-06,0.1706526279449463,0.00495355436578393,0.029027119278907776,0.0026311089750379324,0.015417921356856823,0.0015625953674316406,0.001546025276184082,0.9893958568572998,0.0015375614166259766,0.9839792251586914,0.8556666374206543,0.010000912472605705,0.874666690826416,0.010000912472605705,0.4936666786670685,0.006883726920932531,0.5019999742507935,0.006883726920932531,0.48883333802223206,0.004689788445830345,0.49399998784065247,0.004689788445830345,0.16881956160068512,0.002043838379904628,82.59927368164062,0.0054218643344938755,0.00029989139875397086,18.079425811767578,4.568688869476318,0.0028627142310142517,0.00018395550432614982,15.561992645263672,5.307757377624512,0.001520188758149743,0.0002172626118408516,6.997010231018066,0.0015716275665909052,0.00018568454834166914,8.463966369628906,0.8266822099685669,0.0016049824189394712,0.00018656052998267114,8.603011131286621,0.813321053981781,0.08101917803287506,0.08589013665914536,0.9432885050773621,0.16975876688957214,0.17954659461975098,0.9454859495162964,0.07577651739120483,0.07999732345342636,0.9472381472587585,0.3542720675468445,0.36464497447013855,0.971553385257721,0.5159472823143005,0.5311269760131836,0.9714198112487793,0.34727442264556885,0.3570191264152527,0.9727054238319397,0.9343222379684448,0.9302172660827637,0.0026596165262162685,0.0030760972294956446,-0.004104971885681152,0.970125675201416,0.0008646230562590063,-0.03990834951400757,1.0,0.3578563928604126,sphere,2.0,3,gaussian,gaussian,60000,0.3,0.3,"[0.0, 0.0, 0.0]","[0.0, 0.3535534, 0.3535534]",1,,,True
norm__sph_d3_c3_s34,0.03186952322721481,0.03194285184144974,0.03186952322721481,62.0,1.7186006289193756e-06,0.03165188804268837,0.03165188804268837,1.4009755849838257,1.4009755849838257,1.3516359329223633,1.3584321737289429,0.0939471647143364,0.0,1.0,0.29190394282341003,0.849126398563385,0.09343040734529495,0.4897850751876831,9.999999974752427e-07,3.688187234729412e-06,0.15386873483657837,0.013788368552923203,0.0896112397313118,0.005688994191586971,0.03697303682565689,0.003613710403442383,0.0034476518630981445,0.9540476202964783,0.0036352872848510742,1.00597083568573,0.8401666879653931,0.008165711537003517,0.8634999990463257,0.008165711537003517,0.4894999861717224,0.006999643985182047,0.5034999847412109,0.006999643985182047,0.48766666650772095,0.003921478986740112,0.5015000104904175,0.003921478986740112,0.15394087135791779,0.002113230060786009,72.84624481201172,0.014237300492823124,0.0004929113201797009,28.884103775024414,2.5220184326171875,0.005845360923558474,0.00023229258658830076,25.16378402709961,2.8948843479156494,0.0036677243188023567,0.0003622029908001423,10.1261568069458,0.0033214848954230547,0.0003110221296083182,10.679255485534668,0.9482081532478333,0.003561651799827814,0.00033649473334662616,10.584568977355957,0.9566904902458191,0.05964215099811554,0.057950109243392944,1.0291982889175415,0.1866958886384964,0.18132159113883972,1.029639482498169,0.05515829846262932,0.05391094088554382,1.0231374502182007,0.30030983686447144,0.2993156611919403,1.0033215284347534,0.5346576571464539,0.5335267782211304,1.0021196603775024,0.2935140132904053,0.2929660677909851,1.0018703937530518,0.9313017725944519,0.9312129616737366,0.004627174232155085,0.0030270779971033335,-8.881092071533203e-05,0.9700390100479126,0.0008797915652394295,-0.03882598876953125,1.0,0.3026357889175415,sphere,3.0,3,gaussian,gaussian,60000,0.3,0.3,"[0.0, 0.0, 0.0]","[0.0, 0.3535534, 0.3535534]",1,,,True
norm__sph_d3_c3_s42,0.03183117136359215,0.030901983380317688,0.03183117136359215,32.0,1.0331472140023834e-06,0.03150252625346184,0.03150252625346184,1.3895468711853027,1.3895468711853027,1.3501659631729126,1.3446881771087646,0.08025558292865753,0.0,1.0,0.2831735908985138,0.2972797155380249,0.008261577226221561,0.29284101724624634,9.999999974752427e-07,3.5346038202987984e-06,0.1499912440776825,0.002705449005588889,0.018037378787994385,0.0008143203449435532,0.00542911933735013,0.00026154518127441406,0.0002586841583251953,0.9890610575675964,0.00025725364685058594,0.983591616153717,0.8565000295639038,0.008165711537003517,0.875166654586792,0.008165711537003517,0.4906666576862335,0.006872894708067179,0.49966666102409363,0.006872894708067179,0.4906666576862335,0.0038486041594296694,0.499833345413208,0.0038486041594296694,0.15274322032928467,0.001857782481238246,82.21802520751953,0.003178824670612812,0.00014502347039524466,21.91938018798828,3.7509284019470215,0.0009753372869454324,7.515405013691634e-05,12.977839469909668,6.335262298583984,0.0002908349270001054,7.978832582011819e-05,3.6450812816619873,0.00029675563564524055,7.030590495560318e-05,4.220920562744141,0.8635749220848083,0.00026512943441048265,9.377235255669802e-05,2.8273732662200928,1.2892111539840698,0.05566374212503433,0.057249266654253006,0.9723048210144043,0.17477431893348694,0.17937129735946655,0.9743715524673462,0.05191923677921295,0.05332273244857788,0.9736791253089905,0.29326125979423523,0.29773133993148804,0.9849861860275269,0.5235497355461121,0.5310789346694946,0.985822856426239,0.2872673571109772,0.291507750749588,0.9854536056518555,0.9307805895805359,0.9308133125305176,0.0026008430868387222,0.0028567390982061625,3.272294998168945e-05,0.9702962040901184,0.0008425138657912612,-0.03948289155960083,1.0,0.29396820068359375,sphere,3.0,3,gaussian,gaussian,60000,0.3,0.3,"[0.0, 0.0, 0.0]","[0.0, 0.3535534, 0.3535534]",1,,,True
norm__sph_d3_c3_s50,0.03168229013681412,0.03022930584847927,0.03168229013681412,48.0,1.18215882594086e-06,0.031374458223581314,0.031374458223581314,1.3636881113052368,1.3636881113052368,1.3107378482818604,1.3219149112701416,0.07931441068649292,0.0,1.0,0.2799323797225952,0.4809432327747345,0.030850248411297798,0.3450445830821991,9.999999974752427e-07,3.608543465816183e-06,0.15328896045684814,0.006445133127272129,0.04204564541578293,0.002464905148372054,0.01608012244105339,0.0022023916244506836,0.002177596092224121,0.9887415170669556,0.002180337905883789,0.9899864792823792,0.8471666574478149,0.008165711537003517,0.8703333139419556,0.008165711537003517,0.5046666860580444,0.006881561130285263,0.515333354473114,0.006881561130285263,0.5046666860580444,0.00382919586263597,0.512333333492279,0.00382919586263597,0.1519329696893692,0.0017415316542610526,87.24100494384766,0.0068488032557070255,0.0003372404316905886,20.308368682861328,4.295815467834473,0.002618466503918171,0.00014830131840426475,17.65639305114746,4.941043376922607,0.002149061532691121,0.00026179777341894805,8.208861351013184,0.0022137921769171953,0.00022488007380161434,9.84432315826416,0.8338674902915955,0.0022469800896942616,0.0002249671088065952,9.988039016723633,0.8218691945075989,0.05374469608068466,0.05726005136966705,0.9386071562767029,0.16895802319049835,0.17954659461975098,0.9410260319709778,0.050255004316568375,0.05333154276013374,0.942313015460968,0.2880077064037323,0.2977314293384552,0.9673406481742859,0.5135405659675598,0.5311269760131836,0.9668884873390198,0.2823115289211273,0.2915049195289612,0.968462347984314,0.9342412948608398,0.9302172660827637,0.002974739298224449,0.0030760972294956446,-0.004024028778076172,0.970125675201416,0.0008646231726743281,-0.03990834951400757,1.0,0.2917291224002838,sphere,3.0,3,gaussian,gaussian,60000,0.3,0.3,"[0.0, 0.0, 0.0]","[0.0, 0.3535534, 0.3535534]",1,,,True
norm__sph_d3_c5_s34,0.019120989367365837,0.01917496882379055,0.019120989367365837,62.0,1.480182049817813e-06,0.01899164356291294,0.01899164356291294,0.8947052359580994,0.8947052359580994,0.8343181014060974,0.841724693775177,0.057070326060056686,0.0,1.0,0.22683461010456085,0.6344677209854126,0.07491102069616318,0.3847441077232361,9.999999974752427e-07,4.79428763355827e-06,0.13322749733924866,0.007977239787578583,0.05987682566046715,0.0020049975719302893,0.015049428679049015,0.0021930932998657227,0.0021364688873291016,0.9741805791854858,0.0021916627883911133,0.9993477463722229,0.8516666889190674,0.006325132213532925,0.8683333396911621,0.006325132213532925,0.4975000023841858,0.007001772522926331,0.5116666555404663,0.007001772522926331,0.4984999895095825,0.0030395262874662876,0.5106666684150696,0.0030395262874662876,0.13310149312019348,0.0016430412651970983,81.00922393798828,0.008413833566009998,0.00035337143344804645,23.810169219970703,3.4022953510284424,0.002097843214869499,0.00012054140097461641,17.403507232666016,4.654764175415039,0.00223919958807528,0.0002834253537002951,7.900491714477539,0.0020484805572777987,0.00025003188056871295,8.192877769470215,0.9643121957778931,0.0021432440262287855,0.0002590517688076943,8.273419380187988,0.9549245834350586,0.03440999984741211,0.03477007523179054,0.9896441102027893,0.17962563037872314,0.18132159113883972,0.9906466603279114,0.031991180032491684,0.032346561551094055,0.9890133738517761,0.2297372817993164,0.23184894025325775,0.9908921122550964,0.5282036662101746,0.5335267782211304,0.9900227785110474,0.2248470038175583,0.22693052887916565,0.9908186793327332,0.9328204989433289,0.9312129616737366,0.003750711679458618,0.0030270772986114025,-0.0016074776649475098,0.9700390100479126,0.0008797915652394295,-0.03882598876953125,1.0,0.23271630704402924,sphere,5.0,3,gaussian,gaussian,60000,0.3,0.3,"[0.0, 0.0, 0.0]","[0.0, 0.3535534, 0.3535534]",1,,,True
norm__sph_d3_c5_s42,0.019107304513454437,0.018503881990909576,0.019107304513454437,44.0,1.0728836059570312e-06,0.01891491748392582,0.01891491748392582,0.8726612329483032,0.8726612329483032,0.8395684957504272,0.8303853273391724,0.04739794880151749,0.0,1.0,0.21618211269378662,0.376230388879776,0.025740280747413635,0.2705812156200409,9.999999974752427e-07,4.680860911321361e-06,0.13043835759162903,0.007332324516028166,0.05621294304728508,0.0018555744318291545,0.014225680381059647,0.0014910697937011719,0.0013527870178222656,0.9072593450546265,0.0015093088150024414,1.0122321844100952,0.8529999852180481,0.006325132213532925,0.8706666827201843,0.006325132213532925,0.4883333444595337,0.006870726123452187,0.4973333477973938,0.006870726123452187,0.4898333251476288,0.0029801162891089916,0.4976666569709778,0.0029801162891089916,0.1324869841337204,0.0011948120081797242,110.88521575927734,0.007859147153794765,0.000256671424722299,30.619487762451172,3.6213934421539307,0.0019656899385154247,0.0001053019441314973,18.66717529296875,5.940117359161377,0.0015333654591813684,0.00021251571888569742,7.21530294418335,0.0013667583698406816,0.00020172682707197964,6.77529239654541,1.0649434328079224,0.001558196498081088,0.00020786885579582304,7.496056079864502,0.9625465273857117,0.03379332274198532,0.03434959426522255,0.9838055968284607,0.1763542890548706,0.17937129735946655,0.9831801056861877,0.03147311881184578,0.03199363872408867,0.9837304949760437,0.2278001308441162,0.23062171041965485,0.9877653121948242,0.5237717032432556,0.5310789346694946,0.986240804195404,0.2230461984872818,0.22580090165138245,0.9878003001213074,0.9311980605125427,0.9308133125305176,0.0038097051437944174,0.0028567390982061625,-0.0003847479820251465,0.970296323299408,0.0008425138657912612,-0.03948301076889038,1.0,0.22807489335536957,sphere,5.0,3,gaussian,gaussian,60000,0.3,0.3,"[0.0, 0.0, 0.0]","[0.0, 0.3535534, 0.3535534]",1,,,True
norm__sph_d3_c5_s50,0.019043661653995514,0.017854852601885796,0.019043661653995514,44.0,9.437401899958786e-07,0.018706772476434708,0.018706772476434708,0.8748616576194763,0.8748616576194763,0.8163335919380188,0.8225934505462646,0.04888419434428215,0.0,1.0,0.21933257579803467,0.3985206186771393,0.027873611077666283,0.2789824604988098,9.999999974752427e-07,4.61987110611517e-06,0.13257774710655212,0.0066622523590922356,0.050251662731170654,0.0016337851993739605,0.012323223054409027,0.0019818544387817383,0.0019453763961791992,0.9815939664840698,0.0019724369049072266,0.9952481389045715,0.8576666712760925,0.006325132213532925,0.871999979019165,0.006325132213532925,0.5034999847412109,0.006883726920932531,0.5170000195503235,0.006883726920932531,0.500333309173584,0.002965077292174101,0.5101666450500488,0.002965077292174101,0.13186249136924744,0.001426642294973135,92.4285659790039,0.007066134363412857,0.00033501946018077433,21.091712951660156,4.382221698760986,0.001721637207083404,9.890922228805721e-05,17.406234741210938,5.310083389282227,0.0019258420215919614,0.00024581258185207844,7.834595203399658,0.0019907872192561626,0.00022250691836234182,8.9470796585083,0.8756595253944397,0.002033078810200095,0.00021944570471532643,9.264609336853027,0.8456476330757141,0.03304116055369377,0.034356072545051575,0.96172696352005,0.17304202914237976,0.17954659461975098,0.9637722969055176,0.030825383961200714,0.031998924911022186,0.9633256196975708,0.2253991663455963,0.23062177002429962,0.9773542284965515,0.518820583820343,0.5311269760131836,0.9768296480178833,0.22080780565738678,0.22579871118068695,0.9778965711593628,0.9329005479812622,0.9302172660827637,0.003351897466927767,0.0030760967638343573,-0.002683281898498535,0.970125675201416,0.0008646231726743281,-0.03990834951400757,1.0,0.22711242735385895,sphere,5.0,3,gaussian,gaussian,60000,0.3,0.3,"[0.0, 0.0, 0.0]","[0.0, 0.3535534, 0.3535534]",1,,,True
norm__sph_d4_c10_s34,0.010705621913075447,0.011279422789812088,0.010705621913075447,56.0,3.079573218656151e-07,0.010588405653834343,0.010588405653834343,-0.5372316837310791,-0.5372316837310791,-0.584774911403656,-0.5598675012588501,0.03247552365064621,0.0,1.0,0.1705082356929779,0.41459789872169495,0.05829567089676857,0.2899526059627533,9.999999974752427e-07,6.53204688205733e-06,0.1423799991607666,0.011842132546007633,0.08317272365093231,0.0004480251809582114,0.003146686125546694,8.463859558105469e-05,6.270408630371094e-05,0.7408450245857239,9.191036224365234e-05,1.085915446281433,0.5013333559036255,0.010535940527915955,0.5034999847412109,0.010535940527915955,0.5059999823570251,0.03511977940797806,0.5061666369438171,0.03511977940797806,0.5013333559036255,0.010534887202084064,0.5034999847412109,0.010534887202084064,0.14413107931613922,0.0011661903699859977,123.59138488769531,0.013912917114794254,0.0002174376422772184,63.985782623291016,1.931544542312622,0.0005380137008614838,2.173187749576755e-05,24.756887435913086,4.992202281951904,0.00012242794036865234,3.0082032026257366e-05,4.069802761077881,0.00010124048276338726,3.1812793167773634e-05,3.182382822036743,1.2788538932800293,0.00012053648970322683,3.4638025681488216e-05,3.479888916015625,1.1695208549499512,0.025339385494589806,0.025698548182845116,0.9860240817070007,0.2689652740955353,0.2729164659976959,0.9855222702026367,0.022974340245127678,0.023262258619070053,0.9876230359077454,0.20450298488140106,0.20573289692401886,0.9940218329429626,0.676725447177887,0.680676281452179,0.9941956996917725,0.19900250434875488,0.20010995864868164,0.9944657683372498,0.844774067401886,0.8428372144699097,0.009076450951397419,0.010822218842804432,-0.0019368529319763184,0.9151031374931335,0.003982346970587969,-0.0722658634185791,1.0,0.20382532477378845,sphere,10.0,4,gaussian,gaussian,60000,0.3,0.3,"[0.0, 0.0, 0.0, 0.0]","[0.0, 0.2886751, 0.2886751, 0.2886751]",1,,,True
norm__sph_d4_c10_s42,0.010834906250238419,0.010406391695141792,0.010834906250238419,56.0,2.9305616067176743e-07,0.010918238200247288,0.010918238200247288,-0.5768495202064514,-0.5768495202064514,-0.5768495202064514,-0.5719719529151917,0.032219693064689636,0.0,1.0,0.16997171938419342,0.3988434970378876,0.05768345668911934,0.2876681387424469,9.999999974752427e-07,6.536361979669891e-06,0.14336805045604706,0.01133052445948124,0.07903102785348892,0.00036000669933855534,0.0025110661517828703,6.496906280517578e-05,6.639957427978516e-05,1.022018313407898,6.61611557006836e-05,1.0183485746383667,0.500166654586792,0.010347532108426094,0.49966666102409363,0.010347532108426094,0.4971666634082794,0.03442685678601265,0.5011666417121887,0.03442685678601265,0.500166654586792,0.010347574017941952,0.499833345413208,0.010347574017941952,0.14351138472557068,0.001131064840592444,126.88165283203125,0.013409893028438091,0.0002018989180214703,66.41885375976562,1.9103260040283203,0.0004479012859519571,1.642334791540634e-05,27.272228240966797,4.6524128913879395,9.24666746868752e-05,2.831670099112671e-05,3.265446662902832,0.0001003980723908171,2.6108107704203576e-05,3.8454747200012207,0.8491660952568054,9.012223017634824e-05,2.177677561121527e-05,4.138456344604492,0.789049506187439,0.025511642917990685,0.025255385786294937,1.0101466178894043,0.2709675133228302,0.2683188319206238,1.0098713636398315,0.023089751601219177,0.02290971390902996,1.0078586339950562,0.20466968417167664,0.20418322086334229,1.0023823976516724,0.6772705316543579,0.6756595969200134,1.0023841857910156,0.19908203184604645,0.1987118124961853,1.0018631219863892,0.8444011211395264,0.8440601229667664,0.009638757444918156,0.009955817833542824,-0.00034099817276000977,0.9140183925628662,0.00452611455693841,-0.06995826959609985,1.0,0.20429769158363342,sphere,10.0,4,gaussian,gaussian,60000,0.3,0.3,"[0.0, 0.0, 0.0, 0.0]","[0.0, 0.2886751, 0.2886751, 0.2886751]",1,,,True
norm__sph_d4_c10_s50,0.01065586693584919,0.010729871690273285,0.01065586693584919,56.0,2.4835267709022446e-07,0.010661682114005089,0.010661682114005089,-0.5577402114868164,-0.5577402114868164,-0.5675012469291687,-0.5661113262176514,0.031546566635370255,0.0,1.0,0.16881991922855377,0.40729737281799316,0.05519355833530426,0.2801116108894348,9.999999974752427e-07,6.53113920634496e-06,0.14212068915367126,0.011539644561707973,0.08119609206914902,0.00039024659781716764,0.002745881676673889,0.00012040138244628906,0.00011229515075683594,0.9326732754707336,0.00012171268463134766,1.010891079902649,0.5051666498184204,0.010437591932713985,0.5081666707992554,0.010437591932713985,0.5074999928474426,0.03479667752981186,0.5074999928474426,0.03479667752981186,0.5049999952316284,0.010436832904815674,0.5080000162124634,0.010436832904815674,0.14359605312347412,0.0010534214088693261,136.31396484375,0.013565405271947384,0.00017584874876774848,77.14246368408203,1.7670420408248901,0.0004771985113620758,2.6519925086176954e-05,17.99396324157715,7.575538635253906,0.00015888611960690469,5.559521378017962e-05,2.85791015625,0.00015237332263495773,5.693461571354419e-05,2.676286220550537,1.067864179611206,0.00015925566549412906,4.824459392693825e-05,3.3010051250457764,0.8657696843147278,0.02572249434888363,0.025080718100070953,1.0255883932113647,0.2737687826156616,0.26676082611083984,1.0262705087661743,0.023268958553671837,0.0227580014616251,1.0224518775939941,0.20564617216587067,0.20335139334201813,1.0112848281860352,0.6813749074935913,0.673114538192749,1.0122718811035156,0.20000240206718445,0.19792401790618896,1.0105010271072388,0.8420445919036865,0.8432607650756836,0.009406800381839275,0.010171364061534405,0.001216113567352295,0.9140364527702332,0.004341154359281063,-0.07077574729919434,1.0,0.20319566130638123,sphere,10.0,4,gaussian,gaussian,60000,0.3,0.3,"[0.0, 0.0, 0.0, 0.0]","[0.0, 0.2886751, 0.2886751, 0.2886751]",1,,,True
norm__sph_d4_c1_s34,0.10657687485218048,0.1069154292345047,0.10657687485218048,34.0,1.6887983065316803e-06,0.10624544322490692,0.10624544322490692,2.8840696811676025,2.8840696811676025,2.8771848678588867,2.8160715103149414,0.22826139628887177,0.0,1.0,0.4765157103538513,0.6440322399139404,0.03453722596168518,0.5525578260421753,9.999999974752427e-07,2.1085179469082505e-06,0.2732851207256317,0.01256211381405592,0.04596706107258797,0.010313409380614758,0.03773864358663559,0.0007311105728149414,0.0007091760635375977,0.9699983596801758,0.0007177591323852539,0.9817380905151367,0.5196666717529297,0.03331578150391579,0.5248333215713501,0.03331578150391579,0.5230000019073486,0.03511977940797806,0.5278333425521851,0.03511977940797806,0.5196666717529297,0.033314239233732224,0.5248333215713501,0.033314239233732224,0.2805090546607971,0.0044368719682097435,63.22225570678711,0.014570788480341434,0.00027839725953526795,52.33811569213867,1.2079582214355469,0.01198117807507515,0.00023721288016531616,50.50812530517578,1.2517244815826416,0.0007378975278697908,0.00016882138152141124,4.370877742767334,0.0007442593341693282,0.0001356579887215048,5.486292362213135,0.7966907024383545,0.0007461946224793792,0.0001301105658058077,5.735080242156982,0.7621302008628845,0.24065670371055603,0.2569853365421295,0.9364607930183411,0.2559414505958557,0.27291643619537354,0.9378015398979187,0.21941182017326355,0.23262259364128113,0.9432094097137451,0.6314147114753723,0.6505843997001648,0.9705346822738647,0.6600838303565979,0.6806762218475342,0.9697471261024475,0.6153202056884766,0.6328033208847046,0.9723719358444214,0.8493632674217224,0.8428373336791992,0.00954766757786274,0.010822220705449581,-0.006525933742523193,0.9151031970977783,0.0039823479019105434,-0.0722658634185791,1.0,0.6373180150985718,sphere,1.0,4,gaussian,gaussian,60000,0.3,0.3,"[0.0, 0.0, 0.0, 0.0]","[0.0, 0.2886751, 0.2886751, 0.2886751]",1,,,True
norm__sph_d4_c1_s42,0.10642016679048538,0.10633876174688339,0.10642016679048538,38.0,1.4106432217886322e-06,0.10642249882221222,0.10642249882221222,2.8970813751220703,2.8970813751220703,2.802286148071289,2.810837507247925,0.22129887342453003,0.0,1.0,0.4695993661880493,0.5279994010925293,0.027842555195093155,0.5102463960647583,9.999999974752427e-07,2.1374423795350594e-06,0.2816815972328186,0.012004691176116467,0.04261794313788414,0.009874226525425911,0.03505456820130348,0.0003898143768310547,0.0003566741943359375,0.9149847030639648,0.0003876686096191406,0.9944953322410583,0.500166654586792,0.03271994739770889,0.5099999904632568,0.03271994739770889,0.49916666746139526,0.03442729264497757,0.5131666660308838,0.03442729264497757,0.500166654586792,0.032720308750867844,0.5099999904632568,0.032720308750867844,0.28006333112716675,0.005334365181624889,52.5017204284668,0.014016557484865189,0.00021947002096567303,63.8654670715332,0.8220673203468323,0.01164771057665348,0.00018879497656598687,61.69502258300781,0.8509878516197205,0.00042982897139154375,7.228335016407073e-05,5.946445465087891,0.00039051377098076046,5.984357630950399e-05,6.525575637817383,0.9112522006034851,0.0004251838254276663,6.934876728337258e-05,6.131093978881836,0.9698832035064697,0.24476663768291473,0.25255370140075684,0.9691666960716248,0.26020780205726624,0.2683188319206238,0.9697709083557129,0.22243031859397888,0.2290971726179123,0.9708995223045349,0.6344017386436462,0.6456839442253113,0.9825267195701599,0.6635296940803528,0.6756595969200134,0.9820472598075867,0.6177528500556946,0.6283819079399109,0.983085036277771,0.8490473628044128,0.8440601229667664,0.008580165915191174,0.009955819696187973,-0.004987239837646484,0.9140183925628662,0.00452611455693841,-0.06995826959609985,1.0,0.6400282382965088,sphere,1.0,4,gaussian,gaussian,60000,0.3,0.3,"[0.0, 0.0, 0.0, 0.0]","[0.0, 0.2886751, 0.2886751, 0.2886751]",1,,,True
norm__sph_d4_c1_s50,0.10647361725568771,0.10737534612417221,0.10647361725568771,32.0,1.3311704378793365e-06,0.10659823566675186,0.10659823566675186,2.9007561206817627,2.9007561206817627,2.829143762588501,2.814682960510254,0.22912436723709106,0.0,1.0,0.4777396619319916,0.5266666412353516,0.02980666048824787,0.5144590139389038,9.999999974752427e-07,2.10211555895512e-06,0.27436763048171997,0.013330378569662571,0.04858582466840744,0.011216040700674057,0.04087960347533226,0.0006629228591918945,0.0006203651428222656,0.9358028769493103,0.0006558895111083984,0.9893903732299805,0.5090000033378601,0.0330047607421875,0.5260000228881836,0.0330047607421875,0.5111666321754456,0.03479496389627457,0.5233333110809326,0.03479496389627457,0.5090000033378601,0.03300326317548752,0.5260000228881836,0.03300326317548752,0.2793831527233124,0.00483765359967947,57.751792907714844,0.015257560648024082,0.00023200198484119028,65.76478576660156,0.8781567215919495,0.012905844487249851,0.00030333062750287354,42.547119140625,1.3573607206344604,0.0007111231680028141,0.00012349907774478197,5.758124828338623,0.0006568829412572086,0.00010781204036902636,6.09285306930542,0.9450622797012329,0.00068527867551893,0.00011571552022360265,5.922097682952881,0.972311794757843,0.2453739494085312,0.2508070170879364,0.9783375859260559,0.261953204870224,0.26676076650619507,0.9819779992103577,0.222908616065979,0.22758004069328308,0.9794734120368958,0.6350886225700378,0.6430533528327942,0.9876141548156738,0.6657883524894714,0.6731144785881042,0.9891160726547241,0.6183672547340393,0.6258907318115234,0.9879795908927917,0.8451647162437439,0.8432607650756836,0.008113883435726166,0.01017136499285698,-0.0019040107727050781,0.9140364527702332,0.00434115482494235,-0.07077574729919434,1.0,0.6353077292442322,sphere,1.0,4,gaussian,gaussian,60000,0.3,0.3,"[0.0, 0.0, 0.0, 0.0]","[0.0, 0.2886751, 0.2886751, 0.2886751]",1,,,True
norm__sph_d4_c2_s34,0.053416214883327484,0.056848421692848206,0.053416214883327484,62.0,1.1920928955078125e-06,0.053433991968631744,0.053433991968631744,1.8699589967727661,1.8699589967727661,1.8029247522354126,1.8201428651809692,0.1587810218334198,0.0,1.0,0.3760446012020111,1.0180909633636475,0.13168907165527344,0.6520497798919678,9.999999974752427e-07,2.9444011033774586e-06,0.23217011988162994,0.011990819126367569,0.05164669454097748,0.004209501203149557,0.018131105229258537,0.00022280216217041016,0.00020599365234375,0.9245585799217224,0.00023305416107177734,1.0460139513015747,0.5098333358764648,0.023557813838124275,0.5106666684150696,0.023557813838124275,0.5121666789054871,0.03512062877416611,0.5130000114440918,0.03512062877416611,0.5098333358764648,0.023556090891361237,0.5105000138282776,0.023556090891361237,0.237242192029953,0.0029216932598501444,81.20024108886719,0.014051966369152069,0.0002196482673753053,63.97486114501953,1.2692523002624512,0.004936606157571077,9.927049541147426e-05,49.72883987426758,1.6328601837158203,0.00024659238988533616,9.032543312059715e-05,2.730043888092041,0.00024824938736855984,7.637512317160144e-05,3.250396251678467,0.8399111032485962,0.0002822677488438785,8.284581417683512e-05,3.4071455001831055,0.8012701272964478,0.1234712228178978,0.1284927874803543,0.9609194993972778,0.2622273862361908,0.2729164659976959,0.9608339071273804,0.11236628890037537,0.11631129682064056,0.9660823345184326,0.4525006413459778,0.46003270149230957,0.9836271405220032,0.6687296628952026,0.680676281452179,0.9824488759040833,0.4407200217247009,0.44745951890945435,0.9849382042884827,0.8464422225952148,0.8428372144699097,0.01127883791923523,0.010822218842804432,-0.0036050081253051758,0.915103018283844,0.003982347436249256,-0.07226580381393433,1.0,0.45355111360549927,sphere,2.0,4,gaussian,gaussian,60000,0.3,0.3,"[0.0, 0.0, 0.0, 0.0]","[0.0, 0.2886751, 0.2886751, 0.2886751]",1,,,True
norm__sph_d4_c2_s42,0.05321427807211876,0.05320877581834793,0.05321427807211876,44.0,1.8477439880371094e-06,0.053217463195323944,0.053217463195323944,1.8562910556793213,1.8562910556793213,1.7549452781677246,1.759169101715088,0.11307157576084137,0.0,1.0,0.3336245119571686,0.6213420629501343,0.04202133044600487,0.42085424065589905,9.999999974752427e-07,3.0362502911884803e-06,0.23480406403541565,0.015657953917980194,0.06668519228696823,0.006392078939825296,0.02722303196787834,0.0013382434844970703,0.0012542009353637695,0.9371993541717529,0.00138092041015625,1.0318902730941772,0.49183332920074463,0.023136498406529427,0.5121666789054871,0.023136498406529427,0.4911666810512543,0.03442729264497757,0.5146666765213013,0.03442729264497757,0.49183332920074463,0.023135464638471603,0.5121666789054871,0.023135464638471603,0.23555625975131989,0.0033453842625021935,70.41231536865234,0.017575327306985855,0.00029657219420187175,59.26154708862305,1.1881619691848755,0.007141160778701305,0.00020498147932812572,34.838077545166016,2.0211308002471924,0.0013656734954565763,0.00017494050553068519,7.8065032958984375,0.001297903130762279,0.00014686565555166453,8.837349891662598,0.8833534121513367,0.0014227392384782434,0.00012936809798702598,10.997604370117188,0.7098367810249329,0.12088439613580704,0.1262769103050232,0.9572961330413818,0.25712502002716064,0.2683188319206238,0.9582816362380981,0.11000990867614746,0.11454857140779495,0.9603778719902039,0.4458048939704895,0.45656755566596985,0.9764270186424255,0.6583970785140991,0.6756595969200134,0.9744508266448975,0.4342481195926666,0.4443330764770508,0.9773030877113342,0.8508708477020264,0.8440601229667664,0.01132508460432291,0.009955818764865398,-0.00681072473526001,0.9140183925628662,0.0045261140912771225,-0.06995826959609985,1.0,0.4512193500995636,sphere,2.0,4,gaussian,gaussian,60000,0.3,0.3,"[0.0, 0.0, 0.0, 0.0]","[0.0, 0.2886751, 0.2886751, 0.2886751]",1,,,True
norm__sph_d4_c2_s50,0.053242191672325134,0.05364709720015526,0.053242191672325134,46.0,1.6093254089355469e-06,0.05330120399594307,0.05330120399594307,1.859517216682434,1.859517216682434,1.7802187204360962,1.7816897630691528,0.11546671390533447,0.0,1.0,0.33738240599632263,0.6020740270614624,0.040463563054800034,0.42024195194244385,9.999999974752427e-07,2.9991156225150917e-06,0.23250189423561096,0.015675067901611328,0.06741909682750702,0.006239316426217556,0.026835551485419273,0.0010820627212524414,0.0011540651321411133,1.0665417909622192,0.0010976791381835938,1.0144320726394653,0.5078333020210266,0.023336611688137054,0.5191666483879089,0.023336611688137054,0.5078333020210266,0.03479496389627457,0.5216666460037231,0.03479496389627457,0.5078333020210266,0.02333555370569229,0.5191666483879089,0.02333555370569229,0.23581816256046295,0.002787601202726364,84.59537506103516,0.017521049827337265,0.000333912146743387,52.47203826904297,1.6121991872787476,0.006999264471232891,0.00021439604461193085,32.646427154541016,2.591259717941284,0.0011098980903625488,0.00014689531235489994,7.5557074546813965,0.0011944255093112588,0.00013715861132368445,8.708352088928223,0.8676392436027527,0.0011061629047617316,0.0001643840951146558,6.729135990142822,1.1228348016738892,0.12259513139724731,0.1254035383462906,0.9776050448417664,0.26200440526008606,0.26676082611083984,0.9821697473526001,0.11150399595499039,0.11379002034664154,0.979910135269165,0.44962647557258606,0.454707533121109,0.9888256788253784,0.6657807230949402,0.6731144785881042,0.9891047477722168,0.4378799498081207,0.44257158041000366,0.989399254322052,0.846204400062561,0.8432607650756836,0.010778607800602913,0.010171364061534405,-0.002943694358691573,0.9140364527702332,0.004341154359281063,-0.07077574729919434,1.0,0.4498422145843506,sphere,2.0,4,gaussian,gaussian,60000,0.3,0.3,"[0.0, 0.0, 0.0, 0.0]","[0.0, 0.2886751, 0.2886751, 0.2886751]",1,,,True
norm__sph_d4_c3_s34,0.035611581057310104,0.03788731247186661,0.035611581057310104,62.0,1.0629495363900787e-06,0.03562977537512779,0.03562977537512779,1.2581621408462524,1.2581621408462524,1.2049477100372314,1.219581127166748,0.10569971054792404,0.0,1.0,0.3071819245815277,0.7985268831253052,0.10640547424554825,0.5267147421836853,9.999999974752427e-07,3.6105284380028024e-06,0.2082706093788147,0.011169405654072762,0.05362929403781891,0.002207077108323574,0.010597161017358303,0.00013840198516845703,0.00013434886932373047,0.9707149267196655,0.0001380443572998047,0.9974160194396973,0.5088333487510681,0.019234875217080116,0.5076666474342346,0.019234875217080116,0.5105000138282776,0.03512062877416611,0.5121666789054871,0.03512062877416611,0.5088333487510681,0.01923372596502304,0.5078333020210266,0.01923372596502304,0.21203619241714478,0.002282027853652835,92.91568756103516,0.013220978900790215,0.00018355113570578396,72.02886199951172,1.2899785041809082,0.0026530653703957796,7.277847907971591e-05,36.453983306884766,2.5488486289978027,0.0001661459682509303,7.338040450122207e-05,2.2641735076904297,0.00017557144747115672,6.179589399835095e-05,2.8411507606506348,0.7969212532043457,0.0001822511403588578,6.282859976636246e-05,2.9007668495178223,0.7805430293083191,0.08240591734647751,0.0856618657708168,0.9619907140731812,0.2624386250972748,0.2729164659976959,0.9616079330444336,0.0749761164188385,0.07754086703062057,0.9669238924980164,0.36966463923454285,0.3756151497364044,0.9841579794883728,0.6692639589309692,0.680676281452179,0.9832338690757751,0.36002764105796814,0.3653491735458374,0.985434353351593,0.8469193577766418,0.8428372144699097,0.010227658785879612,0.010822218842804432,-0.004082143306732178,0.9151031374931335,0.003982347436249256,-0.0722658634185791,1.0,0.3703538477420807,sphere,3.0,4,gaussian,gaussian,60000,0.3,0.3,"[0.0, 0.0, 0.0, 0.0]","[0.0, 0.2886751, 0.2886751, 0.2886751]",1,,,True
norm__sph_d4_c3_s42,0.03546127676963806,0.03346128389239311,0.03546127676963806,44.0,2.0265579223632812e-06,0.03579379618167877,0.03579379618167877,1.2489367723464966,1.2489367723464966,1.2220754623413086,1.225417137145996,0.07497132569551468,0.0,1.0,0.26936960220336914,0.6058440804481506,0.049098603427410126,0.3745286762714386,9.999999974752427e-07,3.808122755799559e-06,0.21044176816940308,0.021459853276610374,0.10197524726390839,0.00667845644056797,0.031735412776470184,0.003095865249633789,0.0028351545333862305,0.9157874584197998,0.0031806230545043945,1.027377724647522,0.48533332347869873,0.018890870735049248,0.5009999871253967,0.018890870735049248,0.48350000381469727,0.03442685678601265,0.5098333358764648,0.03442685678601265,0.48533332347869873,0.018891341984272003,0.5009999871253967,0.018891341984272003,0.2117350846529007,0.0025379168801009655,83.4286880493164,0.02339017577469349,0.0004442327772267163,52.65297317504883,1.584501028060913,0.0071083903312683105,0.000229598066653125,30.960145950317383,2.6947124004364014,0.003105052514001727,0.0002893237688113004,10.73210334777832,0.0028939766343683004,0.000265649170614779,10.893980026245117,0.9851406812667847,0.0032210072968155146,0.0002028222515946254,15.880936622619629,0.6757853031158447,0.08518240600824356,0.08418463915586472,1.0118521451950073,0.2707436978816986,0.2683188319206238,1.0090372562408447,0.07694388926029205,0.07636572420597076,1.0075709819793701,0.37207451462745667,0.3727858364582062,0.9980918765068054,0.6718690991401672,0.6756595969200134,0.9943899512290955,0.3617337942123413,0.36279645562171936,0.9970709085464478,0.8512388467788696,0.8440601229667664,0.014018897898495197,0.009955817833542824,-0.0071787238121032715,0.9140183925628662,0.004526115022599697,-0.06995826959609985,1.0,0.3728195130825043,sphere,3.0,4,gaussian,gaussian,60000,0.3,0.3,"[0.0, 0.0, 0.0, 0.0]","[0.0, 0.2886751, 0.2886751, 0.2886751]",1,,,True
norm__sph_d4_c3_s50,0.03550140932202339,0.03577816113829613,0.03550140932202339,44.0,1.6887983065316803e-06,0.035537634044885635,0.035537634044885635,1.2512643337249756,1.2512643337249756,1.193586826324463,1.2033793926239014,0.07559768855571747,0.0,1.0,0.2708997428417206,0.6050537824630737,0.04699099808931351,0.36601877212524414,9.999999974752427e-07,3.777025312956539e-06,0.20876049995422363,0.01948748715221882,0.09334853291511536,0.005645464174449444,0.027042780071496964,0.0023566484451293945,0.0023092031478881836,0.9798674583435059,0.002408146858215332,1.0218523740768433,0.49300000071525574,0.019056348130106926,0.5096666812896729,0.019056348130106926,0.49416667222976685,0.03479667752981186,0.515999972820282,0.03479667752981186,0.49300000071525574,0.019055483862757683,0.5096666812896729,0.019055483862757683,0.21121476590633392,0.002067719353362918,102.1486587524414,0.021345360204577446,0.0004247996839694679,50.24806213378906,2.0328874588012695,0.0060984003357589245,0.00021400231344159693,28.49688720703125,3.584554672241211,0.002353413961827755,0.0002175760018872097,10.816514015197754,0.0023528297897428274,0.00022167466522660106,10.613886833190918,1.0190907716751099,0.0023938894737511873,0.0002721206401474774,8.797162055969238,1.2295458316802979,0.08371373265981674,0.08360238373279572,1.0013319253921509,0.2670632302761078,0.26676082611083984,1.0011335611343384,0.07587745785713196,0.07586000859737396,1.000230073928833,0.37030500173568726,0.3712671399116516,0.9974085092544556,0.669839084148407,0.6731144785881042,0.9951340556144714,0.36031314730644226,0.3613581657409668,0.9971081018447876,0.8491368889808655,0.8432607650756836,0.012783391401171684,0.01017136313021183,-0.0058761839754879475,0.9140364527702332,0.00434115482494235,-0.07077574729919434,1.0,0.36935529112815857,sphere,3.0,4,gaussian,gaussian,60000,0.3,0.3,"[0.0, 0.0, 0.0, 0.0]","[0.0, 0.2886751, 0.2886751, 0.2886751]",1,,,True
norm__sph_d4_c5_s34,0.02137143723666668,0.022730793803930283,0.02137143723666668,62.0,6.755192885066208e-07,0.021390482783317566,0.021390482783317566,0.4939206540584564,0.4939206540584564,0.4550046920776367,0.46831730008125305,0.06397485733032227,0.0,1.0,0.2389937788248062,0.6043750643730164,0.0827498584985733,0.4090982675552368,9.999999974752427e-07,4.654180429497501e-06,0.17917215824127197,0.011164466850459576,0.06231139227747917,0.0009671886800788343,0.005398096516728401,8.165836334228516e-05,7.796287536621094e-05,0.9547445178031921,8.130073547363281e-05,0.9956204295158386,0.5023333430290222,0.014900070615112782,0.5040000081062317,0.014900070615112782,0.5061666369438171,0.03511977940797806,0.5073333382606506,0.03511977940797806,0.5016666650772095,0.014898080378770828,0.5038333535194397,0.014898080378770828,0.18184471130371094,0.0017117273528128862,106.23461151123047,0.013220022432506084,0.00018858110706787556,70.10258483886719,1.5154165029525757,0.0011845679255202413,4.638106111087836e-05,25.539905548095703,4.1595540046691895,0.00011371374421287328,5.2585350204026327e-05,2.1624605655670166,0.0001180052786367014,4.604530840879306e-05,2.56280779838562,0.8437857031822205,0.00011982123396592215,4.1288341890322044e-05,2.90205979347229,0.7451468110084534,0.050010692328214645,0.05139710381627083,0.9730255007743835,0.2654167115688324,0.2729164659976959,0.9725199341773987,0.04543695226311684,0.046524520963430405,0.9766235947608948,0.28776928782463074,0.2909502685070038,0.9890668988227844,0.6728928089141846,0.680676281452179,0.9885650873184204,0.2801682949066162,0.2829982340335846,0.9900001883506775,0.8462292551994324,0.8428372144699097,0.009677395224571228,0.010822218842804432,-0.0033920409623533487,0.915103018283844,0.003982346970587969,-0.07226580381393433,1.0,0.28755202889442444,sphere,5.0,4,gaussian,gaussian,60000,0.3,0.3,"[0.0, 0.0, 0.0, 0.0]","[0.0, 0.2886751, 0.2886751, 0.2886751]",1,,,True
norm__sph_d4_c5_s42,0.021291660144925117,0.021286293864250183,0.021291660144925117,56.0,5.066394805908203e-07,0.021292826160788536,0.021292826160788536,0.4774884581565857,0.4774884581565857,0.4597267210483551,0.45958560705184937,0.06592793762683868,0.0,1.0,0.244031623005867,0.5699775218963623,0.07982975989580154,0.40605616569519043,9.999999974752427e-07,4.526888460532064e-06,0.18106962740421295,0.011207588016986847,0.06189657002687454,0.0009438666747882962,0.005212728399783373,8.547306060791016e-05,8.916854858398438e-05,1.0432356595993042,8.666515350341797e-05,1.0139470100402832,0.5019999742507935,0.014633620157837868,0.5016666650772095,0.014633620157837868,0.5019999742507935,0.03442685678601265,0.5026666522026062,0.03442685678601265,0.5019999742507935,0.014632152393460274,0.5015000104904175,0.014632152393460274,0.18113963305950165,0.001793355098925531,101.00598907470703,0.013282365165650845,0.00020972371567040682,63.33268356323242,1.5948477983474731,0.001172624877654016,2.9859706046408974e-05,39.27114486694336,2.5720152854919434,0.00011825562251033261,3.864519385388121e-05,3.0600345134735107,0.00011868476576637477,3.996579107479192e-05,2.9696590900421143,1.030432939529419,0.00011128585174446926,3.4400956792524084e-05,3.234963893890381,0.9459253549575806,0.050754230469465256,0.050510793924331665,1.0048195123672485,0.26981794834136963,0.2683188319206238,1.005587100982666,0.04596417397260666,0.04581942781805992,1.0031589269638062,0.2887516915798187,0.28875866532325745,0.9999758005142212,0.675973117351532,0.6756595969200134,1.0004639625549316,0.2809125781059265,0.2810209393501282,0.999614417552948,0.8429995179176331,0.8440601229667664,0.009785328060388565,0.009955818764865398,0.0010606050491333008,0.9140183925628662,0.00452611455693841,-0.06995826959609985,1.0,0.2885602116584778,sphere,5.0,4,gaussian,gaussian,60000,0.3,0.3,"[0.0, 0.0, 0.0, 0.0]","[0.0, 0.2886751, 0.2886751, 0.2886751]",1,,,True
norm__sph_d4_c5_s50,0.021303826943039894,0.02146366983652115,0.021303826943039894,56.0,3.97364289028701e-07,0.02132311463356018,0.02132311463356018,0.4830091595649719,0.4830091595649719,0.47258642315864563,0.4742134213447571,0.06336382776498795,0.0,1.0,0.23940153419971466,0.5740985870361328,0.07778545469045639,0.3964921832084656,9.999999974752427e-07,4.601612545229727e-06,0.17921921610832214,0.011477564461529255,0.06404203921556473,0.0010043415240943432,0.005603983532637358,0.0001131296157836914,0.00010573863983154297,0.9346680641174316,0.00011467933654785156,1.0136985778808594,0.5061666369438171,0.014760177582502365,0.5094999670982361,0.014760177582502365,0.5056666731834412,0.03479667752981186,0.5065000057220459,0.03479667752981186,0.5061666369438171,0.014760415069758892,0.5094999670982361,0.014760415069758892,0.18131369352340698,0.0016037607565522194,113.05533599853516,0.01350872777402401,0.00017479386588092893,77.28376007080078,1.4628602266311646,0.0012301086680963635,4.984208499081433e-05,24.68012046813965,4.5808258056640625,0.00015193225408438593,5.577376941801049e-05,2.724080801010132,0.0001458207843825221,5.746980968979187e-05,2.5373458862304688,1.073594570159912,0.00015296142373699695,4.875233935308643e-05,3.137519598007202,0.868227481842041,0.05143919959664345,0.050161417573690414,1.0254733562469482,0.2737220823764801,0.26676082611083984,1.0260955095291138,0.04653118550777435,0.0455160029232502,1.022303819656372,0.2907882034778595,0.28758224844932556,1.0111479759216309,0.6812624335289001,0.673114538192749,1.0121047496795654,0.28280624747276306,0.27990683913230896,1.010358452796936,0.8418862223625183,0.8432607650756836,0.00949922762811184,0.010171364061534405,0.0013744831085205078,0.9140364527702332,0.00434115482494235,-0.07077574729919434,1.0,0.28734007477760315,sphere,5.0,4,gaussian,gaussian,60000,0.3,0.3,"[0.0, 0.0, 0.0, 0.0]","[0.0, 0.2886751, 0.2886751, 0.2886751]",1,,,True
norm__sph_d512_c10_s34,9.18443693080917e-05,8.766824612393975e-05,9.18443693080917e-05,50.0,2.716978315220331e-06,9.080876770894974e-05,9.080876770894974e-05,-1443.5179443359375,-1443.5179443359375,-1443.9620361328125,-1443.966796875,0.009549811482429504,0.0,1.0,0.07845094799995422,0.30239608883857727,0.058246027678251266,0.1937343329191208,9.999999974752427e-07,2.5392069801455364e-05,0.18902939558029175,0.3264930248260498,1.7272076606750488,0.002342963358387351,0.012394703924655914,0.00015056133270263672,0.0001499652862548828,0.9960411787033081,0.00015163421630859375,1.0071258544921875,0.5019999742507935,0.16182231903076172,0.4986666738986969,0.16182231903076172,0.5015000104904175,0.5121163725852966,0.4986666738986969,0.5121163725852966,0.5019999742507935,0.16006267070770264,0.4986666738986969,0.16006267070770264,0.19042661786079407,0.0008702818304300308,218.81027221679688,0.336012601852417,0.0015144767239689827,221.86712646484375,0.9862221479415894,0.0028238429222255945,2.283447793161031e-05,123.66576385498047,1.7693681716918945,0.00018386841111350805,5.442148903966881e-06,33.78599548339844,0.00018200477643404156,3.699752596730832e-06,49.19377136230469,0.6867941617965698,0.0001838405878515914,5.7226529861509334e-06,32.125064849853516,1.0517020225524902,0.030861331149935722,0.03070922940969467,1.0049530267715454,0.3087913990020752,0.3072751760482788,1.0049344301223755,0.02745094895362854,0.027348123490810394,1.0037598609924316,0.23344817757606506,0.23321813344955444,1.0009863376617432,0.7569870352745056,0.756182074546814,1.0010645389556885,0.22709119319915771,0.2269260436296463,1.0007277727127075,0.024294137954711914,0.02625223994255066,0.01282368041574955,0.015454570762813091,0.001958101987838745,0.028450993821024895,0.016692208126187325,-0.0021987538784742355,1.0,0.23329028487205505,sphere,10.0,512,gaussian,gaussian,60000,0.3,0.3,"[0.0, 0.0, 0.0, 0.0, 0.0, 0.0, 0.0, 0.0, 0.0, 0.0, 0.0, 0.0, 0.0, 0.0, 0.0, 0.0, 0.0, 0.0, 0.0, 0.0, 0.0, 0.0, 0.0, 0.0, 0.0, 0.0, 0.0, 0.0, 0.0, 0.0, 0.0, 0.0, 0.0, 0.0, 0.0, 0.0, 0.0, 0.0, 0.0, 0.0, 0.0, 0.0, 0.0, 0.0, 0.0, 0.0, 0.0, 0.0, 0.0, 0.0, 0.0, 0.0, 0.0, 0.0, 0.0, 0.0, 0.0, 0.0, 0.0, 0.0, 0.0, 0.0, 0.0, 0.0, 0.0, 0.0, 0.0, 0.0, 0.0, 0.0, 0.0, 0.0, 0.0, 0.0, 0.0, 0.0, 0.0, 0.0, 0.0, 0.0, 0.0, 0.0, 0.0, 0.0, 0.0, 0.0, 0.0, 0.0, 0.0, 0.0, 0.0, 0.0, 0.0, 0.0, 0.0, 0.0, 0.0, 0.0, 0.0, 0.0, 0.0, 0.0, 0.0, 0.0, 0.0, 0.0, 0.0, 0.0, 0.0, 0.0, 0.0, 0.0, 0.0, 0.0, 0.0, 0.0, 0.0, 0.0, 0.0, 0.0, 0.0, 0.0, 0.0, 0.0, 0.0, 0.0, 0.0, 0.0, 0.0, 0.0, 0.0, 0.0, 0.0, 0.0, 0.0, 0.0, 0.0, 0.0, 0.0, 0.0, 0.0, 0.0, 0.0, 0.0, 0.0, 0.0, 0.0, 0.0, 0.0, 0.0, 0.0, 0.0, 0.0, 0.0, 0.0, 0.0, 0.0, 0.0, 0.0, 0.0, 0.0, 0.0, 0.0, 0.0, 0.0, 0.0, 0.0, 0.0, 0.0, 0.0, 0.0, 0.0, 0.0, 0.0, 0.0, 0.0, 0.0, 0.0, 0.0, 0.0, 0.0, 0.0, 0.0, 0.0, 0.0, 0.0, 0.0, 0.0, 0.0, 0.0, 0.0, 0.0, 0.0, 0.0, 0.0, 0.0, 0.0, 0.0, 0.0, 0.0, 0.0, 0.0, 0.0, 0.0, 0.0, 0.0, 0.0, 0.0, 0.0, 0.0, 0.0, 0.0, 0.0, 0.0, 0.0, 0.0, 0.0, 0.0, 0.0, 0.0, 0.0, 0.0, 0.0, 0.0, 0.0, 0.0, 0.0, 0.0, 0.0, 0.0, 0.0, 0.0, 0.0, 0.0, 0.0, 0.0, 0.0, 0.0, 0.0, 0.0, 0.0, 0.0, 0.0, 0.0, 0.0, 0.0, 0.0, 0.0, 0.0, 0.0, 0.0, 0.0, 0.0, 0.0, 0.0, 0.0, 0.0, 0.0, 0.0, 0.0, 0.0, 0.0, 0.0, 0.0, 0.0, 0.0, 0.0, 0.0, 0.0, 0.0, 0.0, 0.0, 0.0, 0.0, 0.0, 0.0, 0.0, 0.0, 0.0, 0.0, 0.0, 0.0, 0.0, 0.0, 0.0, 0.0, 0.0, 0.0, 0.0, 0.0, 0.0, 0.0, 0.0, 0.0, 0.0, 0.0, 0.0, 0.0, 0.0, 0.0, 0.0, 0.0, 0.0, 0.0, 0.0, 0.0, 0.0, 0.0, 0.0, 0.0, 0.0, 0.0, 0.0, 0.0, 0.0, 0.0, 0.0, 0.0, 0.0, 0.0, 0.0, 0.0, 0.0, 0.0, 0.0, 0.0, 0.0, 0.0, 0.0, 0.0, 0.0, 0.0, 0.0, 0.0, 0.0, 0.0, 0.0, 0.0, 0.0, 0.0, 0.0, 0.0, 0.0, 0.0, 0.0, 0.0, 0.0, 0.0, 0.0, 0.0, 0.0, 0.0, 0.0, 0.0, 0.0, 0.0, 0.0, 0.0, 0.0, 0.0, 0.0, 0.0, 0.0, 0.0, 0.0, 0.0, 0.0, 0.0, 0.0, 0.0, 0.0, 0.0, 0.0, 0.0, 0.0, 0.0, 0.0, 0.0, 0.0, 0.0, 0.0, 0.0, 0.0, 0.0, 0.0, 0.0, 0.0, 0.0, 0.0, 0.0, 0.0, 0.0, 0.0, 0.0, 0.0, 0.0, 0.0, 0.0, 0.0, 0.0, 0.0, 0.0, 0.0, 0.0, 0.0, 0.0, 0.0, 0.0, 0.0, 0.0, 0.0, 0.0, 0.0, 0.0, 0.0, 0.0, 0.0, 0.0, 0.0, 0.0, 0.0, 0.0, 0.0, 0.0, 0.0, 0.0, 0.0, 0.0, 0.0, 0.0, 0.0, 0.0, 0.0, 0.0, 0.0, 0.0, 0.0, 0.0, 0.0, 0.0, 0.0, 0.0, 0.0, 0.0, 0.0, 0.0, 0.0, 0.0, 0.0, 0.0, 0.0, 0.0, 0.0, 0.0, 0.0, 0.0, 0.0, 0.0, 0.0, 0.0, 0.0, 0.0, 0.0, 0.0, 0.0, 0.0, 0.0, 0.0, 0.0, 0.0, 0.0, 0.0, 0.0, 0.0, 0.0, 0.0, 0.0, 0.0, 0.0, 0.0, 0.0, 0.0, 0.0, 0.0, 0.0, 0.0, 0.0, 0.0, 0.0, 0.0, 0.0, 0.0, 0.0, 0.0, 0.0, 0.0, 0.0, 0.0, 0.0, 0.0, 0.0, 0.0, 0.0, 0.0, 0.0, 0.0, 0.0, 0.0, 0.0, 0.0, 0.0, 0.0]","[0.0, 0.0221187, 0.0221187, 0.0221187, 0.0221187, 0.0221187, 0.0221187, 0.0221187, 0.0221187, 0.0221187, 0.0221187, 0.0221187, 0.0221187, 0.0221187, 0.0221187, 0.0221187, 0.0221187, 0.0221187, 0.0221187, 0.0221187, 0.0221187, 0.0221187, 0.0221187, 0.0221187, 0.0221187, 0.0221187, 0.0221187, 0.0221187, 0.0221187, 0.0221187, 0.0221187, 0.0221187, 0.0221187, 0.0221187, 0.0221187, 0.0221187, 0.0221187, 0.0221187, 0.0221187, 0.0221187, 0.0221187, 0.0221187, 0.0221187, 0.0221187, 0.0221187, 0.0221187, 0.0221187, 0.0221187, 0.0221187, 0.0221187, 0.0221187, 0.0221187, 0.0221187, 0.0221187, 0.0221187, 0.0221187, 0.0221187, 0.0221187, 0.0221187, 0.0221187, 0.0221187, 0.0221187, 0.0221187, 0.0221187, 0.0221187, 0.0221187, 0.0221187, 0.0221187, 0.0221187, 0.0221187, 0.0221187, 0.0221187, 0.0221187, 0.0221187, 0.0221187, 0.0221187, 0.0221187, 0.0221187, 0.0221187, 0.0221187, 0.0221187, 0.0221187, 0.0221187, 0.0221187, 0.0221187, 0.0221187, 0.0221187, 0.0221187, 0.0221187, 0.0221187, 0.0221187, 0.0221187, 0.0221187, 0.0221187, 0.0221187, 0.0221187, 0.0221187, 0.0221187, 0.0221187, 0.0221187, 0.0221187, 0.0221187, 0.0221187, 0.0221187, 0.0221187, 0.0221187, 0.0221187, 0.0221187, 0.0221187, 0.0221187, 0.0221187, 0.0221187, 0.0221187, 0.0221187, 0.0221187, 0.0221187, 0.0221187, 0.0221187, 0.0221187, 0.0221187, 0.0221187, 0.0221187, 0.0221187, 0.0221187, 0.0221187, 0.0221187, 0.0221187, 0.0221187, 0.0221187, 0.0221187, 0.0221187, 0.0221187, 0.0221187, 0.0221187, 0.0221187, 0.0221187, 0.0221187, 0.0221187, 0.0221187, 0.0221187, 0.0221187, 0.0221187, 0.0221187, 0.0221187, 0.0221187, 0.0221187, 0.0221187, 0.0221187, 0.0221187, 0.0221187, 0.0221187, 0.0221187, 0.0221187, 0.0221187, 0.0221187, 0.0221187, 0.0221187, 0.0221187, 0.0221187, 0.0221187, 0.0221187, 0.0221187, 0.0221187, 0.0221187, 0.0221187, 0.0221187, 0.0221187, 0.0221187, 0.0221187, 0.0221187, 0.0221187, 0.0221187, 0.0221187, 0.0221187, 0.0221187, 0.0221187, 0.0221187, 0.0221187, 0.0221187, 0.0221187, 0.0221187, 0.0221187, 0.0221187, 0.0221187, 0.0221187, 0.0221187, 0.0221187, 0.0221187, 0.0221187, 0.0221187, 0.0221187, 0.0221187, 0.0221187, 0.0221187, 0.0221187, 0.0221187, 0.0221187, 0.0221187, 0.0221187, 0.0221187, 0.0221187, 0.0221187, 0.0221187, 0.0221187, 0.0221187, 0.0221187, 0.0221187, 0.0221187, 0.0221187, 0.0221187, 0.0221187, 0.0221187, 0.0221187, 0.0221187, 0.0221187, 0.0221187, 0.0221187, 0.0221187, 0.0221187, 0.0221187, 0.0221187, 0.0221187, 0.0221187, 0.0221187, 0.0221187, 0.0221187, 0.0221187, 0.0221187, 0.0221187, 0.0221187, 0.0221187, 0.0221187, 0.0221187, 0.0221187, 0.0221187, 0.0221187, 0.0221187, 0.0221187, 0.0221187, 0.0221187, 0.0221187, 0.0221187, 0.0221187, 0.0221187, 0.0221187, 0.0221187, 0.0221187, 0.0221187, 0.0221187, 0.0221187, 0.0221187, 0.0221187, 0.0221187, 0.0221187, 0.0221187, 0.0221187, 0.0221187, 0.0221187, 0.0221187, 0.0221187, 0.0221187, 0.0221187, 0.0221187, 0.0221187, 0.0221187, 0.0221187, 0.0221187, 0.0221187, 0.0221187, 0.0221187, 0.0221187, 0.0221187, 0.0221187, 0.0221187, 0.0221187, 0.0221187, 0.0221187, 0.0221187, 0.0221187, 0.0221187, 0.0221187, 0.0221187, 0.0221187, 0.0221187, 0.0221187, 0.0221187, 0.0221187, 0.0221187, 0.0221187, 0.0221187, 0.0221187, 0.0221187, 0.0221187, 0.0221187, 0.0221187, 0.0221187, 0.0221187, 0.0221187, 0.0221187, 0.0221187, 0.0221187, 0.0221187, 0.0221187, 0.0221187, 0.0221187, 0.0221187, 0.0221187, 0.0221187, 0.0221187, 0.0221187, 0.0221187, 0.0221187, 0.0221187, 0.0221187, 0.0221187, 0.0221187, 0.0221187, 0.0221187, 0.0221187, 0.0221187, 0.0221187, 0.0221187, 0.0221187, 0.0221187, 0.0221187, 0.0221187, 0.0221187, 0.0221187, 0.0221187, 0.0221187, 0.0221187, 0.0221187, 0.0221187, 0.0221187, 0.0221187, 0.0221187, 0.0221187, 0.0221187, 0.0221187, 0.0221187, 0.0221187, 0.0221187, 0.0221187, 0.0221187, 0.0221187, 0.0221187, 0.0221187, 0.0221187, 0.0221187, 0.0221187, 0.0221187, 0.0221187, 0.0221187, 0.0221187, 0.0221187, 0.0221187, 0.0221187, 0.0221187, 0.0221187, 0.0221187, 0.0221187, 0.0221187, 0.0221187, 0.0221187, 0.0221187, 0.0221187, 0.0221187, 0.0221187, 0.0221187, 0.0221187, 0.0221187, 0.0221187, 0.0221187, 0.0221187, 0.0221187, 0.0221187, 0.0221187, 0.0221187, 0.0221187, 0.0221187, 0.0221187, 0.0221187, 0.0221187, 0.0221187, 0.0221187, 0.0221187, 0.0221187, 0.0221187, 0.0221187, 0.0221187, 0.0221187, 0.0221187, 0.0221187, 0.0221187, 0.0221187, 0.0221187, 0.0221187, 0.0221187, 0.0221187, 0.0221187, 0.0221187, 0.0221187, 0.0221187, 0.0221187, 0.0221187, 0.0221187, 0.0221187, 0.0221187, 0.0221187, 0.0221187, 0.0221187, 0.0221187, 0.0221187, 0.0221187, 0.0221187, 0.0221187, 0.0221187, 0.0221187, 0.0221187, 0.0221187, 0.0221187, 0.0221187, 0.0221187, 0.0221187, 0.0221187, 0.0221187, 0.0221187, 0.0221187, 0.0221187, 0.0221187, 0.0221187, 0.0221187, 0.0221187, 0.0221187, 0.0221187, 0.0221187, 0.0221187, 0.0221187, 0.0221187, 0.0221187, 0.0221187, 0.0221187, 0.0221187, 0.0221187, 0.0221187, 0.0221187, 0.0221187, 0.0221187, 0.0221187, 0.0221187, 0.0221187, 0.0221187, 0.0221187, 0.0221187, 0.0221187, 0.0221187, 0.0221187, 0.0221187, 0.0221187, 0.0221187, 0.0221187, 0.0221187, 0.0221187, 0.0221187, 0.0221187, 0.0221187, 0.0221187, 0.0221187, 0.0221187, 0.0221187, 0.0221187, 0.0221187, 0.0221187, 0.0221187, 0.0221187, 0.0221187, 0.0221187, 0.0221187, 0.0221187, 0.0221187, 0.0221187, 0.0221187, 0.0221187, 0.0221187, 0.0221187, 0.0221187, 0.0221187, 0.0221187, 0.0221187, 0.0221187, 0.0221187, 0.0221187, 0.0221187, 0.0221187, 0.0221187, 0.0221187, 0.0221187, 0.0221187, 0.0221187, 0.0221187, 0.0221187, 0.0221187, 0.0221187, 0.0221187, 0.0221187, 0.0221187, 0.0221187, 0.0221187, 0.0221187, 0.0221187, 0.0221187, 0.0221187]",1,,,True
norm__sph_d512_c10_s42,9.216024045599625e-05,9.047456114785746e-05,9.216024045599625e-05,50.0,3.3726294077496277e-06,9.14018673938699e-05,9.14018673938699e-05,-1443.828369140625,-1443.828369140625,-1445.339111328125,-1445.363037109375,0.009725639596581459,0.0,1.0,0.07888752222061157,0.3042544424533844,0.05916910991072655,0.19892705976963043,9.999999974752427e-07,2.5942677893908694e-05,0.1893036961555481,0.3230688273906708,1.7066166400909424,0.0023622075095772743,0.012478402815759182,0.0001844167709350586,0.00017654895782470703,0.9573367238044739,0.0001875162124633789,1.016806721687317,0.5026666522026062,0.16056448221206665,0.5061666369438171,0.16056448221206665,0.5023333430290222,0.5081138610839844,0.5056666731834412,0.5081138610839844,0.5026666522026062,0.15884490311145782,0.5061666369438171,0.15884490311145782,0.18939925730228424,0.0010653886711224914,177.77479553222656,0.3323982357978821,0.0013634017668664455,243.80064392089844,0.7291809916496277,0.002851868513971567,2.424401100142859e-05,117.63188171386719,1.5112806558609009,0.00021320185624063015,1.649305886530783e-05,12.926762580871582,0.00020761889754794538,9.425959433428943e-06,22.026287078857422,0.5868788957595825,0.0002203981130151078,1.6084561138995923e-05,13.702463150024414,0.9433897137641907,0.030223190784454346,0.03082793764770031,0.9803832173347473,0.30240440368652344,0.30846288800239563,0.9803591370582581,0.026934688910841942,0.02743898332118988,0.9816213250160217,0.2308761179447174,0.2337038367986679,0.9879004955291748,0.7481813430786133,0.7578467726707458,0.9872461557388306,0.22468337416648865,0.22737638652324677,0.9881561398506165,0.027217905968427658,0.02474443055689335,0.014603539370000362,0.014888648875057697,-0.0024734754115343094,0.031575728207826614,0.018824990838766098,-0.006831297650933266,1.0,0.23225297033786774,sphere,10.0,512,gaussian,gaussian,60000,0.3,0.3,"[0.0, 0.0, 0.0, 0.0, 0.0, 0.0, 0.0, 0.0, 0.0, 0.0, 0.0, 0.0, 0.0, 0.0, 0.0, 0.0, 0.0, 0.0, 0.0, 0.0, 0.0, 0.0, 0.0, 0.0, 0.0, 0.0, 0.0, 0.0, 0.0, 0.0, 0.0, 0.0, 0.0, 0.0, 0.0, 0.0, 0.0, 0.0, 0.0, 0.0, 0.0, 0.0, 0.0, 0.0, 0.0, 0.0, 0.0, 0.0, 0.0, 0.0, 0.0, 0.0, 0.0, 0.0, 0.0, 0.0, 0.0, 0.0, 0.0, 0.0, 0.0, 0.0, 0.0, 0.0, 0.0, 0.0, 0.0, 0.0, 0.0, 0.0, 0.0, 0.0, 0.0, 0.0, 0.0, 0.0, 0.0, 0.0, 0.0, 0.0, 0.0, 0.0, 0.0, 0.0, 0.0, 0.0, 0.0, 0.0, 0.0, 0.0, 0.0, 0.0, 0.0, 0.0, 0.0, 0.0, 0.0, 0.0, 0.0, 0.0, 0.0, 0.0, 0.0, 0.0, 0.0, 0.0, 0.0, 0.0, 0.0, 0.0, 0.0, 0.0, 0.0, 0.0, 0.0, 0.0, 0.0, 0.0, 0.0, 0.0, 0.0, 0.0, 0.0, 0.0, 0.0, 0.0, 0.0, 0.0, 0.0, 0.0, 0.0, 0.0, 0.0, 0.0, 0.0, 0.0, 0.0, 0.0, 0.0, 0.0, 0.0, 0.0, 0.0, 0.0, 0.0, 0.0, 0.0, 0.0, 0.0, 0.0, 0.0, 0.0, 0.0, 0.0, 0.0, 0.0, 0.0, 0.0, 0.0, 0.0, 0.0, 0.0, 0.0, 0.0, 0.0, 0.0, 0.0, 0.0, 0.0, 0.0, 0.0, 0.0, 0.0, 0.0, 0.0, 0.0, 0.0, 0.0, 0.0, 0.0, 0.0, 0.0, 0.0, 0.0, 0.0, 0.0, 0.0, 0.0, 0.0, 0.0, 0.0, 0.0, 0.0, 0.0, 0.0, 0.0, 0.0, 0.0, 0.0, 0.0, 0.0, 0.0, 0.0, 0.0, 0.0, 0.0, 0.0, 0.0, 0.0, 0.0, 0.0, 0.0, 0.0, 0.0, 0.0, 0.0, 0.0, 0.0, 0.0, 0.0, 0.0, 0.0, 0.0, 0.0, 0.0, 0.0, 0.0, 0.0, 0.0, 0.0, 0.0, 0.0, 0.0, 0.0, 0.0, 0.0, 0.0, 0.0, 0.0, 0.0, 0.0, 0.0, 0.0, 0.0, 0.0, 0.0, 0.0, 0.0, 0.0, 0.0, 0.0, 0.0, 0.0, 0.0, 0.0, 0.0, 0.0, 0.0, 0.0, 0.0, 0.0, 0.0, 0.0, 0.0, 0.0, 0.0, 0.0, 0.0, 0.0, 0.0, 0.0, 0.0, 0.0, 0.0, 0.0, 0.0, 0.0, 0.0, 0.0, 0.0, 0.0, 0.0, 0.0, 0.0, 0.0, 0.0, 0.0, 0.0, 0.0, 0.0, 0.0, 0.0, 0.0, 0.0, 0.0, 0.0, 0.0, 0.0, 0.0, 0.0, 0.0, 0.0, 0.0, 0.0, 0.0, 0.0, 0.0, 0.0, 0.0, 0.0, 0.0, 0.0, 0.0, 0.0, 0.0, 0.0, 0.0, 0.0, 0.0, 0.0, 0.0, 0.0, 0.0, 0.0, 0.0, 0.0, 0.0, 0.0, 0.0, 0.0, 0.0, 0.0, 0.0, 0.0, 0.0, 0.0, 0.0, 0.0, 0.0, 0.0, 0.0, 0.0, 0.0, 0.0, 0.0, 0.0, 0.0, 0.0, 0.0, 0.0, 0.0, 0.0, 0.0, 0.0, 0.0, 0.0, 0.0, 0.0, 0.0, 0.0, 0.0, 0.0, 0.0, 0.0, 0.0, 0.0, 0.0, 0.0, 0.0, 0.0, 0.0, 0.0, 0.0, 0.0, 0.0, 0.0, 0.0, 0.0, 0.0, 0.0, 0.0, 0.0, 0.0, 0.0, 0.0, 0.0, 0.0, 0.0, 0.0, 0.0, 0.0, 0.0, 0.0, 0.0, 0.0, 0.0, 0.0, 0.0, 0.0, 0.0, 0.0, 0.0, 0.0, 0.0, 0.0, 0.0, 0.0, 0.0, 0.0, 0.0, 0.0, 0.0, 0.0, 0.0, 0.0, 0.0, 0.0, 0.0, 0.0, 0.0, 0.0, 0.0, 0.0, 0.0, 0.0, 0.0, 0.0, 0.0, 0.0, 0.0, 0.0, 0.0, 0.0, 0.0, 0.0, 0.0, 0.0, 0.0, 0.0, 0.0, 0.0, 0.0, 0.0, 0.0, 0.0, 0.0, 0.0, 0.0, 0.0, 0.0, 0.0, 0.0, 0.0, 0.0, 0.0, 0.0, 0.0, 0.0, 0.0, 0.0, 0.0, 0.0, 0.0, 0.0, 0.0, 0.0, 0.0, 0.0, 0.0, 0.0, 0.0, 0.0, 0.0, 0.0, 0.0, 0.0, 0.0, 0.0, 0.0, 0.0, 0.0, 0.0, 0.0, 0.0, 0.0, 0.0, 0.0, 0.0, 0.0, 0.0, 0.0, 0.0, 0.0, 0.0, 0.0, 0.0, 0.0, 0.0, 0.0, 0.0, 0.0, 0.0, 0.0, 0.0, 0.0, 0.0, 0.0, 0.0, 0.0, 0.0, 0.0, 0.0]","[0.0, 0.0221187, 0.0221187, 0.0221187, 0.0221187, 0.0221187, 0.0221187, 0.0221187, 0.0221187, 0.0221187, 0.0221187, 0.0221187, 0.0221187, 0.0221187, 0.0221187, 0.0221187, 0.0221187, 0.0221187, 0.0221187, 0.0221187, 0.0221187, 0.0221187, 0.0221187, 0.0221187, 0.0221187, 0.0221187, 0.0221187, 0.0221187, 0.0221187, 0.0221187, 0.0221187, 0.0221187, 0.0221187, 0.0221187, 0.0221187, 0.0221187, 0.0221187, 0.0221187, 0.0221187, 0.0221187, 0.0221187, 0.0221187, 0.0221187, 0.0221187, 0.0221187, 0.0221187, 0.0221187, 0.0221187, 0.0221187, 0.0221187, 0.0221187, 0.0221187, 0.0221187, 0.0221187, 0.0221187, 0.0221187, 0.0221187, 0.0221187, 0.0221187, 0.0221187, 0.0221187, 0.0221187, 0.0221187, 0.0221187, 0.0221187, 0.0221187, 0.0221187, 0.0221187, 0.0221187, 0.0221187, 0.0221187, 0.0221187, 0.0221187, 0.0221187, 0.0221187, 0.0221187, 0.0221187, 0.0221187, 0.0221187, 0.0221187, 0.0221187, 0.0221187, 0.0221187, 0.0221187, 0.0221187, 0.0221187, 0.0221187, 0.0221187, 0.0221187, 0.0221187, 0.0221187, 0.0221187, 0.0221187, 0.0221187, 0.0221187, 0.0221187, 0.0221187, 0.0221187, 0.0221187, 0.0221187, 0.0221187, 0.0221187, 0.0221187, 0.0221187, 0.0221187, 0.0221187, 0.0221187, 0.0221187, 0.0221187, 0.0221187, 0.0221187, 0.0221187, 0.0221187, 0.0221187, 0.0221187, 0.0221187, 0.0221187, 0.0221187, 0.0221187, 0.0221187, 0.0221187, 0.0221187, 0.0221187, 0.0221187, 0.0221187, 0.0221187, 0.0221187, 0.0221187, 0.0221187, 0.0221187, 0.0221187, 0.0221187, 0.0221187, 0.0221187, 0.0221187, 0.0221187, 0.0221187, 0.0221187, 0.0221187, 0.0221187, 0.0221187, 0.0221187, 0.0221187, 0.0221187, 0.0221187, 0.0221187, 0.0221187, 0.0221187, 0.0221187, 0.0221187, 0.0221187, 0.0221187, 0.0221187, 0.0221187, 0.0221187, 0.0221187, 0.0221187, 0.0221187, 0.0221187, 0.0221187, 0.0221187, 0.0221187, 0.0221187, 0.0221187, 0.0221187, 0.0221187, 0.0221187, 0.0221187, 0.0221187, 0.0221187, 0.0221187, 0.0221187, 0.0221187, 0.0221187, 0.0221187, 0.0221187, 0.0221187, 0.0221187, 0.0221187, 0.0221187, 0.0221187, 0.0221187, 0.0221187, 0.0221187, 0.0221187, 0.0221187, 0.0221187, 0.0221187, 0.0221187, 0.0221187, 0.0221187, 0.0221187, 0.0221187, 0.0221187, 0.0221187, 0.0221187, 0.0221187, 0.0221187, 0.0221187, 0.0221187, 0.0221187, 0.0221187, 0.0221187, 0.0221187, 0.0221187, 0.0221187, 0.0221187, 0.0221187, 0.0221187, 0.0221187, 0.0221187, 0.0221187, 0.0221187, 0.0221187, 0.0221187, 0.0221187, 0.0221187, 0.0221187, 0.0221187, 0.0221187, 0.0221187, 0.0221187, 0.0221187, 0.0221187, 0.0221187, 0.0221187, 0.0221187, 0.0221187, 0.0221187, 0.0221187, 0.0221187, 0.0221187, 0.0221187, 0.0221187, 0.0221187, 0.0221187, 0.0221187, 0.0221187, 0.0221187, 0.0221187, 0.0221187, 0.0221187, 0.0221187, 0.0221187, 0.0221187, 0.0221187, 0.0221187, 0.0221187, 0.0221187, 0.0221187, 0.0221187, 0.0221187, 0.0221187, 0.0221187, 0.0221187, 0.0221187, 0.0221187, 0.0221187, 0.0221187, 0.0221187, 0.0221187, 0.0221187, 0.0221187, 0.0221187, 0.0221187, 0.0221187, 0.0221187, 0.0221187, 0.0221187, 0.0221187, 0.0221187, 0.0221187, 0.0221187, 0.0221187, 0.0221187, 0.0221187, 0.0221187, 0.0221187, 0.0221187, 0.0221187, 0.0221187, 0.0221187, 0.0221187, 0.0221187, 0.0221187, 0.0221187, 0.0221187, 0.0221187, 0.0221187, 0.0221187, 0.0221187, 0.0221187, 0.0221187, 0.0221187, 0.0221187, 0.0221187, 0.0221187, 0.0221187, 0.0221187, 0.0221187, 0.0221187, 0.0221187, 0.0221187, 0.0221187, 0.0221187, 0.0221187, 0.0221187, 0.0221187, 0.0221187, 0.0221187, 0.0221187, 0.0221187, 0.0221187, 0.0221187, 0.0221187, 0.0221187, 0.0221187, 0.0221187, 0.0221187, 0.0221187, 0.0221187, 0.0221187, 0.0221187, 0.0221187, 0.0221187, 0.0221187, 0.0221187, 0.0221187, 0.0221187, 0.0221187, 0.0221187, 0.0221187, 0.0221187, 0.0221187, 0.0221187, 0.0221187, 0.0221187, 0.0221187, 0.0221187, 0.0221187, 0.0221187, 0.0221187, 0.0221187, 0.0221187, 0.0221187, 0.0221187, 0.0221187, 0.0221187, 0.0221187, 0.0221187, 0.0221187, 0.0221187, 0.0221187, 0.0221187, 0.0221187, 0.0221187, 0.0221187, 0.0221187, 0.0221187, 0.0221187, 0.0221187, 0.0221187, 0.0221187, 0.0221187, 0.0221187, 0.0221187, 0.0221187, 0.0221187, 0.0221187, 0.0221187, 0.0221187, 0.0221187, 0.0221187, 0.0221187, 0.0221187, 0.0221187, 0.0221187, 0.0221187, 0.0221187, 0.0221187, 0.0221187, 0.0221187, 0.0221187, 0.0221187, 0.0221187, 0.0221187, 0.0221187, 0.0221187, 0.0221187, 0.0221187, 0.0221187, 0.0221187, 0.0221187, 0.0221187, 0.0221187, 0.0221187, 0.0221187, 0.0221187, 0.0221187, 0.0221187, 0.0221187, 0.0221187, 0.0221187, 0.0221187, 0.0221187, 0.0221187, 0.0221187, 0.0221187, 0.0221187, 0.0221187, 0.0221187, 0.0221187, 0.0221187, 0.0221187, 0.0221187, 0.0221187, 0.0221187, 0.0221187, 0.0221187, 0.0221187, 0.0221187, 0.0221187, 0.0221187, 0.0221187, 0.0221187, 0.0221187, 0.0221187, 0.0221187, 0.0221187, 0.0221187, 0.0221187, 0.0221187, 0.0221187, 0.0221187, 0.0221187, 0.0221187, 0.0221187, 0.0221187, 0.0221187, 0.0221187, 0.0221187, 0.0221187, 0.0221187, 0.0221187, 0.0221187, 0.0221187, 0.0221187, 0.0221187, 0.0221187, 0.0221187, 0.0221187, 0.0221187, 0.0221187, 0.0221187, 0.0221187, 0.0221187, 0.0221187, 0.0221187, 0.0221187, 0.0221187, 0.0221187, 0.0221187, 0.0221187, 0.0221187, 0.0221187, 0.0221187, 0.0221187, 0.0221187, 0.0221187, 0.0221187, 0.0221187, 0.0221187, 0.0221187, 0.0221187, 0.0221187, 0.0221187, 0.0221187, 0.0221187, 0.0221187, 0.0221187, 0.0221187, 0.0221187, 0.0221187, 0.0221187, 0.0221187, 0.0221187, 0.0221187, 0.0221187, 0.0221187, 0.0221187, 0.0221187, 0.0221187, 0.0221187, 0.0221187, 0.0221187, 0.0221187, 0.0221187, 0.0221187, 0.0221187, 0.0221187, 0.0221187, 0.0221187, 0.0221187, 0.0221187, 0.0221187, 0.0221187, 0.0221187, 0.0221187, 0.0221187, 0.0221187, 0.0221187, 0.0221187]",1,,,True
norm__sph_d512_c10_s50,9.226104157278314e-05,9.355532529298216e-05,9.226104157278314e-05,50.0,3.526608225001837e-06,9.172088903142139e-05,9.172088903142139e-05,-1442.782470703125,-1442.782470703125,-1443.9510498046875,-1443.955322265625,0.00930666085332632,0.0,1.0,0.0775194838643074,0.30285346508026123,0.057413145899772644,0.19197574257850647,9.999999974752427e-07,2.598956234578509e-05,0.1912650614976883,0.3263772130012512,1.7064132690429688,0.002403000835329294,0.01256372220814228,0.00018417835235595703,0.00017774105072021484,0.965048611164093,0.0001863241195678711,1.0116504430770874,0.5026666522026062,0.1620875895023346,0.5168333053588867,0.1620875895023346,0.5024999976158142,0.5130164623260498,0.5166666507720947,0.5130164623260498,0.5026666522026062,0.16031917929649353,0.5168333053588867,0.16031917929649353,0.19057290256023407,0.0010520482901483774,181.1446533203125,0.3360782861709595,0.0011664761696010828,288.1141357421875,0.6287252902984619,0.0028929065447300673,2.313167897227686e-05,125.06253814697266,1.448432445526123,0.00021921000734437257,1.4928339624020737e-05,14.684150695800781,0.00020604929886758327,1.0709029083955102e-05,19.24070930480957,0.7631813883781433,0.0002189199294662103,1.2708985195786227e-05,17.225603103637695,0.8524608016014099,0.030534368008375168,0.0311241764575243,0.9810497760772705,0.30551883578300476,0.31142106652259827,0.9810474514961243,0.027182139456272125,0.02766994945704937,0.9823703765869141,0.23207324743270874,0.2346506416797638,0.989016056060791,0.7522756457328796,0.7610870599746704,0.9884226322174072,0.22579486668109894,0.22823478281497955,0.989309549331665,0.023914748802781105,0.025773348286747932,0.012621569447219372,0.015634849667549133,0.0018585994839668274,0.027918284758925438,0.01625046506524086,-0.0021449346095323563,1.0,0.23351548612117767,sphere,10.0,512,gaussian,gaussian,60000,0.3,0.3,"[0.0, 0.0, 0.0, 0.0, 0.0, 0.0, 0.0, 0.0, 0.0, 0.0, 0.0, 0.0, 0.0, 0.0, 0.0, 0.0, 0.0, 0.0, 0.0, 0.0, 0.0, 0.0, 0.0, 0.0, 0.0, 0.0, 0.0, 0.0, 0.0, 0.0, 0.0, 0.0, 0.0, 0.0, 0.0, 0.0, 0.0, 0.0, 0.0, 0.0, 0.0, 0.0, 0.0, 0.0, 0.0, 0.0, 0.0, 0.0, 0.0, 0.0, 0.0, 0.0, 0.0, 0.0, 0.0, 0.0, 0.0, 0.0, 0.0, 0.0, 0.0, 0.0, 0.0, 0.0, 0.0, 0.0, 0.0, 0.0, 0.0, 0.0, 0.0, 0.0, 0.0, 0.0, 0.0, 0.0, 0.0, 0.0, 0.0, 0.0, 0.0, 0.0, 0.0, 0.0, 0.0, 0.0, 0.0, 0.0, 0.0, 0.0, 0.0, 0.0, 0.0, 0.0, 0.0, 0.0, 0.0, 0.0, 0.0, 0.0, 0.0, 0.0, 0.0, 0.0, 0.0, 0.0, 0.0, 0.0, 0.0, 0.0, 0.0, 0.0, 0.0, 0.0, 0.0, 0.0, 0.0, 0.0, 0.0, 0.0, 0.0, 0.0, 0.0, 0.0, 0.0, 0.0, 0.0, 0.0, 0.0, 0.0, 0.0, 0.0, 0.0, 0.0, 0.0, 0.0, 0.0, 0.0, 0.0, 0.0, 0.0, 0.0, 0.0, 0.0, 0.0, 0.0, 0.0, 0.0, 0.0, 0.0, 0.0, 0.0, 0.0, 0.0, 0.0, 0.0, 0.0, 0.0, 0.0, 0.0, 0.0, 0.0, 0.0, 0.0, 0.0, 0.0, 0.0, 0.0, 0.0, 0.0, 0.0, 0.0, 0.0, 0.0, 0.0, 0.0, 0.0, 0.0, 0.0, 0.0, 0.0, 0.0, 0.0, 0.0, 0.0, 0.0, 0.0, 0.0, 0.0, 0.0, 0.0, 0.0, 0.0, 0.0, 0.0, 0.0, 0.0, 0.0, 0.0, 0.0, 0.0, 0.0, 0.0, 0.0, 0.0, 0.0, 0.0, 0.0, 0.0, 0.0, 0.0, 0.0, 0.0, 0.0, 0.0, 0.0, 0.0, 0.0, 0.0, 0.0, 0.0, 0.0, 0.0, 0.0, 0.0, 0.0, 0.0, 0.0, 0.0, 0.0, 0.0, 0.0, 0.0, 0.0, 0.0, 0.0, 0.0, 0.0, 0.0, 0.0, 0.0, 0.0, 0.0, 0.0, 0.0, 0.0, 0.0, 0.0, 0.0, 0.0, 0.0, 0.0, 0.0, 0.0, 0.0, 0.0, 0.0, 0.0, 0.0, 0.0, 0.0, 0.0, 0.0, 0.0, 0.0, 0.0, 0.0, 0.0, 0.0, 0.0, 0.0, 0.0, 0.0, 0.0, 0.0, 0.0, 0.0, 0.0, 0.0, 0.0, 0.0, 0.0, 0.0, 0.0, 0.0, 0.0, 0.0, 0.0, 0.0, 0.0, 0.0, 0.0, 0.0, 0.0, 0.0, 0.0, 0.0, 0.0, 0.0, 0.0, 0.0, 0.0, 0.0, 0.0, 0.0, 0.0, 0.0, 0.0, 0.0, 0.0, 0.0, 0.0, 0.0, 0.0, 0.0, 0.0, 0.0, 0.0, 0.0, 0.0, 0.0, 0.0, 0.0, 0.0, 0.0, 0.0, 0.0, 0.0, 0.0, 0.0, 0.0, 0.0, 0.0, 0.0, 0.0, 0.0, 0.0, 0.0, 0.0, 0.0, 0.0, 0.0, 0.0, 0.0, 0.0, 0.0, 0.0, 0.0, 0.0, 0.0, 0.0, 0.0, 0.0, 0.0, 0.0, 0.0, 0.0, 0.0, 0.0, 0.0, 0.0, 0.0, 0.0, 0.0, 0.0, 0.0, 0.0, 0.0, 0.0, 0.0, 0.0, 0.0, 0.0, 0.0, 0.0, 0.0, 0.0, 0.0, 0.0, 0.0, 0.0, 0.0, 0.0, 0.0, 0.0, 0.0, 0.0, 0.0, 0.0, 0.0, 0.0, 0.0, 0.0, 0.0, 0.0, 0.0, 0.0, 0.0, 0.0, 0.0, 0.0, 0.0, 0.0, 0.0, 0.0, 0.0, 0.0, 0.0, 0.0, 0.0, 0.0, 0.0, 0.0, 0.0, 0.0, 0.0, 0.0, 0.0, 0.0, 0.0, 0.0, 0.0, 0.0, 0.0, 0.0, 0.0, 0.0, 0.0, 0.0, 0.0, 0.0, 0.0, 0.0, 0.0, 0.0, 0.0, 0.0, 0.0, 0.0, 0.0, 0.0, 0.0, 0.0, 0.0, 0.0, 0.0, 0.0, 0.0, 0.0, 0.0, 0.0, 0.0, 0.0, 0.0, 0.0, 0.0, 0.0, 0.0, 0.0, 0.0, 0.0, 0.0, 0.0, 0.0, 0.0, 0.0, 0.0, 0.0, 0.0, 0.0, 0.0, 0.0, 0.0, 0.0, 0.0, 0.0, 0.0, 0.0, 0.0, 0.0, 0.0, 0.0, 0.0, 0.0, 0.0, 0.0, 0.0, 0.0, 0.0, 0.0, 0.0, 0.0, 0.0, 0.0, 0.0, 0.0, 0.0, 0.0, 0.0, 0.0, 0.0, 0.0, 0.0, 0.0, 0.0, 0.0, 0.0, 0.0, 0.0, 0.0, 0.0, 0.0]","[0.0, 0.0221187, 0.0221187, 0.0221187, 0.0221187, 0.0221187, 0.0221187, 0.0221187, 0.0221187, 0.0221187, 0.0221187, 0.0221187, 0.0221187, 0.0221187, 0.0221187, 0.0221187, 0.0221187, 0.0221187, 0.0221187, 0.0221187, 0.0221187, 0.0221187, 0.0221187, 0.0221187, 0.0221187, 0.0221187, 0.0221187, 0.0221187, 0.0221187, 0.0221187, 0.0221187, 0.0221187, 0.0221187, 0.0221187, 0.0221187, 0.0221187, 0.0221187, 0.0221187, 0.0221187, 0.0221187, 0.0221187, 0.0221187, 0.0221187, 0.0221187, 0.0221187, 0.0221187, 0.0221187, 0.0221187, 0.0221187, 0.0221187, 0.0221187, 0.0221187, 0.0221187, 0.0221187, 0.0221187, 0.0221187, 0.0221187, 0.0221187, 0.0221187, 0.0221187, 0.0221187, 0.0221187, 0.0221187, 0.0221187, 0.0221187, 0.0221187, 0.0221187, 0.0221187, 0.0221187, 0.0221187, 0.0221187, 0.0221187, 0.0221187, 0.0221187, 0.0221187, 0.0221187, 0.0221187, 0.0221187, 0.0221187, 0.0221187, 0.0221187, 0.0221187, 0.0221187, 0.0221187, 0.0221187, 0.0221187, 0.0221187, 0.0221187, 0.0221187, 0.0221187, 0.0221187, 0.0221187, 0.0221187, 0.0221187, 0.0221187, 0.0221187, 0.0221187, 0.0221187, 0.0221187, 0.0221187, 0.0221187, 0.0221187, 0.0221187, 0.0221187, 0.0221187, 0.0221187, 0.0221187, 0.0221187, 0.0221187, 0.0221187, 0.0221187, 0.0221187, 0.0221187, 0.0221187, 0.0221187, 0.0221187, 0.0221187, 0.0221187, 0.0221187, 0.0221187, 0.0221187, 0.0221187, 0.0221187, 0.0221187, 0.0221187, 0.0221187, 0.0221187, 0.0221187, 0.0221187, 0.0221187, 0.0221187, 0.0221187, 0.0221187, 0.0221187, 0.0221187, 0.0221187, 0.0221187, 0.0221187, 0.0221187, 0.0221187, 0.0221187, 0.0221187, 0.0221187, 0.0221187, 0.0221187, 0.0221187, 0.0221187, 0.0221187, 0.0221187, 0.0221187, 0.0221187, 0.0221187, 0.0221187, 0.0221187, 0.0221187, 0.0221187, 0.0221187, 0.0221187, 0.0221187, 0.0221187, 0.0221187, 0.0221187, 0.0221187, 0.0221187, 0.0221187, 0.0221187, 0.0221187, 0.0221187, 0.0221187, 0.0221187, 0.0221187, 0.0221187, 0.0221187, 0.0221187, 0.0221187, 0.0221187, 0.0221187, 0.0221187, 0.0221187, 0.0221187, 0.0221187, 0.0221187, 0.0221187, 0.0221187, 0.0221187, 0.0221187, 0.0221187, 0.0221187, 0.0221187, 0.0221187, 0.0221187, 0.0221187, 0.0221187, 0.0221187, 0.0221187, 0.0221187, 0.0221187, 0.0221187, 0.0221187, 0.0221187, 0.0221187, 0.0221187, 0.0221187, 0.0221187, 0.0221187, 0.0221187, 0.0221187, 0.0221187, 0.0221187, 0.0221187, 0.0221187, 0.0221187, 0.0221187, 0.0221187, 0.0221187, 0.0221187, 0.0221187, 0.0221187, 0.0221187, 0.0221187, 0.0221187, 0.0221187, 0.0221187, 0.0221187, 0.0221187, 0.0221187, 0.0221187, 0.0221187, 0.0221187, 0.0221187, 0.0221187, 0.0221187, 0.0221187, 0.0221187, 0.0221187, 0.0221187, 0.0221187, 0.0221187, 0.0221187, 0.0221187, 0.0221187, 0.0221187, 0.0221187, 0.0221187, 0.0221187, 0.0221187, 0.0221187, 0.0221187, 0.0221187, 0.0221187, 0.0221187, 0.0221187, 0.0221187, 0.0221187, 0.0221187, 0.0221187, 0.0221187, 0.0221187, 0.0221187, 0.0221187, 0.0221187, 0.0221187, 0.0221187, 0.0221187, 0.0221187, 0.0221187, 0.0221187, 0.0221187, 0.0221187, 0.0221187, 0.0221187, 0.0221187, 0.0221187, 0.0221187, 0.0221187, 0.0221187, 0.0221187, 0.0221187, 0.0221187, 0.0221187, 0.0221187, 0.0221187, 0.0221187, 0.0221187, 0.0221187, 0.0221187, 0.0221187, 0.0221187, 0.0221187, 0.0221187, 0.0221187, 0.0221187, 0.0221187, 0.0221187, 0.0221187, 0.0221187, 0.0221187, 0.0221187, 0.0221187, 0.0221187, 0.0221187, 0.0221187, 0.0221187, 0.0221187, 0.0221187, 0.0221187, 0.0221187, 0.0221187, 0.0221187, 0.0221187, 0.0221187, 0.0221187, 0.0221187, 0.0221187, 0.0221187, 0.0221187, 0.0221187, 0.0221187, 0.0221187, 0.0221187, 0.0221187, 0.0221187, 0.0221187, 0.0221187, 0.0221187, 0.0221187, 0.0221187, 0.0221187, 0.0221187, 0.0221187, 0.0221187, 0.0221187, 0.0221187, 0.0221187, 0.0221187, 0.0221187, 0.0221187, 0.0221187, 0.0221187, 0.0221187, 0.0221187, 0.0221187, 0.0221187, 0.0221187, 0.0221187, 0.0221187, 0.0221187, 0.0221187, 0.0221187, 0.0221187, 0.0221187, 0.0221187, 0.0221187, 0.0221187, 0.0221187, 0.0221187, 0.0221187, 0.0221187, 0.0221187, 0.0221187, 0.0221187, 0.0221187, 0.0221187, 0.0221187, 0.0221187, 0.0221187, 0.0221187, 0.0221187, 0.0221187, 0.0221187, 0.0221187, 0.0221187, 0.0221187, 0.0221187, 0.0221187, 0.0221187, 0.0221187, 0.0221187, 0.0221187, 0.0221187, 0.0221187, 0.0221187, 0.0221187, 0.0221187, 0.0221187, 0.0221187, 0.0221187, 0.0221187, 0.0221187, 0.0221187, 0.0221187, 0.0221187, 0.0221187, 0.0221187, 0.0221187, 0.0221187, 0.0221187, 0.0221187, 0.0221187, 0.0221187, 0.0221187, 0.0221187, 0.0221187, 0.0221187, 0.0221187, 0.0221187, 0.0221187, 0.0221187, 0.0221187, 0.0221187, 0.0221187, 0.0221187, 0.0221187, 0.0221187, 0.0221187, 0.0221187, 0.0221187, 0.0221187, 0.0221187, 0.0221187, 0.0221187, 0.0221187, 0.0221187, 0.0221187, 0.0221187, 0.0221187, 0.0221187, 0.0221187, 0.0221187, 0.0221187, 0.0221187, 0.0221187, 0.0221187, 0.0221187, 0.0221187, 0.0221187, 0.0221187, 0.0221187, 0.0221187, 0.0221187, 0.0221187, 0.0221187, 0.0221187, 0.0221187, 0.0221187, 0.0221187, 0.0221187, 0.0221187, 0.0221187, 0.0221187, 0.0221187, 0.0221187, 0.0221187, 0.0221187, 0.0221187, 0.0221187, 0.0221187, 0.0221187, 0.0221187, 0.0221187, 0.0221187, 0.0221187, 0.0221187, 0.0221187, 0.0221187, 0.0221187, 0.0221187, 0.0221187, 0.0221187, 0.0221187, 0.0221187, 0.0221187, 0.0221187, 0.0221187, 0.0221187, 0.0221187, 0.0221187, 0.0221187, 0.0221187, 0.0221187, 0.0221187, 0.0221187, 0.0221187, 0.0221187, 0.0221187, 0.0221187, 0.0221187, 0.0221187, 0.0221187, 0.0221187, 0.0221187, 0.0221187, 0.0221187, 0.0221187, 0.0221187, 0.0221187, 0.0221187, 0.0221187, 0.0221187, 0.0221187, 0.0221187, 0.0221187, 0.0221187, 0.0221187, 0.0221187, 0.0221187, 0.0221187, 0.0221187, 0.0221187, 0.0221187, 0.0221187, 0.0221187]",1,,,True
norm__sph_d512_c1_s34,0.0009131927508860826,0.0009026799816638231,0.0009131927508860826,56.0,5.592902653006604e-06,0.0009053367539308965,0.0009053367539308965,-856.5439453125,-856.5439453125,-857.8736572265625,-857.3284912109375,0.09654948115348816,0.0,1.0,0.24720436334609985,1.0540632009506226,0.18810316920280457,0.6166819930076599,9.999999974752427e-07,8.17284580989508e-06,0.36974555253982544,0.32351332902908325,0.8749619722366333,0.2828175723552704,0.7648977637290955,0.00015604496002197266,0.00015473365783691406,0.9915966987609863,0.0001558065414428711,0.9984720945358276,0.5023333430290222,0.511726975440979,0.5078333020210266,0.511726975440979,0.5015000104904175,0.5121152997016907,0.5081666707992554,0.5121152997016907,0.5023333430290222,0.5061612725257874,0.5078333020210266,0.5061612725257874,0.38877591490745544,0.01146273035556078,33.91651916503906,0.333092600107193,0.001555446651764214,214.14596557617188,0.158380389213562,0.29234346747398376,0.0009270508890040219,315.3477783203125,0.10755274444818497,0.00018800499674398452,1.0997476238117088e-05,17.09528350830078,0.00018855730013456196,1.0320595720259007e-05,18.270002365112305,0.9357023239135742,0.00018834274669643492,1.1463982446002774e-05,16.42908477783203,1.0405499935150146,0.30344119668006897,0.3070921301841736,0.9881112575531006,0.30361610651016235,0.30727511644363403,0.9880920648574829,0.27045172452926636,0.2734813094139099,0.9889221787452698,0.732811450958252,0.7375004291534424,0.9936420917510986,0.7511134147644043,0.756182074546814,0.9932970404624939,0.7131898403167725,0.7176032662391663,0.9938497543334961,0.023915903642773628,0.02625231258571148,0.012770012021064758,0.015454616397619247,0.0023364070802927017,0.028451230376958847,0.01669248566031456,-0.002198919653892517,1.0,0.7349439859390259,sphere,1.0,512,gaussian,gaussian,60000,0.3,0.3,"[0.0, 0.0, 0.0, 0.0, 0.0, 0.0, 0.0, 0.0, 0.0, 0.0, 0.0, 0.0, 0.0, 0.0, 0.0, 0.0, 0.0, 0.0, 0.0, 0.0, 0.0, 0.0, 0.0, 0.0, 0.0, 0.0, 0.0, 0.0, 0.0, 0.0, 0.0, 0.0, 0.0, 0.0, 0.0, 0.0, 0.0, 0.0, 0.0, 0.0, 0.0, 0.0, 0.0, 0.0, 0.0, 0.0, 0.0, 0.0, 0.0, 0.0, 0.0, 0.0, 0.0, 0.0, 0.0, 0.0, 0.0, 0.0, 0.0, 0.0, 0.0, 0.0, 0.0, 0.0, 0.0, 0.0, 0.0, 0.0, 0.0, 0.0, 0.0, 0.0, 0.0, 0.0, 0.0, 0.0, 0.0, 0.0, 0.0, 0.0, 0.0, 0.0, 0.0, 0.0, 0.0, 0.0, 0.0, 0.0, 0.0, 0.0, 0.0, 0.0, 0.0, 0.0, 0.0, 0.0, 0.0, 0.0, 0.0, 0.0, 0.0, 0.0, 0.0, 0.0, 0.0, 0.0, 0.0, 0.0, 0.0, 0.0, 0.0, 0.0, 0.0, 0.0, 0.0, 0.0, 0.0, 0.0, 0.0, 0.0, 0.0, 0.0, 0.0, 0.0, 0.0, 0.0, 0.0, 0.0, 0.0, 0.0, 0.0, 0.0, 0.0, 0.0, 0.0, 0.0, 0.0, 0.0, 0.0, 0.0, 0.0, 0.0, 0.0, 0.0, 0.0, 0.0, 0.0, 0.0, 0.0, 0.0, 0.0, 0.0, 0.0, 0.0, 0.0, 0.0, 0.0, 0.0, 0.0, 0.0, 0.0, 0.0, 0.0, 0.0, 0.0, 0.0, 0.0, 0.0, 0.0, 0.0, 0.0, 0.0, 0.0, 0.0, 0.0, 0.0, 0.0, 0.0, 0.0, 0.0, 0.0, 0.0, 0.0, 0.0, 0.0, 0.0, 0.0, 0.0, 0.0, 0.0, 0.0, 0.0, 0.0, 0.0, 0.0, 0.0, 0.0, 0.0, 0.0, 0.0, 0.0, 0.0, 0.0, 0.0, 0.0, 0.0, 0.0, 0.0, 0.0, 0.0, 0.0, 0.0, 0.0, 0.0, 0.0, 0.0, 0.0, 0.0, 0.0, 0.0, 0.0, 0.0, 0.0, 0.0, 0.0, 0.0, 0.0, 0.0, 0.0, 0.0, 0.0, 0.0, 0.0, 0.0, 0.0, 0.0, 0.0, 0.0, 0.0, 0.0, 0.0, 0.0, 0.0, 0.0, 0.0, 0.0, 0.0, 0.0, 0.0, 0.0, 0.0, 0.0, 0.0, 0.0, 0.0, 0.0, 0.0, 0.0, 0.0, 0.0, 0.0, 0.0, 0.0, 0.0, 0.0, 0.0, 0.0, 0.0, 0.0, 0.0, 0.0, 0.0, 0.0, 0.0, 0.0, 0.0, 0.0, 0.0, 0.0, 0.0, 0.0, 0.0, 0.0, 0.0, 0.0, 0.0, 0.0, 0.0, 0.0, 0.0, 0.0, 0.0, 0.0, 0.0, 0.0, 0.0, 0.0, 0.0, 0.0, 0.0, 0.0, 0.0, 0.0, 0.0, 0.0, 0.0, 0.0, 0.0, 0.0, 0.0, 0.0, 0.0, 0.0, 0.0, 0.0, 0.0, 0.0, 0.0, 0.0, 0.0, 0.0, 0.0, 0.0, 0.0, 0.0, 0.0, 0.0, 0.0, 0.0, 0.0, 0.0, 0.0, 0.0, 0.0, 0.0, 0.0, 0.0, 0.0, 0.0, 0.0, 0.0, 0.0, 0.0, 0.0, 0.0, 0.0, 0.0, 0.0, 0.0, 0.0, 0.0, 0.0, 0.0, 0.0, 0.0, 0.0, 0.0, 0.0, 0.0, 0.0, 0.0, 0.0, 0.0, 0.0, 0.0, 0.0, 0.0, 0.0, 0.0, 0.0, 0.0, 0.0, 0.0, 0.0, 0.0, 0.0, 0.0, 0.0, 0.0, 0.0, 0.0, 0.0, 0.0, 0.0, 0.0, 0.0, 0.0, 0.0, 0.0, 0.0, 0.0, 0.0, 0.0, 0.0, 0.0, 0.0, 0.0, 0.0, 0.0, 0.0, 0.0, 0.0, 0.0, 0.0, 0.0, 0.0, 0.0, 0.0, 0.0, 0.0, 0.0, 0.0, 0.0, 0.0, 0.0, 0.0, 0.0, 0.0, 0.0, 0.0, 0.0, 0.0, 0.0, 0.0, 0.0, 0.0, 0.0, 0.0, 0.0, 0.0, 0.0, 0.0, 0.0, 0.0, 0.0, 0.0, 0.0, 0.0, 0.0, 0.0, 0.0, 0.0, 0.0, 0.0, 0.0, 0.0, 0.0, 0.0, 0.0, 0.0, 0.0, 0.0, 0.0, 0.0, 0.0, 0.0, 0.0, 0.0, 0.0, 0.0, 0.0, 0.0, 0.0, 0.0, 0.0, 0.0, 0.0, 0.0, 0.0, 0.0, 0.0, 0.0, 0.0, 0.0, 0.0, 0.0, 0.0, 0.0, 0.0, 0.0, 0.0, 0.0, 0.0, 0.0, 0.0, 0.0, 0.0, 0.0, 0.0, 0.0, 0.0, 0.0, 0.0, 0.0, 0.0, 0.0, 0.0, 0.0, 0.0, 0.0, 0.0, 0.0, 0.0, 0.0, 0.0, 0.0, 0.0, 0.0, 0.0, 0.0, 0.0, 0.0]","[0.0, 0.0221187, 0.0221187, 0.0221187, 0.0221187, 0.0221187, 0.0221187, 0.0221187, 0.0221187, 0.0221187, 0.0221187, 0.0221187, 0.0221187, 0.0221187, 0.0221187, 0.0221187, 0.0221187, 0.0221187, 0.0221187, 0.0221187, 0.0221187, 0.0221187, 0.0221187, 0.0221187, 0.0221187, 0.0221187, 0.0221187, 0.0221187, 0.0221187, 0.0221187, 0.0221187, 0.0221187, 0.0221187, 0.0221187, 0.0221187, 0.0221187, 0.0221187, 0.0221187, 0.0221187, 0.0221187, 0.0221187, 0.0221187, 0.0221187, 0.0221187, 0.0221187, 0.0221187, 0.0221187, 0.0221187, 0.0221187, 0.0221187, 0.0221187, 0.0221187, 0.0221187, 0.0221187, 0.0221187, 0.0221187, 0.0221187, 0.0221187, 0.0221187, 0.0221187, 0.0221187, 0.0221187, 0.0221187, 0.0221187, 0.0221187, 0.0221187, 0.0221187, 0.0221187, 0.0221187, 0.0221187, 0.0221187, 0.0221187, 0.0221187, 0.0221187, 0.0221187, 0.0221187, 0.0221187, 0.0221187, 0.0221187, 0.0221187, 0.0221187, 0.0221187, 0.0221187, 0.0221187, 0.0221187, 0.0221187, 0.0221187, 0.0221187, 0.0221187, 0.0221187, 0.0221187, 0.0221187, 0.0221187, 0.0221187, 0.0221187, 0.0221187, 0.0221187, 0.0221187, 0.0221187, 0.0221187, 0.0221187, 0.0221187, 0.0221187, 0.0221187, 0.0221187, 0.0221187, 0.0221187, 0.0221187, 0.0221187, 0.0221187, 0.0221187, 0.0221187, 0.0221187, 0.0221187, 0.0221187, 0.0221187, 0.0221187, 0.0221187, 0.0221187, 0.0221187, 0.0221187, 0.0221187, 0.0221187, 0.0221187, 0.0221187, 0.0221187, 0.0221187, 0.0221187, 0.0221187, 0.0221187, 0.0221187, 0.0221187, 0.0221187, 0.0221187, 0.0221187, 0.0221187, 0.0221187, 0.0221187, 0.0221187, 0.0221187, 0.0221187, 0.0221187, 0.0221187, 0.0221187, 0.0221187, 0.0221187, 0.0221187, 0.0221187, 0.0221187, 0.0221187, 0.0221187, 0.0221187, 0.0221187, 0.0221187, 0.0221187, 0.0221187, 0.0221187, 0.0221187, 0.0221187, 0.0221187, 0.0221187, 0.0221187, 0.0221187, 0.0221187, 0.0221187, 0.0221187, 0.0221187, 0.0221187, 0.0221187, 0.0221187, 0.0221187, 0.0221187, 0.0221187, 0.0221187, 0.0221187, 0.0221187, 0.0221187, 0.0221187, 0.0221187, 0.0221187, 0.0221187, 0.0221187, 0.0221187, 0.0221187, 0.0221187, 0.0221187, 0.0221187, 0.0221187, 0.0221187, 0.0221187, 0.0221187, 0.0221187, 0.0221187, 0.0221187, 0.0221187, 0.0221187, 0.0221187, 0.0221187, 0.0221187, 0.0221187, 0.0221187, 0.0221187, 0.0221187, 0.0221187, 0.0221187, 0.0221187, 0.0221187, 0.0221187, 0.0221187, 0.0221187, 0.0221187, 0.0221187, 0.0221187, 0.0221187, 0.0221187, 0.0221187, 0.0221187, 0.0221187, 0.0221187, 0.0221187, 0.0221187, 0.0221187, 0.0221187, 0.0221187, 0.0221187, 0.0221187, 0.0221187, 0.0221187, 0.0221187, 0.0221187, 0.0221187, 0.0221187, 0.0221187, 0.0221187, 0.0221187, 0.0221187, 0.0221187, 0.0221187, 0.0221187, 0.0221187, 0.0221187, 0.0221187, 0.0221187, 0.0221187, 0.0221187, 0.0221187, 0.0221187, 0.0221187, 0.0221187, 0.0221187, 0.0221187, 0.0221187, 0.0221187, 0.0221187, 0.0221187, 0.0221187, 0.0221187, 0.0221187, 0.0221187, 0.0221187, 0.0221187, 0.0221187, 0.0221187, 0.0221187, 0.0221187, 0.0221187, 0.0221187, 0.0221187, 0.0221187, 0.0221187, 0.0221187, 0.0221187, 0.0221187, 0.0221187, 0.0221187, 0.0221187, 0.0221187, 0.0221187, 0.0221187, 0.0221187, 0.0221187, 0.0221187, 0.0221187, 0.0221187, 0.0221187, 0.0221187, 0.0221187, 0.0221187, 0.0221187, 0.0221187, 0.0221187, 0.0221187, 0.0221187, 0.0221187, 0.0221187, 0.0221187, 0.0221187, 0.0221187, 0.0221187, 0.0221187, 0.0221187, 0.0221187, 0.0221187, 0.0221187, 0.0221187, 0.0221187, 0.0221187, 0.0221187, 0.0221187, 0.0221187, 0.0221187, 0.0221187, 0.0221187, 0.0221187, 0.0221187, 0.0221187, 0.0221187, 0.0221187, 0.0221187, 0.0221187, 0.0221187, 0.0221187, 0.0221187, 0.0221187, 0.0221187, 0.0221187, 0.0221187, 0.0221187, 0.0221187, 0.0221187, 0.0221187, 0.0221187, 0.0221187, 0.0221187, 0.0221187, 0.0221187, 0.0221187, 0.0221187, 0.0221187, 0.0221187, 0.0221187, 0.0221187, 0.0221187, 0.0221187, 0.0221187, 0.0221187, 0.0221187, 0.0221187, 0.0221187, 0.0221187, 0.0221187, 0.0221187, 0.0221187, 0.0221187, 0.0221187, 0.0221187, 0.0221187, 0.0221187, 0.0221187, 0.0221187, 0.0221187, 0.0221187, 0.0221187, 0.0221187, 0.0221187, 0.0221187, 0.0221187, 0.0221187, 0.0221187, 0.0221187, 0.0221187, 0.0221187, 0.0221187, 0.0221187, 0.0221187, 0.0221187, 0.0221187, 0.0221187, 0.0221187, 0.0221187, 0.0221187, 0.0221187, 0.0221187, 0.0221187, 0.0221187, 0.0221187, 0.0221187, 0.0221187, 0.0221187, 0.0221187, 0.0221187, 0.0221187, 0.0221187, 0.0221187, 0.0221187, 0.0221187, 0.0221187, 0.0221187, 0.0221187, 0.0221187, 0.0221187, 0.0221187, 0.0221187, 0.0221187, 0.0221187, 0.0221187, 0.0221187, 0.0221187, 0.0221187, 0.0221187, 0.0221187, 0.0221187, 0.0221187, 0.0221187, 0.0221187, 0.0221187, 0.0221187, 0.0221187, 0.0221187, 0.0221187, 0.0221187, 0.0221187, 0.0221187, 0.0221187, 0.0221187, 0.0221187, 0.0221187, 0.0221187, 0.0221187, 0.0221187, 0.0221187, 0.0221187, 0.0221187, 0.0221187, 0.0221187, 0.0221187, 0.0221187, 0.0221187, 0.0221187, 0.0221187, 0.0221187, 0.0221187, 0.0221187, 0.0221187, 0.0221187, 0.0221187, 0.0221187, 0.0221187, 0.0221187, 0.0221187, 0.0221187, 0.0221187, 0.0221187, 0.0221187, 0.0221187, 0.0221187, 0.0221187, 0.0221187, 0.0221187, 0.0221187, 0.0221187, 0.0221187, 0.0221187, 0.0221187, 0.0221187, 0.0221187, 0.0221187, 0.0221187, 0.0221187, 0.0221187, 0.0221187, 0.0221187, 0.0221187, 0.0221187, 0.0221187, 0.0221187, 0.0221187, 0.0221187, 0.0221187, 0.0221187, 0.0221187, 0.0221187, 0.0221187, 0.0221187, 0.0221187, 0.0221187, 0.0221187, 0.0221187, 0.0221187, 0.0221187, 0.0221187, 0.0221187, 0.0221187, 0.0221187, 0.0221187, 0.0221187, 0.0221187, 0.0221187, 0.0221187, 0.0221187, 0.0221187, 0.0221187, 0.0221187, 0.0221187, 0.0221187, 0.0221187, 0.0221187, 0.0221187, 0.0221187, 0.0221187, 0.0221187, 0.0221187]",1,,,True
norm__sph_d512_c1_s42,0.0009183664224110544,0.0009734309278428555,0.0009183664224110544,56.0,1.1642773642961401e-05,0.0009104341152124107,0.0009104341152124107,-856.6011962890625,-856.6011962890625,-858.2080078125,-857.46533203125,0.09803211688995361,0.0,1.0,0.24752357602119446,1.1942790746688843,0.19170230627059937,0.6305522322654724,9.999999974752427e-07,8.328885996888857e-06,0.37576746940612793,0.3212422728538513,0.8548964262008667,0.28083401918411255,0.7473611831665039,0.00020301342010498047,0.0001919269561767578,0.9453904628753662,0.00020432472229003906,1.0064592361450195,0.5024999976158142,0.507748007774353,0.5103332996368408,0.507748007774353,0.5023333430290222,0.5081131458282471,0.5101666450500488,0.5081131458282471,0.5024999976158142,0.5023115873336792,0.5103332996368408,0.5023115873336792,0.3841801881790161,0.012377984821796417,31.037378311157227,0.33051547408103943,0.001398859778419137,236.27491760253906,0.13136129081249237,0.29058897495269775,0.0011314994189888239,256.8175964355469,0.12085378170013428,0.00022955735039431602,2.1515310436370783e-05,10.669488906860352,0.00022127230477053672,1.2019916539429687e-05,18.40880584716797,0.5795861482620239,0.00023612579389009625,2.003145891649183e-05,11.787748336791992,0.9051337838172913,0.2991553544998169,0.30827924609184265,0.970403790473938,0.29932501912117004,0.30846285820007324,0.970376193523407,0.26693856716156006,0.2743898928165436,0.9728440046310425,0.7271091938018799,0.7390363812446594,0.9838611483573914,0.7449454665184021,0.7578466534614563,0.9829763770103455,0.7078205347061157,0.7190274000167847,0.9844139218330383,0.026614071801304817,0.024744577705860138,0.014466125518083572,0.014888838864862919,-0.0018694940954446793,0.031575966626405716,0.01882525533437729,-0.006831388920545578,1.0,0.732981264591217,sphere,1.0,512,gaussian,gaussian,60000,0.3,0.3,"[0.0, 0.0, 0.0, 0.0, 0.0, 0.0, 0.0, 0.0, 0.0, 0.0, 0.0, 0.0, 0.0, 0.0, 0.0, 0.0, 0.0, 0.0, 0.0, 0.0, 0.0, 0.0, 0.0, 0.0, 0.0, 0.0, 0.0, 0.0, 0.0, 0.0, 0.0, 0.0, 0.0, 0.0, 0.0, 0.0, 0.0, 0.0, 0.0, 0.0, 0.0, 0.0, 0.0, 0.0, 0.0, 0.0, 0.0, 0.0, 0.0, 0.0, 0.0, 0.0, 0.0, 0.0, 0.0, 0.0, 0.0, 0.0, 0.0, 0.0, 0.0, 0.0, 0.0, 0.0, 0.0, 0.0, 0.0, 0.0, 0.0, 0.0, 0.0, 0.0, 0.0, 0.0, 0.0, 0.0, 0.0, 0.0, 0.0, 0.0, 0.0, 0.0, 0.0, 0.0, 0.0, 0.0, 0.0, 0.0, 0.0, 0.0, 0.0, 0.0, 0.0, 0.0, 0.0, 0.0, 0.0, 0.0, 0.0, 0.0, 0.0, 0.0, 0.0, 0.0, 0.0, 0.0, 0.0, 0.0, 0.0, 0.0, 0.0, 0.0, 0.0, 0.0, 0.0, 0.0, 0.0, 0.0, 0.0, 0.0, 0.0, 0.0, 0.0, 0.0, 0.0, 0.0, 0.0, 0.0, 0.0, 0.0, 0.0, 0.0, 0.0, 0.0, 0.0, 0.0, 0.0, 0.0, 0.0, 0.0, 0.0, 0.0, 0.0, 0.0, 0.0, 0.0, 0.0, 0.0, 0.0, 0.0, 0.0, 0.0, 0.0, 0.0, 0.0, 0.0, 0.0, 0.0, 0.0, 0.0, 0.0, 0.0, 0.0, 0.0, 0.0, 0.0, 0.0, 0.0, 0.0, 0.0, 0.0, 0.0, 0.0, 0.0, 0.0, 0.0, 0.0, 0.0, 0.0, 0.0, 0.0, 0.0, 0.0, 0.0, 0.0, 0.0, 0.0, 0.0, 0.0, 0.0, 0.0, 0.0, 0.0, 0.0, 0.0, 0.0, 0.0, 0.0, 0.0, 0.0, 0.0, 0.0, 0.0, 0.0, 0.0, 0.0, 0.0, 0.0, 0.0, 0.0, 0.0, 0.0, 0.0, 0.0, 0.0, 0.0, 0.0, 0.0, 0.0, 0.0, 0.0, 0.0, 0.0, 0.0, 0.0, 0.0, 0.0, 0.0, 0.0, 0.0, 0.0, 0.0, 0.0, 0.0, 0.0, 0.0, 0.0, 0.0, 0.0, 0.0, 0.0, 0.0, 0.0, 0.0, 0.0, 0.0, 0.0, 0.0, 0.0, 0.0, 0.0, 0.0, 0.0, 0.0, 0.0, 0.0, 0.0, 0.0, 0.0, 0.0, 0.0, 0.0, 0.0, 0.0, 0.0, 0.0, 0.0, 0.0, 0.0, 0.0, 0.0, 0.0, 0.0, 0.0, 0.0, 0.0, 0.0, 0.0, 0.0, 0.0, 0.0, 0.0, 0.0, 0.0, 0.0, 0.0, 0.0, 0.0, 0.0, 0.0, 0.0, 0.0, 0.0, 0.0, 0.0, 0.0, 0.0, 0.0, 0.0, 0.0, 0.0, 0.0, 0.0, 0.0, 0.0, 0.0, 0.0, 0.0, 0.0, 0.0, 0.0, 0.0, 0.0, 0.0, 0.0, 0.0, 0.0, 0.0, 0.0, 0.0, 0.0, 0.0, 0.0, 0.0, 0.0, 0.0, 0.0, 0.0, 0.0, 0.0, 0.0, 0.0, 0.0, 0.0, 0.0, 0.0, 0.0, 0.0, 0.0, 0.0, 0.0, 0.0, 0.0, 0.0, 0.0, 0.0, 0.0, 0.0, 0.0, 0.0, 0.0, 0.0, 0.0, 0.0, 0.0, 0.0, 0.0, 0.0, 0.0, 0.0, 0.0, 0.0, 0.0, 0.0, 0.0, 0.0, 0.0, 0.0, 0.0, 0.0, 0.0, 0.0, 0.0, 0.0, 0.0, 0.0, 0.0, 0.0, 0.0, 0.0, 0.0, 0.0, 0.0, 0.0, 0.0, 0.0, 0.0, 0.0, 0.0, 0.0, 0.0, 0.0, 0.0, 0.0, 0.0, 0.0, 0.0, 0.0, 0.0, 0.0, 0.0, 0.0, 0.0, 0.0, 0.0, 0.0, 0.0, 0.0, 0.0, 0.0, 0.0, 0.0, 0.0, 0.0, 0.0, 0.0, 0.0, 0.0, 0.0, 0.0, 0.0, 0.0, 0.0, 0.0, 0.0, 0.0, 0.0, 0.0, 0.0, 0.0, 0.0, 0.0, 0.0, 0.0, 0.0, 0.0, 0.0, 0.0, 0.0, 0.0, 0.0, 0.0, 0.0, 0.0, 0.0, 0.0, 0.0, 0.0, 0.0, 0.0, 0.0, 0.0, 0.0, 0.0, 0.0, 0.0, 0.0, 0.0, 0.0, 0.0, 0.0, 0.0, 0.0, 0.0, 0.0, 0.0, 0.0, 0.0, 0.0, 0.0, 0.0, 0.0, 0.0, 0.0, 0.0, 0.0, 0.0, 0.0, 0.0, 0.0, 0.0, 0.0, 0.0, 0.0, 0.0, 0.0, 0.0, 0.0, 0.0, 0.0, 0.0, 0.0, 0.0, 0.0, 0.0, 0.0, 0.0, 0.0, 0.0, 0.0, 0.0, 0.0, 0.0, 0.0, 0.0, 0.0, 0.0, 0.0, 0.0, 0.0, 0.0, 0.0]","[0.0, 0.0221187, 0.0221187, 0.0221187, 0.0221187, 0.0221187, 0.0221187, 0.0221187, 0.0221187, 0.0221187, 0.0221187, 0.0221187, 0.0221187, 0.0221187, 0.0221187, 0.0221187, 0.0221187, 0.0221187, 0.0221187, 0.0221187, 0.0221187, 0.0221187, 0.0221187, 0.0221187, 0.0221187, 0.0221187, 0.0221187, 0.0221187, 0.0221187, 0.0221187, 0.0221187, 0.0221187, 0.0221187, 0.0221187, 0.0221187, 0.0221187, 0.0221187, 0.0221187, 0.0221187, 0.0221187, 0.0221187, 0.0221187, 0.0221187, 0.0221187, 0.0221187, 0.0221187, 0.0221187, 0.0221187, 0.0221187, 0.0221187, 0.0221187, 0.0221187, 0.0221187, 0.0221187, 0.0221187, 0.0221187, 0.0221187, 0.0221187, 0.0221187, 0.0221187, 0.0221187, 0.0221187, 0.0221187, 0.0221187, 0.0221187, 0.0221187, 0.0221187, 0.0221187, 0.0221187, 0.0221187, 0.0221187, 0.0221187, 0.0221187, 0.0221187, 0.0221187, 0.0221187, 0.0221187, 0.0221187, 0.0221187, 0.0221187, 0.0221187, 0.0221187, 0.0221187, 0.0221187, 0.0221187, 0.0221187, 0.0221187, 0.0221187, 0.0221187, 0.0221187, 0.0221187, 0.0221187, 0.0221187, 0.0221187, 0.0221187, 0.0221187, 0.0221187, 0.0221187, 0.0221187, 0.0221187, 0.0221187, 0.0221187, 0.0221187, 0.0221187, 0.0221187, 0.0221187, 0.0221187, 0.0221187, 0.0221187, 0.0221187, 0.0221187, 0.0221187, 0.0221187, 0.0221187, 0.0221187, 0.0221187, 0.0221187, 0.0221187, 0.0221187, 0.0221187, 0.0221187, 0.0221187, 0.0221187, 0.0221187, 0.0221187, 0.0221187, 0.0221187, 0.0221187, 0.0221187, 0.0221187, 0.0221187, 0.0221187, 0.0221187, 0.0221187, 0.0221187, 0.0221187, 0.0221187, 0.0221187, 0.0221187, 0.0221187, 0.0221187, 0.0221187, 0.0221187, 0.0221187, 0.0221187, 0.0221187, 0.0221187, 0.0221187, 0.0221187, 0.0221187, 0.0221187, 0.0221187, 0.0221187, 0.0221187, 0.0221187, 0.0221187, 0.0221187, 0.0221187, 0.0221187, 0.0221187, 0.0221187, 0.0221187, 0.0221187, 0.0221187, 0.0221187, 0.0221187, 0.0221187, 0.0221187, 0.0221187, 0.0221187, 0.0221187, 0.0221187, 0.0221187, 0.0221187, 0.0221187, 0.0221187, 0.0221187, 0.0221187, 0.0221187, 0.0221187, 0.0221187, 0.0221187, 0.0221187, 0.0221187, 0.0221187, 0.0221187, 0.0221187, 0.0221187, 0.0221187, 0.0221187, 0.0221187, 0.0221187, 0.0221187, 0.0221187, 0.0221187, 0.0221187, 0.0221187, 0.0221187, 0.0221187, 0.0221187, 0.0221187, 0.0221187, 0.0221187, 0.0221187, 0.0221187, 0.0221187, 0.0221187, 0.0221187, 0.0221187, 0.0221187, 0.0221187, 0.0221187, 0.0221187, 0.0221187, 0.0221187, 0.0221187, 0.0221187, 0.0221187, 0.0221187, 0.0221187, 0.0221187, 0.0221187, 0.0221187, 0.0221187, 0.0221187, 0.0221187, 0.0221187, 0.0221187, 0.0221187, 0.0221187, 0.0221187, 0.0221187, 0.0221187, 0.0221187, 0.0221187, 0.0221187, 0.0221187, 0.0221187, 0.0221187, 0.0221187, 0.0221187, 0.0221187, 0.0221187, 0.0221187, 0.0221187, 0.0221187, 0.0221187, 0.0221187, 0.0221187, 0.0221187, 0.0221187, 0.0221187, 0.0221187, 0.0221187, 0.0221187, 0.0221187, 0.0221187, 0.0221187, 0.0221187, 0.0221187, 0.0221187, 0.0221187, 0.0221187, 0.0221187, 0.0221187, 0.0221187, 0.0221187, 0.0221187, 0.0221187, 0.0221187, 0.0221187, 0.0221187, 0.0221187, 0.0221187, 0.0221187, 0.0221187, 0.0221187, 0.0221187, 0.0221187, 0.0221187, 0.0221187, 0.0221187, 0.0221187, 0.0221187, 0.0221187, 0.0221187, 0.0221187, 0.0221187, 0.0221187, 0.0221187, 0.0221187, 0.0221187, 0.0221187, 0.0221187, 0.0221187, 0.0221187, 0.0221187, 0.0221187, 0.0221187, 0.0221187, 0.0221187, 0.0221187, 0.0221187, 0.0221187, 0.0221187, 0.0221187, 0.0221187, 0.0221187, 0.0221187, 0.0221187, 0.0221187, 0.0221187, 0.0221187, 0.0221187, 0.0221187, 0.0221187, 0.0221187, 0.0221187, 0.0221187, 0.0221187, 0.0221187, 0.0221187, 0.0221187, 0.0221187, 0.0221187, 0.0221187, 0.0221187, 0.0221187, 0.0221187, 0.0221187, 0.0221187, 0.0221187, 0.0221187, 0.0221187, 0.0221187, 0.0221187, 0.0221187, 0.0221187, 0.0221187, 0.0221187, 0.0221187, 0.0221187, 0.0221187, 0.0221187, 0.0221187, 0.0221187, 0.0221187, 0.0221187, 0.0221187, 0.0221187, 0.0221187, 0.0221187, 0.0221187, 0.0221187, 0.0221187, 0.0221187, 0.0221187, 0.0221187, 0.0221187, 0.0221187, 0.0221187, 0.0221187, 0.0221187, 0.0221187, 0.0221187, 0.0221187, 0.0221187, 0.0221187, 0.0221187, 0.0221187, 0.0221187, 0.0221187, 0.0221187, 0.0221187, 0.0221187, 0.0221187, 0.0221187, 0.0221187, 0.0221187, 0.0221187, 0.0221187, 0.0221187, 0.0221187, 0.0221187, 0.0221187, 0.0221187, 0.0221187, 0.0221187, 0.0221187, 0.0221187, 0.0221187, 0.0221187, 0.0221187, 0.0221187, 0.0221187, 0.0221187, 0.0221187, 0.0221187, 0.0221187, 0.0221187, 0.0221187, 0.0221187, 0.0221187, 0.0221187, 0.0221187, 0.0221187, 0.0221187, 0.0221187, 0.0221187, 0.0221187, 0.0221187, 0.0221187, 0.0221187, 0.0221187, 0.0221187, 0.0221187, 0.0221187, 0.0221187, 0.0221187, 0.0221187, 0.0221187, 0.0221187, 0.0221187, 0.0221187, 0.0221187, 0.0221187, 0.0221187, 0.0221187, 0.0221187, 0.0221187, 0.0221187, 0.0221187, 0.0221187, 0.0221187, 0.0221187, 0.0221187, 0.0221187, 0.0221187, 0.0221187, 0.0221187, 0.0221187, 0.0221187, 0.0221187, 0.0221187, 0.0221187, 0.0221187, 0.0221187, 0.0221187, 0.0221187, 0.0221187, 0.0221187, 0.0221187, 0.0221187, 0.0221187, 0.0221187, 0.0221187, 0.0221187, 0.0221187, 0.0221187, 0.0221187, 0.0221187, 0.0221187, 0.0221187, 0.0221187, 0.0221187, 0.0221187, 0.0221187, 0.0221187, 0.0221187, 0.0221187, 0.0221187, 0.0221187, 0.0221187, 0.0221187, 0.0221187, 0.0221187, 0.0221187, 0.0221187, 0.0221187, 0.0221187, 0.0221187, 0.0221187, 0.0221187, 0.0221187, 0.0221187, 0.0221187, 0.0221187, 0.0221187, 0.0221187, 0.0221187, 0.0221187, 0.0221187, 0.0221187, 0.0221187, 0.0221187, 0.0221187, 0.0221187, 0.0221187, 0.0221187, 0.0221187, 0.0221187, 0.0221187, 0.0221187, 0.0221187, 0.0221187, 0.0221187, 0.0221187, 0.0221187, 0.0221187, 0.0221187, 0.0221187, 0.0221187]",1,,,True
norm__sph_d512_c1_s50,0.0009187456453219056,0.0009163320646621287,0.0009187456453219056,56.0,3.1987826787371887e-06,0.0009062585886567831,0.0009062585886567831,-855.3733520507812,-855.3733520507812,-857.7329711914062,-857.9139404296875,0.09606282413005829,0.0,1.0,0.24818599224090576,1.0449469089508057,0.1856139749288559,0.6196322441101074,9.999999974752427e-07,8.106288987619337e-06,0.39532870054244995,0.32462045550346375,0.8211406469345093,0.2835761606693268,0.7173174023628235,0.00019788742065429688,0.0001882314682006836,0.9512048363685608,0.00019991397857666016,1.010240912437439,0.5026666522026062,0.5125658512115479,0.5209999680519104,0.5125658512115479,0.5026666522026062,0.5130170583724976,0.5209999680519104,0.5130170583724976,0.5026666522026062,0.5069727301597595,0.5209999680519104,0.5069727301597595,0.3956669569015503,0.01383605320006609,28.5968074798584,0.33434247970581055,0.0011709991376847029,285.51898193359375,0.10015729069709778,0.2931655943393707,0.0011131357168778777,263.369140625,0.10858070850372314,0.00023340385814663023,1.9509170670062304e-05,11.963802337646484,0.00021454891248140484,1.460377734474605e-05,14.691329002380371,0.8143444061279297,0.00023458800569642335,1.755168523231987e-05,13.365554809570312,0.8951219916343689,0.30207860469818115,0.31124162673950195,0.97055983543396,0.3022521138191223,0.31142106652259827,0.970557689666748,0.2693072557449341,0.2766995429992676,0.973284125328064,0.7305253148078918,0.7420304417610168,0.9844951033592224,0.7486405372619629,0.7610869407653809,0.9836465120315552,0.7109898328781128,0.7217418551445007,0.9851025938987732,0.023852575570344925,0.0257735438644886,0.01264203991740942,0.015635089948773384,0.001920970156788826,0.02791852504014969,0.016250761225819588,-0.002144981175661087,1.0,0.7367188930511475,sphere,1.0,512,gaussian,gaussian,60000,0.3,0.3,"[0.0, 0.0, 0.0, 0.0, 0.0, 0.0, 0.0, 0.0, 0.0, 0.0, 0.0, 0.0, 0.0, 0.0, 0.0, 0.0, 0.0, 0.0, 0.0, 0.0, 0.0, 0.0, 0.0, 0.0, 0.0, 0.0, 0.0, 0.0, 0.0, 0.0, 0.0, 0.0, 0.0, 0.0, 0.0, 0.0, 0.0, 0.0, 0.0, 0.0, 0.0, 0.0, 0.0, 0.0, 0.0, 0.0, 0.0, 0.0, 0.0, 0.0, 0.0, 0.0, 0.0, 0.0, 0.0, 0.0, 0.0, 0.0, 0.0, 0.0, 0.0, 0.0, 0.0, 0.0, 0.0, 0.0, 0.0, 0.0, 0.0, 0.0, 0.0, 0.0, 0.0, 0.0, 0.0, 0.0, 0.0, 0.0, 0.0, 0.0, 0.0, 0.0, 0.0, 0.0, 0.0, 0.0, 0.0, 0.0, 0.0, 0.0, 0.0, 0.0, 0.0, 0.0, 0.0, 0.0, 0.0, 0.0, 0.0, 0.0, 0.0, 0.0, 0.0, 0.0, 0.0, 0.0, 0.0, 0.0, 0.0, 0.0, 0.0, 0.0, 0.0, 0.0, 0.0, 0.0, 0.0, 0.0, 0.0, 0.0, 0.0, 0.0, 0.0, 0.0, 0.0, 0.0, 0.0, 0.0, 0.0, 0.0, 0.0, 0.0, 0.0, 0.0, 0.0, 0.0, 0.0, 0.0, 0.0, 0.0, 0.0, 0.0, 0.0, 0.0, 0.0, 0.0, 0.0, 0.0, 0.0, 0.0, 0.0, 0.0, 0.0, 0.0, 0.0, 0.0, 0.0, 0.0, 0.0, 0.0, 0.0, 0.0, 0.0, 0.0, 0.0, 0.0, 0.0, 0.0, 0.0, 0.0, 0.0, 0.0, 0.0, 0.0, 0.0, 0.0, 0.0, 0.0, 0.0, 0.0, 0.0, 0.0, 0.0, 0.0, 0.0, 0.0, 0.0, 0.0, 0.0, 0.0, 0.0, 0.0, 0.0, 0.0, 0.0, 0.0, 0.0, 0.0, 0.0, 0.0, 0.0, 0.0, 0.0, 0.0, 0.0, 0.0, 0.0, 0.0, 0.0, 0.0, 0.0, 0.0, 0.0, 0.0, 0.0, 0.0, 0.0, 0.0, 0.0, 0.0, 0.0, 0.0, 0.0, 0.0, 0.0, 0.0, 0.0, 0.0, 0.0, 0.0, 0.0, 0.0, 0.0, 0.0, 0.0, 0.0, 0.0, 0.0, 0.0, 0.0, 0.0, 0.0, 0.0, 0.0, 0.0, 0.0, 0.0, 0.0, 0.0, 0.0, 0.0, 0.0, 0.0, 0.0, 0.0, 0.0, 0.0, 0.0, 0.0, 0.0, 0.0, 0.0, 0.0, 0.0, 0.0, 0.0, 0.0, 0.0, 0.0, 0.0, 0.0, 0.0, 0.0, 0.0, 0.0, 0.0, 0.0, 0.0, 0.0, 0.0, 0.0, 0.0, 0.0, 0.0, 0.0, 0.0, 0.0, 0.0, 0.0, 0.0, 0.0, 0.0, 0.0, 0.0, 0.0, 0.0, 0.0, 0.0, 0.0, 0.0, 0.0, 0.0, 0.0, 0.0, 0.0, 0.0, 0.0, 0.0, 0.0, 0.0, 0.0, 0.0, 0.0, 0.0, 0.0, 0.0, 0.0, 0.0, 0.0, 0.0, 0.0, 0.0, 0.0, 0.0, 0.0, 0.0, 0.0, 0.0, 0.0, 0.0, 0.0, 0.0, 0.0, 0.0, 0.0, 0.0, 0.0, 0.0, 0.0, 0.0, 0.0, 0.0, 0.0, 0.0, 0.0, 0.0, 0.0, 0.0, 0.0, 0.0, 0.0, 0.0, 0.0, 0.0, 0.0, 0.0, 0.0, 0.0, 0.0, 0.0, 0.0, 0.0, 0.0, 0.0, 0.0, 0.0, 0.0, 0.0, 0.0, 0.0, 0.0, 0.0, 0.0, 0.0, 0.0, 0.0, 0.0, 0.0, 0.0, 0.0, 0.0, 0.0, 0.0, 0.0, 0.0, 0.0, 0.0, 0.0, 0.0, 0.0, 0.0, 0.0, 0.0, 0.0, 0.0, 0.0, 0.0, 0.0, 0.0, 0.0, 0.0, 0.0, 0.0, 0.0, 0.0, 0.0, 0.0, 0.0, 0.0, 0.0, 0.0, 0.0, 0.0, 0.0, 0.0, 0.0, 0.0, 0.0, 0.0, 0.0, 0.0, 0.0, 0.0, 0.0, 0.0, 0.0, 0.0, 0.0, 0.0, 0.0, 0.0, 0.0, 0.0, 0.0, 0.0, 0.0, 0.0, 0.0, 0.0, 0.0, 0.0, 0.0, 0.0, 0.0, 0.0, 0.0, 0.0, 0.0, 0.0, 0.0, 0.0, 0.0, 0.0, 0.0, 0.0, 0.0, 0.0, 0.0, 0.0, 0.0, 0.0, 0.0, 0.0, 0.0, 0.0, 0.0, 0.0, 0.0, 0.0, 0.0, 0.0, 0.0, 0.0, 0.0, 0.0, 0.0, 0.0, 0.0, 0.0, 0.0, 0.0, 0.0, 0.0, 0.0, 0.0, 0.0, 0.0, 0.0, 0.0, 0.0, 0.0, 0.0, 0.0, 0.0, 0.0, 0.0, 0.0, 0.0, 0.0, 0.0, 0.0, 0.0, 0.0, 0.0, 0.0, 0.0, 0.0, 0.0, 0.0, 0.0, 0.0, 0.0]","[0.0, 0.0221187, 0.0221187, 0.0221187, 0.0221187, 0.0221187, 0.0221187, 0.0221187, 0.0221187, 0.0221187, 0.0221187, 0.0221187, 0.0221187, 0.0221187, 0.0221187, 0.0221187, 0.0221187, 0.0221187, 0.0221187, 0.0221187, 0.0221187, 0.0221187, 0.0221187, 0.0221187, 0.0221187, 0.0221187, 0.0221187, 0.0221187, 0.0221187, 0.0221187, 0.0221187, 0.0221187, 0.0221187, 0.0221187, 0.0221187, 0.0221187, 0.0221187, 0.0221187, 0.0221187, 0.0221187, 0.0221187, 0.0221187, 0.0221187, 0.0221187, 0.0221187, 0.0221187, 0.0221187, 0.0221187, 0.0221187, 0.0221187, 0.0221187, 0.0221187, 0.0221187, 0.0221187, 0.0221187, 0.0221187, 0.0221187, 0.0221187, 0.0221187, 0.0221187, 0.0221187, 0.0221187, 0.0221187, 0.0221187, 0.0221187, 0.0221187, 0.0221187, 0.0221187, 0.0221187, 0.0221187, 0.0221187, 0.0221187, 0.0221187, 0.0221187, 0.0221187, 0.0221187, 0.0221187, 0.0221187, 0.0221187, 0.0221187, 0.0221187, 0.0221187, 0.0221187, 0.0221187, 0.0221187, 0.0221187, 0.0221187, 0.0221187, 0.0221187, 0.0221187, 0.0221187, 0.0221187, 0.0221187, 0.0221187, 0.0221187, 0.0221187, 0.0221187, 0.0221187, 0.0221187, 0.0221187, 0.0221187, 0.0221187, 0.0221187, 0.0221187, 0.0221187, 0.0221187, 0.0221187, 0.0221187, 0.0221187, 0.0221187, 0.0221187, 0.0221187, 0.0221187, 0.0221187, 0.0221187, 0.0221187, 0.0221187, 0.0221187, 0.0221187, 0.0221187, 0.0221187, 0.0221187, 0.0221187, 0.0221187, 0.0221187, 0.0221187, 0.0221187, 0.0221187, 0.0221187, 0.0221187, 0.0221187, 0.0221187, 0.0221187, 0.0221187, 0.0221187, 0.0221187, 0.0221187, 0.0221187, 0.0221187, 0.0221187, 0.0221187, 0.0221187, 0.0221187, 0.0221187, 0.0221187, 0.0221187, 0.0221187, 0.0221187, 0.0221187, 0.0221187, 0.0221187, 0.0221187, 0.0221187, 0.0221187, 0.0221187, 0.0221187, 0.0221187, 0.0221187, 0.0221187, 0.0221187, 0.0221187, 0.0221187, 0.0221187, 0.0221187, 0.0221187, 0.0221187, 0.0221187, 0.0221187, 0.0221187, 0.0221187, 0.0221187, 0.0221187, 0.0221187, 0.0221187, 0.0221187, 0.0221187, 0.0221187, 0.0221187, 0.0221187, 0.0221187, 0.0221187, 0.0221187, 0.0221187, 0.0221187, 0.0221187, 0.0221187, 0.0221187, 0.0221187, 0.0221187, 0.0221187, 0.0221187, 0.0221187, 0.0221187, 0.0221187, 0.0221187, 0.0221187, 0.0221187, 0.0221187, 0.0221187, 0.0221187, 0.0221187, 0.0221187, 0.0221187, 0.0221187, 0.0221187, 0.0221187, 0.0221187, 0.0221187, 0.0221187, 0.0221187, 0.0221187, 0.0221187, 0.0221187, 0.0221187, 0.0221187, 0.0221187, 0.0221187, 0.0221187, 0.0221187, 0.0221187, 0.0221187, 0.0221187, 0.0221187, 0.0221187, 0.0221187, 0.0221187, 0.0221187, 0.0221187, 0.0221187, 0.0221187, 0.0221187, 0.0221187, 0.0221187, 0.0221187, 0.0221187, 0.0221187, 0.0221187, 0.0221187, 0.0221187, 0.0221187, 0.0221187, 0.0221187, 0.0221187, 0.0221187, 0.0221187, 0.0221187, 0.0221187, 0.0221187, 0.0221187, 0.0221187, 0.0221187, 0.0221187, 0.0221187, 0.0221187, 0.0221187, 0.0221187, 0.0221187, 0.0221187, 0.0221187, 0.0221187, 0.0221187, 0.0221187, 0.0221187, 0.0221187, 0.0221187, 0.0221187, 0.0221187, 0.0221187, 0.0221187, 0.0221187, 0.0221187, 0.0221187, 0.0221187, 0.0221187, 0.0221187, 0.0221187, 0.0221187, 0.0221187, 0.0221187, 0.0221187, 0.0221187, 0.0221187, 0.0221187, 0.0221187, 0.0221187, 0.0221187, 0.0221187, 0.0221187, 0.0221187, 0.0221187, 0.0221187, 0.0221187, 0.0221187, 0.0221187, 0.0221187, 0.0221187, 0.0221187, 0.0221187, 0.0221187, 0.0221187, 0.0221187, 0.0221187, 0.0221187, 0.0221187, 0.0221187, 0.0221187, 0.0221187, 0.0221187, 0.0221187, 0.0221187, 0.0221187, 0.0221187, 0.0221187, 0.0221187, 0.0221187, 0.0221187, 0.0221187, 0.0221187, 0.0221187, 0.0221187, 0.0221187, 0.0221187, 0.0221187, 0.0221187, 0.0221187, 0.0221187, 0.0221187, 0.0221187, 0.0221187, 0.0221187, 0.0221187, 0.0221187, 0.0221187, 0.0221187, 0.0221187, 0.0221187, 0.0221187, 0.0221187, 0.0221187, 0.0221187, 0.0221187, 0.0221187, 0.0221187, 0.0221187, 0.0221187, 0.0221187, 0.0221187, 0.0221187, 0.0221187, 0.0221187, 0.0221187, 0.0221187, 0.0221187, 0.0221187, 0.0221187, 0.0221187, 0.0221187, 0.0221187, 0.0221187, 0.0221187, 0.0221187, 0.0221187, 0.0221187, 0.0221187, 0.0221187, 0.0221187, 0.0221187, 0.0221187, 0.0221187, 0.0221187, 0.0221187, 0.0221187, 0.0221187, 0.0221187, 0.0221187, 0.0221187, 0.0221187, 0.0221187, 0.0221187, 0.0221187, 0.0221187, 0.0221187, 0.0221187, 0.0221187, 0.0221187, 0.0221187, 0.0221187, 0.0221187, 0.0221187, 0.0221187, 0.0221187, 0.0221187, 0.0221187, 0.0221187, 0.0221187, 0.0221187, 0.0221187, 0.0221187, 0.0221187, 0.0221187, 0.0221187, 0.0221187, 0.0221187, 0.0221187, 0.0221187, 0.0221187, 0.0221187, 0.0221187, 0.0221187, 0.0221187, 0.0221187, 0.0221187, 0.0221187, 0.0221187, 0.0221187, 0.0221187, 0.0221187, 0.0221187, 0.0221187, 0.0221187, 0.0221187, 0.0221187, 0.0221187, 0.0221187, 0.0221187, 0.0221187, 0.0221187, 0.0221187, 0.0221187, 0.0221187, 0.0221187, 0.0221187, 0.0221187, 0.0221187, 0.0221187, 0.0221187, 0.0221187, 0.0221187, 0.0221187, 0.0221187, 0.0221187, 0.0221187, 0.0221187, 0.0221187, 0.0221187, 0.0221187, 0.0221187, 0.0221187, 0.0221187, 0.0221187, 0.0221187, 0.0221187, 0.0221187, 0.0221187, 0.0221187, 0.0221187, 0.0221187, 0.0221187, 0.0221187, 0.0221187, 0.0221187, 0.0221187, 0.0221187, 0.0221187, 0.0221187, 0.0221187, 0.0221187, 0.0221187, 0.0221187, 0.0221187, 0.0221187, 0.0221187, 0.0221187, 0.0221187, 0.0221187, 0.0221187, 0.0221187, 0.0221187, 0.0221187, 0.0221187, 0.0221187, 0.0221187, 0.0221187, 0.0221187, 0.0221187, 0.0221187, 0.0221187, 0.0221187, 0.0221187, 0.0221187, 0.0221187, 0.0221187, 0.0221187, 0.0221187, 0.0221187, 0.0221187, 0.0221187, 0.0221187, 0.0221187, 0.0221187, 0.0221187, 0.0221187, 0.0221187, 0.0221187, 0.0221187, 0.0221187, 0.0221187, 0.0221187, 0.0221187, 0.0221187, 0.0221187, 0.0221187]",1,,,True
norm__sph_d512_c2_s34,0.0004588243318721652,0.00045762991067022085,0.0004588243318721652,56.0,3.4173328913311707e-06,0.000451958883786574,0.000451958883786574,-1033.122314453125,-1033.122314453125,-1033.20166015625,-1033.2003173828125,0.04630976542830467,0.0,1.0,0.17289184033870697,0.6657602190971375,0.12808257341384888,0.42579832673072815,9.999999974752427e-07,1.138845800596755e-05,0.31944212317466736,0.32625991106033325,1.0213427543640137,0.11093476414680481,0.34727656841278076,0.0001684427261352539,0.0001672506332397461,0.992922842502594,0.0001684427261352539,1.0,0.5019999742507935,0.36184561252593994,0.49966666102409363,0.36184561252593994,0.5015000104904175,0.5121147036552429,0.49916666746139526,0.5121147036552429,0.5019999742507935,0.35791006684303284,0.49966666102409363,0.35791006684303284,0.3286445438861847,0.004904706496745348,67.0059585571289,0.33577826619148254,0.001515990705229342,221.49098205566406,0.30252230167388916,0.1179877445101738,0.0004991664318367839,236.36953735351562,0.2834796607494354,0.0002005855494644493,5.935788976785261e-06,33.792564392089844,0.00019884110952261835,4.5636857066710945e-06,43.570289611816406,0.7755873203277588,0.0002009550662478432,6.532658062496921e-06,30.76161003112793,1.0985304117202759,0.15411017835140228,0.1535462588071823,1.0036725997924805,0.30840033292770386,0.3072754442691803,1.003660798072815,0.13709498941898346,0.13674074411392212,1.0025906562805176,0.5216487050056458,0.5214917659759521,1.0003008842468262,0.7564420700073242,0.7561824321746826,1.0003433227539062,0.5074561834335327,0.5074222683906555,1.000066876411438,0.02431197091937065,0.02625209279358387,0.012809662148356438,0.015454425476491451,0.0019401217577978969,0.02845090813934803,0.016692165285348892,-0.002198813483119011,1.0,0.5214816331863403,sphere,2.0,512,gaussian,gaussian,60000,0.3,0.3,"[0.0, 0.0, 0.0, 0.0, 0.0, 0.0, 0.0, 0.0, 0.0, 0.0, 0.0, 0.0, 0.0, 0.0, 0.0, 0.0, 0.0, 0.0, 0.0, 0.0, 0.0, 0.0, 0.0, 0.0, 0.0, 0.0, 0.0, 0.0, 0.0, 0.0, 0.0, 0.0, 0.0, 0.0, 0.0, 0.0, 0.0, 0.0, 0.0, 0.0, 0.0, 0.0, 0.0, 0.0, 0.0, 0.0, 0.0, 0.0, 0.0, 0.0, 0.0, 0.0, 0.0, 0.0, 0.0, 0.0, 0.0, 0.0, 0.0, 0.0, 0.0, 0.0, 0.0, 0.0, 0.0, 0.0, 0.0, 0.0, 0.0, 0.0, 0.0, 0.0, 0.0, 0.0, 0.0, 0.0, 0.0, 0.0, 0.0, 0.0, 0.0, 0.0, 0.0, 0.0, 0.0, 0.0, 0.0, 0.0, 0.0, 0.0, 0.0, 0.0, 0.0, 0.0, 0.0, 0.0, 0.0, 0.0, 0.0, 0.0, 0.0, 0.0, 0.0, 0.0, 0.0, 0.0, 0.0, 0.0, 0.0, 0.0, 0.0, 0.0, 0.0, 0.0, 0.0, 0.0, 0.0, 0.0, 0.0, 0.0, 0.0, 0.0, 0.0, 0.0, 0.0, 0.0, 0.0, 0.0, 0.0, 0.0, 0.0, 0.0, 0.0, 0.0, 0.0, 0.0, 0.0, 0.0, 0.0, 0.0, 0.0, 0.0, 0.0, 0.0, 0.0, 0.0, 0.0, 0.0, 0.0, 0.0, 0.0, 0.0, 0.0, 0.0, 0.0, 0.0, 0.0, 0.0, 0.0, 0.0, 0.0, 0.0, 0.0, 0.0, 0.0, 0.0, 0.0, 0.0, 0.0, 0.0, 0.0, 0.0, 0.0, 0.0, 0.0, 0.0, 0.0, 0.0, 0.0, 0.0, 0.0, 0.0, 0.0, 0.0, 0.0, 0.0, 0.0, 0.0, 0.0, 0.0, 0.0, 0.0, 0.0, 0.0, 0.0, 0.0, 0.0, 0.0, 0.0, 0.0, 0.0, 0.0, 0.0, 0.0, 0.0, 0.0, 0.0, 0.0, 0.0, 0.0, 0.0, 0.0, 0.0, 0.0, 0.0, 0.0, 0.0, 0.0, 0.0, 0.0, 0.0, 0.0, 0.0, 0.0, 0.0, 0.0, 0.0, 0.0, 0.0, 0.0, 0.0, 0.0, 0.0, 0.0, 0.0, 0.0, 0.0, 0.0, 0.0, 0.0, 0.0, 0.0, 0.0, 0.0, 0.0, 0.0, 0.0, 0.0, 0.0, 0.0, 0.0, 0.0, 0.0, 0.0, 0.0, 0.0, 0.0, 0.0, 0.0, 0.0, 0.0, 0.0, 0.0, 0.0, 0.0, 0.0, 0.0, 0.0, 0.0, 0.0, 0.0, 0.0, 0.0, 0.0, 0.0, 0.0, 0.0, 0.0, 0.0, 0.0, 0.0, 0.0, 0.0, 0.0, 0.0, 0.0, 0.0, 0.0, 0.0, 0.0, 0.0, 0.0, 0.0, 0.0, 0.0, 0.0, 0.0, 0.0, 0.0, 0.0, 0.0, 0.0, 0.0, 0.0, 0.0, 0.0, 0.0, 0.0, 0.0, 0.0, 0.0, 0.0, 0.0, 0.0, 0.0, 0.0, 0.0, 0.0, 0.0, 0.0, 0.0, 0.0, 0.0, 0.0, 0.0, 0.0, 0.0, 0.0, 0.0, 0.0, 0.0, 0.0, 0.0, 0.0, 0.0, 0.0, 0.0, 0.0, 0.0, 0.0, 0.0, 0.0, 0.0, 0.0, 0.0, 0.0, 0.0, 0.0, 0.0, 0.0, 0.0, 0.0, 0.0, 0.0, 0.0, 0.0, 0.0, 0.0, 0.0, 0.0, 0.0, 0.0, 0.0, 0.0, 0.0, 0.0, 0.0, 0.0, 0.0, 0.0, 0.0, 0.0, 0.0, 0.0, 0.0, 0.0, 0.0, 0.0, 0.0, 0.0, 0.0, 0.0, 0.0, 0.0, 0.0, 0.0, 0.0, 0.0, 0.0, 0.0, 0.0, 0.0, 0.0, 0.0, 0.0, 0.0, 0.0, 0.0, 0.0, 0.0, 0.0, 0.0, 0.0, 0.0, 0.0, 0.0, 0.0, 0.0, 0.0, 0.0, 0.0, 0.0, 0.0, 0.0, 0.0, 0.0, 0.0, 0.0, 0.0, 0.0, 0.0, 0.0, 0.0, 0.0, 0.0, 0.0, 0.0, 0.0, 0.0, 0.0, 0.0, 0.0, 0.0, 0.0, 0.0, 0.0, 0.0, 0.0, 0.0, 0.0, 0.0, 0.0, 0.0, 0.0, 0.0, 0.0, 0.0, 0.0, 0.0, 0.0, 0.0, 0.0, 0.0, 0.0, 0.0, 0.0, 0.0, 0.0, 0.0, 0.0, 0.0, 0.0, 0.0, 0.0, 0.0, 0.0, 0.0, 0.0, 0.0, 0.0, 0.0, 0.0, 0.0, 0.0, 0.0, 0.0, 0.0, 0.0, 0.0, 0.0, 0.0, 0.0, 0.0, 0.0, 0.0, 0.0, 0.0, 0.0, 0.0, 0.0, 0.0, 0.0, 0.0, 0.0, 0.0, 0.0, 0.0, 0.0, 0.0, 0.0, 0.0, 0.0, 0.0, 0.0, 0.0, 0.0, 0.0, 0.0, 0.0, 0.0, 0.0, 0.0]","[0.0, 0.0221187, 0.0221187, 0.0221187, 0.0221187, 0.0221187, 0.0221187, 0.0221187, 0.0221187, 0.0221187, 0.0221187, 0.0221187, 0.0221187, 0.0221187, 0.0221187, 0.0221187, 0.0221187, 0.0221187, 0.0221187, 0.0221187, 0.0221187, 0.0221187, 0.0221187, 0.0221187, 0.0221187, 0.0221187, 0.0221187, 0.0221187, 0.0221187, 0.0221187, 0.0221187, 0.0221187, 0.0221187, 0.0221187, 0.0221187, 0.0221187, 0.0221187, 0.0221187, 0.0221187, 0.0221187, 0.0221187, 0.0221187, 0.0221187, 0.0221187, 0.0221187, 0.0221187, 0.0221187, 0.0221187, 0.0221187, 0.0221187, 0.0221187, 0.0221187, 0.0221187, 0.0221187, 0.0221187, 0.0221187, 0.0221187, 0.0221187, 0.0221187, 0.0221187, 0.0221187, 0.0221187, 0.0221187, 0.0221187, 0.0221187, 0.0221187, 0.0221187, 0.0221187, 0.0221187, 0.0221187, 0.0221187, 0.0221187, 0.0221187, 0.0221187, 0.0221187, 0.0221187, 0.0221187, 0.0221187, 0.0221187, 0.0221187, 0.0221187, 0.0221187, 0.0221187, 0.0221187, 0.0221187, 0.0221187, 0.0221187, 0.0221187, 0.0221187, 0.0221187, 0.0221187, 0.0221187, 0.0221187, 0.0221187, 0.0221187, 0.0221187, 0.0221187, 0.0221187, 0.0221187, 0.0221187, 0.0221187, 0.0221187, 0.0221187, 0.0221187, 0.0221187, 0.0221187, 0.0221187, 0.0221187, 0.0221187, 0.0221187, 0.0221187, 0.0221187, 0.0221187, 0.0221187, 0.0221187, 0.0221187, 0.0221187, 0.0221187, 0.0221187, 0.0221187, 0.0221187, 0.0221187, 0.0221187, 0.0221187, 0.0221187, 0.0221187, 0.0221187, 0.0221187, 0.0221187, 0.0221187, 0.0221187, 0.0221187, 0.0221187, 0.0221187, 0.0221187, 0.0221187, 0.0221187, 0.0221187, 0.0221187, 0.0221187, 0.0221187, 0.0221187, 0.0221187, 0.0221187, 0.0221187, 0.0221187, 0.0221187, 0.0221187, 0.0221187, 0.0221187, 0.0221187, 0.0221187, 0.0221187, 0.0221187, 0.0221187, 0.0221187, 0.0221187, 0.0221187, 0.0221187, 0.0221187, 0.0221187, 0.0221187, 0.0221187, 0.0221187, 0.0221187, 0.0221187, 0.0221187, 0.0221187, 0.0221187, 0.0221187, 0.0221187, 0.0221187, 0.0221187, 0.0221187, 0.0221187, 0.0221187, 0.0221187, 0.0221187, 0.0221187, 0.0221187, 0.0221187, 0.0221187, 0.0221187, 0.0221187, 0.0221187, 0.0221187, 0.0221187, 0.0221187, 0.0221187, 0.0221187, 0.0221187, 0.0221187, 0.0221187, 0.0221187, 0.0221187, 0.0221187, 0.0221187, 0.0221187, 0.0221187, 0.0221187, 0.0221187, 0.0221187, 0.0221187, 0.0221187, 0.0221187, 0.0221187, 0.0221187, 0.0221187, 0.0221187, 0.0221187, 0.0221187, 0.0221187, 0.0221187, 0.0221187, 0.0221187, 0.0221187, 0.0221187, 0.0221187, 0.0221187, 0.0221187, 0.0221187, 0.0221187, 0.0221187, 0.0221187, 0.0221187, 0.0221187, 0.0221187, 0.0221187, 0.0221187, 0.0221187, 0.0221187, 0.0221187, 0.0221187, 0.0221187, 0.0221187, 0.0221187, 0.0221187, 0.0221187, 0.0221187, 0.0221187, 0.0221187, 0.0221187, 0.0221187, 0.0221187, 0.0221187, 0.0221187, 0.0221187, 0.0221187, 0.0221187, 0.0221187, 0.0221187, 0.0221187, 0.0221187, 0.0221187, 0.0221187, 0.0221187, 0.0221187, 0.0221187, 0.0221187, 0.0221187, 0.0221187, 0.0221187, 0.0221187, 0.0221187, 0.0221187, 0.0221187, 0.0221187, 0.0221187, 0.0221187, 0.0221187, 0.0221187, 0.0221187, 0.0221187, 0.0221187, 0.0221187, 0.0221187, 0.0221187, 0.0221187, 0.0221187, 0.0221187, 0.0221187, 0.0221187, 0.0221187, 0.0221187, 0.0221187, 0.0221187, 0.0221187, 0.0221187, 0.0221187, 0.0221187, 0.0221187, 0.0221187, 0.0221187, 0.0221187, 0.0221187, 0.0221187, 0.0221187, 0.0221187, 0.0221187, 0.0221187, 0.0221187, 0.0221187, 0.0221187, 0.0221187, 0.0221187, 0.0221187, 0.0221187, 0.0221187, 0.0221187, 0.0221187, 0.0221187, 0.0221187, 0.0221187, 0.0221187, 0.0221187, 0.0221187, 0.0221187, 0.0221187, 0.0221187, 0.0221187, 0.0221187, 0.0221187, 0.0221187, 0.0221187, 0.0221187, 0.0221187, 0.0221187, 0.0221187, 0.0221187, 0.0221187, 0.0221187, 0.0221187, 0.0221187, 0.0221187, 0.0221187, 0.0221187, 0.0221187, 0.0221187, 0.0221187, 0.0221187, 0.0221187, 0.0221187, 0.0221187, 0.0221187, 0.0221187, 0.0221187, 0.0221187, 0.0221187, 0.0221187, 0.0221187, 0.0221187, 0.0221187, 0.0221187, 0.0221187, 0.0221187, 0.0221187, 0.0221187, 0.0221187, 0.0221187, 0.0221187, 0.0221187, 0.0221187, 0.0221187, 0.0221187, 0.0221187, 0.0221187, 0.0221187, 0.0221187, 0.0221187, 0.0221187, 0.0221187, 0.0221187, 0.0221187, 0.0221187, 0.0221187, 0.0221187, 0.0221187, 0.0221187, 0.0221187, 0.0221187, 0.0221187, 0.0221187, 0.0221187, 0.0221187, 0.0221187, 0.0221187, 0.0221187, 0.0221187, 0.0221187, 0.0221187, 0.0221187, 0.0221187, 0.0221187, 0.0221187, 0.0221187, 0.0221187, 0.0221187, 0.0221187, 0.0221187, 0.0221187, 0.0221187, 0.0221187, 0.0221187, 0.0221187, 0.0221187, 0.0221187, 0.0221187, 0.0221187, 0.0221187, 0.0221187, 0.0221187, 0.0221187, 0.0221187, 0.0221187, 0.0221187, 0.0221187, 0.0221187, 0.0221187, 0.0221187, 0.0221187, 0.0221187, 0.0221187, 0.0221187, 0.0221187, 0.0221187, 0.0221187, 0.0221187, 0.0221187, 0.0221187, 0.0221187, 0.0221187, 0.0221187, 0.0221187, 0.0221187, 0.0221187, 0.0221187, 0.0221187, 0.0221187, 0.0221187, 0.0221187, 0.0221187, 0.0221187, 0.0221187, 0.0221187, 0.0221187, 0.0221187, 0.0221187, 0.0221187, 0.0221187, 0.0221187, 0.0221187, 0.0221187, 0.0221187, 0.0221187, 0.0221187, 0.0221187, 0.0221187, 0.0221187, 0.0221187, 0.0221187, 0.0221187, 0.0221187, 0.0221187, 0.0221187, 0.0221187, 0.0221187, 0.0221187, 0.0221187, 0.0221187, 0.0221187, 0.0221187, 0.0221187, 0.0221187, 0.0221187, 0.0221187, 0.0221187, 0.0221187, 0.0221187, 0.0221187, 0.0221187, 0.0221187, 0.0221187, 0.0221187, 0.0221187, 0.0221187, 0.0221187, 0.0221187, 0.0221187, 0.0221187, 0.0221187, 0.0221187, 0.0221187, 0.0221187, 0.0221187, 0.0221187, 0.0221187, 0.0221187, 0.0221187, 0.0221187, 0.0221187, 0.0221187, 0.0221187, 0.0221187, 0.0221187, 0.0221187, 0.0221187, 0.0221187, 0.0221187, 0.0221187, 0.0221187, 0.0221187, 0.0221187]",1,,,True
norm__sph_d512_c2_s42,0.0004583704867400229,0.0004699731071013957,0.0004583704867400229,50.0,1.3490517630998511e-05,0.00045567806228064,0.00045567806228064,-1033.761962890625,-1033.761962890625,-1034.2540283203125,-1033.61328125,0.04890410974621773,0.0,1.0,0.1745935082435608,0.8571061491966248,0.13569726049900055,0.4447975158691406,9.999999974752427e-07,1.182960932055721e-05,0.3253021240234375,0.32195141911506653,0.9896997213363647,0.1085137128829956,0.3335782587528229,0.00018453598022460938,0.0001760721206665039,0.9541343450546265,0.0001856088638305664,1.0058139562606812,0.5024999976158142,0.35903260111808777,0.5094999670982361,0.35903260111808777,0.5018333196640015,0.5081138610839844,0.5093333125114441,0.5081138610839844,0.5024999976158142,0.35518819093704224,0.5094999670982361,0.35518819093704224,0.32769712805747986,0.006578605156391859,49.81255340576172,0.33121731877326965,0.0014053181512281299,235.68850708007812,0.21134911477565765,0.1156729906797409,0.0006122985505498946,188.916015625,0.26367565989494324,0.0002115925308316946,1.8955335690407082e-05,11.162690162658691,0.0002056876983260736,1.0218278475804254e-05,20.1293888092041,0.5545468926429749,0.00021766028658021241,1.8123480913345702e-05,12.009848594665527,0.9294612407684326,0.1502511203289032,0.15413983166217804,0.9747715592384338,0.30067428946495056,0.3084631860256195,0.9747493267059326,0.13399358093738556,0.13719502091407776,0.9766650199890137,0.5152292251586914,0.5225778818130493,0.9859376549720764,0.7466068267822266,0.7578471899032593,0.9851680397987366,0.5015013217926025,0.5084292888641357,0.986373782157898,0.02635590359568596,0.024744313210248947,0.01430784072726965,0.014888564124703407,-0.0016115903854370117,0.03157557547092438,0.018824798986315727,-0.006831261795014143,1.0,0.5188063979148865,sphere,2.0,512,gaussian,gaussian,60000,0.3,0.3,"[0.0, 0.0, 0.0, 0.0, 0.0, 0.0, 0.0, 0.0, 0.0, 0.0, 0.0, 0.0, 0.0, 0.0, 0.0, 0.0, 0.0, 0.0, 0.0, 0.0, 0.0, 0.0, 0.0, 0.0, 0.0, 0.0, 0.0, 0.0, 0.0, 0.0, 0.0, 0.0, 0.0, 0.0, 0.0, 0.0, 0.0, 0.0, 0.0, 0.0, 0.0, 0.0, 0.0, 0.0, 0.0, 0.0, 0.0, 0.0, 0.0, 0.0, 0.0, 0.0, 0.0, 0.0, 0.0, 0.0, 0.0, 0.0, 0.0, 0.0, 0.0, 0.0, 0.0, 0.0, 0.0, 0.0, 0.0, 0.0, 0.0, 0.0, 0.0, 0.0, 0.0, 0.0, 0.0, 0.0, 0.0, 0.0, 0.0, 0.0, 0.0, 0.0, 0.0, 0.0, 0.0, 0.0, 0.0, 0.0, 0.0, 0.0, 0.0, 0.0, 0.0, 0.0, 0.0, 0.0, 0.0, 0.0, 0.0, 0.0, 0.0, 0.0, 0.0, 0.0, 0.0, 0.0, 0.0, 0.0, 0.0, 0.0, 0.0, 0.0, 0.0, 0.0, 0.0, 0.0, 0.0, 0.0, 0.0, 0.0, 0.0, 0.0, 0.0, 0.0, 0.0, 0.0, 0.0, 0.0, 0.0, 0.0, 0.0, 0.0, 0.0, 0.0, 0.0, 0.0, 0.0, 0.0, 0.0, 0.0, 0.0, 0.0, 0.0, 0.0, 0.0, 0.0, 0.0, 0.0, 0.0, 0.0, 0.0, 0.0, 0.0, 0.0, 0.0, 0.0, 0.0, 0.0, 0.0, 0.0, 0.0, 0.0, 0.0, 0.0, 0.0, 0.0, 0.0, 0.0, 0.0, 0.0, 0.0, 0.0, 0.0, 0.0, 0.0, 0.0, 0.0, 0.0, 0.0, 0.0, 0.0, 0.0, 0.0, 0.0, 0.0, 0.0, 0.0, 0.0, 0.0, 0.0, 0.0, 0.0, 0.0, 0.0, 0.0, 0.0, 0.0, 0.0, 0.0, 0.0, 0.0, 0.0, 0.0, 0.0, 0.0, 0.0, 0.0, 0.0, 0.0, 0.0, 0.0, 0.0, 0.0, 0.0, 0.0, 0.0, 0.0, 0.0, 0.0, 0.0, 0.0, 0.0, 0.0, 0.0, 0.0, 0.0, 0.0, 0.0, 0.0, 0.0, 0.0, 0.0, 0.0, 0.0, 0.0, 0.0, 0.0, 0.0, 0.0, 0.0, 0.0, 0.0, 0.0, 0.0, 0.0, 0.0, 0.0, 0.0, 0.0, 0.0, 0.0, 0.0, 0.0, 0.0, 0.0, 0.0, 0.0, 0.0, 0.0, 0.0, 0.0, 0.0, 0.0, 0.0, 0.0, 0.0, 0.0, 0.0, 0.0, 0.0, 0.0, 0.0, 0.0, 0.0, 0.0, 0.0, 0.0, 0.0, 0.0, 0.0, 0.0, 0.0, 0.0, 0.0, 0.0, 0.0, 0.0, 0.0, 0.0, 0.0, 0.0, 0.0, 0.0, 0.0, 0.0, 0.0, 0.0, 0.0, 0.0, 0.0, 0.0, 0.0, 0.0, 0.0, 0.0, 0.0, 0.0, 0.0, 0.0, 0.0, 0.0, 0.0, 0.0, 0.0, 0.0, 0.0, 0.0, 0.0, 0.0, 0.0, 0.0, 0.0, 0.0, 0.0, 0.0, 0.0, 0.0, 0.0, 0.0, 0.0, 0.0, 0.0, 0.0, 0.0, 0.0, 0.0, 0.0, 0.0, 0.0, 0.0, 0.0, 0.0, 0.0, 0.0, 0.0, 0.0, 0.0, 0.0, 0.0, 0.0, 0.0, 0.0, 0.0, 0.0, 0.0, 0.0, 0.0, 0.0, 0.0, 0.0, 0.0, 0.0, 0.0, 0.0, 0.0, 0.0, 0.0, 0.0, 0.0, 0.0, 0.0, 0.0, 0.0, 0.0, 0.0, 0.0, 0.0, 0.0, 0.0, 0.0, 0.0, 0.0, 0.0, 0.0, 0.0, 0.0, 0.0, 0.0, 0.0, 0.0, 0.0, 0.0, 0.0, 0.0, 0.0, 0.0, 0.0, 0.0, 0.0, 0.0, 0.0, 0.0, 0.0, 0.0, 0.0, 0.0, 0.0, 0.0, 0.0, 0.0, 0.0, 0.0, 0.0, 0.0, 0.0, 0.0, 0.0, 0.0, 0.0, 0.0, 0.0, 0.0, 0.0, 0.0, 0.0, 0.0, 0.0, 0.0, 0.0, 0.0, 0.0, 0.0, 0.0, 0.0, 0.0, 0.0, 0.0, 0.0, 0.0, 0.0, 0.0, 0.0, 0.0, 0.0, 0.0, 0.0, 0.0, 0.0, 0.0, 0.0, 0.0, 0.0, 0.0, 0.0, 0.0, 0.0, 0.0, 0.0, 0.0, 0.0, 0.0, 0.0, 0.0, 0.0, 0.0, 0.0, 0.0, 0.0, 0.0, 0.0, 0.0, 0.0, 0.0, 0.0, 0.0, 0.0, 0.0, 0.0, 0.0, 0.0, 0.0, 0.0, 0.0, 0.0, 0.0, 0.0, 0.0, 0.0, 0.0, 0.0, 0.0, 0.0, 0.0, 0.0, 0.0, 0.0, 0.0, 0.0, 0.0, 0.0, 0.0, 0.0, 0.0, 0.0, 0.0, 0.0, 0.0, 0.0, 0.0, 0.0, 0.0, 0.0]","[0.0, 0.0221187, 0.0221187, 0.0221187, 0.0221187, 0.0221187, 0.0221187, 0.0221187, 0.0221187, 0.0221187, 0.0221187, 0.0221187, 0.0221187, 0.0221187, 0.0221187, 0.0221187, 0.0221187, 0.0221187, 0.0221187, 0.0221187, 0.0221187, 0.0221187, 0.0221187, 0.0221187, 0.0221187, 0.0221187, 0.0221187, 0.0221187, 0.0221187, 0.0221187, 0.0221187, 0.0221187, 0.0221187, 0.0221187, 0.0221187, 0.0221187, 0.0221187, 0.0221187, 0.0221187, 0.0221187, 0.0221187, 0.0221187, 0.0221187, 0.0221187, 0.0221187, 0.0221187, 0.0221187, 0.0221187, 0.0221187, 0.0221187, 0.0221187, 0.0221187, 0.0221187, 0.0221187, 0.0221187, 0.0221187, 0.0221187, 0.0221187, 0.0221187, 0.0221187, 0.0221187, 0.0221187, 0.0221187, 0.0221187, 0.0221187, 0.0221187, 0.0221187, 0.0221187, 0.0221187, 0.0221187, 0.0221187, 0.0221187, 0.0221187, 0.0221187, 0.0221187, 0.0221187, 0.0221187, 0.0221187, 0.0221187, 0.0221187, 0.0221187, 0.0221187, 0.0221187, 0.0221187, 0.0221187, 0.0221187, 0.0221187, 0.0221187, 0.0221187, 0.0221187, 0.0221187, 0.0221187, 0.0221187, 0.0221187, 0.0221187, 0.0221187, 0.0221187, 0.0221187, 0.0221187, 0.0221187, 0.0221187, 0.0221187, 0.0221187, 0.0221187, 0.0221187, 0.0221187, 0.0221187, 0.0221187, 0.0221187, 0.0221187, 0.0221187, 0.0221187, 0.0221187, 0.0221187, 0.0221187, 0.0221187, 0.0221187, 0.0221187, 0.0221187, 0.0221187, 0.0221187, 0.0221187, 0.0221187, 0.0221187, 0.0221187, 0.0221187, 0.0221187, 0.0221187, 0.0221187, 0.0221187, 0.0221187, 0.0221187, 0.0221187, 0.0221187, 0.0221187, 0.0221187, 0.0221187, 0.0221187, 0.0221187, 0.0221187, 0.0221187, 0.0221187, 0.0221187, 0.0221187, 0.0221187, 0.0221187, 0.0221187, 0.0221187, 0.0221187, 0.0221187, 0.0221187, 0.0221187, 0.0221187, 0.0221187, 0.0221187, 0.0221187, 0.0221187, 0.0221187, 0.0221187, 0.0221187, 0.0221187, 0.0221187, 0.0221187, 0.0221187, 0.0221187, 0.0221187, 0.0221187, 0.0221187, 0.0221187, 0.0221187, 0.0221187, 0.0221187, 0.0221187, 0.0221187, 0.0221187, 0.0221187, 0.0221187, 0.0221187, 0.0221187, 0.0221187, 0.0221187, 0.0221187, 0.0221187, 0.0221187, 0.0221187, 0.0221187, 0.0221187, 0.0221187, 0.0221187, 0.0221187, 0.0221187, 0.0221187, 0.0221187, 0.0221187, 0.0221187, 0.0221187, 0.0221187, 0.0221187, 0.0221187, 0.0221187, 0.0221187, 0.0221187, 0.0221187, 0.0221187, 0.0221187, 0.0221187, 0.0221187, 0.0221187, 0.0221187, 0.0221187, 0.0221187, 0.0221187, 0.0221187, 0.0221187, 0.0221187, 0.0221187, 0.0221187, 0.0221187, 0.0221187, 0.0221187, 0.0221187, 0.0221187, 0.0221187, 0.0221187, 0.0221187, 0.0221187, 0.0221187, 0.0221187, 0.0221187, 0.0221187, 0.0221187, 0.0221187, 0.0221187, 0.0221187, 0.0221187, 0.0221187, 0.0221187, 0.0221187, 0.0221187, 0.0221187, 0.0221187, 0.0221187, 0.0221187, 0.0221187, 0.0221187, 0.0221187, 0.0221187, 0.0221187, 0.0221187, 0.0221187, 0.0221187, 0.0221187, 0.0221187, 0.0221187, 0.0221187, 0.0221187, 0.0221187, 0.0221187, 0.0221187, 0.0221187, 0.0221187, 0.0221187, 0.0221187, 0.0221187, 0.0221187, 0.0221187, 0.0221187, 0.0221187, 0.0221187, 0.0221187, 0.0221187, 0.0221187, 0.0221187, 0.0221187, 0.0221187, 0.0221187, 0.0221187, 0.0221187, 0.0221187, 0.0221187, 0.0221187, 0.0221187, 0.0221187, 0.0221187, 0.0221187, 0.0221187, 0.0221187, 0.0221187, 0.0221187, 0.0221187, 0.0221187, 0.0221187, 0.0221187, 0.0221187, 0.0221187, 0.0221187, 0.0221187, 0.0221187, 0.0221187, 0.0221187, 0.0221187, 0.0221187, 0.0221187, 0.0221187, 0.0221187, 0.0221187, 0.0221187, 0.0221187, 0.0221187, 0.0221187, 0.0221187, 0.0221187, 0.0221187, 0.0221187, 0.0221187, 0.0221187, 0.0221187, 0.0221187, 0.0221187, 0.0221187, 0.0221187, 0.0221187, 0.0221187, 0.0221187, 0.0221187, 0.0221187, 0.0221187, 0.0221187, 0.0221187, 0.0221187, 0.0221187, 0.0221187, 0.0221187, 0.0221187, 0.0221187, 0.0221187, 0.0221187, 0.0221187, 0.0221187, 0.0221187, 0.0221187, 0.0221187, 0.0221187, 0.0221187, 0.0221187, 0.0221187, 0.0221187, 0.0221187, 0.0221187, 0.0221187, 0.0221187, 0.0221187, 0.0221187, 0.0221187, 0.0221187, 0.0221187, 0.0221187, 0.0221187, 0.0221187, 0.0221187, 0.0221187, 0.0221187, 0.0221187, 0.0221187, 0.0221187, 0.0221187, 0.0221187, 0.0221187, 0.0221187, 0.0221187, 0.0221187, 0.0221187, 0.0221187, 0.0221187, 0.0221187, 0.0221187, 0.0221187, 0.0221187, 0.0221187, 0.0221187, 0.0221187, 0.0221187, 0.0221187, 0.0221187, 0.0221187, 0.0221187, 0.0221187, 0.0221187, 0.0221187, 0.0221187, 0.0221187, 0.0221187, 0.0221187, 0.0221187, 0.0221187, 0.0221187, 0.0221187, 0.0221187, 0.0221187, 0.0221187, 0.0221187, 0.0221187, 0.0221187, 0.0221187, 0.0221187, 0.0221187, 0.0221187, 0.0221187, 0.0221187, 0.0221187, 0.0221187, 0.0221187, 0.0221187, 0.0221187, 0.0221187, 0.0221187, 0.0221187, 0.0221187, 0.0221187, 0.0221187, 0.0221187, 0.0221187, 0.0221187, 0.0221187, 0.0221187, 0.0221187, 0.0221187, 0.0221187, 0.0221187, 0.0221187, 0.0221187, 0.0221187, 0.0221187, 0.0221187, 0.0221187, 0.0221187, 0.0221187, 0.0221187, 0.0221187, 0.0221187, 0.0221187, 0.0221187, 0.0221187, 0.0221187, 0.0221187, 0.0221187, 0.0221187, 0.0221187, 0.0221187, 0.0221187, 0.0221187, 0.0221187, 0.0221187, 0.0221187, 0.0221187, 0.0221187, 0.0221187, 0.0221187, 0.0221187, 0.0221187, 0.0221187, 0.0221187, 0.0221187, 0.0221187, 0.0221187, 0.0221187, 0.0221187, 0.0221187, 0.0221187, 0.0221187, 0.0221187, 0.0221187, 0.0221187, 0.0221187, 0.0221187, 0.0221187, 0.0221187, 0.0221187, 0.0221187, 0.0221187, 0.0221187, 0.0221187, 0.0221187, 0.0221187, 0.0221187, 0.0221187, 0.0221187, 0.0221187, 0.0221187, 0.0221187, 0.0221187, 0.0221187, 0.0221187, 0.0221187, 0.0221187, 0.0221187, 0.0221187, 0.0221187, 0.0221187, 0.0221187, 0.0221187, 0.0221187, 0.0221187, 0.0221187, 0.0221187, 0.0221187, 0.0221187, 0.0221187, 0.0221187, 0.0221187, 0.0221187, 0.0221187]",1,,,True
norm__sph_d512_c2_s50,0.0004581197281368077,0.0004635505611076951,0.0004581197281368077,56.0,3.526608225001837e-06,0.00045756634790450335,0.00045756634790450335,-1032.3594970703125,-1032.3594970703125,-1034.22998046875,-1034.24755859375,0.047461505979299545,0.0,1.0,0.17505329847335815,0.6872289180755615,0.12966179847717285,0.43376192450523376,9.999999974752427e-07,1.1481205547170248e-05,0.3336803615093231,0.3251957893371582,0.9745727777481079,0.11054429411888123,0.3312879800796509,0.0001932382583618164,0.00018405914306640625,0.9524984359741211,0.00019621849060058594,1.0154225826263428,0.5026666522026062,0.36243921518325806,0.518833339214325,0.36243921518325806,0.5026666522026062,0.5130177140235901,0.5189999938011169,0.5130177140235901,0.5026666522026062,0.35848429799079895,0.518833339214325,0.35848429799079895,0.33201974630355835,0.006407138891518116,51.820281982421875,0.3348943591117859,0.00116472109220922,287.53179931640625,0.18022452294826508,0.11759714037179947,0.0005739242187701166,204.9001007080078,0.25290510058403015,0.00022937062021810561,1.87613823072752e-05,12.225677490234375,0.0002105434687109664,1.3402400327322539e-05,15.70938777923584,0.7782402634620667,0.00022954147425480187,1.5845876987441443e-05,14.485879898071289,0.8439720273017883,0.1515991985797882,0.15562105178833008,0.9741560816764832,0.3033720552921295,0.31142136454582214,0.9741529822349548,0.13507205247879028,0.13834984600543976,0.9763079285621643,0.5172517895698547,0.5246949791908264,0.9858142733573914,0.7497038841247559,0.7610872983932495,0.9850431084632874,0.5033533573150635,0.5103487372398376,0.9862929582595825,0.024003755301237106,0.025773346424102783,0.012654019519686699,0.015634899958968163,0.0017695911228656769,0.027918251231312752,0.01625048741698265,-0.0021449048072099686,1.0,0.5213176012039185,sphere,2.0,512,gaussian,gaussian,60000,0.3,0.3,"[0.0, 0.0, 0.0, 0.0, 0.0, 0.0, 0.0, 0.0, 0.0, 0.0, 0.0, 0.0, 0.0, 0.0, 0.0, 0.0, 0.0, 0.0, 0.0, 0.0, 0.0, 0.0, 0.0, 0.0, 0.0, 0.0, 0.0, 0.0, 0.0, 0.0, 0.0, 0.0, 0.0, 0.0, 0.0, 0.0, 0.0, 0.0, 0.0, 0.0, 0.0, 0.0, 0.0, 0.0, 0.0, 0.0, 0.0, 0.0, 0.0, 0.0, 0.0, 0.0, 0.0, 0.0, 0.0, 0.0, 0.0, 0.0, 0.0, 0.0, 0.0, 0.0, 0.0, 0.0, 0.0, 0.0, 0.0, 0.0, 0.0, 0.0, 0.0, 0.0, 0.0, 0.0, 0.0, 0.0, 0.0, 0.0, 0.0, 0.0, 0.0, 0.0, 0.0, 0.0, 0.0, 0.0, 0.0, 0.0, 0.0, 0.0, 0.0, 0.0, 0.0, 0.0, 0.0, 0.0, 0.0, 0.0, 0.0, 0.0, 0.0, 0.0, 0.0, 0.0, 0.0, 0.0, 0.0, 0.0, 0.0, 0.0, 0.0, 0.0, 0.0, 0.0, 0.0, 0.0, 0.0, 0.0, 0.0, 0.0, 0.0, 0.0, 0.0, 0.0, 0.0, 0.0, 0.0, 0.0, 0.0, 0.0, 0.0, 0.0, 0.0, 0.0, 0.0, 0.0, 0.0, 0.0, 0.0, 0.0, 0.0, 0.0, 0.0, 0.0, 0.0, 0.0, 0.0, 0.0, 0.0, 0.0, 0.0, 0.0, 0.0, 0.0, 0.0, 0.0, 0.0, 0.0, 0.0, 0.0, 0.0, 0.0, 0.0, 0.0, 0.0, 0.0, 0.0, 0.0, 0.0, 0.0, 0.0, 0.0, 0.0, 0.0, 0.0, 0.0, 0.0, 0.0, 0.0, 0.0, 0.0, 0.0, 0.0, 0.0, 0.0, 0.0, 0.0, 0.0, 0.0, 0.0, 0.0, 0.0, 0.0, 0.0, 0.0, 0.0, 0.0, 0.0, 0.0, 0.0, 0.0, 0.0, 0.0, 0.0, 0.0, 0.0, 0.0, 0.0, 0.0, 0.0, 0.0, 0.0, 0.0, 0.0, 0.0, 0.0, 0.0, 0.0, 0.0, 0.0, 0.0, 0.0, 0.0, 0.0, 0.0, 0.0, 0.0, 0.0, 0.0, 0.0, 0.0, 0.0, 0.0, 0.0, 0.0, 0.0, 0.0, 0.0, 0.0, 0.0, 0.0, 0.0, 0.0, 0.0, 0.0, 0.0, 0.0, 0.0, 0.0, 0.0, 0.0, 0.0, 0.0, 0.0, 0.0, 0.0, 0.0, 0.0, 0.0, 0.0, 0.0, 0.0, 0.0, 0.0, 0.0, 0.0, 0.0, 0.0, 0.0, 0.0, 0.0, 0.0, 0.0, 0.0, 0.0, 0.0, 0.0, 0.0, 0.0, 0.0, 0.0, 0.0, 0.0, 0.0, 0.0, 0.0, 0.0, 0.0, 0.0, 0.0, 0.0, 0.0, 0.0, 0.0, 0.0, 0.0, 0.0, 0.0, 0.0, 0.0, 0.0, 0.0, 0.0, 0.0, 0.0, 0.0, 0.0, 0.0, 0.0, 0.0, 0.0, 0.0, 0.0, 0.0, 0.0, 0.0, 0.0, 0.0, 0.0, 0.0, 0.0, 0.0, 0.0, 0.0, 0.0, 0.0, 0.0, 0.0, 0.0, 0.0, 0.0, 0.0, 0.0, 0.0, 0.0, 0.0, 0.0, 0.0, 0.0, 0.0, 0.0, 0.0, 0.0, 0.0, 0.0, 0.0, 0.0, 0.0, 0.0, 0.0, 0.0, 0.0, 0.0, 0.0, 0.0, 0.0, 0.0, 0.0, 0.0, 0.0, 0.0, 0.0, 0.0, 0.0, 0.0, 0.0, 0.0, 0.0, 0.0, 0.0, 0.0, 0.0, 0.0, 0.0, 0.0, 0.0, 0.0, 0.0, 0.0, 0.0, 0.0, 0.0, 0.0, 0.0, 0.0, 0.0, 0.0, 0.0, 0.0, 0.0, 0.0, 0.0, 0.0, 0.0, 0.0, 0.0, 0.0, 0.0, 0.0, 0.0, 0.0, 0.0, 0.0, 0.0, 0.0, 0.0, 0.0, 0.0, 0.0, 0.0, 0.0, 0.0, 0.0, 0.0, 0.0, 0.0, 0.0, 0.0, 0.0, 0.0, 0.0, 0.0, 0.0, 0.0, 0.0, 0.0, 0.0, 0.0, 0.0, 0.0, 0.0, 0.0, 0.0, 0.0, 0.0, 0.0, 0.0, 0.0, 0.0, 0.0, 0.0, 0.0, 0.0, 0.0, 0.0, 0.0, 0.0, 0.0, 0.0, 0.0, 0.0, 0.0, 0.0, 0.0, 0.0, 0.0, 0.0, 0.0, 0.0, 0.0, 0.0, 0.0, 0.0, 0.0, 0.0, 0.0, 0.0, 0.0, 0.0, 0.0, 0.0, 0.0, 0.0, 0.0, 0.0, 0.0, 0.0, 0.0, 0.0, 0.0, 0.0, 0.0, 0.0, 0.0, 0.0, 0.0, 0.0, 0.0, 0.0, 0.0, 0.0, 0.0, 0.0, 0.0, 0.0, 0.0, 0.0, 0.0, 0.0, 0.0, 0.0, 0.0, 0.0, 0.0, 0.0, 0.0, 0.0, 0.0, 0.0, 0.0, 0.0, 0.0]","[0.0, 0.0221187, 0.0221187, 0.0221187, 0.0221187, 0.0221187, 0.0221187, 0.0221187, 0.0221187, 0.0221187, 0.0221187, 0.0221187, 0.0221187, 0.0221187, 0.0221187, 0.0221187, 0.0221187, 0.0221187, 0.0221187, 0.0221187, 0.0221187, 0.0221187, 0.0221187, 0.0221187, 0.0221187, 0.0221187, 0.0221187, 0.0221187, 0.0221187, 0.0221187, 0.0221187, 0.0221187, 0.0221187, 0.0221187, 0.0221187, 0.0221187, 0.0221187, 0.0221187, 0.0221187, 0.0221187, 0.0221187, 0.0221187, 0.0221187, 0.0221187, 0.0221187, 0.0221187, 0.0221187, 0.0221187, 0.0221187, 0.0221187, 0.0221187, 0.0221187, 0.0221187, 0.0221187, 0.0221187, 0.0221187, 0.0221187, 0.0221187, 0.0221187, 0.0221187, 0.0221187, 0.0221187, 0.0221187, 0.0221187, 0.0221187, 0.0221187, 0.0221187, 0.0221187, 0.0221187, 0.0221187, 0.0221187, 0.0221187, 0.0221187, 0.0221187, 0.0221187, 0.0221187, 0.0221187, 0.0221187, 0.0221187, 0.0221187, 0.0221187, 0.0221187, 0.0221187, 0.0221187, 0.0221187, 0.0221187, 0.0221187, 0.0221187, 0.0221187, 0.0221187, 0.0221187, 0.0221187, 0.0221187, 0.0221187, 0.0221187, 0.0221187, 0.0221187, 0.0221187, 0.0221187, 0.0221187, 0.0221187, 0.0221187, 0.0221187, 0.0221187, 0.0221187, 0.0221187, 0.0221187, 0.0221187, 0.0221187, 0.0221187, 0.0221187, 0.0221187, 0.0221187, 0.0221187, 0.0221187, 0.0221187, 0.0221187, 0.0221187, 0.0221187, 0.0221187, 0.0221187, 0.0221187, 0.0221187, 0.0221187, 0.0221187, 0.0221187, 0.0221187, 0.0221187, 0.0221187, 0.0221187, 0.0221187, 0.0221187, 0.0221187, 0.0221187, 0.0221187, 0.0221187, 0.0221187, 0.0221187, 0.0221187, 0.0221187, 0.0221187, 0.0221187, 0.0221187, 0.0221187, 0.0221187, 0.0221187, 0.0221187, 0.0221187, 0.0221187, 0.0221187, 0.0221187, 0.0221187, 0.0221187, 0.0221187, 0.0221187, 0.0221187, 0.0221187, 0.0221187, 0.0221187, 0.0221187, 0.0221187, 0.0221187, 0.0221187, 0.0221187, 0.0221187, 0.0221187, 0.0221187, 0.0221187, 0.0221187, 0.0221187, 0.0221187, 0.0221187, 0.0221187, 0.0221187, 0.0221187, 0.0221187, 0.0221187, 0.0221187, 0.0221187, 0.0221187, 0.0221187, 0.0221187, 0.0221187, 0.0221187, 0.0221187, 0.0221187, 0.0221187, 0.0221187, 0.0221187, 0.0221187, 0.0221187, 0.0221187, 0.0221187, 0.0221187, 0.0221187, 0.0221187, 0.0221187, 0.0221187, 0.0221187, 0.0221187, 0.0221187, 0.0221187, 0.0221187, 0.0221187, 0.0221187, 0.0221187, 0.0221187, 0.0221187, 0.0221187, 0.0221187, 0.0221187, 0.0221187, 0.0221187, 0.0221187, 0.0221187, 0.0221187, 0.0221187, 0.0221187, 0.0221187, 0.0221187, 0.0221187, 0.0221187, 0.0221187, 0.0221187, 0.0221187, 0.0221187, 0.0221187, 0.0221187, 0.0221187, 0.0221187, 0.0221187, 0.0221187, 0.0221187, 0.0221187, 0.0221187, 0.0221187, 0.0221187, 0.0221187, 0.0221187, 0.0221187, 0.0221187, 0.0221187, 0.0221187, 0.0221187, 0.0221187, 0.0221187, 0.0221187, 0.0221187, 0.0221187, 0.0221187, 0.0221187, 0.0221187, 0.0221187, 0.0221187, 0.0221187, 0.0221187, 0.0221187, 0.0221187, 0.0221187, 0.0221187, 0.0221187, 0.0221187, 0.0221187, 0.0221187, 0.0221187, 0.0221187, 0.0221187, 0.0221187, 0.0221187, 0.0221187, 0.0221187, 0.0221187, 0.0221187, 0.0221187, 0.0221187, 0.0221187, 0.0221187, 0.0221187, 0.0221187, 0.0221187, 0.0221187, 0.0221187, 0.0221187, 0.0221187, 0.0221187, 0.0221187, 0.0221187, 0.0221187, 0.0221187, 0.0221187, 0.0221187, 0.0221187, 0.0221187, 0.0221187, 0.0221187, 0.0221187, 0.0221187, 0.0221187, 0.0221187, 0.0221187, 0.0221187, 0.0221187, 0.0221187, 0.0221187, 0.0221187, 0.0221187, 0.0221187, 0.0221187, 0.0221187, 0.0221187, 0.0221187, 0.0221187, 0.0221187, 0.0221187, 0.0221187, 0.0221187, 0.0221187, 0.0221187, 0.0221187, 0.0221187, 0.0221187, 0.0221187, 0.0221187, 0.0221187, 0.0221187, 0.0221187, 0.0221187, 0.0221187, 0.0221187, 0.0221187, 0.0221187, 0.0221187, 0.0221187, 0.0221187, 0.0221187, 0.0221187, 0.0221187, 0.0221187, 0.0221187, 0.0221187, 0.0221187, 0.0221187, 0.0221187, 0.0221187, 0.0221187, 0.0221187, 0.0221187, 0.0221187, 0.0221187, 0.0221187, 0.0221187, 0.0221187, 0.0221187, 0.0221187, 0.0221187, 0.0221187, 0.0221187, 0.0221187, 0.0221187, 0.0221187, 0.0221187, 0.0221187, 0.0221187, 0.0221187, 0.0221187, 0.0221187, 0.0221187, 0.0221187, 0.0221187, 0.0221187, 0.0221187, 0.0221187, 0.0221187, 0.0221187, 0.0221187, 0.0221187, 0.0221187, 0.0221187, 0.0221187, 0.0221187, 0.0221187, 0.0221187, 0.0221187, 0.0221187, 0.0221187, 0.0221187, 0.0221187, 0.0221187, 0.0221187, 0.0221187, 0.0221187, 0.0221187, 0.0221187, 0.0221187, 0.0221187, 0.0221187, 0.0221187, 0.0221187, 0.0221187, 0.0221187, 0.0221187, 0.0221187, 0.0221187, 0.0221187, 0.0221187, 0.0221187, 0.0221187, 0.0221187, 0.0221187, 0.0221187, 0.0221187, 0.0221187, 0.0221187, 0.0221187, 0.0221187, 0.0221187, 0.0221187, 0.0221187, 0.0221187, 0.0221187, 0.0221187, 0.0221187, 0.0221187, 0.0221187, 0.0221187, 0.0221187, 0.0221187, 0.0221187, 0.0221187, 0.0221187, 0.0221187, 0.0221187, 0.0221187, 0.0221187, 0.0221187, 0.0221187, 0.0221187, 0.0221187, 0.0221187, 0.0221187, 0.0221187, 0.0221187, 0.0221187, 0.0221187, 0.0221187, 0.0221187, 0.0221187, 0.0221187, 0.0221187, 0.0221187, 0.0221187, 0.0221187, 0.0221187, 0.0221187, 0.0221187, 0.0221187, 0.0221187, 0.0221187, 0.0221187, 0.0221187, 0.0221187, 0.0221187, 0.0221187, 0.0221187, 0.0221187, 0.0221187, 0.0221187, 0.0221187, 0.0221187, 0.0221187, 0.0221187, 0.0221187, 0.0221187, 0.0221187, 0.0221187, 0.0221187, 0.0221187, 0.0221187, 0.0221187, 0.0221187, 0.0221187, 0.0221187, 0.0221187, 0.0221187, 0.0221187, 0.0221187, 0.0221187, 0.0221187, 0.0221187, 0.0221187, 0.0221187, 0.0221187, 0.0221187, 0.0221187, 0.0221187, 0.0221187, 0.0221187, 0.0221187, 0.0221187, 0.0221187, 0.0221187, 0.0221187, 0.0221187, 0.0221187, 0.0221187, 0.0221187, 0.0221187, 0.0221187, 0.0221187, 0.0221187, 0.0221187, 0.0221187]",1,,,True
norm__sph_d512_c3_s34,0.00030601699836552143,0.0003005445178132504,0.00030601699836552143,56.0,5.642572887154529e-06,0.0003005079925060272,0.0003005079925060272,-1135.9259033203125,-1135.9259033203125,-1137.860107421875,-1137.8631591796875,0.03160909563302994,0.0,1.0,0.14278288185596466,0.5498067736625671,0.10589313507080078,0.35172709822654724,9.999999974752427e-07,1.3897622920922004e-05,0.28643858432769775,0.3253970146179199,1.136009693145752,0.04940743371844292,0.1724887639284134,0.00014972686767578125,0.00014901161193847656,0.9952229261398315,0.00015079975128173828,1.007165551185608,0.5018333196640015,0.2954457104206085,0.5018333196640015,0.2954457104206085,0.5011666417121887,0.5121155977249146,0.5015000104904175,0.5121155977249146,0.5018333196640015,0.2922316789627075,0.5018333196640015,0.2922316789627075,0.2922135293483734,0.003041096031665802,96.08822631835938,0.3349108099937439,0.001512232469394803,221.4678192138672,0.43386995792388916,0.05417156592011452,0.0002901354164350778,186.71131896972656,0.5146352648735046,0.00018252928566653281,6.595006652787561e-06,27.676891326904297,0.0001820683537516743,6.043914254405536e-06,30.124244689941406,0.9187580347061157,0.00018343130068387836,7.385533081105677e-06,24.836566925048828,1.1143604516983032,0.10223165154457092,0.10236413776874542,0.9987056255340576,0.3068705201148987,0.3072754740715027,0.9986821413040161,0.09099848568439484,0.09116049855947495,0.9982227087020874,0.4249420166015625,0.4257963001728058,0.9979937076568604,0.7545942664146423,0.7561824321746826,0.9978996515274048,0.41343456506729126,0.4143086075782776,0.9978903532028198,0.024432674050331116,0.02625204436480999,0.012890683487057686,0.015454351902008057,0.0018193721771240234,0.028450943529605865,0.016692249104380608,-0.0021988991647958755,1.0,0.4252904951572418,sphere,3.0,512,gaussian,gaussian,60000,0.3,0.3,"[0.0, 0.0, 0.0, 0.0, 0.0, 0.0, 0.0, 0.0, 0.0, 0.0, 0.0, 0.0, 0.0, 0.0, 0.0, 0.0, 0.0, 0.0, 0.0, 0.0, 0.0, 0.0, 0.0, 0.0, 0.0, 0.0, 0.0, 0.0, 0.0, 0.0, 0.0, 0.0, 0.0, 0.0, 0.0, 0.0, 0.0, 0.0, 0.0, 0.0, 0.0, 0.0, 0.0, 0.0, 0.0, 0.0, 0.0, 0.0, 0.0, 0.0, 0.0, 0.0, 0.0, 0.0, 0.0, 0.0, 0.0, 0.0, 0.0, 0.0, 0.0, 0.0, 0.0, 0.0, 0.0, 0.0, 0.0, 0.0, 0.0, 0.0, 0.0, 0.0, 0.0, 0.0, 0.0, 0.0, 0.0, 0.0, 0.0, 0.0, 0.0, 0.0, 0.0, 0.0, 0.0, 0.0, 0.0, 0.0, 0.0, 0.0, 0.0, 0.0, 0.0, 0.0, 0.0, 0.0, 0.0, 0.0, 0.0, 0.0, 0.0, 0.0, 0.0, 0.0, 0.0, 0.0, 0.0, 0.0, 0.0, 0.0, 0.0, 0.0, 0.0, 0.0, 0.0, 0.0, 0.0, 0.0, 0.0, 0.0, 0.0, 0.0, 0.0, 0.0, 0.0, 0.0, 0.0, 0.0, 0.0, 0.0, 0.0, 0.0, 0.0, 0.0, 0.0, 0.0, 0.0, 0.0, 0.0, 0.0, 0.0, 0.0, 0.0, 0.0, 0.0, 0.0, 0.0, 0.0, 0.0, 0.0, 0.0, 0.0, 0.0, 0.0, 0.0, 0.0, 0.0, 0.0, 0.0, 0.0, 0.0, 0.0, 0.0, 0.0, 0.0, 0.0, 0.0, 0.0, 0.0, 0.0, 0.0, 0.0, 0.0, 0.0, 0.0, 0.0, 0.0, 0.0, 0.0, 0.0, 0.0, 0.0, 0.0, 0.0, 0.0, 0.0, 0.0, 0.0, 0.0, 0.0, 0.0, 0.0, 0.0, 0.0, 0.0, 0.0, 0.0, 0.0, 0.0, 0.0, 0.0, 0.0, 0.0, 0.0, 0.0, 0.0, 0.0, 0.0, 0.0, 0.0, 0.0, 0.0, 0.0, 0.0, 0.0, 0.0, 0.0, 0.0, 0.0, 0.0, 0.0, 0.0, 0.0, 0.0, 0.0, 0.0, 0.0, 0.0, 0.0, 0.0, 0.0, 0.0, 0.0, 0.0, 0.0, 0.0, 0.0, 0.0, 0.0, 0.0, 0.0, 0.0, 0.0, 0.0, 0.0, 0.0, 0.0, 0.0, 0.0, 0.0, 0.0, 0.0, 0.0, 0.0, 0.0, 0.0, 0.0, 0.0, 0.0, 0.0, 0.0, 0.0, 0.0, 0.0, 0.0, 0.0, 0.0, 0.0, 0.0, 0.0, 0.0, 0.0, 0.0, 0.0, 0.0, 0.0, 0.0, 0.0, 0.0, 0.0, 0.0, 0.0, 0.0, 0.0, 0.0, 0.0, 0.0, 0.0, 0.0, 0.0, 0.0, 0.0, 0.0, 0.0, 0.0, 0.0, 0.0, 0.0, 0.0, 0.0, 0.0, 0.0, 0.0, 0.0, 0.0, 0.0, 0.0, 0.0, 0.0, 0.0, 0.0, 0.0, 0.0, 0.0, 0.0, 0.0, 0.0, 0.0, 0.0, 0.0, 0.0, 0.0, 0.0, 0.0, 0.0, 0.0, 0.0, 0.0, 0.0, 0.0, 0.0, 0.0, 0.0, 0.0, 0.0, 0.0, 0.0, 0.0, 0.0, 0.0, 0.0, 0.0, 0.0, 0.0, 0.0, 0.0, 0.0, 0.0, 0.0, 0.0, 0.0, 0.0, 0.0, 0.0, 0.0, 0.0, 0.0, 0.0, 0.0, 0.0, 0.0, 0.0, 0.0, 0.0, 0.0, 0.0, 0.0, 0.0, 0.0, 0.0, 0.0, 0.0, 0.0, 0.0, 0.0, 0.0, 0.0, 0.0, 0.0, 0.0, 0.0, 0.0, 0.0, 0.0, 0.0, 0.0, 0.0, 0.0, 0.0, 0.0, 0.0, 0.0, 0.0, 0.0, 0.0, 0.0, 0.0, 0.0, 0.0, 0.0, 0.0, 0.0, 0.0, 0.0, 0.0, 0.0, 0.0, 0.0, 0.0, 0.0, 0.0, 0.0, 0.0, 0.0, 0.0, 0.0, 0.0, 0.0, 0.0, 0.0, 0.0, 0.0, 0.0, 0.0, 0.0, 0.0, 0.0, 0.0, 0.0, 0.0, 0.0, 0.0, 0.0, 0.0, 0.0, 0.0, 0.0, 0.0, 0.0, 0.0, 0.0, 0.0, 0.0, 0.0, 0.0, 0.0, 0.0, 0.0, 0.0, 0.0, 0.0, 0.0, 0.0, 0.0, 0.0, 0.0, 0.0, 0.0, 0.0, 0.0, 0.0, 0.0, 0.0, 0.0, 0.0, 0.0, 0.0, 0.0, 0.0, 0.0, 0.0, 0.0, 0.0, 0.0, 0.0, 0.0, 0.0, 0.0, 0.0, 0.0, 0.0, 0.0, 0.0, 0.0, 0.0, 0.0, 0.0, 0.0, 0.0, 0.0, 0.0, 0.0, 0.0, 0.0, 0.0, 0.0, 0.0, 0.0, 0.0, 0.0, 0.0, 0.0, 0.0, 0.0, 0.0, 0.0, 0.0, 0.0, 0.0, 0.0, 0.0, 0.0]","[0.0, 0.0221187, 0.0221187, 0.0221187, 0.0221187, 0.0221187, 0.0221187, 0.0221187, 0.0221187, 0.0221187, 0.0221187, 0.0221187, 0.0221187, 0.0221187, 0.0221187, 0.0221187, 0.0221187, 0.0221187, 0.0221187, 0.0221187, 0.0221187, 0.0221187, 0.0221187, 0.0221187, 0.0221187, 0.0221187, 0.0221187, 0.0221187, 0.0221187, 0.0221187, 0.0221187, 0.0221187, 0.0221187, 0.0221187, 0.0221187, 0.0221187, 0.0221187, 0.0221187, 0.0221187, 0.0221187, 0.0221187, 0.0221187, 0.0221187, 0.0221187, 0.0221187, 0.0221187, 0.0221187, 0.0221187, 0.0221187, 0.0221187, 0.0221187, 0.0221187, 0.0221187, 0.0221187, 0.0221187, 0.0221187, 0.0221187, 0.0221187, 0.0221187, 0.0221187, 0.0221187, 0.0221187, 0.0221187, 0.0221187, 0.0221187, 0.0221187, 0.0221187, 0.0221187, 0.0221187, 0.0221187, 0.0221187, 0.0221187, 0.0221187, 0.0221187, 0.0221187, 0.0221187, 0.0221187, 0.0221187, 0.0221187, 0.0221187, 0.0221187, 0.0221187, 0.0221187, 0.0221187, 0.0221187, 0.0221187, 0.0221187, 0.0221187, 0.0221187, 0.0221187, 0.0221187, 0.0221187, 0.0221187, 0.0221187, 0.0221187, 0.0221187, 0.0221187, 0.0221187, 0.0221187, 0.0221187, 0.0221187, 0.0221187, 0.0221187, 0.0221187, 0.0221187, 0.0221187, 0.0221187, 0.0221187, 0.0221187, 0.0221187, 0.0221187, 0.0221187, 0.0221187, 0.0221187, 0.0221187, 0.0221187, 0.0221187, 0.0221187, 0.0221187, 0.0221187, 0.0221187, 0.0221187, 0.0221187, 0.0221187, 0.0221187, 0.0221187, 0.0221187, 0.0221187, 0.0221187, 0.0221187, 0.0221187, 0.0221187, 0.0221187, 0.0221187, 0.0221187, 0.0221187, 0.0221187, 0.0221187, 0.0221187, 0.0221187, 0.0221187, 0.0221187, 0.0221187, 0.0221187, 0.0221187, 0.0221187, 0.0221187, 0.0221187, 0.0221187, 0.0221187, 0.0221187, 0.0221187, 0.0221187, 0.0221187, 0.0221187, 0.0221187, 0.0221187, 0.0221187, 0.0221187, 0.0221187, 0.0221187, 0.0221187, 0.0221187, 0.0221187, 0.0221187, 0.0221187, 0.0221187, 0.0221187, 0.0221187, 0.0221187, 0.0221187, 0.0221187, 0.0221187, 0.0221187, 0.0221187, 0.0221187, 0.0221187, 0.0221187, 0.0221187, 0.0221187, 0.0221187, 0.0221187, 0.0221187, 0.0221187, 0.0221187, 0.0221187, 0.0221187, 0.0221187, 0.0221187, 0.0221187, 0.0221187, 0.0221187, 0.0221187, 0.0221187, 0.0221187, 0.0221187, 0.0221187, 0.0221187, 0.0221187, 0.0221187, 0.0221187, 0.0221187, 0.0221187, 0.0221187, 0.0221187, 0.0221187, 0.0221187, 0.0221187, 0.0221187, 0.0221187, 0.0221187, 0.0221187, 0.0221187, 0.0221187, 0.0221187, 0.0221187, 0.0221187, 0.0221187, 0.0221187, 0.0221187, 0.0221187, 0.0221187, 0.0221187, 0.0221187, 0.0221187, 0.0221187, 0.0221187, 0.0221187, 0.0221187, 0.0221187, 0.0221187, 0.0221187, 0.0221187, 0.0221187, 0.0221187, 0.0221187, 0.0221187, 0.0221187, 0.0221187, 0.0221187, 0.0221187, 0.0221187, 0.0221187, 0.0221187, 0.0221187, 0.0221187, 0.0221187, 0.0221187, 0.0221187, 0.0221187, 0.0221187, 0.0221187, 0.0221187, 0.0221187, 0.0221187, 0.0221187, 0.0221187, 0.0221187, 0.0221187, 0.0221187, 0.0221187, 0.0221187, 0.0221187, 0.0221187, 0.0221187, 0.0221187, 0.0221187, 0.0221187, 0.0221187, 0.0221187, 0.0221187, 0.0221187, 0.0221187, 0.0221187, 0.0221187, 0.0221187, 0.0221187, 0.0221187, 0.0221187, 0.0221187, 0.0221187, 0.0221187, 0.0221187, 0.0221187, 0.0221187, 0.0221187, 0.0221187, 0.0221187, 0.0221187, 0.0221187, 0.0221187, 0.0221187, 0.0221187, 0.0221187, 0.0221187, 0.0221187, 0.0221187, 0.0221187, 0.0221187, 0.0221187, 0.0221187, 0.0221187, 0.0221187, 0.0221187, 0.0221187, 0.0221187, 0.0221187, 0.0221187, 0.0221187, 0.0221187, 0.0221187, 0.0221187, 0.0221187, 0.0221187, 0.0221187, 0.0221187, 0.0221187, 0.0221187, 0.0221187, 0.0221187, 0.0221187, 0.0221187, 0.0221187, 0.0221187, 0.0221187, 0.0221187, 0.0221187, 0.0221187, 0.0221187, 0.0221187, 0.0221187, 0.0221187, 0.0221187, 0.0221187, 0.0221187, 0.0221187, 0.0221187, 0.0221187, 0.0221187, 0.0221187, 0.0221187, 0.0221187, 0.0221187, 0.0221187, 0.0221187, 0.0221187, 0.0221187, 0.0221187, 0.0221187, 0.0221187, 0.0221187, 0.0221187, 0.0221187, 0.0221187, 0.0221187, 0.0221187, 0.0221187, 0.0221187, 0.0221187, 0.0221187, 0.0221187, 0.0221187, 0.0221187, 0.0221187, 0.0221187, 0.0221187, 0.0221187, 0.0221187, 0.0221187, 0.0221187, 0.0221187, 0.0221187, 0.0221187, 0.0221187, 0.0221187, 0.0221187, 0.0221187, 0.0221187, 0.0221187, 0.0221187, 0.0221187, 0.0221187, 0.0221187, 0.0221187, 0.0221187, 0.0221187, 0.0221187, 0.0221187, 0.0221187, 0.0221187, 0.0221187, 0.0221187, 0.0221187, 0.0221187, 0.0221187, 0.0221187, 0.0221187, 0.0221187, 0.0221187, 0.0221187, 0.0221187, 0.0221187, 0.0221187, 0.0221187, 0.0221187, 0.0221187, 0.0221187, 0.0221187, 0.0221187, 0.0221187, 0.0221187, 0.0221187, 0.0221187, 0.0221187, 0.0221187, 0.0221187, 0.0221187, 0.0221187, 0.0221187, 0.0221187, 0.0221187, 0.0221187, 0.0221187, 0.0221187, 0.0221187, 0.0221187, 0.0221187, 0.0221187, 0.0221187, 0.0221187, 0.0221187, 0.0221187, 0.0221187, 0.0221187, 0.0221187, 0.0221187, 0.0221187, 0.0221187, 0.0221187, 0.0221187, 0.0221187, 0.0221187, 0.0221187, 0.0221187, 0.0221187, 0.0221187, 0.0221187, 0.0221187, 0.0221187, 0.0221187, 0.0221187, 0.0221187, 0.0221187, 0.0221187, 0.0221187, 0.0221187, 0.0221187, 0.0221187, 0.0221187, 0.0221187, 0.0221187, 0.0221187, 0.0221187, 0.0221187, 0.0221187, 0.0221187, 0.0221187, 0.0221187, 0.0221187, 0.0221187, 0.0221187, 0.0221187, 0.0221187, 0.0221187, 0.0221187, 0.0221187, 0.0221187, 0.0221187, 0.0221187, 0.0221187, 0.0221187, 0.0221187, 0.0221187, 0.0221187, 0.0221187, 0.0221187, 0.0221187, 0.0221187, 0.0221187, 0.0221187, 0.0221187, 0.0221187, 0.0221187, 0.0221187, 0.0221187, 0.0221187, 0.0221187, 0.0221187, 0.0221187, 0.0221187, 0.0221187, 0.0221187, 0.0221187, 0.0221187, 0.0221187, 0.0221187, 0.0221187, 0.0221187, 0.0221187, 0.0221187, 0.0221187, 0.0221187]",1,,,True
norm__sph_d512_c3_s42,0.00030758968205191195,0.0003255969495512545,0.00030758968205191195,56.0,5.731979854317615e-06,0.00030467554461210966,0.00030467554461210966,-1135.412353515625,-1135.412353515625,-1137.7950439453125,-1137.8101806640625,0.032372139394283295,0.0,1.0,0.14394831657409668,0.5543692708015442,0.10791798681020737,0.3630838096141815,9.999999974752427e-07,1.4171514521876816e-05,0.28999990224838257,0.32296115159988403,1.1136595010757446,0.048944391310214996,0.16877381503582,0.00018537044525146484,0.00017750263214111328,0.9575562477111816,0.00018858909606933594,1.0173633098602295,0.5026666522026062,0.29314902424812317,0.5061666369438171,0.29314902424812317,0.5021666884422302,0.5081138014793396,0.5056666731834412,0.5081138014793396,0.5026666522026062,0.290010541677475,0.5061666369438171,0.290010541677475,0.2907603979110718,0.004224608186632395,68.82540893554688,0.33229029178619385,0.0013632839545607567,243.74253845214844,0.2823692858219147,0.05375853553414345,0.00037804862949997187,142.20005798339844,0.48400408029556274,0.00021412769274320453,1.67556936503388e-05,12.779399871826172,0.00020829837012570351,9.775329090189189e-06,21.308578491210938,0.5997303128242493,0.00022145509137772024,1.6317884728778154e-05,13.57131290435791,0.941648006439209,0.10067103058099747,0.10275986790657043,0.9796726107597351,0.30218586325645447,0.3084631860256195,0.9796496629714966,0.08972723037004471,0.0914633572101593,0.9810183644294739,0.4214007258415222,0.4266830384731293,0.9876200556755066,0.7479574084281921,0.7578471899032593,0.9869502186775208,0.41010743379592896,0.41513076424598694,0.9878992438316345,0.027204619720578194,0.024744318798184395,0.014595730230212212,0.014888551086187363,-0.002460300922393799,0.03157563507556915,0.018824933096766472,-0.006831315811723471,1.0,0.4239751100540161,sphere,3.0,512,gaussian,gaussian,60000,0.3,0.3,"[0.0, 0.0, 0.0, 0.0, 0.0, 0.0, 0.0, 0.0, 0.0, 0.0, 0.0, 0.0, 0.0, 0.0, 0.0, 0.0, 0.0, 0.0, 0.0, 0.0, 0.0, 0.0, 0.0, 0.0, 0.0, 0.0, 0.0, 0.0, 0.0, 0.0, 0.0, 0.0, 0.0, 0.0, 0.0, 0.0, 0.0, 0.0, 0.0, 0.0, 0.0, 0.0, 0.0, 0.0, 0.0, 0.0, 0.0, 0.0, 0.0, 0.0, 0.0, 0.0, 0.0, 0.0, 0.0, 0.0, 0.0, 0.0, 0.0, 0.0, 0.0, 0.0, 0.0, 0.0, 0.0, 0.0, 0.0, 0.0, 0.0, 0.0, 0.0, 0.0, 0.0, 0.0, 0.0, 0.0, 0.0, 0.0, 0.0, 0.0, 0.0, 0.0, 0.0, 0.0, 0.0, 0.0, 0.0, 0.0, 0.0, 0.0, 0.0, 0.0, 0.0, 0.0, 0.0, 0.0, 0.0, 0.0, 0.0, 0.0, 0.0, 0.0, 0.0, 0.0, 0.0, 0.0, 0.0, 0.0, 0.0, 0.0, 0.0, 0.0, 0.0, 0.0, 0.0, 0.0, 0.0, 0.0, 0.0, 0.0, 0.0, 0.0, 0.0, 0.0, 0.0, 0.0, 0.0, 0.0, 0.0, 0.0, 0.0, 0.0, 0.0, 0.0, 0.0, 0.0, 0.0, 0.0, 0.0, 0.0, 0.0, 0.0, 0.0, 0.0, 0.0, 0.0, 0.0, 0.0, 0.0, 0.0, 0.0, 0.0, 0.0, 0.0, 0.0, 0.0, 0.0, 0.0, 0.0, 0.0, 0.0, 0.0, 0.0, 0.0, 0.0, 0.0, 0.0, 0.0, 0.0, 0.0, 0.0, 0.0, 0.0, 0.0, 0.0, 0.0, 0.0, 0.0, 0.0, 0.0, 0.0, 0.0, 0.0, 0.0, 0.0, 0.0, 0.0, 0.0, 0.0, 0.0, 0.0, 0.0, 0.0, 0.0, 0.0, 0.0, 0.0, 0.0, 0.0, 0.0, 0.0, 0.0, 0.0, 0.0, 0.0, 0.0, 0.0, 0.0, 0.0, 0.0, 0.0, 0.0, 0.0, 0.0, 0.0, 0.0, 0.0, 0.0, 0.0, 0.0, 0.0, 0.0, 0.0, 0.0, 0.0, 0.0, 0.0, 0.0, 0.0, 0.0, 0.0, 0.0, 0.0, 0.0, 0.0, 0.0, 0.0, 0.0, 0.0, 0.0, 0.0, 0.0, 0.0, 0.0, 0.0, 0.0, 0.0, 0.0, 0.0, 0.0, 0.0, 0.0, 0.0, 0.0, 0.0, 0.0, 0.0, 0.0, 0.0, 0.0, 0.0, 0.0, 0.0, 0.0, 0.0, 0.0, 0.0, 0.0, 0.0, 0.0, 0.0, 0.0, 0.0, 0.0, 0.0, 0.0, 0.0, 0.0, 0.0, 0.0, 0.0, 0.0, 0.0, 0.0, 0.0, 0.0, 0.0, 0.0, 0.0, 0.0, 0.0, 0.0, 0.0, 0.0, 0.0, 0.0, 0.0, 0.0, 0.0, 0.0, 0.0, 0.0, 0.0, 0.0, 0.0, 0.0, 0.0, 0.0, 0.0, 0.0, 0.0, 0.0, 0.0, 0.0, 0.0, 0.0, 0.0, 0.0, 0.0, 0.0, 0.0, 0.0, 0.0, 0.0, 0.0, 0.0, 0.0, 0.0, 0.0, 0.0, 0.0, 0.0, 0.0, 0.0, 0.0, 0.0, 0.0, 0.0, 0.0, 0.0, 0.0, 0.0, 0.0, 0.0, 0.0, 0.0, 0.0, 0.0, 0.0, 0.0, 0.0, 0.0, 0.0, 0.0, 0.0, 0.0, 0.0, 0.0, 0.0, 0.0, 0.0, 0.0, 0.0, 0.0, 0.0, 0.0, 0.0, 0.0, 0.0, 0.0, 0.0, 0.0, 0.0, 0.0, 0.0, 0.0, 0.0, 0.0, 0.0, 0.0, 0.0, 0.0, 0.0, 0.0, 0.0, 0.0, 0.0, 0.0, 0.0, 0.0, 0.0, 0.0, 0.0, 0.0, 0.0, 0.0, 0.0, 0.0, 0.0, 0.0, 0.0, 0.0, 0.0, 0.0, 0.0, 0.0, 0.0, 0.0, 0.0, 0.0, 0.0, 0.0, 0.0, 0.0, 0.0, 0.0, 0.0, 0.0, 0.0, 0.0, 0.0, 0.0, 0.0, 0.0, 0.0, 0.0, 0.0, 0.0, 0.0, 0.0, 0.0, 0.0, 0.0, 0.0, 0.0, 0.0, 0.0, 0.0, 0.0, 0.0, 0.0, 0.0, 0.0, 0.0, 0.0, 0.0, 0.0, 0.0, 0.0, 0.0, 0.0, 0.0, 0.0, 0.0, 0.0, 0.0, 0.0, 0.0, 0.0, 0.0, 0.0, 0.0, 0.0, 0.0, 0.0, 0.0, 0.0, 0.0, 0.0, 0.0, 0.0, 0.0, 0.0, 0.0, 0.0, 0.0, 0.0, 0.0, 0.0, 0.0, 0.0, 0.0, 0.0, 0.0, 0.0, 0.0, 0.0, 0.0, 0.0, 0.0, 0.0, 0.0, 0.0, 0.0, 0.0, 0.0, 0.0, 0.0, 0.0, 0.0, 0.0, 0.0, 0.0, 0.0, 0.0, 0.0, 0.0, 0.0, 0.0, 0.0, 0.0, 0.0]","[0.0, 0.0221187, 0.0221187, 0.0221187, 0.0221187, 0.0221187, 0.0221187, 0.0221187, 0.0221187, 0.0221187, 0.0221187, 0.0221187, 0.0221187, 0.0221187, 0.0221187, 0.0221187, 0.0221187, 0.0221187, 0.0221187, 0.0221187, 0.0221187, 0.0221187, 0.0221187, 0.0221187, 0.0221187, 0.0221187, 0.0221187, 0.0221187, 0.0221187, 0.0221187, 0.0221187, 0.0221187, 0.0221187, 0.0221187, 0.0221187, 0.0221187, 0.0221187, 0.0221187, 0.0221187, 0.0221187, 0.0221187, 0.0221187, 0.0221187, 0.0221187, 0.0221187, 0.0221187, 0.0221187, 0.0221187, 0.0221187, 0.0221187, 0.0221187, 0.0221187, 0.0221187, 0.0221187, 0.0221187, 0.0221187, 0.0221187, 0.0221187, 0.0221187, 0.0221187, 0.0221187, 0.0221187, 0.0221187, 0.0221187, 0.0221187, 0.0221187, 0.0221187, 0.0221187, 0.0221187, 0.0221187, 0.0221187, 0.0221187, 0.0221187, 0.0221187, 0.0221187, 0.0221187, 0.0221187, 0.0221187, 0.0221187, 0.0221187, 0.0221187, 0.0221187, 0.0221187, 0.0221187, 0.0221187, 0.0221187, 0.0221187, 0.0221187, 0.0221187, 0.0221187, 0.0221187, 0.0221187, 0.0221187, 0.0221187, 0.0221187, 0.0221187, 0.0221187, 0.0221187, 0.0221187, 0.0221187, 0.0221187, 0.0221187, 0.0221187, 0.0221187, 0.0221187, 0.0221187, 0.0221187, 0.0221187, 0.0221187, 0.0221187, 0.0221187, 0.0221187, 0.0221187, 0.0221187, 0.0221187, 0.0221187, 0.0221187, 0.0221187, 0.0221187, 0.0221187, 0.0221187, 0.0221187, 0.0221187, 0.0221187, 0.0221187, 0.0221187, 0.0221187, 0.0221187, 0.0221187, 0.0221187, 0.0221187, 0.0221187, 0.0221187, 0.0221187, 0.0221187, 0.0221187, 0.0221187, 0.0221187, 0.0221187, 0.0221187, 0.0221187, 0.0221187, 0.0221187, 0.0221187, 0.0221187, 0.0221187, 0.0221187, 0.0221187, 0.0221187, 0.0221187, 0.0221187, 0.0221187, 0.0221187, 0.0221187, 0.0221187, 0.0221187, 0.0221187, 0.0221187, 0.0221187, 0.0221187, 0.0221187, 0.0221187, 0.0221187, 0.0221187, 0.0221187, 0.0221187, 0.0221187, 0.0221187, 0.0221187, 0.0221187, 0.0221187, 0.0221187, 0.0221187, 0.0221187, 0.0221187, 0.0221187, 0.0221187, 0.0221187, 0.0221187, 0.0221187, 0.0221187, 0.0221187, 0.0221187, 0.0221187, 0.0221187, 0.0221187, 0.0221187, 0.0221187, 0.0221187, 0.0221187, 0.0221187, 0.0221187, 0.0221187, 0.0221187, 0.0221187, 0.0221187, 0.0221187, 0.0221187, 0.0221187, 0.0221187, 0.0221187, 0.0221187, 0.0221187, 0.0221187, 0.0221187, 0.0221187, 0.0221187, 0.0221187, 0.0221187, 0.0221187, 0.0221187, 0.0221187, 0.0221187, 0.0221187, 0.0221187, 0.0221187, 0.0221187, 0.0221187, 0.0221187, 0.0221187, 0.0221187, 0.0221187, 0.0221187, 0.0221187, 0.0221187, 0.0221187, 0.0221187, 0.0221187, 0.0221187, 0.0221187, 0.0221187, 0.0221187, 0.0221187, 0.0221187, 0.0221187, 0.0221187, 0.0221187, 0.0221187, 0.0221187, 0.0221187, 0.0221187, 0.0221187, 0.0221187, 0.0221187, 0.0221187, 0.0221187, 0.0221187, 0.0221187, 0.0221187, 0.0221187, 0.0221187, 0.0221187, 0.0221187, 0.0221187, 0.0221187, 0.0221187, 0.0221187, 0.0221187, 0.0221187, 0.0221187, 0.0221187, 0.0221187, 0.0221187, 0.0221187, 0.0221187, 0.0221187, 0.0221187, 0.0221187, 0.0221187, 0.0221187, 0.0221187, 0.0221187, 0.0221187, 0.0221187, 0.0221187, 0.0221187, 0.0221187, 0.0221187, 0.0221187, 0.0221187, 0.0221187, 0.0221187, 0.0221187, 0.0221187, 0.0221187, 0.0221187, 0.0221187, 0.0221187, 0.0221187, 0.0221187, 0.0221187, 0.0221187, 0.0221187, 0.0221187, 0.0221187, 0.0221187, 0.0221187, 0.0221187, 0.0221187, 0.0221187, 0.0221187, 0.0221187, 0.0221187, 0.0221187, 0.0221187, 0.0221187, 0.0221187, 0.0221187, 0.0221187, 0.0221187, 0.0221187, 0.0221187, 0.0221187, 0.0221187, 0.0221187, 0.0221187, 0.0221187, 0.0221187, 0.0221187, 0.0221187, 0.0221187, 0.0221187, 0.0221187, 0.0221187, 0.0221187, 0.0221187, 0.0221187, 0.0221187, 0.0221187, 0.0221187, 0.0221187, 0.0221187, 0.0221187, 0.0221187, 0.0221187, 0.0221187, 0.0221187, 0.0221187, 0.0221187, 0.0221187, 0.0221187, 0.0221187, 0.0221187, 0.0221187, 0.0221187, 0.0221187, 0.0221187, 0.0221187, 0.0221187, 0.0221187, 0.0221187, 0.0221187, 0.0221187, 0.0221187, 0.0221187, 0.0221187, 0.0221187, 0.0221187, 0.0221187, 0.0221187, 0.0221187, 0.0221187, 0.0221187, 0.0221187, 0.0221187, 0.0221187, 0.0221187, 0.0221187, 0.0221187, 0.0221187, 0.0221187, 0.0221187, 0.0221187, 0.0221187, 0.0221187, 0.0221187, 0.0221187, 0.0221187, 0.0221187, 0.0221187, 0.0221187, 0.0221187, 0.0221187, 0.0221187, 0.0221187, 0.0221187, 0.0221187, 0.0221187, 0.0221187, 0.0221187, 0.0221187, 0.0221187, 0.0221187, 0.0221187, 0.0221187, 0.0221187, 0.0221187, 0.0221187, 0.0221187, 0.0221187, 0.0221187, 0.0221187, 0.0221187, 0.0221187, 0.0221187, 0.0221187, 0.0221187, 0.0221187, 0.0221187, 0.0221187, 0.0221187, 0.0221187, 0.0221187, 0.0221187, 0.0221187, 0.0221187, 0.0221187, 0.0221187, 0.0221187, 0.0221187, 0.0221187, 0.0221187, 0.0221187, 0.0221187, 0.0221187, 0.0221187, 0.0221187, 0.0221187, 0.0221187, 0.0221187, 0.0221187, 0.0221187, 0.0221187, 0.0221187, 0.0221187, 0.0221187, 0.0221187, 0.0221187, 0.0221187, 0.0221187, 0.0221187, 0.0221187, 0.0221187, 0.0221187, 0.0221187, 0.0221187, 0.0221187, 0.0221187, 0.0221187, 0.0221187, 0.0221187, 0.0221187, 0.0221187, 0.0221187, 0.0221187, 0.0221187, 0.0221187, 0.0221187, 0.0221187, 0.0221187, 0.0221187, 0.0221187, 0.0221187, 0.0221187, 0.0221187, 0.0221187, 0.0221187, 0.0221187, 0.0221187, 0.0221187, 0.0221187, 0.0221187, 0.0221187, 0.0221187, 0.0221187, 0.0221187, 0.0221187, 0.0221187, 0.0221187, 0.0221187, 0.0221187, 0.0221187, 0.0221187, 0.0221187, 0.0221187, 0.0221187, 0.0221187, 0.0221187, 0.0221187, 0.0221187, 0.0221187, 0.0221187, 0.0221187, 0.0221187, 0.0221187, 0.0221187, 0.0221187, 0.0221187, 0.0221187, 0.0221187, 0.0221187, 0.0221187, 0.0221187, 0.0221187, 0.0221187, 0.0221187, 0.0221187, 0.0221187, 0.0221187, 0.0221187, 0.0221187, 0.0221187]",1,,,True
norm__sph_d512_c3_s50,0.00030751986196264625,0.0003118850872851908,0.00030751986196264625,56.0,5.920728199271252e-06,0.000305712572298944,0.000305712572298944,-1135.0947265625,-1135.0947265625,-1136.103759765625,-1136.1094970703125,0.031879179179668427,0.0,1.0,0.14344583451747894,0.5609037280082703,0.10629507154226303,0.35526058077812195,9.999999974752427e-07,1.407027775712777e-05,0.29625487327575684,0.3265237510204315,1.102171778678894,0.049981553107500076,0.1687113344669342,0.00018072128295898438,0.00017464160919189453,0.9663587808609009,0.00018274784088134766,1.011213779449463,0.5026666522026062,0.29593029618263245,0.5166666507720947,0.29593029618263245,0.5024999976158142,0.5130168795585632,0.5166666507720947,0.5130168795585632,0.5026666522026062,0.2927025258541107,0.5166666507720947,0.2927025258541107,0.294528603553772,0.0040088738314807415,73.46916198730469,0.33622634410858154,0.0011667131911963224,288.1825256347656,0.2549396753311157,0.05475805699825287,0.00032229392672888935,169.90098571777344,0.4324234127998352,0.0002155979600502178,1.4564631783287041e-05,14.802842140197754,0.00020313661661930382,1.0216302143817302e-05,19.883575439453125,0.7444758415222168,0.00021548671065829694,1.2306301869102754e-05,17.510272979736328,0.845380425453186,0.1018664762377739,0.10374733805656433,0.9818708300590515,0.3057748079299927,0.31142139434814453,0.981868326663971,0.09067477285861969,0.09223324805498123,0.9831029176712036,0.4238799214363098,0.42841166257858276,0.9894220232963562,0.752602219581604,0.7610872983932495,0.9888513088226318,0.41240426898002625,0.41669800877571106,0.9896957874298096,0.023886876180768013,0.025773294270038605,0.012606066651642323,0.015634844079613686,0.00188641797285527,0.027918145060539246,0.016250358894467354,-0.0021448489278554916,1.0,0.42642414569854736,sphere,3.0,512,gaussian,gaussian,60000,0.3,0.3,"[0.0, 0.0, 0.0, 0.0, 0.0, 0.0, 0.0, 0.0, 0.0, 0.0, 0.0, 0.0, 0.0, 0.0, 0.0, 0.0, 0.0, 0.0, 0.0, 0.0, 0.0, 0.0, 0.0, 0.0, 0.0, 0.0, 0.0, 0.0, 0.0, 0.0, 0.0, 0.0, 0.0, 0.0, 0.0, 0.0, 0.0, 0.0, 0.0, 0.0, 0.0, 0.0, 0.0, 0.0, 0.0, 0.0, 0.0, 0.0, 0.0, 0.0, 0.0, 0.0, 0.0, 0.0, 0.0, 0.0, 0.0, 0.0, 0.0, 0.0, 0.0, 0.0, 0.0, 0.0, 0.0, 0.0, 0.0, 0.0, 0.0, 0.0, 0.0, 0.0, 0.0, 0.0, 0.0, 0.0, 0.0, 0.0, 0.0, 0.0, 0.0, 0.0, 0.0, 0.0, 0.0, 0.0, 0.0, 0.0, 0.0, 0.0, 0.0, 0.0, 0.0, 0.0, 0.0, 0.0, 0.0, 0.0, 0.0, 0.0, 0.0, 0.0, 0.0, 0.0, 0.0, 0.0, 0.0, 0.0, 0.0, 0.0, 0.0, 0.0, 0.0, 0.0, 0.0, 0.0, 0.0, 0.0, 0.0, 0.0, 0.0, 0.0, 0.0, 0.0, 0.0, 0.0, 0.0, 0.0, 0.0, 0.0, 0.0, 0.0, 0.0, 0.0, 0.0, 0.0, 0.0, 0.0, 0.0, 0.0, 0.0, 0.0, 0.0, 0.0, 0.0, 0.0, 0.0, 0.0, 0.0, 0.0, 0.0, 0.0, 0.0, 0.0, 0.0, 0.0, 0.0, 0.0, 0.0, 0.0, 0.0, 0.0, 0.0, 0.0, 0.0, 0.0, 0.0, 0.0, 0.0, 0.0, 0.0, 0.0, 0.0, 0.0, 0.0, 0.0, 0.0, 0.0, 0.0, 0.0, 0.0, 0.0, 0.0, 0.0, 0.0, 0.0, 0.0, 0.0, 0.0, 0.0, 0.0, 0.0, 0.0, 0.0, 0.0, 0.0, 0.0, 0.0, 0.0, 0.0, 0.0, 0.0, 0.0, 0.0, 0.0, 0.0, 0.0, 0.0, 0.0, 0.0, 0.0, 0.0, 0.0, 0.0, 0.0, 0.0, 0.0, 0.0, 0.0, 0.0, 0.0, 0.0, 0.0, 0.0, 0.0, 0.0, 0.0, 0.0, 0.0, 0.0, 0.0, 0.0, 0.0, 0.0, 0.0, 0.0, 0.0, 0.0, 0.0, 0.0, 0.0, 0.0, 0.0, 0.0, 0.0, 0.0, 0.0, 0.0, 0.0, 0.0, 0.0, 0.0, 0.0, 0.0, 0.0, 0.0, 0.0, 0.0, 0.0, 0.0, 0.0, 0.0, 0.0, 0.0, 0.0, 0.0, 0.0, 0.0, 0.0, 0.0, 0.0, 0.0, 0.0, 0.0, 0.0, 0.0, 0.0, 0.0, 0.0, 0.0, 0.0, 0.0, 0.0, 0.0, 0.0, 0.0, 0.0, 0.0, 0.0, 0.0, 0.0, 0.0, 0.0, 0.0, 0.0, 0.0, 0.0, 0.0, 0.0, 0.0, 0.0, 0.0, 0.0, 0.0, 0.0, 0.0, 0.0, 0.0, 0.0, 0.0, 0.0, 0.0, 0.0, 0.0, 0.0, 0.0, 0.0, 0.0, 0.0, 0.0, 0.0, 0.0, 0.0, 0.0, 0.0, 0.0, 0.0, 0.0, 0.0, 0.0, 0.0, 0.0, 0.0, 0.0, 0.0, 0.0, 0.0, 0.0, 0.0, 0.0, 0.0, 0.0, 0.0, 0.0, 0.0, 0.0, 0.0, 0.0, 0.0, 0.0, 0.0, 0.0, 0.0, 0.0, 0.0, 0.0, 0.0, 0.0, 0.0, 0.0, 0.0, 0.0, 0.0, 0.0, 0.0, 0.0, 0.0, 0.0, 0.0, 0.0, 0.0, 0.0, 0.0, 0.0, 0.0, 0.0, 0.0, 0.0, 0.0, 0.0, 0.0, 0.0, 0.0, 0.0, 0.0, 0.0, 0.0, 0.0, 0.0, 0.0, 0.0, 0.0, 0.0, 0.0, 0.0, 0.0, 0.0, 0.0, 0.0, 0.0, 0.0, 0.0, 0.0, 0.0, 0.0, 0.0, 0.0, 0.0, 0.0, 0.0, 0.0, 0.0, 0.0, 0.0, 0.0, 0.0, 0.0, 0.0, 0.0, 0.0, 0.0, 0.0, 0.0, 0.0, 0.0, 0.0, 0.0, 0.0, 0.0, 0.0, 0.0, 0.0, 0.0, 0.0, 0.0, 0.0, 0.0, 0.0, 0.0, 0.0, 0.0, 0.0, 0.0, 0.0, 0.0, 0.0, 0.0, 0.0, 0.0, 0.0, 0.0, 0.0, 0.0, 0.0, 0.0, 0.0, 0.0, 0.0, 0.0, 0.0, 0.0, 0.0, 0.0, 0.0, 0.0, 0.0, 0.0, 0.0, 0.0, 0.0, 0.0, 0.0, 0.0, 0.0, 0.0, 0.0, 0.0, 0.0, 0.0, 0.0, 0.0, 0.0, 0.0, 0.0, 0.0, 0.0, 0.0, 0.0, 0.0, 0.0, 0.0, 0.0, 0.0, 0.0, 0.0, 0.0, 0.0, 0.0, 0.0, 0.0, 0.0, 0.0, 0.0, 0.0, 0.0, 0.0, 0.0, 0.0, 0.0, 0.0, 0.0, 0.0]","[0.0, 0.0221187, 0.0221187, 0.0221187, 0.0221187, 0.0221187, 0.0221187, 0.0221187, 0.0221187, 0.0221187, 0.0221187, 0.0221187, 0.0221187, 0.0221187, 0.0221187, 0.0221187, 0.0221187, 0.0221187, 0.0221187, 0.0221187, 0.0221187, 0.0221187, 0.0221187, 0.0221187, 0.0221187, 0.0221187, 0.0221187, 0.0221187, 0.0221187, 0.0221187, 0.0221187, 0.0221187, 0.0221187, 0.0221187, 0.0221187, 0.0221187, 0.0221187, 0.0221187, 0.0221187, 0.0221187, 0.0221187, 0.0221187, 0.0221187, 0.0221187, 0.0221187, 0.0221187, 0.0221187, 0.0221187, 0.0221187, 0.0221187, 0.0221187, 0.0221187, 0.0221187, 0.0221187, 0.0221187, 0.0221187, 0.0221187, 0.0221187, 0.0221187, 0.0221187, 0.0221187, 0.0221187, 0.0221187, 0.0221187, 0.0221187, 0.0221187, 0.0221187, 0.0221187, 0.0221187, 0.0221187, 0.0221187, 0.0221187, 0.0221187, 0.0221187, 0.0221187, 0.0221187, 0.0221187, 0.0221187, 0.0221187, 0.0221187, 0.0221187, 0.0221187, 0.0221187, 0.0221187, 0.0221187, 0.0221187, 0.0221187, 0.0221187, 0.0221187, 0.0221187, 0.0221187, 0.0221187, 0.0221187, 0.0221187, 0.0221187, 0.0221187, 0.0221187, 0.0221187, 0.0221187, 0.0221187, 0.0221187, 0.0221187, 0.0221187, 0.0221187, 0.0221187, 0.0221187, 0.0221187, 0.0221187, 0.0221187, 0.0221187, 0.0221187, 0.0221187, 0.0221187, 0.0221187, 0.0221187, 0.0221187, 0.0221187, 0.0221187, 0.0221187, 0.0221187, 0.0221187, 0.0221187, 0.0221187, 0.0221187, 0.0221187, 0.0221187, 0.0221187, 0.0221187, 0.0221187, 0.0221187, 0.0221187, 0.0221187, 0.0221187, 0.0221187, 0.0221187, 0.0221187, 0.0221187, 0.0221187, 0.0221187, 0.0221187, 0.0221187, 0.0221187, 0.0221187, 0.0221187, 0.0221187, 0.0221187, 0.0221187, 0.0221187, 0.0221187, 0.0221187, 0.0221187, 0.0221187, 0.0221187, 0.0221187, 0.0221187, 0.0221187, 0.0221187, 0.0221187, 0.0221187, 0.0221187, 0.0221187, 0.0221187, 0.0221187, 0.0221187, 0.0221187, 0.0221187, 0.0221187, 0.0221187, 0.0221187, 0.0221187, 0.0221187, 0.0221187, 0.0221187, 0.0221187, 0.0221187, 0.0221187, 0.0221187, 0.0221187, 0.0221187, 0.0221187, 0.0221187, 0.0221187, 0.0221187, 0.0221187, 0.0221187, 0.0221187, 0.0221187, 0.0221187, 0.0221187, 0.0221187, 0.0221187, 0.0221187, 0.0221187, 0.0221187, 0.0221187, 0.0221187, 0.0221187, 0.0221187, 0.0221187, 0.0221187, 0.0221187, 0.0221187, 0.0221187, 0.0221187, 0.0221187, 0.0221187, 0.0221187, 0.0221187, 0.0221187, 0.0221187, 0.0221187, 0.0221187, 0.0221187, 0.0221187, 0.0221187, 0.0221187, 0.0221187, 0.0221187, 0.0221187, 0.0221187, 0.0221187, 0.0221187, 0.0221187, 0.0221187, 0.0221187, 0.0221187, 0.0221187, 0.0221187, 0.0221187, 0.0221187, 0.0221187, 0.0221187, 0.0221187, 0.0221187, 0.0221187, 0.0221187, 0.0221187, 0.0221187, 0.0221187, 0.0221187, 0.0221187, 0.0221187, 0.0221187, 0.0221187, 0.0221187, 0.0221187, 0.0221187, 0.0221187, 0.0221187, 0.0221187, 0.0221187, 0.0221187, 0.0221187, 0.0221187, 0.0221187, 0.0221187, 0.0221187, 0.0221187, 0.0221187, 0.0221187, 0.0221187, 0.0221187, 0.0221187, 0.0221187, 0.0221187, 0.0221187, 0.0221187, 0.0221187, 0.0221187, 0.0221187, 0.0221187, 0.0221187, 0.0221187, 0.0221187, 0.0221187, 0.0221187, 0.0221187, 0.0221187, 0.0221187, 0.0221187, 0.0221187, 0.0221187, 0.0221187, 0.0221187, 0.0221187, 0.0221187, 0.0221187, 0.0221187, 0.0221187, 0.0221187, 0.0221187, 0.0221187, 0.0221187, 0.0221187, 0.0221187, 0.0221187, 0.0221187, 0.0221187, 0.0221187, 0.0221187, 0.0221187, 0.0221187, 0.0221187, 0.0221187, 0.0221187, 0.0221187, 0.0221187, 0.0221187, 0.0221187, 0.0221187, 0.0221187, 0.0221187, 0.0221187, 0.0221187, 0.0221187, 0.0221187, 0.0221187, 0.0221187, 0.0221187, 0.0221187, 0.0221187, 0.0221187, 0.0221187, 0.0221187, 0.0221187, 0.0221187, 0.0221187, 0.0221187, 0.0221187, 0.0221187, 0.0221187, 0.0221187, 0.0221187, 0.0221187, 0.0221187, 0.0221187, 0.0221187, 0.0221187, 0.0221187, 0.0221187, 0.0221187, 0.0221187, 0.0221187, 0.0221187, 0.0221187, 0.0221187, 0.0221187, 0.0221187, 0.0221187, 0.0221187, 0.0221187, 0.0221187, 0.0221187, 0.0221187, 0.0221187, 0.0221187, 0.0221187, 0.0221187, 0.0221187, 0.0221187, 0.0221187, 0.0221187, 0.0221187, 0.0221187, 0.0221187, 0.0221187, 0.0221187, 0.0221187, 0.0221187, 0.0221187, 0.0221187, 0.0221187, 0.0221187, 0.0221187, 0.0221187, 0.0221187, 0.0221187, 0.0221187, 0.0221187, 0.0221187, 0.0221187, 0.0221187, 0.0221187, 0.0221187, 0.0221187, 0.0221187, 0.0221187, 0.0221187, 0.0221187, 0.0221187, 0.0221187, 0.0221187, 0.0221187, 0.0221187, 0.0221187, 0.0221187, 0.0221187, 0.0221187, 0.0221187, 0.0221187, 0.0221187, 0.0221187, 0.0221187, 0.0221187, 0.0221187, 0.0221187, 0.0221187, 0.0221187, 0.0221187, 0.0221187, 0.0221187, 0.0221187, 0.0221187, 0.0221187, 0.0221187, 0.0221187, 0.0221187, 0.0221187, 0.0221187, 0.0221187, 0.0221187, 0.0221187, 0.0221187, 0.0221187, 0.0221187, 0.0221187, 0.0221187, 0.0221187, 0.0221187, 0.0221187, 0.0221187, 0.0221187, 0.0221187, 0.0221187, 0.0221187, 0.0221187, 0.0221187, 0.0221187, 0.0221187, 0.0221187, 0.0221187, 0.0221187, 0.0221187, 0.0221187, 0.0221187, 0.0221187, 0.0221187, 0.0221187, 0.0221187, 0.0221187, 0.0221187, 0.0221187, 0.0221187, 0.0221187, 0.0221187, 0.0221187, 0.0221187, 0.0221187, 0.0221187, 0.0221187, 0.0221187, 0.0221187, 0.0221187, 0.0221187, 0.0221187, 0.0221187, 0.0221187, 0.0221187, 0.0221187, 0.0221187, 0.0221187, 0.0221187, 0.0221187, 0.0221187, 0.0221187, 0.0221187, 0.0221187, 0.0221187, 0.0221187, 0.0221187, 0.0221187, 0.0221187, 0.0221187, 0.0221187, 0.0221187, 0.0221187, 0.0221187, 0.0221187, 0.0221187, 0.0221187, 0.0221187, 0.0221187, 0.0221187, 0.0221187, 0.0221187, 0.0221187, 0.0221187, 0.0221187, 0.0221187, 0.0221187, 0.0221187, 0.0221187, 0.0221187, 0.0221187, 0.0221187, 0.0221187, 0.0221187, 0.0221187, 0.0221187, 0.0221187, 0.0221187, 0.0221187]",1,,,True
norm__sph_d512_c5_s34,0.00018369033932685852,0.00017541844863444567,0.00018369033932685852,56.0,6.467103958129883e-06,0.00018161551270168275,0.00018161551270168275,-1266.601318359375,-1266.601318359375,-1267.04248046875,-1267.0465087890625,0.019074629992246628,0.0,1.0,0.11089196801185608,0.427276074886322,0.08229390531778336,0.2736482322216034,9.999999974752427e-07,1.792432703950908e-05,0.24402785301208496,0.32634907960891724,1.3373435735702515,0.014890721999108791,0.06102058291435242,0.0001512765884399414,0.00015091896057128906,0.9976359605789185,0.00015211105346679688,1.0055161714553833,0.5019999742507935,0.22885094583034515,0.4988333284854889,0.22885094583034515,0.5015000104904175,0.5121155381202698,0.49900001287460327,0.5121155381202698,0.5019999742507935,0.22636239230632782,0.4988333284854889,0.22636239230632782,0.2471790760755539,0.0017301274929195642,142.8675537109375,0.3358680307865143,0.0015141707845032215,221.8164825439453,0.6440799832344055,0.01705203577876091,0.00011271555558778346,151.28378295898438,0.9443679451942444,0.00018441678548697382,5.4813040151202586e-06,33.644691467285156,0.00018277564959134907,3.9490978451794945e-06,46.28289031982422,0.726935863494873,0.0001845359947765246,5.756454356742324e-06,32.057228088378906,1.049519658088684,0.06167132407426834,0.06141846254467964,1.0041170120239258,0.30853480100631714,0.3072751760482788,1.0040993690490723,0.05486147105693817,0.054696258157491684,1.0030205249786377,0.3300151526927948,0.3298202455043793,1.0005909204483032,0.7566713690757751,0.7561821341514587,1.000646948814392,0.32103535532951355,0.3209218978881836,1.0003535747528076,0.024301346391439438,0.026252171024680138,0.012822536751627922,0.0154544897377491,0.0019508246332406998,0.028450993821024895,0.016692250967025757,-0.002198822796344757,1.0,0.32985714077949524,sphere,5.0,512,gaussian,gaussian,60000,0.3,0.3,"[0.0, 0.0, 0.0, 0.0, 0.0, 0.0, 0.0, 0.0, 0.0, 0.0, 0.0, 0.0, 0.0, 0.0, 0.0, 0.0, 0.0, 0.0, 0.0, 0.0, 0.0, 0.0, 0.0, 0.0, 0.0, 0.0, 0.0, 0.0, 0.0, 0.0, 0.0, 0.0, 0.0, 0.0, 0.0, 0.0, 0.0, 0.0, 0.0, 0.0, 0.0, 0.0, 0.0, 0.0, 0.0, 0.0, 0.0, 0.0, 0.0, 0.0, 0.0, 0.0, 0.0, 0.0, 0.0, 0.0, 0.0, 0.0, 0.0, 0.0, 0.0, 0.0, 0.0, 0.0, 0.0, 0.0, 0.0, 0.0, 0.0, 0.0, 0.0, 0.0, 0.0, 0.0, 0.0, 0.0, 0.0, 0.0, 0.0, 0.0, 0.0, 0.0, 0.0, 0.0, 0.0, 0.0, 0.0, 0.0, 0.0, 0.0, 0.0, 0.0, 0.0, 0.0, 0.0, 0.0, 0.0, 0.0, 0.0, 0.0, 0.0, 0.0, 0.0, 0.0, 0.0, 0.0, 0.0, 0.0, 0.0, 0.0, 0.0, 0.0, 0.0, 0.0, 0.0, 0.0, 0.0, 0.0, 0.0, 0.0, 0.0, 0.0, 0.0, 0.0, 0.0, 0.0, 0.0, 0.0, 0.0, 0.0, 0.0, 0.0, 0.0, 0.0, 0.0, 0.0, 0.0, 0.0, 0.0, 0.0, 0.0, 0.0, 0.0, 0.0, 0.0, 0.0, 0.0, 0.0, 0.0, 0.0, 0.0, 0.0, 0.0, 0.0, 0.0, 0.0, 0.0, 0.0, 0.0, 0.0, 0.0, 0.0, 0.0, 0.0, 0.0, 0.0, 0.0, 0.0, 0.0, 0.0, 0.0, 0.0, 0.0, 0.0, 0.0, 0.0, 0.0, 0.0, 0.0, 0.0, 0.0, 0.0, 0.0, 0.0, 0.0, 0.0, 0.0, 0.0, 0.0, 0.0, 0.0, 0.0, 0.0, 0.0, 0.0, 0.0, 0.0, 0.0, 0.0, 0.0, 0.0, 0.0, 0.0, 0.0, 0.0, 0.0, 0.0, 0.0, 0.0, 0.0, 0.0, 0.0, 0.0, 0.0, 0.0, 0.0, 0.0, 0.0, 0.0, 0.0, 0.0, 0.0, 0.0, 0.0, 0.0, 0.0, 0.0, 0.0, 0.0, 0.0, 0.0, 0.0, 0.0, 0.0, 0.0, 0.0, 0.0, 0.0, 0.0, 0.0, 0.0, 0.0, 0.0, 0.0, 0.0, 0.0, 0.0, 0.0, 0.0, 0.0, 0.0, 0.0, 0.0, 0.0, 0.0, 0.0, 0.0, 0.0, 0.0, 0.0, 0.0, 0.0, 0.0, 0.0, 0.0, 0.0, 0.0, 0.0, 0.0, 0.0, 0.0, 0.0, 0.0, 0.0, 0.0, 0.0, 0.0, 0.0, 0.0, 0.0, 0.0, 0.0, 0.0, 0.0, 0.0, 0.0, 0.0, 0.0, 0.0, 0.0, 0.0, 0.0, 0.0, 0.0, 0.0, 0.0, 0.0, 0.0, 0.0, 0.0, 0.0, 0.0, 0.0, 0.0, 0.0, 0.0, 0.0, 0.0, 0.0, 0.0, 0.0, 0.0, 0.0, 0.0, 0.0, 0.0, 0.0, 0.0, 0.0, 0.0, 0.0, 0.0, 0.0, 0.0, 0.0, 0.0, 0.0, 0.0, 0.0, 0.0, 0.0, 0.0, 0.0, 0.0, 0.0, 0.0, 0.0, 0.0, 0.0, 0.0, 0.0, 0.0, 0.0, 0.0, 0.0, 0.0, 0.0, 0.0, 0.0, 0.0, 0.0, 0.0, 0.0, 0.0, 0.0, 0.0, 0.0, 0.0, 0.0, 0.0, 0.0, 0.0, 0.0, 0.0, 0.0, 0.0, 0.0, 0.0, 0.0, 0.0, 0.0, 0.0, 0.0, 0.0, 0.0, 0.0, 0.0, 0.0, 0.0, 0.0, 0.0, 0.0, 0.0, 0.0, 0.0, 0.0, 0.0, 0.0, 0.0, 0.0, 0.0, 0.0, 0.0, 0.0, 0.0, 0.0, 0.0, 0.0, 0.0, 0.0, 0.0, 0.0, 0.0, 0.0, 0.0, 0.0, 0.0, 0.0, 0.0, 0.0, 0.0, 0.0, 0.0, 0.0, 0.0, 0.0, 0.0, 0.0, 0.0, 0.0, 0.0, 0.0, 0.0, 0.0, 0.0, 0.0, 0.0, 0.0, 0.0, 0.0, 0.0, 0.0, 0.0, 0.0, 0.0, 0.0, 0.0, 0.0, 0.0, 0.0, 0.0, 0.0, 0.0, 0.0, 0.0, 0.0, 0.0, 0.0, 0.0, 0.0, 0.0, 0.0, 0.0, 0.0, 0.0, 0.0, 0.0, 0.0, 0.0, 0.0, 0.0, 0.0, 0.0, 0.0, 0.0, 0.0, 0.0, 0.0, 0.0, 0.0, 0.0, 0.0, 0.0, 0.0, 0.0, 0.0, 0.0, 0.0, 0.0, 0.0, 0.0, 0.0, 0.0, 0.0, 0.0, 0.0, 0.0, 0.0, 0.0, 0.0, 0.0, 0.0, 0.0, 0.0, 0.0, 0.0, 0.0, 0.0, 0.0, 0.0, 0.0, 0.0, 0.0, 0.0, 0.0, 0.0, 0.0, 0.0, 0.0, 0.0, 0.0, 0.0]","[0.0, 0.0221187, 0.0221187, 0.0221187, 0.0221187, 0.0221187, 0.0221187, 0.0221187, 0.0221187, 0.0221187, 0.0221187, 0.0221187, 0.0221187, 0.0221187, 0.0221187, 0.0221187, 0.0221187, 0.0221187, 0.0221187, 0.0221187, 0.0221187, 0.0221187, 0.0221187, 0.0221187, 0.0221187, 0.0221187, 0.0221187, 0.0221187, 0.0221187, 0.0221187, 0.0221187, 0.0221187, 0.0221187, 0.0221187, 0.0221187, 0.0221187, 0.0221187, 0.0221187, 0.0221187, 0.0221187, 0.0221187, 0.0221187, 0.0221187, 0.0221187, 0.0221187, 0.0221187, 0.0221187, 0.0221187, 0.0221187, 0.0221187, 0.0221187, 0.0221187, 0.0221187, 0.0221187, 0.0221187, 0.0221187, 0.0221187, 0.0221187, 0.0221187, 0.0221187, 0.0221187, 0.0221187, 0.0221187, 0.0221187, 0.0221187, 0.0221187, 0.0221187, 0.0221187, 0.0221187, 0.0221187, 0.0221187, 0.0221187, 0.0221187, 0.0221187, 0.0221187, 0.0221187, 0.0221187, 0.0221187, 0.0221187, 0.0221187, 0.0221187, 0.0221187, 0.0221187, 0.0221187, 0.0221187, 0.0221187, 0.0221187, 0.0221187, 0.0221187, 0.0221187, 0.0221187, 0.0221187, 0.0221187, 0.0221187, 0.0221187, 0.0221187, 0.0221187, 0.0221187, 0.0221187, 0.0221187, 0.0221187, 0.0221187, 0.0221187, 0.0221187, 0.0221187, 0.0221187, 0.0221187, 0.0221187, 0.0221187, 0.0221187, 0.0221187, 0.0221187, 0.0221187, 0.0221187, 0.0221187, 0.0221187, 0.0221187, 0.0221187, 0.0221187, 0.0221187, 0.0221187, 0.0221187, 0.0221187, 0.0221187, 0.0221187, 0.0221187, 0.0221187, 0.0221187, 0.0221187, 0.0221187, 0.0221187, 0.0221187, 0.0221187, 0.0221187, 0.0221187, 0.0221187, 0.0221187, 0.0221187, 0.0221187, 0.0221187, 0.0221187, 0.0221187, 0.0221187, 0.0221187, 0.0221187, 0.0221187, 0.0221187, 0.0221187, 0.0221187, 0.0221187, 0.0221187, 0.0221187, 0.0221187, 0.0221187, 0.0221187, 0.0221187, 0.0221187, 0.0221187, 0.0221187, 0.0221187, 0.0221187, 0.0221187, 0.0221187, 0.0221187, 0.0221187, 0.0221187, 0.0221187, 0.0221187, 0.0221187, 0.0221187, 0.0221187, 0.0221187, 0.0221187, 0.0221187, 0.0221187, 0.0221187, 0.0221187, 0.0221187, 0.0221187, 0.0221187, 0.0221187, 0.0221187, 0.0221187, 0.0221187, 0.0221187, 0.0221187, 0.0221187, 0.0221187, 0.0221187, 0.0221187, 0.0221187, 0.0221187, 0.0221187, 0.0221187, 0.0221187, 0.0221187, 0.0221187, 0.0221187, 0.0221187, 0.0221187, 0.0221187, 0.0221187, 0.0221187, 0.0221187, 0.0221187, 0.0221187, 0.0221187, 0.0221187, 0.0221187, 0.0221187, 0.0221187, 0.0221187, 0.0221187, 0.0221187, 0.0221187, 0.0221187, 0.0221187, 0.0221187, 0.0221187, 0.0221187, 0.0221187, 0.0221187, 0.0221187, 0.0221187, 0.0221187, 0.0221187, 0.0221187, 0.0221187, 0.0221187, 0.0221187, 0.0221187, 0.0221187, 0.0221187, 0.0221187, 0.0221187, 0.0221187, 0.0221187, 0.0221187, 0.0221187, 0.0221187, 0.0221187, 0.0221187, 0.0221187, 0.0221187, 0.0221187, 0.0221187, 0.0221187, 0.0221187, 0.0221187, 0.0221187, 0.0221187, 0.0221187, 0.0221187, 0.0221187, 0.0221187, 0.0221187, 0.0221187, 0.0221187, 0.0221187, 0.0221187, 0.0221187, 0.0221187, 0.0221187, 0.0221187, 0.0221187, 0.0221187, 0.0221187, 0.0221187, 0.0221187, 0.0221187, 0.0221187, 0.0221187, 0.0221187, 0.0221187, 0.0221187, 0.0221187, 0.0221187, 0.0221187, 0.0221187, 0.0221187, 0.0221187, 0.0221187, 0.0221187, 0.0221187, 0.0221187, 0.0221187, 0.0221187, 0.0221187, 0.0221187, 0.0221187, 0.0221187, 0.0221187, 0.0221187, 0.0221187, 0.0221187, 0.0221187, 0.0221187, 0.0221187, 0.0221187, 0.0221187, 0.0221187, 0.0221187, 0.0221187, 0.0221187, 0.0221187, 0.0221187, 0.0221187, 0.0221187, 0.0221187, 0.0221187, 0.0221187, 0.0221187, 0.0221187, 0.0221187, 0.0221187, 0.0221187, 0.0221187, 0.0221187, 0.0221187, 0.0221187, 0.0221187, 0.0221187, 0.0221187, 0.0221187, 0.0221187, 0.0221187, 0.0221187, 0.0221187, 0.0221187, 0.0221187, 0.0221187, 0.0221187, 0.0221187, 0.0221187, 0.0221187, 0.0221187, 0.0221187, 0.0221187, 0.0221187, 0.0221187, 0.0221187, 0.0221187, 0.0221187, 0.0221187, 0.0221187, 0.0221187, 0.0221187, 0.0221187, 0.0221187, 0.0221187, 0.0221187, 0.0221187, 0.0221187, 0.0221187, 0.0221187, 0.0221187, 0.0221187, 0.0221187, 0.0221187, 0.0221187, 0.0221187, 0.0221187, 0.0221187, 0.0221187, 0.0221187, 0.0221187, 0.0221187, 0.0221187, 0.0221187, 0.0221187, 0.0221187, 0.0221187, 0.0221187, 0.0221187, 0.0221187, 0.0221187, 0.0221187, 0.0221187, 0.0221187, 0.0221187, 0.0221187, 0.0221187, 0.0221187, 0.0221187, 0.0221187, 0.0221187, 0.0221187, 0.0221187, 0.0221187, 0.0221187, 0.0221187, 0.0221187, 0.0221187, 0.0221187, 0.0221187, 0.0221187, 0.0221187, 0.0221187, 0.0221187, 0.0221187, 0.0221187, 0.0221187, 0.0221187, 0.0221187, 0.0221187, 0.0221187, 0.0221187, 0.0221187, 0.0221187, 0.0221187, 0.0221187, 0.0221187, 0.0221187, 0.0221187, 0.0221187, 0.0221187, 0.0221187, 0.0221187, 0.0221187, 0.0221187, 0.0221187, 0.0221187, 0.0221187, 0.0221187, 0.0221187, 0.0221187, 0.0221187, 0.0221187, 0.0221187, 0.0221187, 0.0221187, 0.0221187, 0.0221187, 0.0221187, 0.0221187, 0.0221187, 0.0221187, 0.0221187, 0.0221187, 0.0221187, 0.0221187, 0.0221187, 0.0221187, 0.0221187, 0.0221187, 0.0221187, 0.0221187, 0.0221187, 0.0221187, 0.0221187, 0.0221187, 0.0221187, 0.0221187, 0.0221187, 0.0221187, 0.0221187, 0.0221187, 0.0221187, 0.0221187, 0.0221187, 0.0221187, 0.0221187, 0.0221187, 0.0221187, 0.0221187, 0.0221187, 0.0221187, 0.0221187, 0.0221187, 0.0221187, 0.0221187, 0.0221187, 0.0221187, 0.0221187, 0.0221187, 0.0221187, 0.0221187, 0.0221187, 0.0221187, 0.0221187, 0.0221187, 0.0221187, 0.0221187, 0.0221187, 0.0221187, 0.0221187, 0.0221187, 0.0221187, 0.0221187, 0.0221187, 0.0221187, 0.0221187, 0.0221187, 0.0221187, 0.0221187, 0.0221187, 0.0221187, 0.0221187, 0.0221187, 0.0221187, 0.0221187, 0.0221187, 0.0221187, 0.0221187, 0.0221187, 0.0221187, 0.0221187, 0.0221187, 0.0221187, 0.0221187, 0.0221187, 0.0221187]",1,,,True
norm__sph_d512_c5_s42,0.00018467463087290525,0.00019547609554138035,0.00018467463087290525,56.0,6.467103958129883e-06,0.00018286932026967406,0.00018286932026967406,-1266.119384765625,-1266.119384765625,-1268.3253173828125,-1268.348876953125,0.01943678967654705,0.0,1.0,0.11153159290552139,0.4298507571220398,0.08363412320613861,0.28126639127731323,9.999999974752427e-07,1.8325128621654585e-05,0.24567247927188873,0.3229876458644867,1.3147083520889282,0.014794004149734974,0.06021839752793312,0.00018537044525146484,0.00017726421356201172,0.9562700986862183,0.00018835067749023438,1.0160771608352661,0.5026666522026062,0.22707246243953705,0.5063333511352539,0.22707246243953705,0.5023333430290222,0.5081138610839844,0.5059999823570251,0.5081138610839844,0.5026666522026062,0.22464078664779663,0.5063333511352539,0.22464078664779663,0.2458641082048416,0.00235989922657609,104.18415832519531,0.33231669664382935,0.0013630293542519212,243.80743408203125,0.42732149362564087,0.016974514350295067,0.0001395113067701459,121.6712417602539,0.8562759757041931,0.00021397671662271023,1.6722402506275102e-05,12.795811653137207,0.00020822683291044086,9.646682883612812e-06,21.585330963134766,0.5928012728691101,0.00022132796584628522,1.6253352441708557e-05,13.617372512817383,0.9396682381629944,0.060416996479034424,0.06165586784482002,0.9799066781997681,0.30225738883018494,0.308462917804718,0.9798824191093445,0.05384637415409088,0.05487797036767006,0.9812020063400269,0.3264356255531311,0.3305071294307709,0.9876810908317566,0.7480060458183289,0.7578468322753906,0.9870148301124573,0.3176838457584381,0.32155880331993103,0.9879494905471802,0.027220550924539566,0.024744415655732155,0.01460357941687107,0.014888651669025421,-0.002476135268807411,0.03157566860318184,0.018824908882379532,-0.006831252947449684,1.0,0.3284194767475128,sphere,5.0,512,gaussian,gaussian,60000,0.3,0.3,"[0.0, 0.0, 0.0, 0.0, 0.0, 0.0, 0.0, 0.0, 0.0, 0.0, 0.0, 0.0, 0.0, 0.0, 0.0, 0.0, 0.0, 0.0, 0.0, 0.0, 0.0, 0.0, 0.0, 0.0, 0.0, 0.0, 0.0, 0.0, 0.0, 0.0, 0.0, 0.0, 0.0, 0.0, 0.0, 0.0, 0.0, 0.0, 0.0, 0.0, 0.0, 0.0, 0.0, 0.0, 0.0, 0.0, 0.0, 0.0, 0.0, 0.0, 0.0, 0.0, 0.0, 0.0, 0.0, 0.0, 0.0, 0.0, 0.0, 0.0, 0.0, 0.0, 0.0, 0.0, 0.0, 0.0, 0.0, 0.0, 0.0, 0.0, 0.0, 0.0, 0.0, 0.0, 0.0, 0.0, 0.0, 0.0, 0.0, 0.0, 0.0, 0.0, 0.0, 0.0, 0.0, 0.0, 0.0, 0.0, 0.0, 0.0, 0.0, 0.0, 0.0, 0.0, 0.0, 0.0, 0.0, 0.0, 0.0, 0.0, 0.0, 0.0, 0.0, 0.0, 0.0, 0.0, 0.0, 0.0, 0.0, 0.0, 0.0, 0.0, 0.0, 0.0, 0.0, 0.0, 0.0, 0.0, 0.0, 0.0, 0.0, 0.0, 0.0, 0.0, 0.0, 0.0, 0.0, 0.0, 0.0, 0.0, 0.0, 0.0, 0.0, 0.0, 0.0, 0.0, 0.0, 0.0, 0.0, 0.0, 0.0, 0.0, 0.0, 0.0, 0.0, 0.0, 0.0, 0.0, 0.0, 0.0, 0.0, 0.0, 0.0, 0.0, 0.0, 0.0, 0.0, 0.0, 0.0, 0.0, 0.0, 0.0, 0.0, 0.0, 0.0, 0.0, 0.0, 0.0, 0.0, 0.0, 0.0, 0.0, 0.0, 0.0, 0.0, 0.0, 0.0, 0.0, 0.0, 0.0, 0.0, 0.0, 0.0, 0.0, 0.0, 0.0, 0.0, 0.0, 0.0, 0.0, 0.0, 0.0, 0.0, 0.0, 0.0, 0.0, 0.0, 0.0, 0.0, 0.0, 0.0, 0.0, 0.0, 0.0, 0.0, 0.0, 0.0, 0.0, 0.0, 0.0, 0.0, 0.0, 0.0, 0.0, 0.0, 0.0, 0.0, 0.0, 0.0, 0.0, 0.0, 0.0, 0.0, 0.0, 0.0, 0.0, 0.0, 0.0, 0.0, 0.0, 0.0, 0.0, 0.0, 0.0, 0.0, 0.0, 0.0, 0.0, 0.0, 0.0, 0.0, 0.0, 0.0, 0.0, 0.0, 0.0, 0.0, 0.0, 0.0, 0.0, 0.0, 0.0, 0.0, 0.0, 0.0, 0.0, 0.0, 0.0, 0.0, 0.0, 0.0, 0.0, 0.0, 0.0, 0.0, 0.0, 0.0, 0.0, 0.0, 0.0, 0.0, 0.0, 0.0, 0.0, 0.0, 0.0, 0.0, 0.0, 0.0, 0.0, 0.0, 0.0, 0.0, 0.0, 0.0, 0.0, 0.0, 0.0, 0.0, 0.0, 0.0, 0.0, 0.0, 0.0, 0.0, 0.0, 0.0, 0.0, 0.0, 0.0, 0.0, 0.0, 0.0, 0.0, 0.0, 0.0, 0.0, 0.0, 0.0, 0.0, 0.0, 0.0, 0.0, 0.0, 0.0, 0.0, 0.0, 0.0, 0.0, 0.0, 0.0, 0.0, 0.0, 0.0, 0.0, 0.0, 0.0, 0.0, 0.0, 0.0, 0.0, 0.0, 0.0, 0.0, 0.0, 0.0, 0.0, 0.0, 0.0, 0.0, 0.0, 0.0, 0.0, 0.0, 0.0, 0.0, 0.0, 0.0, 0.0, 0.0, 0.0, 0.0, 0.0, 0.0, 0.0, 0.0, 0.0, 0.0, 0.0, 0.0, 0.0, 0.0, 0.0, 0.0, 0.0, 0.0, 0.0, 0.0, 0.0, 0.0, 0.0, 0.0, 0.0, 0.0, 0.0, 0.0, 0.0, 0.0, 0.0, 0.0, 0.0, 0.0, 0.0, 0.0, 0.0, 0.0, 0.0, 0.0, 0.0, 0.0, 0.0, 0.0, 0.0, 0.0, 0.0, 0.0, 0.0, 0.0, 0.0, 0.0, 0.0, 0.0, 0.0, 0.0, 0.0, 0.0, 0.0, 0.0, 0.0, 0.0, 0.0, 0.0, 0.0, 0.0, 0.0, 0.0, 0.0, 0.0, 0.0, 0.0, 0.0, 0.0, 0.0, 0.0, 0.0, 0.0, 0.0, 0.0, 0.0, 0.0, 0.0, 0.0, 0.0, 0.0, 0.0, 0.0, 0.0, 0.0, 0.0, 0.0, 0.0, 0.0, 0.0, 0.0, 0.0, 0.0, 0.0, 0.0, 0.0, 0.0, 0.0, 0.0, 0.0, 0.0, 0.0, 0.0, 0.0, 0.0, 0.0, 0.0, 0.0, 0.0, 0.0, 0.0, 0.0, 0.0, 0.0, 0.0, 0.0, 0.0, 0.0, 0.0, 0.0, 0.0, 0.0, 0.0, 0.0, 0.0, 0.0, 0.0, 0.0, 0.0, 0.0, 0.0, 0.0, 0.0, 0.0, 0.0, 0.0, 0.0, 0.0, 0.0, 0.0, 0.0, 0.0, 0.0, 0.0, 0.0, 0.0, 0.0, 0.0, 0.0, 0.0, 0.0, 0.0, 0.0, 0.0, 0.0, 0.0, 0.0, 0.0, 0.0]","[0.0, 0.0221187, 0.0221187, 0.0221187, 0.0221187, 0.0221187, 0.0221187, 0.0221187, 0.0221187, 0.0221187, 0.0221187, 0.0221187, 0.0221187, 0.0221187, 0.0221187, 0.0221187, 0.0221187, 0.0221187, 0.0221187, 0.0221187, 0.0221187, 0.0221187, 0.0221187, 0.0221187, 0.0221187, 0.0221187, 0.0221187, 0.0221187, 0.0221187, 0.0221187, 0.0221187, 0.0221187, 0.0221187, 0.0221187, 0.0221187, 0.0221187, 0.0221187, 0.0221187, 0.0221187, 0.0221187, 0.0221187, 0.0221187, 0.0221187, 0.0221187, 0.0221187, 0.0221187, 0.0221187, 0.0221187, 0.0221187, 0.0221187, 0.0221187, 0.0221187, 0.0221187, 0.0221187, 0.0221187, 0.0221187, 0.0221187, 0.0221187, 0.0221187, 0.0221187, 0.0221187, 0.0221187, 0.0221187, 0.0221187, 0.0221187, 0.0221187, 0.0221187, 0.0221187, 0.0221187, 0.0221187, 0.0221187, 0.0221187, 0.0221187, 0.0221187, 0.0221187, 0.0221187, 0.0221187, 0.0221187, 0.0221187, 0.0221187, 0.0221187, 0.0221187, 0.0221187, 0.0221187, 0.0221187, 0.0221187, 0.0221187, 0.0221187, 0.0221187, 0.0221187, 0.0221187, 0.0221187, 0.0221187, 0.0221187, 0.0221187, 0.0221187, 0.0221187, 0.0221187, 0.0221187, 0.0221187, 0.0221187, 0.0221187, 0.0221187, 0.0221187, 0.0221187, 0.0221187, 0.0221187, 0.0221187, 0.0221187, 0.0221187, 0.0221187, 0.0221187, 0.0221187, 0.0221187, 0.0221187, 0.0221187, 0.0221187, 0.0221187, 0.0221187, 0.0221187, 0.0221187, 0.0221187, 0.0221187, 0.0221187, 0.0221187, 0.0221187, 0.0221187, 0.0221187, 0.0221187, 0.0221187, 0.0221187, 0.0221187, 0.0221187, 0.0221187, 0.0221187, 0.0221187, 0.0221187, 0.0221187, 0.0221187, 0.0221187, 0.0221187, 0.0221187, 0.0221187, 0.0221187, 0.0221187, 0.0221187, 0.0221187, 0.0221187, 0.0221187, 0.0221187, 0.0221187, 0.0221187, 0.0221187, 0.0221187, 0.0221187, 0.0221187, 0.0221187, 0.0221187, 0.0221187, 0.0221187, 0.0221187, 0.0221187, 0.0221187, 0.0221187, 0.0221187, 0.0221187, 0.0221187, 0.0221187, 0.0221187, 0.0221187, 0.0221187, 0.0221187, 0.0221187, 0.0221187, 0.0221187, 0.0221187, 0.0221187, 0.0221187, 0.0221187, 0.0221187, 0.0221187, 0.0221187, 0.0221187, 0.0221187, 0.0221187, 0.0221187, 0.0221187, 0.0221187, 0.0221187, 0.0221187, 0.0221187, 0.0221187, 0.0221187, 0.0221187, 0.0221187, 0.0221187, 0.0221187, 0.0221187, 0.0221187, 0.0221187, 0.0221187, 0.0221187, 0.0221187, 0.0221187, 0.0221187, 0.0221187, 0.0221187, 0.0221187, 0.0221187, 0.0221187, 0.0221187, 0.0221187, 0.0221187, 0.0221187, 0.0221187, 0.0221187, 0.0221187, 0.0221187, 0.0221187, 0.0221187, 0.0221187, 0.0221187, 0.0221187, 0.0221187, 0.0221187, 0.0221187, 0.0221187, 0.0221187, 0.0221187, 0.0221187, 0.0221187, 0.0221187, 0.0221187, 0.0221187, 0.0221187, 0.0221187, 0.0221187, 0.0221187, 0.0221187, 0.0221187, 0.0221187, 0.0221187, 0.0221187, 0.0221187, 0.0221187, 0.0221187, 0.0221187, 0.0221187, 0.0221187, 0.0221187, 0.0221187, 0.0221187, 0.0221187, 0.0221187, 0.0221187, 0.0221187, 0.0221187, 0.0221187, 0.0221187, 0.0221187, 0.0221187, 0.0221187, 0.0221187, 0.0221187, 0.0221187, 0.0221187, 0.0221187, 0.0221187, 0.0221187, 0.0221187, 0.0221187, 0.0221187, 0.0221187, 0.0221187, 0.0221187, 0.0221187, 0.0221187, 0.0221187, 0.0221187, 0.0221187, 0.0221187, 0.0221187, 0.0221187, 0.0221187, 0.0221187, 0.0221187, 0.0221187, 0.0221187, 0.0221187, 0.0221187, 0.0221187, 0.0221187, 0.0221187, 0.0221187, 0.0221187, 0.0221187, 0.0221187, 0.0221187, 0.0221187, 0.0221187, 0.0221187, 0.0221187, 0.0221187, 0.0221187, 0.0221187, 0.0221187, 0.0221187, 0.0221187, 0.0221187, 0.0221187, 0.0221187, 0.0221187, 0.0221187, 0.0221187, 0.0221187, 0.0221187, 0.0221187, 0.0221187, 0.0221187, 0.0221187, 0.0221187, 0.0221187, 0.0221187, 0.0221187, 0.0221187, 0.0221187, 0.0221187, 0.0221187, 0.0221187, 0.0221187, 0.0221187, 0.0221187, 0.0221187, 0.0221187, 0.0221187, 0.0221187, 0.0221187, 0.0221187, 0.0221187, 0.0221187, 0.0221187, 0.0221187, 0.0221187, 0.0221187, 0.0221187, 0.0221187, 0.0221187, 0.0221187, 0.0221187, 0.0221187, 0.0221187, 0.0221187, 0.0221187, 0.0221187, 0.0221187, 0.0221187, 0.0221187, 0.0221187, 0.0221187, 0.0221187, 0.0221187, 0.0221187, 0.0221187, 0.0221187, 0.0221187, 0.0221187, 0.0221187, 0.0221187, 0.0221187, 0.0221187, 0.0221187, 0.0221187, 0.0221187, 0.0221187, 0.0221187, 0.0221187, 0.0221187, 0.0221187, 0.0221187, 0.0221187, 0.0221187, 0.0221187, 0.0221187, 0.0221187, 0.0221187, 0.0221187, 0.0221187, 0.0221187, 0.0221187, 0.0221187, 0.0221187, 0.0221187, 0.0221187, 0.0221187, 0.0221187, 0.0221187, 0.0221187, 0.0221187, 0.0221187, 0.0221187, 0.0221187, 0.0221187, 0.0221187, 0.0221187, 0.0221187, 0.0221187, 0.0221187, 0.0221187, 0.0221187, 0.0221187, 0.0221187, 0.0221187, 0.0221187, 0.0221187, 0.0221187, 0.0221187, 0.0221187, 0.0221187, 0.0221187, 0.0221187, 0.0221187, 0.0221187, 0.0221187, 0.0221187, 0.0221187, 0.0221187, 0.0221187, 0.0221187, 0.0221187, 0.0221187, 0.0221187, 0.0221187, 0.0221187, 0.0221187, 0.0221187, 0.0221187, 0.0221187, 0.0221187, 0.0221187, 0.0221187, 0.0221187, 0.0221187, 0.0221187, 0.0221187, 0.0221187, 0.0221187, 0.0221187, 0.0221187, 0.0221187, 0.0221187, 0.0221187, 0.0221187, 0.0221187, 0.0221187, 0.0221187, 0.0221187, 0.0221187, 0.0221187, 0.0221187, 0.0221187, 0.0221187, 0.0221187, 0.0221187, 0.0221187, 0.0221187, 0.0221187, 0.0221187, 0.0221187, 0.0221187, 0.0221187, 0.0221187, 0.0221187, 0.0221187, 0.0221187, 0.0221187, 0.0221187, 0.0221187, 0.0221187, 0.0221187, 0.0221187, 0.0221187, 0.0221187, 0.0221187, 0.0221187, 0.0221187, 0.0221187, 0.0221187, 0.0221187, 0.0221187, 0.0221187, 0.0221187, 0.0221187, 0.0221187, 0.0221187, 0.0221187, 0.0221187, 0.0221187, 0.0221187, 0.0221187, 0.0221187, 0.0221187, 0.0221187, 0.0221187, 0.0221187, 0.0221187, 0.0221187, 0.0221187, 0.0221187, 0.0221187, 0.0221187, 0.0221187, 0.0221187]",1,,,True
norm__sph_d512_c5_s50,0.00018452228687237948,0.00018709666619542986,0.00018452228687237948,56.0,6.5664448811730836e-06,0.00018343867850489914,0.00018343867850489914,-1265.603515625,-1265.603515625,-1266.6650390625,-1266.6689453125,0.01907874271273613,0.0,1.0,0.11096514761447906,0.4336956739425659,0.0822385624051094,0.2749578058719635,9.999999974752427e-07,1.821097066567745e-05,0.24934116005897522,0.3264930248260498,1.3094228506088257,0.015141167677938938,0.06072470173239708,0.00018155574798583984,0.00017559528350830078,0.9671700596809387,0.0001838207244873047,1.0124753713607788,0.5026666522026062,0.2292267382144928,0.5166666507720947,0.2292267382144928,0.5024999976158142,0.5130172371864319,0.5166666507720947,0.5130172371864319,0.5026666522026062,0.22672581672668457,0.5166666507720947,0.22672581672668457,0.2480214238166809,0.002222302835434675,111.6055908203125,0.3361952602863312,0.001166614005342126,288.18035888671875,0.38727688789367676,0.017314447090029716,0.00011622056626947597,148.97921752929688,0.7491353154182434,0.00021659534831997007,1.4648178876086604e-05,14.786503791809082,0.0002039790415437892,1.035436707752524e-05,19.699806213378906,0.7505913376808167,0.00021643641230184585,1.2391938071232289e-05,17.465904235839844,0.8465924263000488,0.06111020967364311,0.0622483529150486,0.9817160367965698,0.3057263195514679,0.31142112612724304,0.9817134737968445,0.05439705401659012,0.05533990636467934,0.9829626679420471,0.328309029340744,0.33184611797332764,0.9893411993980408,0.7525370121002197,0.7610870599746704,0.9887660145759583,0.31942179799079895,0.322772741317749,0.9896182417869568,0.02389400824904442,0.02577335387468338,0.012610149569809437,0.015634868294000626,0.001879347488284111,0.027918288484215736,0.01625046506524086,-0.0021449346095323563,1.0,0.33029383420944214,sphere,5.0,512,gaussian,gaussian,60000,0.3,0.3,"[0.0, 0.0, 0.0, 0.0, 0.0, 0.0, 0.0, 0.0, 0.0, 0.0, 0.0, 0.0, 0.0, 0.0, 0.0, 0.0, 0.0, 0.0, 0.0, 0.0, 0.0, 0.0, 0.0, 0.0, 0.0, 0.0, 0.0, 0.0, 0.0, 0.0, 0.0, 0.0, 0.0, 0.0, 0.0, 0.0, 0.0, 0.0, 0.0, 0.0, 0.0, 0.0, 0.0, 0.0, 0.0, 0.0, 0.0, 0.0, 0.0, 0.0, 0.0, 0.0, 0.0, 0.0, 0.0, 0.0, 0.0, 0.0, 0.0, 0.0, 0.0, 0.0, 0.0, 0.0, 0.0, 0.0, 0.0, 0.0, 0.0, 0.0, 0.0, 0.0, 0.0, 0.0, 0.0, 0.0, 0.0, 0.0, 0.0, 0.0, 0.0, 0.0, 0.0, 0.0, 0.0, 0.0, 0.0, 0.0, 0.0, 0.0, 0.0, 0.0, 0.0, 0.0, 0.0, 0.0, 0.0, 0.0, 0.0, 0.0, 0.0, 0.0, 0.0, 0.0, 0.0, 0.0, 0.0, 0.0, 0.0, 0.0, 0.0, 0.0, 0.0, 0.0, 0.0, 0.0, 0.0, 0.0, 0.0, 0.0, 0.0, 0.0, 0.0, 0.0, 0.0, 0.0, 0.0, 0.0, 0.0, 0.0, 0.0, 0.0, 0.0, 0.0, 0.0, 0.0, 0.0, 0.0, 0.0, 0.0, 0.0, 0.0, 0.0, 0.0, 0.0, 0.0, 0.0, 0.0, 0.0, 0.0, 0.0, 0.0, 0.0, 0.0, 0.0, 0.0, 0.0, 0.0, 0.0, 0.0, 0.0, 0.0, 0.0, 0.0, 0.0, 0.0, 0.0, 0.0, 0.0, 0.0, 0.0, 0.0, 0.0, 0.0, 0.0, 0.0, 0.0, 0.0, 0.0, 0.0, 0.0, 0.0, 0.0, 0.0, 0.0, 0.0, 0.0, 0.0, 0.0, 0.0, 0.0, 0.0, 0.0, 0.0, 0.0, 0.0, 0.0, 0.0, 0.0, 0.0, 0.0, 0.0, 0.0, 0.0, 0.0, 0.0, 0.0, 0.0, 0.0, 0.0, 0.0, 0.0, 0.0, 0.0, 0.0, 0.0, 0.0, 0.0, 0.0, 0.0, 0.0, 0.0, 0.0, 0.0, 0.0, 0.0, 0.0, 0.0, 0.0, 0.0, 0.0, 0.0, 0.0, 0.0, 0.0, 0.0, 0.0, 0.0, 0.0, 0.0, 0.0, 0.0, 0.0, 0.0, 0.0, 0.0, 0.0, 0.0, 0.0, 0.0, 0.0, 0.0, 0.0, 0.0, 0.0, 0.0, 0.0, 0.0, 0.0, 0.0, 0.0, 0.0, 0.0, 0.0, 0.0, 0.0, 0.0, 0.0, 0.0, 0.0, 0.0, 0.0, 0.0, 0.0, 0.0, 0.0, 0.0, 0.0, 0.0, 0.0, 0.0, 0.0, 0.0, 0.0, 0.0, 0.0, 0.0, 0.0, 0.0, 0.0, 0.0, 0.0, 0.0, 0.0, 0.0, 0.0, 0.0, 0.0, 0.0, 0.0, 0.0, 0.0, 0.0, 0.0, 0.0, 0.0, 0.0, 0.0, 0.0, 0.0, 0.0, 0.0, 0.0, 0.0, 0.0, 0.0, 0.0, 0.0, 0.0, 0.0, 0.0, 0.0, 0.0, 0.0, 0.0, 0.0, 0.0, 0.0, 0.0, 0.0, 0.0, 0.0, 0.0, 0.0, 0.0, 0.0, 0.0, 0.0, 0.0, 0.0, 0.0, 0.0, 0.0, 0.0, 0.0, 0.0, 0.0, 0.0, 0.0, 0.0, 0.0, 0.0, 0.0, 0.0, 0.0, 0.0, 0.0, 0.0, 0.0, 0.0, 0.0, 0.0, 0.0, 0.0, 0.0, 0.0, 0.0, 0.0, 0.0, 0.0, 0.0, 0.0, 0.0, 0.0, 0.0, 0.0, 0.0, 0.0, 0.0, 0.0, 0.0, 0.0, 0.0, 0.0, 0.0, 0.0, 0.0, 0.0, 0.0, 0.0, 0.0, 0.0, 0.0, 0.0, 0.0, 0.0, 0.0, 0.0, 0.0, 0.0, 0.0, 0.0, 0.0, 0.0, 0.0, 0.0, 0.0, 0.0, 0.0, 0.0, 0.0, 0.0, 0.0, 0.0, 0.0, 0.0, 0.0, 0.0, 0.0, 0.0, 0.0, 0.0, 0.0, 0.0, 0.0, 0.0, 0.0, 0.0, 0.0, 0.0, 0.0, 0.0, 0.0, 0.0, 0.0, 0.0, 0.0, 0.0, 0.0, 0.0, 0.0, 0.0, 0.0, 0.0, 0.0, 0.0, 0.0, 0.0, 0.0, 0.0, 0.0, 0.0, 0.0, 0.0, 0.0, 0.0, 0.0, 0.0, 0.0, 0.0, 0.0, 0.0, 0.0, 0.0, 0.0, 0.0, 0.0, 0.0, 0.0, 0.0, 0.0, 0.0, 0.0, 0.0, 0.0, 0.0, 0.0, 0.0, 0.0, 0.0, 0.0, 0.0, 0.0, 0.0, 0.0, 0.0, 0.0, 0.0, 0.0, 0.0, 0.0, 0.0, 0.0, 0.0, 0.0, 0.0, 0.0, 0.0, 0.0, 0.0, 0.0, 0.0, 0.0, 0.0, 0.0, 0.0, 0.0, 0.0, 0.0, 0.0, 0.0, 0.0]","[0.0, 0.0221187, 0.0221187, 0.0221187, 0.0221187, 0.0221187, 0.0221187, 0.0221187, 0.0221187, 0.0221187, 0.0221187, 0.0221187, 0.0221187, 0.0221187, 0.0221187, 0.0221187, 0.0221187, 0.0221187, 0.0221187, 0.0221187, 0.0221187, 0.0221187, 0.0221187, 0.0221187, 0.0221187, 0.0221187, 0.0221187, 0.0221187, 0.0221187, 0.0221187, 0.0221187, 0.0221187, 0.0221187, 0.0221187, 0.0221187, 0.0221187, 0.0221187, 0.0221187, 0.0221187, 0.0221187, 0.0221187, 0.0221187, 0.0221187, 0.0221187, 0.0221187, 0.0221187, 0.0221187, 0.0221187, 0.0221187, 0.0221187, 0.0221187, 0.0221187, 0.0221187, 0.0221187, 0.0221187, 0.0221187, 0.0221187, 0.0221187, 0.0221187, 0.0221187, 0.0221187, 0.0221187, 0.0221187, 0.0221187, 0.0221187, 0.0221187, 0.0221187, 0.0221187, 0.0221187, 0.0221187, 0.0221187, 0.0221187, 0.0221187, 0.0221187, 0.0221187, 0.0221187, 0.0221187, 0.0221187, 0.0221187, 0.0221187, 0.0221187, 0.0221187, 0.0221187, 0.0221187, 0.0221187, 0.0221187, 0.0221187, 0.0221187, 0.0221187, 0.0221187, 0.0221187, 0.0221187, 0.0221187, 0.0221187, 0.0221187, 0.0221187, 0.0221187, 0.0221187, 0.0221187, 0.0221187, 0.0221187, 0.0221187, 0.0221187, 0.0221187, 0.0221187, 0.0221187, 0.0221187, 0.0221187, 0.0221187, 0.0221187, 0.0221187, 0.0221187, 0.0221187, 0.0221187, 0.0221187, 0.0221187, 0.0221187, 0.0221187, 0.0221187, 0.0221187, 0.0221187, 0.0221187, 0.0221187, 0.0221187, 0.0221187, 0.0221187, 0.0221187, 0.0221187, 0.0221187, 0.0221187, 0.0221187, 0.0221187, 0.0221187, 0.0221187, 0.0221187, 0.0221187, 0.0221187, 0.0221187, 0.0221187, 0.0221187, 0.0221187, 0.0221187, 0.0221187, 0.0221187, 0.0221187, 0.0221187, 0.0221187, 0.0221187, 0.0221187, 0.0221187, 0.0221187, 0.0221187, 0.0221187, 0.0221187, 0.0221187, 0.0221187, 0.0221187, 0.0221187, 0.0221187, 0.0221187, 0.0221187, 0.0221187, 0.0221187, 0.0221187, 0.0221187, 0.0221187, 0.0221187, 0.0221187, 0.0221187, 0.0221187, 0.0221187, 0.0221187, 0.0221187, 0.0221187, 0.0221187, 0.0221187, 0.0221187, 0.0221187, 0.0221187, 0.0221187, 0.0221187, 0.0221187, 0.0221187, 0.0221187, 0.0221187, 0.0221187, 0.0221187, 0.0221187, 0.0221187, 0.0221187, 0.0221187, 0.0221187, 0.0221187, 0.0221187, 0.0221187, 0.0221187, 0.0221187, 0.0221187, 0.0221187, 0.0221187, 0.0221187, 0.0221187, 0.0221187, 0.0221187, 0.0221187, 0.0221187, 0.0221187, 0.0221187, 0.0221187, 0.0221187, 0.0221187, 0.0221187, 0.0221187, 0.0221187, 0.0221187, 0.0221187, 0.0221187, 0.0221187, 0.0221187, 0.0221187, 0.0221187, 0.0221187, 0.0221187, 0.0221187, 0.0221187, 0.0221187, 0.0221187, 0.0221187, 0.0221187, 0.0221187, 0.0221187, 0.0221187, 0.0221187, 0.0221187, 0.0221187, 0.0221187, 0.0221187, 0.0221187, 0.0221187, 0.0221187, 0.0221187, 0.0221187, 0.0221187, 0.0221187, 0.0221187, 0.0221187, 0.0221187, 0.0221187, 0.0221187, 0.0221187, 0.0221187, 0.0221187, 0.0221187, 0.0221187, 0.0221187, 0.0221187, 0.0221187, 0.0221187, 0.0221187, 0.0221187, 0.0221187, 0.0221187, 0.0221187, 0.0221187, 0.0221187, 0.0221187, 0.0221187, 0.0221187, 0.0221187, 0.0221187, 0.0221187, 0.0221187, 0.0221187, 0.0221187, 0.0221187, 0.0221187, 0.0221187, 0.0221187, 0.0221187, 0.0221187, 0.0221187, 0.0221187, 0.0221187, 0.0221187, 0.0221187, 0.0221187, 0.0221187, 0.0221187, 0.0221187, 0.0221187, 0.0221187, 0.0221187, 0.0221187, 0.0221187, 0.0221187, 0.0221187, 0.0221187, 0.0221187, 0.0221187, 0.0221187, 0.0221187, 0.0221187, 0.0221187, 0.0221187, 0.0221187, 0.0221187, 0.0221187, 0.0221187, 0.0221187, 0.0221187, 0.0221187, 0.0221187, 0.0221187, 0.0221187, 0.0221187, 0.0221187, 0.0221187, 0.0221187, 0.0221187, 0.0221187, 0.0221187, 0.0221187, 0.0221187, 0.0221187, 0.0221187, 0.0221187, 0.0221187, 0.0221187, 0.0221187, 0.0221187, 0.0221187, 0.0221187, 0.0221187, 0.0221187, 0.0221187, 0.0221187, 0.0221187, 0.0221187, 0.0221187, 0.0221187, 0.0221187, 0.0221187, 0.0221187, 0.0221187, 0.0221187, 0.0221187, 0.0221187, 0.0221187, 0.0221187, 0.0221187, 0.0221187, 0.0221187, 0.0221187, 0.0221187, 0.0221187, 0.0221187, 0.0221187, 0.0221187, 0.0221187, 0.0221187, 0.0221187, 0.0221187, 0.0221187, 0.0221187, 0.0221187, 0.0221187, 0.0221187, 0.0221187, 0.0221187, 0.0221187, 0.0221187, 0.0221187, 0.0221187, 0.0221187, 0.0221187, 0.0221187, 0.0221187, 0.0221187, 0.0221187, 0.0221187, 0.0221187, 0.0221187, 0.0221187, 0.0221187, 0.0221187, 0.0221187, 0.0221187, 0.0221187, 0.0221187, 0.0221187, 0.0221187, 0.0221187, 0.0221187, 0.0221187, 0.0221187, 0.0221187, 0.0221187, 0.0221187, 0.0221187, 0.0221187, 0.0221187, 0.0221187, 0.0221187, 0.0221187, 0.0221187, 0.0221187, 0.0221187, 0.0221187, 0.0221187, 0.0221187, 0.0221187, 0.0221187, 0.0221187, 0.0221187, 0.0221187, 0.0221187, 0.0221187, 0.0221187, 0.0221187, 0.0221187, 0.0221187, 0.0221187, 0.0221187, 0.0221187, 0.0221187, 0.0221187, 0.0221187, 0.0221187, 0.0221187, 0.0221187, 0.0221187, 0.0221187, 0.0221187, 0.0221187, 0.0221187, 0.0221187, 0.0221187, 0.0221187, 0.0221187, 0.0221187, 0.0221187, 0.0221187, 0.0221187, 0.0221187, 0.0221187, 0.0221187, 0.0221187, 0.0221187, 0.0221187, 0.0221187, 0.0221187, 0.0221187, 0.0221187, 0.0221187, 0.0221187, 0.0221187, 0.0221187, 0.0221187, 0.0221187, 0.0221187, 0.0221187, 0.0221187, 0.0221187, 0.0221187, 0.0221187, 0.0221187, 0.0221187, 0.0221187, 0.0221187, 0.0221187, 0.0221187, 0.0221187, 0.0221187, 0.0221187, 0.0221187, 0.0221187, 0.0221187, 0.0221187, 0.0221187, 0.0221187, 0.0221187, 0.0221187, 0.0221187, 0.0221187, 0.0221187, 0.0221187, 0.0221187, 0.0221187, 0.0221187, 0.0221187, 0.0221187, 0.0221187, 0.0221187, 0.0221187, 0.0221187, 0.0221187, 0.0221187, 0.0221187, 0.0221187, 0.0221187, 0.0221187, 0.0221187, 0.0221187, 0.0221187, 0.0221187, 0.0221187, 0.0221187, 0.0221187, 0.0221187, 0.0221187, 0.0221187, 0.0221187]",1,,,True
norm__sph_d64_c10_s34,0.0014309535035863519,0.0014811140717938542,0.0014309535035863519,38.0,4.867712846134964e-07,0.0014379863860085607,0.0014379863860085607,-118.0461654663086,-118.0461654663086,-118.2539291381836,-118.25214385986328,0.00626947870478034,0.0,1.0,0.07104341685771942,0.19999472796916962,0.03494805470108986,0.14423446357250214,9.999999974752427e-07,1.7346574168186635e-05,0.26625508069992065,2.4585845470428467,9.233943939208984,0.004873393103480339,0.01830347441136837,0.0002853870391845703,0.0002377033233642578,0.8329156041145325,0.0002765655517578125,0.9690893292427063,0.5065000057220459,0.20368240773677826,0.5218333005905151,0.20368240773677826,0.4505000114440918,2.4110546112060547,0.47850000858306885,2.4110546112060547,0.5065000057220459,0.20017971098423004,0.5218333005905151,0.20017971098423004,0.2665541172027588,0.0010211295448243618,261.0384826660156,2.474078416824341,0.0009364745346829295,2641.906494140625,0.09880685061216354,0.005881126504391432,3.081689646933228e-05,190.84097290039062,1.3678325414657593,0.0003143549256492406,3.18766433338169e-05,9.86160659790039,0.0002729455882217735,1.9147015336784534e-05,14.255254745483398,0.6917875409126282,0.00030486981268040836,3.232162998756394e-05,9.432377815246582,1.0455058813095093,0.05211148038506508,0.05463665723800659,0.9537823796272278,5.663285255432129,5.640095233917236,1.0041117668151855,0.0430079847574234,0.04462631046772003,0.9637360572814941,0.30158093571662903,0.3074687421321869,0.9808506965637207,3.3546478748321533,3.3456904888153076,1.002677321434021,0.28917863965034485,0.2942298650741577,0.9828323721885681,5.152832364709938e-21,2.1277751719869648e-19,3.843266188505988e-38,5.773737247510626e-35,2.076246860456769e-19,5.138198327983525e-19,4.451060328088959e-34,-3.010422768255648e-19,1.0,0.30439698696136475,sphere,10.0,64,gaussian,gaussian,60000,0.3,0.3,"[0.0, 0.0, 0.0, 0.0, 0.0, 0.0, 0.0, 0.0, 0.0, 0.0, 0.0, 0.0, 0.0, 0.0, 0.0, 0.0, 0.0, 0.0, 0.0, 0.0, 0.0, 0.0, 0.0, 0.0, 0.0, 0.0, 0.0, 0.0, 0.0, 0.0, 0.0, 0.0, 0.0, 0.0, 0.0, 0.0, 0.0, 0.0, 0.0, 0.0, 0.0, 0.0, 0.0, 0.0, 0.0, 0.0, 0.0, 0.0, 0.0, 0.0, 0.0, 0.0, 0.0, 0.0, 0.0, 0.0, 0.0, 0.0, 0.0, 0.0, 0.0, 0.0, 0.0, 0.0]","[0.0, 0.0629941, 0.0629941, 0.0629941, 0.0629941, 0.0629941, 0.0629941, 0.0629941, 0.0629941, 0.0629941, 0.0629941, 0.0629941, 0.0629941, 0.0629941, 0.0629941, 0.0629941, 0.0629941, 0.0629941, 0.0629941, 0.0629941, 0.0629941, 0.0629941, 0.0629941, 0.0629941, 0.0629941, 0.0629941, 0.0629941, 0.0629941, 0.0629941, 0.0629941, 0.0629941, 0.0629941, 0.0629941, 0.0629941, 0.0629941, 0.0629941, 0.0629941, 0.0629941, 0.0629941, 0.0629941, 0.0629941, 0.0629941, 0.0629941, 0.0629941, 0.0629941, 0.0629941, 0.0629941, 0.0629941, 0.0629941, 0.0629941, 0.0629941, 0.0629941, 0.0629941, 0.0629941, 0.0629941, 0.0629941, 0.0629941, 0.0629941, 0.0629941, 0.0629941, 0.0629941, 0.0629941, 0.0629941, 0.0629941]",1,,,True
norm__sph_d64_c10_s42,0.0014233390102162957,0.001394771272316575,0.0014233390102162957,50.0,5.066394805908203e-07,0.0014228436630219221,0.0014228436630219221,-117.9674072265625,-117.9674072265625,-118.4507064819336,-118.47935485839844,0.009754073806107044,0.0,1.0,0.08697735518217087,0.2605850100517273,0.04678189754486084,0.18160223960876465,9.999999974752427e-07,1.5075396731845103e-05,0.2662183940410614,2.462512493133545,9.249971389770508,0.004900580272078514,0.018408119678497314,0.0002588033676147461,0.00027358531951904297,1.0571165084838867,0.0002504587173461914,0.9677568078041077,0.5024999976158142,0.20198586583137512,0.5084999799728394,0.20198586583137512,0.44216665625572205,2.4124374389648438,0.47433334589004517,2.4124374389648438,0.5024999976158142,0.19856978952884674,0.5084999799728394,0.19856978952884674,0.2654348909854889,0.0012390323681756854,214.22756958007812,2.477602243423462,0.0009011251386255026,2749.454345703125,0.07791639119386673,0.005911869462579489,2.5772969820536673e-05,229.382568359375,0.933931291103363,0.00028845469933003187,2.950033376691863e-05,9.77801513671875,0.00030132534448057413,1.9048089598072693e-05,15.81919002532959,0.6181110143661499,0.0002815643965732306,1.790201713447459e-05,15.728081703186035,0.6216915249824524,0.05251738056540489,0.05377333611249924,0.9766435027122498,5.657256603240967,5.674374580383301,0.9969832897186279,0.04326904937624931,0.04403892159461975,0.9825184941291809,0.3025788962841034,0.30503231287002563,0.991956889629364,3.3528809547424316,3.355839252471924,0.9991183876991272,0.2900456190109253,0.2920393943786621,0.9931729435920715,1.6929384473336909e-18,1.6818255601473765e-19,1.7022464468004074e-32,4.747192035850686e-35,-1.5247558783942562e-18,1.251196967967956e-16,9.282222793324659e-29,-1.249515078172064e-16,1.0,0.3044942319393158,sphere,10.0,64,gaussian,gaussian,60000,0.3,0.3,"[0.0, 0.0, 0.0, 0.0, 0.0, 0.0, 0.0, 0.0, 0.0, 0.0, 0.0, 0.0, 0.0, 0.0, 0.0, 0.0, 0.0, 0.0, 0.0, 0.0, 0.0, 0.0, 0.0, 0.0, 0.0, 0.0, 0.0, 0.0, 0.0, 0.0, 0.0, 0.0, 0.0, 0.0, 0.0, 0.0, 0.0, 0.0, 0.0, 0.0, 0.0, 0.0, 0.0, 0.0, 0.0, 0.0, 0.0, 0.0, 0.0, 0.0, 0.0, 0.0, 0.0, 0.0, 0.0, 0.0, 0.0, 0.0, 0.0, 0.0, 0.0, 0.0, 0.0, 0.0]","[0.0, 0.0629941, 0.0629941, 0.0629941, 0.0629941, 0.0629941, 0.0629941, 0.0629941, 0.0629941, 0.0629941, 0.0629941, 0.0629941, 0.0629941, 0.0629941, 0.0629941, 0.0629941, 0.0629941, 0.0629941, 0.0629941, 0.0629941, 0.0629941, 0.0629941, 0.0629941, 0.0629941, 0.0629941, 0.0629941, 0.0629941, 0.0629941, 0.0629941, 0.0629941, 0.0629941, 0.0629941, 0.0629941, 0.0629941, 0.0629941, 0.0629941, 0.0629941, 0.0629941, 0.0629941, 0.0629941, 0.0629941, 0.0629941, 0.0629941, 0.0629941, 0.0629941, 0.0629941, 0.0629941, 0.0629941, 0.0629941, 0.0629941, 0.0629941, 0.0629941, 0.0629941, 0.0629941, 0.0629941, 0.0629941, 0.0629941, 0.0629941, 0.0629941, 0.0629941, 0.0629941, 0.0629941, 0.0629941, 0.0629941]",1,,,True
norm__sph_d64_c10_s50,0.0014225555351004004,0.001421696855686605,0.0014225555351004004,56.0,3.476937706636818e-07,0.0014106439193710685,0.0014106439193710685,-118.1654281616211,-118.1654281616211,-118.21637725830078,-118.17977142333984,0.015890859067440033,0.0,1.0,0.10902527719736099,0.31186017394065857,0.06326035410165787,0.23233678936958313,9.999999974752427e-07,1.306533522438258e-05,0.2649993896484375,2.456624984741211,9.270304679870605,0.005232857074588537,0.019746676087379456,0.00013375282287597656,0.0001399517059326172,1.046345829963684,0.0001348257064819336,1.008021354675293,0.5043333172798157,0.20279063284397125,0.49966666102409363,0.20279063284397125,0.5013333559036255,2.4125006198883057,0.49566665291786194,2.4125006198883057,0.5043333172798157,0.19933342933654785,0.49966666102409363,0.19933342933654785,0.2655073404312134,0.0009218839695677161,288.0051574707031,2.4718494415283203,0.0011122017167508602,2222.48291015625,0.1295871138572693,0.006295912899076939,2.9738208468188532e-05,211.71124267578125,1.360367774963379,0.0001620014663785696,1.653628351050429e-05,9.796728134155273,0.0001766999630490318,1.526601226942148e-05,11.57473087310791,0.8463892936706543,0.00016711950593162328,1.8940694644697942e-05,8.823304176330566,1.1103241443634033,0.05464689061045647,0.054058827459812164,1.0108782052993774,5.618800640106201,5.6695990562438965,0.9910402297973633,0.044612955302000046,0.04422195255756378,1.008841872215271,0.30734869837760925,0.3056688904762268,1.005495548248291,3.340634346008301,3.354200839996338,0.9959554672241211,0.2940937876701355,0.29257991909980774,1.005174160003662,2.2004808581621667e-19,7.766483143682857e-18,4.3452257732797545e-35,3.259628202414941e-31,7.546434902770276e-18,1.6978180633153236e-19,1.6739105562472238e-35,7.596701014233898e-18,1.0,0.3065699338912964,sphere,10.0,64,gaussian,gaussian,60000,0.3,0.3,"[0.0, 0.0, 0.0, 0.0, 0.0, 0.0, 0.0, 0.0, 0.0, 0.0, 0.0, 0.0, 0.0, 0.0, 0.0, 0.0, 0.0, 0.0, 0.0, 0.0, 0.0, 0.0, 0.0, 0.0, 0.0, 0.0, 0.0, 0.0, 0.0, 0.0, 0.0, 0.0, 0.0, 0.0, 0.0, 0.0, 0.0, 0.0, 0.0, 0.0, 0.0, 0.0, 0.0, 0.0, 0.0, 0.0, 0.0, 0.0, 0.0, 0.0, 0.0, 0.0, 0.0, 0.0, 0.0, 0.0, 0.0, 0.0, 0.0, 0.0, 0.0, 0.0, 0.0, 0.0]","[0.0, 0.0629941, 0.0629941, 0.0629941, 0.0629941, 0.0629941, 0.0629941, 0.0629941, 0.0629941, 0.0629941, 0.0629941, 0.0629941, 0.0629941, 0.0629941, 0.0629941, 0.0629941, 0.0629941, 0.0629941, 0.0629941, 0.0629941, 0.0629941, 0.0629941, 0.0629941, 0.0629941, 0.0629941, 0.0629941, 0.0629941, 0.0629941, 0.0629941, 0.0629941, 0.0629941, 0.0629941, 0.0629941, 0.0629941, 0.0629941, 0.0629941, 0.0629941, 0.0629941, 0.0629941, 0.0629941, 0.0629941, 0.0629941, 0.0629941, 0.0629941, 0.0629941, 0.0629941, 0.0629941, 0.0629941, 0.0629941, 0.0629941, 0.0629941, 0.0629941, 0.0629941, 0.0629941, 0.0629941, 0.0629941, 0.0629941, 0.0629941, 0.0629941, 0.0629941, 0.0629941, 0.0629941, 0.0629941, 0.0629941]",1,,,True
norm__sph_d64_c1_s34,0.014292975887656212,0.014801306650042534,0.014292975887656212,50.0,2.562999725341797e-06,0.01436660811305046,0.01436660811305046,-45.61945724487305,-45.61945724487305,-45.71162414550781,-45.64741134643555,0.1546429842710495,0.0,1.0,0.34067463874816895,0.9796498417854309,0.1963670402765274,0.7208220958709717,9.999999974752427e-07,4.149436335865175e-06,0.6103571057319641,2.456328868865967,4.024412631988525,0.4490947127342224,0.7357901334762573,0.00019276142120361328,0.00020837783813476562,1.0810142755508423,0.00019180774688720703,0.9950525760650635,0.5073333382606506,0.6441004276275635,0.5148333311080933,0.6441004276275635,0.499833345413208,2.4110546112060547,0.4806666672229767,2.4110546112060547,0.5073333382606506,0.6330245733261108,0.5148333311080933,0.6330245733261108,0.6228995323181152,0.02556307055056095,24.36716651916504,2.471825361251831,0.0009715537307783961,2544.1982421875,0.009577542543411255,0.4602028727531433,0.0008177830604836345,562.7445068359375,0.04330058395862579,0.00022455453290604055,2.1806936274515465e-05,10.297391891479492,0.00023948353191372007,1.8242040823679417e-05,13.128110885620117,0.7843772768974304,0.00022229751630220562,2.3833094019209966e-05,9.327261924743652,1.1040101051330566,0.5342628955841064,0.5463663935661316,0.9778472781181335,5.644082069396973,5.640095233917236,1.0007069110870361,0.43815526366233826,0.4462631940841675,0.9818315505981445,0.9622631072998047,0.9723015427589417,0.9896756410598755,3.3481929302215576,3.3456904888153076,1.0007480382919312,0.9215462803840637,0.9304365515708923,0.9904451370239258,6.690910946528119e-19,2.1277808588536761e-19,5.781545904954569e-34,5.773758484469112e-35,-4.563129958427472e-19,5.138193675092579e-19,4.451059409733998e-34,-3.0104126869919324e-19,1.0,0.9667835235595703,sphere,1.0,64,gaussian,gaussian,60000,0.3,0.3,"[0.0, 0.0, 0.0, 0.0, 0.0, 0.0, 0.0, 0.0, 0.0, 0.0, 0.0, 0.0, 0.0, 0.0, 0.0, 0.0, 0.0, 0.0, 0.0, 0.0, 0.0, 0.0, 0.0, 0.0, 0.0, 0.0, 0.0, 0.0, 0.0, 0.0, 0.0, 0.0, 0.0, 0.0, 0.0, 0.0, 0.0, 0.0, 0.0, 0.0, 0.0, 0.0, 0.0, 0.0, 0.0, 0.0, 0.0, 0.0, 0.0, 0.0, 0.0, 0.0, 0.0, 0.0, 0.0, 0.0, 0.0, 0.0, 0.0, 0.0, 0.0, 0.0, 0.0, 0.0]","[0.0, 0.0629941, 0.0629941, 0.0629941, 0.0629941, 0.0629941, 0.0629941, 0.0629941, 0.0629941, 0.0629941, 0.0629941, 0.0629941, 0.0629941, 0.0629941, 0.0629941, 0.0629941, 0.0629941, 0.0629941, 0.0629941, 0.0629941, 0.0629941, 0.0629941, 0.0629941, 0.0629941, 0.0629941, 0.0629941, 0.0629941, 0.0629941, 0.0629941, 0.0629941, 0.0629941, 0.0629941, 0.0629941, 0.0629941, 0.0629941, 0.0629941, 0.0629941, 0.0629941, 0.0629941, 0.0629941, 0.0629941, 0.0629941, 0.0629941, 0.0629941, 0.0629941, 0.0629941, 0.0629941, 0.0629941, 0.0629941, 0.0629941, 0.0629941, 0.0629941, 0.0629941, 0.0629941, 0.0629941, 0.0629941, 0.0629941, 0.0629941, 0.0629941, 0.0629941, 0.0629941, 0.0629941, 0.0629941, 0.0629941]",1,,,True
norm__sph_d64_c1_s42,0.014216392301023006,0.01392303965985775,0.014216392301023006,50.0,2.3444492853741394e-06,0.014216656796634197,0.014216656796634197,-45.576560974121094,-45.576560974121094,-45.66900634765625,-45.70557403564453,0.1573914736509323,0.0,1.0,0.34472590684890747,0.9959431886672974,0.1963178515434265,0.7224897742271423,9.999999974752427e-07,4.0744243960944004e-06,0.6235443949699402,2.4568095207214355,3.9400715827941895,0.4491686522960663,0.7203474640846252,0.00014972686767578125,0.00015926361083984375,1.0636942386627197,0.0001506805419921875,1.0063694715499878,0.5040000081062317,0.6387355327606201,0.4970000088214874,0.6387355327606201,0.5040000081062317,2.4124372005462646,0.48883333802223206,2.4124372005462646,0.5040000081062317,0.6279327273368835,0.4970000088214874,0.6279327273368835,0.6197119951248169,0.029863744974136353,20.75131607055664,2.471877098083496,0.0009302952094003558,2657.0888671875,0.007809793576598167,0.4600549340248108,0.0009777508676052094,470.523681640625,0.04410260170698166,0.00017978747200686485,1.6371041056117974e-05,10.982043266296387,0.00018665393872652203,1.3214635146141518e-05,14.124789237976074,0.7775014042854309,0.00018527507199905813,1.946125121321529e-05,9.520204544067383,1.1535512208938599,0.5462565422058105,0.537733256816864,1.0158504247665405,5.611076831817627,5.674374580383301,0.9888450503349304,0.4458412230014801,0.4403892457485199,1.0123798847198486,0.9714388251304626,0.9645967483520508,1.0070931911468506,3.3382606506347656,3.355839252471924,0.9947618246078491,0.929495632648468,0.9235095381736755,1.0064818859100342,8.869201919616484e-17,1.6818273696049665e-19,4.021569826208337e-29,4.747195479681792e-35,-8.852383021657566e-17,1.2512041148084483e-16,9.282329923177816e-29,-1.2495222250125565e-16,1.0,0.970076322555542,sphere,1.0,64,gaussian,gaussian,60000,0.3,0.3,"[0.0, 0.0, 0.0, 0.0, 0.0, 0.0, 0.0, 0.0, 0.0, 0.0, 0.0, 0.0, 0.0, 0.0, 0.0, 0.0, 0.0, 0.0, 0.0, 0.0, 0.0, 0.0, 0.0, 0.0, 0.0, 0.0, 0.0, 0.0, 0.0, 0.0, 0.0, 0.0, 0.0, 0.0, 0.0, 0.0, 0.0, 0.0, 0.0, 0.0, 0.0, 0.0, 0.0, 0.0, 0.0, 0.0, 0.0, 0.0, 0.0, 0.0, 0.0, 0.0, 0.0, 0.0, 0.0, 0.0, 0.0, 0.0, 0.0, 0.0, 0.0, 0.0, 0.0, 0.0]","[0.0, 0.0629941, 0.0629941, 0.0629941, 0.0629941, 0.0629941, 0.0629941, 0.0629941, 0.0629941, 0.0629941, 0.0629941, 0.0629941, 0.0629941, 0.0629941, 0.0629941, 0.0629941, 0.0629941, 0.0629941, 0.0629941, 0.0629941, 0.0629941, 0.0629941, 0.0629941, 0.0629941, 0.0629941, 0.0629941, 0.0629941, 0.0629941, 0.0629941, 0.0629941, 0.0629941, 0.0629941, 0.0629941, 0.0629941, 0.0629941, 0.0629941, 0.0629941, 0.0629941, 0.0629941, 0.0629941, 0.0629941, 0.0629941, 0.0629941, 0.0629941, 0.0629941, 0.0629941, 0.0629941, 0.0629941, 0.0629941, 0.0629941, 0.0629941, 0.0629941, 0.0629941, 0.0629941, 0.0629941, 0.0629941, 0.0629941, 0.0629941, 0.0629941, 0.0629941, 0.0629941, 0.0629941, 0.0629941, 0.0629941]",1,,,True
norm__sph_d64_c1_s50,0.01420885045081377,0.014202711172401905,0.01420885045081377,50.0,2.4437904357910156e-06,0.014091018587350845,0.014091018587350845,-45.73466110229492,-45.73466110229492,-46.14006423950195,-46.09752655029297,0.15958811342716217,0.0,1.0,0.345866322517395,1.006264328956604,0.1998528689146042,0.7361809015274048,9.999999974752427e-07,4.093940788152395e-06,0.5992240309715271,2.458622932434082,4.103011131286621,0.4475374221801758,0.7468615770339966,0.00016677379608154297,0.000202178955078125,1.2122944593429565,0.00016391277313232422,0.982844889163971,0.5051666498184204,0.6412804126739502,0.5145000219345093,0.6412804126739502,0.5063333511352539,2.4125006198883057,0.48399999737739563,2.4125006198883057,0.5051666498184204,0.6303483247756958,0.5145000219345093,0.6303483247756958,0.615674614906311,0.021198328584432602,29.04354476928711,2.4738574028015137,0.0011189536890015006,2210.86669921875,0.013136724010109901,0.4583030045032501,0.000925150525290519,495.3821105957031,0.058628566563129425,0.00019586087728384882,1.868206527433358e-05,10.483898162841797,0.0002404968108749017,1.787727524060756e-05,13.452654838562012,0.77931809425354,0.00019886095833498985,1.8569911844679154e-05,10.708772659301758,0.9790008664131165,0.5393753051757812,0.5405882596969604,0.9977562427520752,5.634093284606934,5.6695990562438965,0.9937374591827393,0.4413334131240845,0.4422195553779602,0.9979961514472961,0.9657540917396545,0.9666098356246948,0.9991146922111511,3.3450605869293213,3.354201078414917,0.9972748756408691,0.9244751930236816,0.925218939781189,0.9991962313652039,1.2614488831797187e-18,7.76648066214102e-18,3.31238475622183e-33,3.259628202414941e-31,6.5050318823588775e-18,1.697811600966788e-19,1.6738868799083705e-35,7.596699359872673e-18,1.0,0.966404378414154,sphere,1.0,64,gaussian,gaussian,60000,0.3,0.3,"[0.0, 0.0, 0.0, 0.0, 0.0, 0.0, 0.0, 0.0, 0.0, 0.0, 0.0, 0.0, 0.0, 0.0, 0.0, 0.0, 0.0, 0.0, 0.0, 0.0, 0.0, 0.0, 0.0, 0.0, 0.0, 0.0, 0.0, 0.0, 0.0, 0.0, 0.0, 0.0, 0.0, 0.0, 0.0, 0.0, 0.0, 0.0, 0.0, 0.0, 0.0, 0.0, 0.0, 0.0, 0.0, 0.0, 0.0, 0.0, 0.0, 0.0, 0.0, 0.0, 0.0, 0.0, 0.0, 0.0, 0.0, 0.0, 0.0, 0.0, 0.0, 0.0, 0.0, 0.0]","[0.0, 0.0629941, 0.0629941, 0.0629941, 0.0629941, 0.0629941, 0.0629941, 0.0629941, 0.0629941, 0.0629941, 0.0629941, 0.0629941, 0.0629941, 0.0629941, 0.0629941, 0.0629941, 0.0629941, 0.0629941, 0.0629941, 0.0629941, 0.0629941, 0.0629941, 0.0629941, 0.0629941, 0.0629941, 0.0629941, 0.0629941, 0.0629941, 0.0629941, 0.0629941, 0.0629941, 0.0629941, 0.0629941, 0.0629941, 0.0629941, 0.0629941, 0.0629941, 0.0629941, 0.0629941, 0.0629941, 0.0629941, 0.0629941, 0.0629941, 0.0629941, 0.0629941, 0.0629941, 0.0629941, 0.0629941, 0.0629941, 0.0629941, 0.0629941, 0.0629941, 0.0629941, 0.0629941, 0.0629941, 0.0629941, 0.0629941, 0.0629941, 0.0629941, 0.0629941, 0.0629941, 0.0629941, 0.0629941, 0.0629941]",1,,,True
norm__sph_d64_c2_s34,0.007147594355046749,0.007401864044368267,0.007147594355046749,50.0,2.284844640598749e-06,0.007184167392551899,0.007184167392551899,-67.45195007324219,-67.45195007324219,-67.52119445800781,-67.44963836669922,0.07740263640880585,0.0,1.0,0.24081149697303772,0.6938349604606628,0.13928650319576263,0.5103610157966614,9.999999974752427e-07,5.88549983149278e-06,0.4983368217945099,2.4563348293304443,4.929065227508545,0.20572298765182495,0.41281914710998535,0.00019729137420654297,0.00021195411682128906,1.0743201971054077,0.0001952648162841797,0.9897280931472778,0.5071666836738586,0.45544764399528503,0.5149999856948853,0.45544764399528503,0.49966666102409363,2.4110546112060547,0.4788333475589752,2.4110546112060547,0.5071666836738586,0.44761577248573303,0.5149999856948853,0.44761577248573303,0.5004012584686279,0.009572173468768597,52.27666091918945,2.471834182739258,0.0009703309624455869,2547.41357421875,0.020521465688943863,0.21591828763484955,0.0005294481525197625,407.8176574707031,0.12818636000156403,0.00022892556444276124,2.141431650670711e-05,10.69030475616455,0.00024245581880677491,1.775970849848818e-05,13.652015686035156,0.7830568552017212,0.00022592941240873188,2.2840704332338646e-05,9.891526222229004,1.0807538032531738,0.26727166771888733,0.2731831967830658,0.9783605933189392,5.644103050231934,5.640095233917236,1.0007106065750122,0.21918298304080963,0.22313155233860016,0.9823038578033447,0.6806430816650391,0.6875209212303162,0.9899961948394775,3.348180055618286,3.3456904888153076,1.000744104385376,0.6518384218215942,0.657917857170105,0.9907596111297607,9.210084332179536e-19,2.127775559727877e-19,1.1677000885923665e-33,5.773702809199566e-35,-7.0823090309456e-19,5.138193675092579e-19,4.451058032201555e-34,-3.0104183738586437e-19,1.0,0.6837368011474609,sphere,2.0,64,gaussian,gaussian,60000,0.3,0.3,"[0.0, 0.0, 0.0, 0.0, 0.0, 0.0, 0.0, 0.0, 0.0, 0.0, 0.0, 0.0, 0.0, 0.0, 0.0, 0.0, 0.0, 0.0, 0.0, 0.0, 0.0, 0.0, 0.0, 0.0, 0.0, 0.0, 0.0, 0.0, 0.0, 0.0, 0.0, 0.0, 0.0, 0.0, 0.0, 0.0, 0.0, 0.0, 0.0, 0.0, 0.0, 0.0, 0.0, 0.0, 0.0, 0.0, 0.0, 0.0, 0.0, 0.0, 0.0, 0.0, 0.0, 0.0, 0.0, 0.0, 0.0, 0.0, 0.0, 0.0, 0.0, 0.0, 0.0, 0.0]","[0.0, 0.0629941, 0.0629941, 0.0629941, 0.0629941, 0.0629941, 0.0629941, 0.0629941, 0.0629941, 0.0629941, 0.0629941, 0.0629941, 0.0629941, 0.0629941, 0.0629941, 0.0629941, 0.0629941, 0.0629941, 0.0629941, 0.0629941, 0.0629941, 0.0629941, 0.0629941, 0.0629941, 0.0629941, 0.0629941, 0.0629941, 0.0629941, 0.0629941, 0.0629941, 0.0629941, 0.0629941, 0.0629941, 0.0629941, 0.0629941, 0.0629941, 0.0629941, 0.0629941, 0.0629941, 0.0629941, 0.0629941, 0.0629941, 0.0629941, 0.0629941, 0.0629941, 0.0629941, 0.0629941, 0.0629941, 0.0629941, 0.0629941, 0.0629941, 0.0629941, 0.0629941, 0.0629941, 0.0629941, 0.0629941, 0.0629941, 0.0629941, 0.0629941, 0.0629941, 0.0629941, 0.0629941, 0.0629941, 0.0629941]",1,,,True
norm__sph_d64_c2_s42,0.007109320722520351,0.006964254193007946,0.007109320722520351,50.0,2.006689783229376e-06,0.007109247613698244,0.007109247613698244,-67.39312744140625,-67.39312744140625,-67.43534088134766,-67.47425079345703,0.07857795804738998,0.0,1.0,0.24320733547210693,0.7037574648857117,0.13935880362987518,0.51144939661026,9.999999974752427e-07,5.80477080802666e-06,0.5013885498046875,2.4564077854156494,4.899209976196289,0.20622636377811432,0.41131043434143066,0.00015735626220703125,0.00016236305236816406,1.031818151473999,0.00015819072723388672,1.0053030252456665,0.5036666393280029,0.45165422558784485,0.4950000047683716,0.45165422558784485,0.5068333148956299,2.4124374389648438,0.49016666412353516,2.4124374389648438,0.5036666393280029,0.44401535391807556,0.4950000047683716,0.44401535391807556,0.4983115494251251,0.012008629739284515,41.496116638183594,2.4714722633361816,0.0009295105701312423,2658.896240234375,0.01560652069747448,0.21627022325992584,0.0006384606240317225,338.7369689941406,0.12250246852636337,0.00018755595374386758,1.7117006791522726e-05,10.957286834716797,0.00018948318029288203,1.2956244063389022e-05,14.62485408782959,0.7492236495018005,0.00019313496886752546,2.073510768241249e-05,9.314393997192383,1.1763821840286255,0.27391958236694336,0.2688666880130768,1.0187933444976807,5.607490062713623,5.674373626708984,0.988213062286377,0.2234291136264801,0.22019457817077637,1.0146894454956055,0.6877695918083191,0.6820728778839111,1.0083520412445068,3.3371822834014893,3.355839252471924,0.9944404363632202,0.6579989194869995,0.6530198454856873,1.0076247453689575,1.3470509220483968e-16,1.6818198732806652e-19,9.87216522794585e-29,4.7471377955107677e-35,-1.345369164601403e-16,1.251196967967956e-16,9.282222793324659e-29,-1.249515210520962e-16,1.0,0.6863819360733032,sphere,2.0,64,gaussian,gaussian,60000,0.3,0.3,"[0.0, 0.0, 0.0, 0.0, 0.0, 0.0, 0.0, 0.0, 0.0, 0.0, 0.0, 0.0, 0.0, 0.0, 0.0, 0.0, 0.0, 0.0, 0.0, 0.0, 0.0, 0.0, 0.0, 0.0, 0.0, 0.0, 0.0, 0.0, 0.0, 0.0, 0.0, 0.0, 0.0, 0.0, 0.0, 0.0, 0.0, 0.0, 0.0, 0.0, 0.0, 0.0, 0.0, 0.0, 0.0, 0.0, 0.0, 0.0, 0.0, 0.0, 0.0, 0.0, 0.0, 0.0, 0.0, 0.0, 0.0, 0.0, 0.0, 0.0, 0.0, 0.0, 0.0, 0.0]","[0.0, 0.0629941, 0.0629941, 0.0629941, 0.0629941, 0.0629941, 0.0629941, 0.0629941, 0.0629941, 0.0629941, 0.0629941, 0.0629941, 0.0629941, 0.0629941, 0.0629941, 0.0629941, 0.0629941, 0.0629941, 0.0629941, 0.0629941, 0.0629941, 0.0629941, 0.0629941, 0.0629941, 0.0629941, 0.0629941, 0.0629941, 0.0629941, 0.0629941, 0.0629941, 0.0629941, 0.0629941, 0.0629941, 0.0629941, 0.0629941, 0.0629941, 0.0629941, 0.0629941, 0.0629941, 0.0629941, 0.0629941, 0.0629941, 0.0629941, 0.0629941, 0.0629941, 0.0629941, 0.0629941, 0.0629941, 0.0629941, 0.0629941, 0.0629941, 0.0629941, 0.0629941, 0.0629941, 0.0629941, 0.0629941, 0.0629941, 0.0629941, 0.0629941, 0.0629941, 0.0629941, 0.0629941, 0.0629941, 0.0629941]",1,,,True
norm__sph_d64_c2_s50,0.007105517201125622,0.007103247568011284,0.007105517201125622,50.0,2.006689783229376e-06,0.007046412210911512,0.007046412210911512,-67.57070922851562,-67.57070922851562,-67.93804168701172,-67.89262390136719,0.07972967624664307,0.0,1.0,0.24428369104862213,0.7110861539840698,0.14157389104366302,0.5219020247459412,9.999999974752427e-07,5.813481948280241e-06,0.4865954518318176,2.458552837371826,5.052560329437256,0.20539554953575134,0.42210742831230164,0.0001690387725830078,0.00020492076873779297,1.2122708559036255,0.00016617774963378906,0.9830747246742249,0.5051666498184204,0.45345360040664673,0.5121666789054871,0.45345360040664673,0.5058333277702332,2.4125008583068848,0.48649999499320984,2.4125008583068848,0.5051666498184204,0.44572362303733826,0.5121666789054871,0.44572362303733826,0.4944407045841217,0.008113136515021324,60.94322967529297,2.473788261413574,0.0011178470449522138,2212.993408203125,0.02753882110118866,0.21530845761299133,0.0006005313480272889,358.5299072265625,0.16998088359832764,0.00019836824503727257,1.8591181287774816e-05,10.670018196105957,0.00024352074251510203,1.7747193851391785e-05,13.721648216247559,0.7776047587394714,0.00020116966334171593,1.8811238987836987e-05,10.694120407104492,0.9977462291717529,0.2698838412761688,0.27029410004615784,0.9984821677207947,5.633350372314453,5.6695990562438965,0.9936065077781677,0.22080565989017487,0.22110970318317413,0.9986249208450317,0.6831588745117188,0.683496356010437,0.9995062947273254,3.3448662757873535,3.354200839996338,0.997217059135437,0.6539485454559326,0.6542285084724426,0.9995720982551575,8.384859484787313e-19,7.766524502713485e-18,1.0196400547860721e-33,3.2596672288273882e-31,6.928038399138389e-18,1.697811600966788e-19,1.673887740866147e-35,7.596743200445138e-18,1.0,0.6834883093833923,sphere,2.0,64,gaussian,gaussian,60000,0.3,0.3,"[0.0, 0.0, 0.0, 0.0, 0.0, 0.0, 0.0, 0.0, 0.0, 0.0, 0.0, 0.0, 0.0, 0.0, 0.0, 0.0, 0.0, 0.0, 0.0, 0.0, 0.0, 0.0, 0.0, 0.0, 0.0, 0.0, 0.0, 0.0, 0.0, 0.0, 0.0, 0.0, 0.0, 0.0, 0.0, 0.0, 0.0, 0.0, 0.0, 0.0, 0.0, 0.0, 0.0, 0.0, 0.0, 0.0, 0.0, 0.0, 0.0, 0.0, 0.0, 0.0, 0.0, 0.0, 0.0, 0.0, 0.0, 0.0, 0.0, 0.0, 0.0, 0.0, 0.0, 0.0]","[0.0, 0.0629941, 0.0629941, 0.0629941, 0.0629941, 0.0629941, 0.0629941, 0.0629941, 0.0629941, 0.0629941, 0.0629941, 0.0629941, 0.0629941, 0.0629941, 0.0629941, 0.0629941, 0.0629941, 0.0629941, 0.0629941, 0.0629941, 0.0629941, 0.0629941, 0.0629941, 0.0629941, 0.0629941, 0.0629941, 0.0629941, 0.0629941, 0.0629941, 0.0629941, 0.0629941, 0.0629941, 0.0629941, 0.0629941, 0.0629941, 0.0629941, 0.0629941, 0.0629941, 0.0629941, 0.0629941, 0.0629941, 0.0629941, 0.0629941, 0.0629941, 0.0629941, 0.0629941, 0.0629941, 0.0629941, 0.0629941, 0.0629941, 0.0629941, 0.0629941, 0.0629941, 0.0629941, 0.0629941, 0.0629941, 0.0629941, 0.0629941, 0.0629941, 0.0629941, 0.0629941, 0.0629941, 0.0629941, 0.0629941]",1,,,True
norm__sph_d64_c3_s34,0.004765762481838465,0.00493524968624115,0.004765762481838465,50.0,4.172325134277344e-07,0.004790319595485926,0.004790319595485926,-80.21549224853516,-80.21549224853516,-80.37391662597656,-80.2948226928711,0.035908862948417664,0.0,1.0,0.16517743468284607,0.5016453862190247,0.09284421801567078,0.34911760687828064,9.999999974752427e-07,8.2221031334484e-06,0.4333122670650482,2.4625966548919678,5.683192253112793,0.1064416915178299,0.2456466257572174,0.0003108978271484375,0.00020110607147216797,0.6468558311462402,0.00029790401458740234,0.9582054615020752,0.5048333406448364,0.3718714714050293,0.5231666564941406,0.3718714714050293,0.4723333418369293,2.4110546112060547,0.4598333239555359,2.4110546112060547,0.5048333406448364,0.3654765188694,0.5231666564941406,0.3654765188694,0.4342234432697296,0.0051527502946555614,84.27022552490234,2.4781386852264404,0.000968416512478143,2558.95947265625,0.03293144330382347,0.11471318453550339,0.0003464788314886391,331.0827941894531,0.2545291483402252,0.00033880872069858015,3.12387892336119e-05,10.845769882202148,0.00023481050448026508,1.5455410903086886e-05,15.192770957946777,0.7138770222663879,0.00032850506249815226,3.416243635001592e-05,9.615972518920898,1.1278910636901855,0.17442037165164948,0.1821220964193344,0.9577112793922424,5.699641704559326,5.640095233917236,1.010557770729065,0.14375758171081543,0.14875435829162598,0.9664092063903809,0.5512417554855347,0.5613584518432617,0.981978178024292,3.3648841381073,3.3456904888153076,1.0057368278503418,0.5284486413002014,0.5371876955032349,0.9837318658828735,9.2583075401747e-20,2.1277838315340025e-19,1.6582071168830955e-35,5.773773407737238e-35,1.201953142140018e-19,5.138190573165282e-19,4.45105481795919e-34,-3.0104067416312797e-19,1.0,0.5561190843582153,sphere,3.0,64,gaussian,gaussian,60000,0.3,0.3,"[0.0, 0.0, 0.0, 0.0, 0.0, 0.0, 0.0, 0.0, 0.0, 0.0, 0.0, 0.0, 0.0, 0.0, 0.0, 0.0, 0.0, 0.0, 0.0, 0.0, 0.0, 0.0, 0.0, 0.0, 0.0, 0.0, 0.0, 0.0, 0.0, 0.0, 0.0, 0.0, 0.0, 0.0, 0.0, 0.0, 0.0, 0.0, 0.0, 0.0, 0.0, 0.0, 0.0, 0.0, 0.0, 0.0, 0.0, 0.0, 0.0, 0.0, 0.0, 0.0, 0.0, 0.0, 0.0, 0.0, 0.0, 0.0, 0.0, 0.0, 0.0, 0.0, 0.0, 0.0]","[0.0, 0.0629941, 0.0629941, 0.0629941, 0.0629941, 0.0629941, 0.0629941, 0.0629941, 0.0629941, 0.0629941, 0.0629941, 0.0629941, 0.0629941, 0.0629941, 0.0629941, 0.0629941, 0.0629941, 0.0629941, 0.0629941, 0.0629941, 0.0629941, 0.0629941, 0.0629941, 0.0629941, 0.0629941, 0.0629941, 0.0629941, 0.0629941, 0.0629941, 0.0629941, 0.0629941, 0.0629941, 0.0629941, 0.0629941, 0.0629941, 0.0629941, 0.0629941, 0.0629941, 0.0629941, 0.0629941, 0.0629941, 0.0629941, 0.0629941, 0.0629941, 0.0629941, 0.0629941, 0.0629941, 0.0629941, 0.0629941, 0.0629941, 0.0629941, 0.0629941, 0.0629941, 0.0629941, 0.0629941, 0.0629941, 0.0629941, 0.0629941, 0.0629941, 0.0629941, 0.0629941, 0.0629941, 0.0629941, 0.0629941]",1,,,True
norm__sph_d64_c3_s42,0.004750051535665989,0.004735295660793781,0.004750051535665989,50.0,8.145968308781448e-07,0.0047545707784593105,0.0047545707784593105,-80.16278076171875,-80.16278076171875,-80.8027572631836,-80.81737518310547,0.039694853127002716,0.0,1.0,0.17330524325370789,0.5301315784454346,0.09827648103237152,0.3671855330467224,9.999999974752427e-07,7.896192073530983e-06,0.4336460828781128,2.4647998809814453,5.683897972106934,0.10525910556316376,0.24273045361042023,0.00018787384033203125,0.00017464160919189453,0.9295685291290283,0.00018262863159179688,0.9720812439918518,0.5038333535194397,0.3687741160392761,0.5174999833106995,0.3687741160392761,0.46650001406669617,2.4124374389648438,0.46416667103767395,2.4124374389648438,0.5038333535194397,0.36253732442855835,0.5174999833106995,0.36253732442855835,0.43142151832580566,0.006455158349126577,66.83361053466797,2.4798901081085205,0.0009077409631572664,2731.935791015625,0.024463828653097153,0.11338519304990768,0.00040895919664762914,277.2530822753906,0.24105630815029144,0.00021912259398959577,2.930331538664177e-05,7.477740287780762,0.0002038121165242046,1.704467649688013e-05,11.957524299621582,0.6253585815429688,0.00021282435045577586,1.516098200227134e-05,14.037636756896973,0.5326922535896301,0.17453745007514954,0.17924442887306213,0.9737398028373718,5.680441379547119,5.674373626708984,1.0010693073272705,0.1438172608613968,0.14679639041423798,0.9797057509422302,0.5513331890106201,0.5569101572036743,0.9899859428405762,3.3592758178710938,3.355839252471924,1.0010240077972412,0.5285030603408813,0.5331884622573853,0.9912124872207642,2.7989548201382906e-18,1.6818245261716108e-19,3.984715729672345e-32,4.747177399568486e-35,-2.630772457994009e-18,1.251196967967956e-16,9.282222793324659e-29,-1.249515078172064e-16,1.0,0.5553397536277771,sphere,3.0,64,gaussian,gaussian,60000,0.3,0.3,"[0.0, 0.0, 0.0, 0.0, 0.0, 0.0, 0.0, 0.0, 0.0, 0.0, 0.0, 0.0, 0.0, 0.0, 0.0, 0.0, 0.0, 0.0, 0.0, 0.0, 0.0, 0.0, 0.0, 0.0, 0.0, 0.0, 0.0, 0.0, 0.0, 0.0, 0.0, 0.0, 0.0, 0.0, 0.0, 0.0, 0.0, 0.0, 0.0, 0.0, 0.0, 0.0, 0.0, 0.0, 0.0, 0.0, 0.0, 0.0, 0.0, 0.0, 0.0, 0.0, 0.0, 0.0, 0.0, 0.0, 0.0, 0.0, 0.0, 0.0, 0.0, 0.0, 0.0, 0.0]","[0.0, 0.0629941, 0.0629941, 0.0629941, 0.0629941, 0.0629941, 0.0629941, 0.0629941, 0.0629941, 0.0629941, 0.0629941, 0.0629941, 0.0629941, 0.0629941, 0.0629941, 0.0629941, 0.0629941, 0.0629941, 0.0629941, 0.0629941, 0.0629941, 0.0629941, 0.0629941, 0.0629941, 0.0629941, 0.0629941, 0.0629941, 0.0629941, 0.0629941, 0.0629941, 0.0629941, 0.0629941, 0.0629941, 0.0629941, 0.0629941, 0.0629941, 0.0629941, 0.0629941, 0.0629941, 0.0629941, 0.0629941, 0.0629941, 0.0629941, 0.0629941, 0.0629941, 0.0629941, 0.0629941, 0.0629941, 0.0629941, 0.0629941, 0.0629941, 0.0629941, 0.0629941, 0.0629941, 0.0629941, 0.0629941, 0.0629941, 0.0629941, 0.0629941, 0.0629941, 0.0629941, 0.0629941, 0.0629941, 0.0629941]",1,,,True
norm__sph_d64_c3_s50,0.004737925250083208,0.004736202768981457,0.004737925250083208,50.0,1.4106432217886322e-06,0.004698732867836952,0.004698732867836952,-80.3304443359375,-80.3304443359375,-80.69530487060547,-80.64448547363281,0.03657158836722374,0.0,1.0,0.16685329377651215,0.5187082290649414,0.09341979771852493,0.3522135019302368,9.999999974752427e-07,8.083209650067147e-06,0.4258851408958435,2.4641356468200684,5.785915851593018,0.10647346824407578,0.2500051259994507,0.000263214111328125,0.00022864341735839844,0.8686594367027283,0.0002474784851074219,0.9402173757553101,0.5034999847412109,0.3702433407306671,0.5161666870117188,0.3702433407306671,0.4690000116825104,2.4125008583068848,0.4703333377838135,2.4125008583068848,0.5034999847412109,0.3639315068721771,0.5161666870117188,0.3639315068721771,0.4306328594684601,0.004395304713398218,97.97565460205078,2.479398250579834,0.001116079860366881,2221.524169921875,0.044102899730205536,0.11455953121185303,0.0003924501361325383,291.90850830078125,0.33563822507858276,0.0002953569346573204,2.7221849450143054e-05,10.849995613098145,0.00027124883490614593,1.9312377844471484e-05,14.04533576965332,0.7724981307983398,0.0002854347403626889,2.2952270228415728e-05,12.43601131439209,0.8724658489227295,0.17559197545051575,0.1801961064338684,0.9744492769241333,5.681553840637207,5.6695990562438965,1.0021085739135742,0.14455173909664154,0.1474064737558365,0.9806336164474487,0.5529433488845825,0.5580724477767944,0.9908092617988586,3.35958194732666,3.354201078414917,1.0016043186187744,0.5299549698829651,0.5341753363609314,0.9920992851257324,1.5118386517980222e-20,7.766479834960407e-18,2.195648601160926e-37,3.259628202414941e-31,7.751361454904775e-18,1.697809791509198e-19,1.6738807097109724e-35,7.59669853269206e-18,1.0,0.555634617805481,sphere,3.0,64,gaussian,gaussian,60000,0.3,0.3,"[0.0, 0.0, 0.0, 0.0, 0.0, 0.0, 0.0, 0.0, 0.0, 0.0, 0.0, 0.0, 0.0, 0.0, 0.0, 0.0, 0.0, 0.0, 0.0, 0.0, 0.0, 0.0, 0.0, 0.0, 0.0, 0.0, 0.0, 0.0, 0.0, 0.0, 0.0, 0.0, 0.0, 0.0, 0.0, 0.0, 0.0, 0.0, 0.0, 0.0, 0.0, 0.0, 0.0, 0.0, 0.0, 0.0, 0.0, 0.0, 0.0, 0.0, 0.0, 0.0, 0.0, 0.0, 0.0, 0.0, 0.0, 0.0, 0.0, 0.0, 0.0, 0.0, 0.0, 0.0]","[0.0, 0.0629941, 0.0629941, 0.0629941, 0.0629941, 0.0629941, 0.0629941, 0.0629941, 0.0629941, 0.0629941, 0.0629941, 0.0629941, 0.0629941, 0.0629941, 0.0629941, 0.0629941, 0.0629941, 0.0629941, 0.0629941, 0.0629941, 0.0629941, 0.0629941, 0.0629941, 0.0629941, 0.0629941, 0.0629941, 0.0629941, 0.0629941, 0.0629941, 0.0629941, 0.0629941, 0.0629941, 0.0629941, 0.0629941, 0.0629941, 0.0629941, 0.0629941, 0.0629941, 0.0629941, 0.0629941, 0.0629941, 0.0629941, 0.0629941, 0.0629941, 0.0629941, 0.0629941, 0.0629941, 0.0629941, 0.0629941, 0.0629941, 0.0629941, 0.0629941, 0.0629941, 0.0629941, 0.0629941, 0.0629941, 0.0629941, 0.0629941, 0.0629941, 0.0629941, 0.0629941, 0.0629941, 0.0629941, 0.0629941]",1,,,True
norm__sph_d64_c5_s34,0.0028606876730918884,0.002962373662739992,0.0028606876730918884,44.0,1.1523565035531647e-06,0.002875289646908641,0.002875289646908641,-96.25325012207031,-96.25325012207031,-96.27129364013672,-96.2164306640625,0.031014928594231606,0.0,1.0,0.15247689187526703,0.4360423684120178,0.08809439092874527,0.32327350974082947,9.999999974752427e-07,9.28826102608582e-06,0.3559825122356415,2.455698013305664,6.898367404937744,0.03384271264076233,0.09506846964359283,0.0002008676528930664,0.0002224445343017578,1.107418417930603,0.0001977682113647461,0.9845697283744812,0.5066666603088379,0.2880503833293915,0.5115000009536743,0.2880503833293915,0.49050000309944153,2.4110546112060547,0.4841666519641876,2.4110546112060547,0.5066666603088379,0.28309690952301025,0.5115000009536743,0.28309690952301025,0.35648131370544434,0.0023951129987835884,148.8369598388672,2.471188545227051,0.0009620035998523235,2568.793212890625,0.057940419763326645,0.03838147595524788,0.00016107699775602669,238.2803192138672,0.6246297359466553,0.00023209652863442898,2.1116085918038152e-05,10.991456031799316,0.00025320451823063195,1.8130342141375877e-05,13.965787887573242,0.7870272397994995,0.00022813478426542133,2.129845233866945e-05,10.711331367492676,1.0261521339416504,0.10688582062721252,0.10927330702543259,0.978151261806488,5.638300895690918,5.640095233917236,0.9996819496154785,0.08768738806247711,0.08925262093544006,0.9824628829956055,0.43063825368881226,0.43482646346092224,0.9903680682182312,3.3466522693634033,3.3456904888153076,1.000287413597107,0.4124462604522705,0.4161038398742676,0.9912099838256836,1.8003377944593802e-19,2.12777064834299e-19,2.7998401418493414e-35,5.773684442100335e-35,3.27432724636639e-20,5.138197294007759e-19,4.451059409733998e-34,-3.0104266456647692e-19,1.0,0.43251359462738037,sphere,5.0,64,gaussian,gaussian,60000,0.3,0.3,"[0.0, 0.0, 0.0, 0.0, 0.0, 0.0, 0.0, 0.0, 0.0, 0.0, 0.0, 0.0, 0.0, 0.0, 0.0, 0.0, 0.0, 0.0, 0.0, 0.0, 0.0, 0.0, 0.0, 0.0, 0.0, 0.0, 0.0, 0.0, 0.0, 0.0, 0.0, 0.0, 0.0, 0.0, 0.0, 0.0, 0.0, 0.0, 0.0, 0.0, 0.0, 0.0, 0.0, 0.0, 0.0, 0.0, 0.0, 0.0, 0.0, 0.0, 0.0, 0.0, 0.0, 0.0, 0.0, 0.0, 0.0, 0.0, 0.0, 0.0, 0.0, 0.0, 0.0, 0.0]","[0.0, 0.0629941, 0.0629941, 0.0629941, 0.0629941, 0.0629941, 0.0629941, 0.0629941, 0.0629941, 0.0629941, 0.0629941, 0.0629941, 0.0629941, 0.0629941, 0.0629941, 0.0629941, 0.0629941, 0.0629941, 0.0629941, 0.0629941, 0.0629941, 0.0629941, 0.0629941, 0.0629941, 0.0629941, 0.0629941, 0.0629941, 0.0629941, 0.0629941, 0.0629941, 0.0629941, 0.0629941, 0.0629941, 0.0629941, 0.0629941, 0.0629941, 0.0629941, 0.0629941, 0.0629941, 0.0629941, 0.0629941, 0.0629941, 0.0629941, 0.0629941, 0.0629941, 0.0629941, 0.0629941, 0.0629941, 0.0629941, 0.0629941, 0.0629941, 0.0629941, 0.0629941, 0.0629941, 0.0629941, 0.0629941, 0.0629941, 0.0629941, 0.0629941, 0.0629941, 0.0629941, 0.0629941, 0.0629941, 0.0629941]",1,,,True
norm__sph_d64_c5_s42,0.0028513153083622456,0.0028422335162758827,0.0028513153083622456,50.0,9.934107083608978e-07,0.0028535251040011644,0.0028535251040011644,-96.19650268554688,-96.19650268554688,-96.24095153808594,-96.2591552734375,0.023336797952651978,0.0,1.0,0.13324841856956482,0.4018637239933014,0.07470045238733292,0.28084343671798706,9.999999974752427e-07,1.0238338290946558e-05,0.3576292395591736,2.462257146835327,6.88494348526001,0.03329440578818321,0.09309755265712738,0.00016987323760986328,0.00016987323760986328,1.0,0.0001672506332397461,0.9845613837242126,0.5011666417121887,0.28565123677253723,0.4971666634082794,0.28565123677253723,0.4581666588783264,2.4124374389648438,0.47716665267944336,2.4124374389648438,0.5011666417121887,0.2808201014995575,0.4971666634082794,0.2808201014995575,0.35624682903289795,0.0030671488493680954,116.14918518066406,2.4773402214050293,0.000904913351405412,2737.654541015625,0.04242653027176857,0.03778160735964775,0.0001694877282716334,222.91647338867188,0.5210435390472412,0.00020238160504959524,1.957787935680244e-05,10.337259292602539,0.0001982490357477218,1.3200195098761469e-05,15.018644332885742,0.6882951855659485,0.00019948881526943296,1.569055166328326e-05,12.713945388793945,0.8130646347999573,0.10702286660671234,0.10754666477441788,0.9951296448707581,5.658452987670898,5.674374580383301,0.997194230556488,0.08783219754695892,0.0880778431892395,0.9972110390663147,0.43139538168907166,0.4313808083534241,1.0000337362289429,3.352918863296509,3.355839252471924,0.9991297721862793,0.4132305979728699,0.4130060076713562,1.0005437135696411,2.301956790770758e-18,1.6818269818640544e-19,3.08454742894118e-32,4.7471946187240155e-35,-2.13377401503617e-18,1.251196967967956e-16,9.282222793324659e-29,-1.249515078172064e-16,1.0,0.43233317136764526,sphere,5.0,64,gaussian,gaussian,60000,0.3,0.3,"[0.0, 0.0, 0.0, 0.0, 0.0, 0.0, 0.0, 0.0, 0.0, 0.0, 0.0, 0.0, 0.0, 0.0, 0.0, 0.0, 0.0, 0.0, 0.0, 0.0, 0.0, 0.0, 0.0, 0.0, 0.0, 0.0, 0.0, 0.0, 0.0, 0.0, 0.0, 0.0, 0.0, 0.0, 0.0, 0.0, 0.0, 0.0, 0.0, 0.0, 0.0, 0.0, 0.0, 0.0, 0.0, 0.0, 0.0, 0.0, 0.0, 0.0, 0.0, 0.0, 0.0, 0.0, 0.0, 0.0, 0.0, 0.0, 0.0, 0.0, 0.0, 0.0, 0.0, 0.0]","[0.0, 0.0629941, 0.0629941, 0.0629941, 0.0629941, 0.0629941, 0.0629941, 0.0629941, 0.0629941, 0.0629941, 0.0629941, 0.0629941, 0.0629941, 0.0629941, 0.0629941, 0.0629941, 0.0629941, 0.0629941, 0.0629941, 0.0629941, 0.0629941, 0.0629941, 0.0629941, 0.0629941, 0.0629941, 0.0629941, 0.0629941, 0.0629941, 0.0629941, 0.0629941, 0.0629941, 0.0629941, 0.0629941, 0.0629941, 0.0629941, 0.0629941, 0.0629941, 0.0629941, 0.0629941, 0.0629941, 0.0629941, 0.0629941, 0.0629941, 0.0629941, 0.0629941, 0.0629941, 0.0629941, 0.0629941, 0.0629941, 0.0629941, 0.0629941, 0.0629941, 0.0629941, 0.0629941, 0.0629941, 0.0629941, 0.0629941, 0.0629941, 0.0629941, 0.0629941, 0.0629941, 0.0629941, 0.0629941, 0.0629941]",1,,,True
norm__sph_d64_c5_s50,0.002843933179974556,0.002842411631718278,0.002843933179974556,44.0,1.202026965074765e-06,0.002820471068844199,0.002820471068844199,-96.37676239013672,-96.37676239013672,-96.55349731445312,-96.51380157470703,0.032018087804317474,0.0,1.0,0.15473230183124542,0.45102745294570923,0.08984001725912094,0.3301228880882263,9.999999974752427e-07,9.185715498460922e-06,0.3518293499946594,2.457500457763672,6.984921455383301,0.03426044061779976,0.09737800806760788,0.00016951560974121094,0.00020194053649902344,1.1912798881530762,0.00016808509826660156,0.9915611743927002,0.5044999718666077,0.28678926825523376,0.5044999718666077,0.28678926825523376,0.4948333203792572,2.4125006198883057,0.49316665530204773,2.4125006198883057,0.5044999718666077,0.2819000780582428,0.5044999718666077,0.2819000780582428,0.35385099053382874,0.0020379030611366034,173.6348419189453,2.4727351665496826,0.0011087297461926937,2230.241455078125,0.07785473018884659,0.038760650902986526,0.00017154327360913157,225.95260620117188,0.7684569358825684,0.00019917091412935406,1.844716098275967e-05,10.796833038330078,0.0002403537364443764,1.7150592611869797e-05,14.014310836791992,0.7704147696495056,0.00020190874056424946,1.9500177586451173e-05,10.35420036315918,1.042749047279358,0.10815276950597763,0.10811767727136612,1.0003246068954468,5.624536514282227,5.6695990562438965,0.992051899433136,0.08850473910570145,0.08844390511512756,1.000687837600708,0.4327819347381592,0.4322810769081116,1.001158595085144,3.3424506187438965,3.354200839996338,0.9964967966079712,0.4143003821372986,0.41377049684524536,1.001280665397644,1.2792857406197176e-19,7.76652615707471e-18,1.4994750579995548e-35,3.2596672288273882e-31,7.638597712259709e-18,1.6978162538577337e-19,1.6739089778246336e-35,7.596744854806363e-18,1.0,0.43262845277786255,sphere,5.0,64,gaussian,gaussian,60000,0.3,0.3,"[0.0, 0.0, 0.0, 0.0, 0.0, 0.0, 0.0, 0.0, 0.0, 0.0, 0.0, 0.0, 0.0, 0.0, 0.0, 0.0, 0.0, 0.0, 0.0, 0.0, 0.0, 0.0, 0.0, 0.0, 0.0, 0.0, 0.0, 0.0, 0.0, 0.0, 0.0, 0.0, 0.0, 0.0, 0.0, 0.0, 0.0, 0.0, 0.0, 0.0, 0.0, 0.0, 0.0, 0.0, 0.0, 0.0, 0.0, 0.0, 0.0, 0.0, 0.0, 0.0, 0.0, 0.0, 0.0, 0.0, 0.0, 0.0, 0.0, 0.0, 0.0, 0.0, 0.0, 0.0]","[0.0, 0.0629941, 0.0629941, 0.0629941, 0.0629941, 0.0629941, 0.0629941, 0.0629941, 0.0629941, 0.0629941, 0.0629941, 0.0629941, 0.0629941, 0.0629941, 0.0629941, 0.0629941, 0.0629941, 0.0629941, 0.0629941, 0.0629941, 0.0629941, 0.0629941, 0.0629941, 0.0629941, 0.0629941, 0.0629941, 0.0629941, 0.0629941, 0.0629941, 0.0629941, 0.0629941, 0.0629941, 0.0629941, 0.0629941, 0.0629941, 0.0629941, 0.0629941, 0.0629941, 0.0629941, 0.0629941, 0.0629941, 0.0629941, 0.0629941, 0.0629941, 0.0629941, 0.0629941, 0.0629941, 0.0629941, 0.0629941, 0.0629941, 0.0629941, 0.0629941, 0.0629941, 0.0629941, 0.0629941, 0.0629941, 0.0629941, 0.0629941, 0.0629941, 0.0629941, 0.0629941, 0.0629941, 0.0629941, 0.0629941]",1,,,True
norm__sph_d8_c10_s34,0.012160107493400574,0.012049645185470581,0.012160107493400574,62.0,1.5397866093280754e-07,0.012108126655220985,0.012108126655220985,-4.837769508361816,-4.837769508361816,-4.84981107711792,-4.847500801086426,0.03475598990917206,0.0,1.0,0.17818480730056763,0.3683514893054962,0.05481535196304321,0.28887712955474854,9.999999974752427e-07,6.105062311689835e-06,0.2494376003742218,0.2188487946987152,0.8773688673973083,0.0023856312036514282,0.00956404022872448,0.00018310546875,0.0001538991928100586,0.8404948115348816,0.0001926422119140625,1.0520833730697632,0.5058333277702332,0.07360784709453583,0.5189999938011169,0.07360784709453583,0.503166675567627,0.2613258361816406,0.515500009059906,0.2613258361816406,0.5058333277702332,0.07344185560941696,0.5189999938011169,0.07344185560941696,0.24702335894107819,0.0012626254465430975,195.6426239013672,0.23146888613700867,0.0005731402197852731,403.8608703613281,0.4844307601451874,0.002897677943110466,3.266832572990097e-05,88.69991302490234,2.2056684494018555,0.0002105673193000257,4.4021922803949565e-05,4.783237457275391,0.00018469095812179148,4.1764622437767684e-05,4.422186851501465,1.0816452503204346,0.00022663672280032188,4.111697489861399e-05,5.511999130249023,0.8677863478660583,0.0575869046151638,0.05776853486895561,0.9968558549880981,0.6324002146720886,0.6328305006027222,0.9993200898170471,0.04674673452973366,0.04692833498120308,0.9961302876472473,0.31199872493743896,0.31289681792259216,0.9971297383308411,1.0844184160232544,1.0857723951339722,0.9987529516220093,0.2966885268688202,0.2975707948207855,0.9970350861549377,0.4370954632759094,0.4432242810726166,0.028524106368422508,0.032796990126371384,0.006128817796707153,0.5528558492660522,0.02865673042833805,-0.10963156819343567,1.0,0.3129952549934387,sphere,10.0,8,gaussian,gaussian,60000,0.3,0.3,"[0.0, 0.0, 0.0, 0.0, 0.0, 0.0, 0.0, 0.0]","[0.0, 0.1889822, 0.1889822, 0.1889822, 0.1889822, 0.1889822, 0.1889822, 0.1889822]",1,,,True
norm__sph_d8_c10_s42,0.012216500006616116,0.012406977824866772,0.012216500006616116,62.0,1.8874804652568855e-07,0.012200659140944481,0.012200659140944481,-4.863687992095947,-4.863687992095947,-4.88857364654541,-4.874637603759766,0.035450324416160583,0.0,1.0,0.17957967519760132,0.36723607778549194,0.05655791237950325,0.29076850414276123,9.999999974752427e-07,6.08170330451685e-06,0.24722608923912048,0.21829669177532196,0.8829839825630188,0.0023573790676891804,0.009535316377878189,0.0001552104949951172,0.00014269351959228516,0.9193547964096069,0.0001665353775024414,1.0729646682739258,0.49966666102409363,0.07378511875867844,0.5038333535194397,0.07378511875867844,0.5013333559036255,0.2616725265979767,0.5094999670982361,0.2616725265979767,0.49966666102409363,0.07361791282892227,0.5038333535194397,0.07361791282892227,0.24731802940368652,0.0016497838078066707,149.90936279296875,0.23083457350730896,0.0005532414652407169,417.2402038574219,0.35928791761398315,0.00286381714977324,2.9536242436734028e-05,96.95942687988281,1.5461039543151855,0.0001976013445528224,4.3196178012294695e-05,4.574510097503662,0.0001826127409003675,4.4246120523894206e-05,4.127202987670898,1.1083801984786987,0.00019840797176584601,3.681721136672422e-05,5.389000415802002,0.8488606214523315,0.057469289749860764,0.05752183496952057,0.9990864992141724,0.6299304366111755,0.6300503015518188,0.999809741973877,0.046702791005373,0.04676269367337227,0.9987189173698425,0.3119385242462158,0.31224337220191956,0.9990236759185791,1.0831067562103271,1.0830963850021362,1.000009536743164,0.2966936230659485,0.2969977855682373,0.998975932598114,0.43966707587242126,0.44478780031204224,0.028793398290872574,0.0327843576669693,0.005120724439620972,0.5502750873565674,0.028266042470932007,-0.10548728704452515,1.0,0.31204700469970703,sphere,10.0,8,gaussian,gaussian,60000,0.3,0.3,"[0.0, 0.0, 0.0, 0.0, 0.0, 0.0, 0.0, 0.0]","[0.0, 0.1889822, 0.1889822, 0.1889822, 0.1889822, 0.1889822, 0.1889822, 0.1889822]",1,,,True
norm__sph_d8_c10_s50,0.012086702510714531,0.012100232765078545,0.012086702510714531,62.0,1.688798221266552e-07,0.012359664775431156,0.012359664775431156,-4.8268022537231445,-4.8268022537231445,-4.860812187194824,-4.900145053863525,0.03440605849027634,0.0,1.0,0.17697778344154358,0.36817875504493713,0.055538326501846313,0.2883082628250122,9.999999974752427e-07,6.166824277897831e-06,0.24904079735279083,0.21669965982437134,0.8701372146606445,0.002347283996641636,0.009425299242138863,0.00035202503204345703,0.00034296512603759766,0.9742634892463684,0.0003383159637451172,0.9610565304756165,0.49966666102409363,0.07279902696609497,0.49033331871032715,0.07279902696609497,0.4936666786670685,0.2571355998516083,0.4884999990463257,0.2571355998516083,0.49966666102409363,0.07263834774494171,0.49033331871032715,0.07263834774494171,0.24684354662895203,0.0015801365952938795,156.21658325195312,0.2294365018606186,0.000665443018078804,344.78759765625,0.45308059453964233,0.002843150869011879,3.116776133538224e-05,91.22088623046875,1.7125089168548584,0.00039422910776920617,8.024500857573003e-05,4.91281795501709,0.0003723025438375771,5.142153167980723e-05,7.240207195281982,0.678546667098999,0.00037772656651213765,4.8208876251010224e-05,7.835207462310791,0.6270182132720947,0.05784140154719353,0.056618478149175644,1.021599292755127,0.6323895454406738,0.6206865310668945,1.0188549757003784,0.04695138707756996,0.04619381204247475,1.01639986038208,0.3129205107688904,0.31016039848327637,1.0088989734649658,1.085448145866394,1.0756645202636719,1.0090954303741455,0.29755350947380066,0.29524168372154236,1.007830262184143,0.44194456934928894,0.4455578625202179,0.029158558696508408,0.03162996098399162,0.0036132934037595987,0.548909068107605,0.027684692293405533,-0.10335120558738708,1.0,0.3127121329307556,sphere,10.0,8,gaussian,gaussian,60000,0.3,0.3,"[0.0, 0.0, 0.0, 0.0, 0.0, 0.0, 0.0, 0.0]","[0.0, 0.1889822, 0.1889822, 0.1889822, 0.1889822, 0.1889822, 0.1889822, 0.1889822]",1,,,True
norm__sph_d8_c1_s34,0.12144666165113449,0.12582054734230042,0.12144666165113449,44.0,2.066294428004767e-06,0.12045466899871826,0.12045466899871826,3.2138307094573975,3.2138307094573975,3.125267267227173,3.1142489910125732,0.2090262919664383,0.0,1.0,0.44847115874290466,1.0377470254898071,0.08882230520248413,0.6306043863296509,9.999999974752427e-07,2.297318133059889e-06,0.5563480854034424,0.21828119456768036,0.3923463821411133,0.16643160581588745,0.29915013909339905,0.001817941665649414,0.0013877153396606445,0.7633443474769592,0.0019006729125976562,1.0455081462860107,0.4948333203792572,0.2327681928873062,0.5299999713897705,0.2327681928873062,0.49166667461395264,0.26132604479789734,0.5536666512489319,0.26132604479789734,0.4948333203792572,0.23224356770515442,0.5299999713897705,0.23224356770515442,0.5391407012939453,0.01608877256512642,33.51036834716797,0.23053765296936035,0.0005547350156120956,415.5815734863281,0.08063487708568573,0.17770853638648987,0.0004957476630806923,358.4656982421875,0.09348277747631073,0.0018142462940886617,0.0001957288186531514,9.269183158874512,0.0013933541486039758,0.00012845428136643022,10.847081184387207,0.8545324802398682,0.0019343296298757195,0.00014484698476735502,13.35429859161377,0.6940973997116089,0.5461841821670532,0.5776853561401367,0.9454700350761414,0.5937889218330383,0.6328304409980774,0.938306450843811,0.44848835468292236,0.4692833721637726,0.9556876420974731,0.9636635184288025,0.9894666075706482,0.9739221334457397,1.047471046447754,1.0857723951339722,0.9647243022918701,0.9185307025909424,0.9410014748573303,0.9761203527450562,0.4839789569377899,0.44322431087493896,0.04265390709042549,0.03279699757695198,-0.04075464606285095,0.5528558492660522,0.028656737878918648,-0.10963153839111328,1.0,0.9791154265403748,sphere,1.0,8,gaussian,gaussian,60000,0.3,0.3,"[0.0, 0.0, 0.0, 0.0, 0.0, 0.0, 0.0, 0.0]","[0.0, 0.1889822, 0.1889822, 0.1889822, 0.1889822, 0.1889822, 0.1889822, 0.1889822]",1,,,True
norm__sph_d8_c1_s42,0.12139344215393066,0.12055855989456177,0.12139344215393066,42.0,2.5232632197003113e-06,0.12150529772043228,0.12150529772043228,3.2023942470550537,3.2023942470550537,3.1226096153259277,3.1146366596221924,0.2234342396259308,0.0,1.0,0.4625720679759979,1.0965461730957031,0.09721046686172485,0.6607401967048645,9.999999974752427e-07,2.233628720205161e-06,0.5548913478851318,0.21965999901294708,0.3958612382411957,0.1671600639820099,0.3012482821941376,0.0011502504348754883,0.0009300708770751953,0.8085811138153076,0.001263260841369629,1.0982484817504883,0.47983333468437195,0.23332901298999786,0.5254999995231628,0.23332901298999786,0.4776666760444641,0.26167261600494385,0.54666668176651,0.26167261600494385,0.47983333468437195,0.23280034959316254,0.5254999995231628,0.23280034959316254,0.5475909113883972,0.014388433657586575,38.057716369628906,0.2319246381521225,0.0006274409242905676,369.63580322265625,0.10296003520488739,0.17857952415943146,0.0004166364960838109,428.62188720703125,0.0887908861041069,0.0011284868232905865,0.00013607903383672237,8.292878150939941,0.000939532183110714,9.339028474641964e-05,10.060277938842773,0.8243190050125122,0.0012854536762461066,0.00011955785885220394,10.751729011535645,0.7713064551353455,0.5516690015792847,0.5752182602882385,0.9590603113174438,0.601995050907135,0.6300503015518188,0.9554714560508728,0.4524480700492859,0.4676269590854645,0.9675406217575073,0.9687708616256714,0.9874001741409302,0.9811330437660217,1.0554167032241821,1.0830963850021362,0.9744439125061035,0.923124372959137,0.9391894340515137,0.9828947186470032,0.4770893454551697,0.4447878897190094,0.04308854043483734,0.032784365117549896,-0.03230145573616028,0.5502750873565674,0.028266049921512604,-0.10548719018697739,1.0,0.9789303541183472,sphere,1.0,8,gaussian,gaussian,60000,0.3,0.3,"[0.0, 0.0, 0.0, 0.0, 0.0, 0.0, 0.0, 0.0]","[0.0, 0.1889822, 0.1889822, 0.1889822, 0.1889822, 0.1889822, 0.1889822, 0.1889822]",1,,,True
norm__sph_d8_c1_s50,0.12092644721269608,0.12460464239120483,0.12092644721269608,38.0,1.8278757352163666e-06,0.12293457239866257,0.12293457239866257,3.2484898567199707,3.2484898567199707,3.176326274871826,3.1870903968811035,0.20551607012748718,0.0,1.0,0.4504278898239136,0.7433775067329407,0.05127693712711334,0.5609073042869568,9.999999974752427e-07,2.24464224629628e-06,0.5517617464065552,0.21671050786972046,0.3927610218524933,0.1643446534872055,0.29785439372062683,0.000586390495300293,0.0006095170974731445,1.0394389629364014,0.0006086826324462891,1.0380158424377441,0.49283334612846375,0.23021019995212555,0.49166667461395264,0.23021019995212555,0.48750001192092896,0.2571352422237396,0.4959999918937683,0.2571352422237396,0.49283334612846375,0.22970271110534668,0.49166667461395264,0.22970271110534668,0.5399072170257568,0.02205202914774418,24.483335494995117,0.229410782456398,0.000654716684948653,350.39703369140625,0.06987312436103821,0.175892636179924,0.00036137085407972336,486.73724365234375,0.05030092969536781,0.0006223043310455978,0.00010035785817308351,6.200852870941162,0.0006480813608504832,7.534812175435945e-05,8.601161003112793,0.7209320664405823,0.0006517688743770123,8.392951713176444e-05,7.765669345855713,0.7984955906867981,0.568595290184021,0.5661846399307251,1.0042576789855957,0.6225335001945496,0.6206864714622498,1.0029758214950562,0.46377477049827576,0.46193814277648926,1.0039758682250977,0.9832400679588318,0.980813205242157,1.002474308013916,1.0762776136398315,1.0756644010543823,1.0005700588226318,0.9358626008033752,0.9336362481117249,1.0023846626281738,0.45540136098861694,0.4455578625202179,0.03557216748595238,0.03162996843457222,-0.009843498468399048,0.548909068107605,0.027684692293405533,-0.10335120558738708,1.0,0.9857821464538574,sphere,1.0,8,gaussian,gaussian,60000,0.3,0.3,"[0.0, 0.0, 0.0, 0.0, 0.0, 0.0, 0.0, 0.0]","[0.0, 0.1889822, 0.1889822, 0.1889822, 0.1889822, 0.1889822, 0.1889822, 0.1889822]",1,,,True
norm__sph_d8_c2_s34,0.06079833209514618,0.06073630601167679,0.06079833209514618,62.0,3.774960930513771e-07,0.06091915816068649,0.06091915816068649,0.8001693487167358,0.8001693487167358,0.7793645858764648,0.7821163535118103,0.1722395271062851,0.0,1.0,0.3961567282676697,0.842758297920227,0.12365983426570892,0.6455610394477844,9.999999974752427e-07,2.750837211351609e-06,0.4506516456604004,0.21806901693344116,0.48389706015586853,0.06795984506607056,0.15080350637435913,0.0001825094223022461,0.00016617774963378906,0.9105160236358643,0.0001857280731201172,1.0176355838775635,0.5065000057220459,0.1645919680595398,0.5180000066757202,0.1645919680595398,0.5044999718666077,0.26132604479789734,0.5171666741371155,0.26132604479789734,0.5065000057220459,0.16422118246555328,0.5180000066757202,0.16422118246555328,0.4401499330997467,0.007193493656814098,61.187232971191406,0.23068363964557648,0.0005522568244487047,417.7107849121094,0.14648228883743286,0.07555585354566574,0.00025213579647243023,299.663330078125,0.2041865885257721,0.00020857257186435163,4.379523670650087e-05,4.762448310852051,0.00019166072888765484,4.313098543207161e-05,4.443689823150635,1.0717328786849976,0.000222945207497105,4.3121835915371776e-05,5.17012357711792,0.921147882938385,0.286886602640152,0.28884264826774597,0.993228018283844,0.6295410990715027,0.6328305006027222,0.9948020577430725,0.23321940004825592,0.2346416860818863,0.9939385056495667,0.6970372200012207,0.6996586322784424,0.9962533116340637,1.0825419425964355,1.0857723951339722,0.9970247149467468,0.6630223989486694,0.6653885245323181,0.9964439868927002,0.44018831849098206,0.4432242810726166,0.02949455939233303,0.032796986401081085,0.003035962348803878,0.5528558492660522,0.0286567322909832,-0.10963156819343567,1.0,0.6995390057563782,sphere,2.0,8,gaussian,gaussian,60000,0.3,0.3,"[0.0, 0.0, 0.0, 0.0, 0.0, 0.0, 0.0, 0.0]","[0.0, 0.1889822, 0.1889822, 0.1889822, 0.1889822, 0.1889822, 0.1889822, 0.1889822]",1,,,True
norm__sph_d8_c2_s42,0.060641832649707794,0.06077256426215172,0.060641832649707794,54.0,1.8676122408578522e-06,0.060784291476011276,0.060784291476011276,0.7756581902503967,0.7756581902503967,0.6972805857658386,0.6959232687950134,0.1253681629896164,0.0,1.0,0.3442419171333313,0.8511896133422852,0.08279695361852646,0.5161188244819641,9.999999974752427e-07,3.03220008390781e-06,0.4430350065231323,0.22117622196674347,0.49922969937324524,0.06953109800815582,0.15694266557693481,0.0007556676864624023,0.0005762577056884766,0.7625808715820312,0.0008896589279174805,1.1773149967193604,0.47616666555404663,0.16498889029026031,0.5286666750907898,0.16498889029026031,0.4751666784286499,0.2616722881793976,0.5463333129882812,0.2616722881793976,0.47616666555404663,0.16461461782455444,0.5286666750907898,0.16461461782455444,0.44132357835769653,0.007117087487131357,62.00900650024414,0.23343047499656677,0.0006672828458249569,349.82244873046875,0.17725850641727448,0.07681580632925034,0.0003109019307885319,247.07406616210938,0.25097334384918213,0.0007535656914114952,0.0001007707542157732,7.478019714355469,0.0005922277923673391,7.33309134375304e-05,8.07610034942627,0.9259443879127502,0.0009131074184551835,9.361404954688624e-05,9.75395679473877,0.7666652202606201,0.2777167558670044,0.2876092195510864,0.9656044840812683,0.6088926792144775,0.6300503015518188,0.9664191603660583,0.22737711668014526,0.23381347954273224,0.9724722504615784,0.686754584312439,0.6981973648071289,0.9836108684539795,1.0604969263076782,1.0830963850021362,0.9791343808174133,0.6541418433189392,0.6641072630882263,0.9849942326545715,0.47220751643180847,0.4447878301143646,0.045105207711458206,0.032784353941679,-0.0274196844547987,0.5502750277519226,0.028266042470932007,-0.10548719018697739,1.0,0.6928725838661194,sphere,2.0,8,gaussian,gaussian,60000,0.3,0.3,"[0.0, 0.0, 0.0, 0.0, 0.0, 0.0, 0.0, 0.0]","[0.0, 0.1889822, 0.1889822, 0.1889822, 0.1889822, 0.1889822, 0.1889822, 0.1889822]",1,,,True
norm__sph_d8_c2_s50,0.0604100227355957,0.060512516647577286,0.0604100227355957,62.0,4.172325134277344e-07,0.06178402155637741,0.06178402155637741,0.8119451403617859,0.8119451403617859,0.7471845149993896,0.7086070775985718,0.17047202587127686,0.0,1.0,0.3937929570674896,0.8258384466171265,0.12408360093832016,0.644527018070221,9.999999974752427e-07,2.771745130303316e-06,0.44477128982543945,0.2155025154352188,0.48452436923980713,0.06659551709890366,0.14972980320453644,0.0003647804260253906,0.0003548860549926758,0.9728758335113525,0.0003489255905151367,0.9565359950065613,0.5040000081062317,0.16278356313705444,0.4959999918937683,0.16278356313705444,0.4964999854564667,0.2571351230144501,0.49316665530204773,0.2571351230144501,0.5040000081062317,0.1624242663383484,0.4959999918937683,0.1624242663383484,0.4390493929386139,0.008947117254137993,49.07160568237305,0.22822387516498566,0.0006534658605232835,349.25140380859375,0.1405051052570343,0.07443089038133621,0.0002542818838264793,292.71014404296875,0.16764572262763977,0.0004087448469363153,8.331971184816211e-05,4.905740261077881,0.00038663946907036006,5.184998735785484e-05,7.4568867683410645,0.6578804850578308,0.00039041441050358117,5.5071206588763744e-05,7.089266300201416,0.6919955015182495,0.28611841797828674,0.2830924093723297,1.01068913936615,0.6254802346229553,0.6206865310668945,1.0077232122421265,0.23281168937683105,0.23096907138824463,1.0079777240753174,0.696505069732666,0.6935397386550903,1.0042756795883179,1.07947838306427,1.0756645202636719,1.0035456418991089,0.662639856338501,0.6601804494857788,1.0037254095077515,0.445954829454422,0.4455578625202179,0.030288683250546455,0.03162996098399162,-0.00039696693420410156,0.548909068107605,0.027684692293405533,-0.10335120558738708,1.0,0.6976121664047241,sphere,2.0,8,gaussian,gaussian,60000,0.3,0.3,"[0.0, 0.0, 0.0, 0.0, 0.0, 0.0, 0.0, 0.0]","[0.0, 0.1889822, 0.1889822, 0.1889822, 0.1889822, 0.1889822, 0.1889822, 0.1889822]",1,,,True
norm__sph_d8_c3_s34,0.04049001634120941,0.042003460228443146,0.04049001634120941,62.0,2.8808912588829116e-07,0.040153879672288895,0.040153879672288895,-0.6313870549201965,-0.6313870549201965,-0.652485728263855,-0.6658015251159668,0.11530997604131699,0.0,1.0,0.32457202672958374,0.6757761240005493,0.0997915044426918,0.5263757109642029,9.999999974752427e-07,3.3498467928438913e-06,0.3918382525444031,0.21780486404895782,0.5558540225028992,0.03298451006412506,0.08417889475822449,0.00019621849060058594,0.0001697540283203125,0.8651276230812073,0.0002052783966064453,1.0461724996566772,0.5051666498184204,0.1343892216682434,0.5220000147819519,0.1343892216682434,0.5071666836738586,0.26132628321647644,0.5233333110809326,0.26132628321647644,0.5051666498184204,0.1340857744216919,0.5220000147819519,0.1340857744216919,0.3844946622848511,0.0042435904033482075,90.6059799194336,0.23040296137332916,0.0005719056935049593,402.8688049316406,0.2249019294977188,0.03789766877889633,0.00015561821055598557,243.52978515625,0.37205296754837036,0.0002260844048578292,4.943705425830558e-05,4.573176860809326,0.00020159882842563093,4.5086002501193434e-05,4.471427917480469,1.0227553844451904,0.00023654699907638133,3.7731540942331776e-05,6.269211769104004,0.7294660806655884,0.18987467885017395,0.1925618052482605,0.9860453009605408,0.6258886456489563,0.6328305006027222,0.9890305399894714,0.1544981300830841,0.1564277857542038,0.9876642227172852,0.5669240951538086,0.5712688565254211,0.9923945069313049,1.0787450075149536,1.0857723951339722,0.9935277700424194,0.5393764972686768,0.5432873964309692,0.9928014278411865,0.4397369921207428,0.4432242810726166,0.029096588492393494,0.032796990126371384,0.003487318754196167,0.5528557896614075,0.02865673042833805,-0.1096315085887909,1.0,0.5700894594192505,sphere,3.0,8,gaussian,gaussian,60000,0.3,0.3,"[0.0, 0.0, 0.0, 0.0, 0.0, 0.0, 0.0, 0.0]","[0.0, 0.1889822, 0.1889822, 0.1889822, 0.1889822, 0.1889822, 0.1889822, 0.1889822]",1,,,True
norm__sph_d8_c3_s42,0.04043176397681236,0.040513526648283005,0.04043176397681236,56.0,8.543332228327927e-07,0.040523774921894073,0.040523774921894073,-0.6434817314147949,-0.6434817314147949,-0.7163304090499878,-0.7179504632949829,0.08763837814331055,0.0,1.0,0.28636446595191956,0.7201413512229919,0.07500018179416656,0.4401760399341583,9.999999974752427e-07,3.6756675854121568e-06,0.3860958516597748,0.2211790531873703,0.5728604793548584,0.03428967297077179,0.08881128579378128,0.0007065534591674805,0.0005376338958740234,0.7609245777130127,0.0008345842361450195,1.1812046766281128,0.4778333306312561,0.13471285998821259,0.5293333530426025,0.13471285998821259,0.4763333201408386,0.26167261600494385,0.5435000061988831,0.26167261600494385,0.4778333306312561,0.13440734148025513,0.5293333530426025,0.13440734148025513,0.38565585017204285,0.00478448998183012,80.60542297363281,0.23344701528549194,0.0006623767549172044,352.4384460449219,0.22870780527591705,0.03906165063381195,0.00016825890634208918,232.15206909179688,0.3472096025943756,0.0007066012476570904,9.71476620179601e-05,7.2734761238098145,0.0005535006639547646,7.215725054265931e-05,7.670755863189697,0.9482085108757019,0.0008583943708799779,9.106868674280122e-05,9.425790786743164,0.7716569304466248,0.18571923673152924,0.19173942506313324,0.9686022400856018,0.6108377575874329,0.6300503015518188,0.9695063233375549,0.15195617079734802,0.15587565302848816,0.9748550653457642,0.5615156292915344,0.5700757503509521,0.9849842190742493,1.0622475147247314,1.0830963850021362,0.9807506799697876,0.5347772836685181,0.5422413349151611,0.9862348437309265,0.4711621105670929,0.4447878301143646,0.045017048716545105,0.032784353941679,-0.02637428045272827,0.5502750277519226,0.028266042470932007,-0.10548719018697739,1.0,0.5660927295684814,sphere,3.0,8,gaussian,gaussian,60000,0.3,0.3,"[0.0, 0.0, 0.0, 0.0, 0.0, 0.0, 0.0, 0.0]","[0.0, 0.1889822, 0.1889822, 0.1889822, 0.1889822, 0.1889822, 0.1889822, 0.1889822]",1,,,True
norm__sph_d8_c3_s50,0.04027719795703888,0.04033888131380081,0.04027719795703888,62.0,3.178914482759865e-07,0.04119270294904709,0.04119270294904709,-0.6077007055282593,-0.6077007055282593,-0.6648181080818176,-0.7041335701942444,0.11432908475399017,0.0,1.0,0.32258471846580505,0.6727001667022705,0.1013246700167656,0.5268707275390625,9.999999974752427e-07,3.3830044685601024e-06,0.38911542296409607,0.21594473719596863,0.5549631714820862,0.03250638768076897,0.08353918790817261,0.00036597251892089844,0.00035500526428222656,0.9700325727462769,0.0003503561019897461,0.9573289155960083,0.5023333430290222,0.13291192054748535,0.4948333203792572,0.13291192054748535,0.4946666657924652,0.2571352422237396,0.49133333563804626,0.2571352422237396,0.5023333430290222,0.13261859118938446,0.4948333203792572,0.13261859118938446,0.3847273290157318,0.005580755416303873,68.93822479248047,0.22867099940776825,0.000660382560454309,346.2705078125,0.19908776879310608,0.03737875819206238,0.00016773671086411923,222.84182739257812,0.30935943126678467,0.00041025085374712944,8.160521974787116e-05,5.027262210845947,0.0003862897865474224,5.140826033311896e-05,7.514157772064209,0.6690386533737183,0.0003911733510904014,5.303011494106613e-05,7.376438617706299,0.681529700756073,0.1914316862821579,0.18872827291488647,1.014324426651001,0.62784743309021,0.6206865310668945,1.0115370750427246,0.15563109517097473,0.15397939085960388,1.010726809501648,0.5695295929908752,0.5662727952003479,1.0057512521743774,1.0815367698669434,1.0756645202636719,1.005459189414978,0.5417395830154419,0.5390351414680481,1.0050171613693237,0.4439846873283386,0.4455578625202179,0.029514750465750694,0.03162996098399162,0.0015731750754639506,0.548909068107605,0.027684692293405533,-0.10335120558738708,1.0,0.5700324773788452,sphere,3.0,8,gaussian,gaussian,60000,0.3,0.3,"[0.0, 0.0, 0.0, 0.0, 0.0, 0.0, 0.0, 0.0]","[0.0, 0.1889822, 0.1889822, 0.1889822, 0.1889822, 0.1889822, 0.1889822, 0.1889822]",1,,,True
norm__sph_d8_c5_s34,0.024324817582964897,0.024302974343299866,0.024324817582964897,62.0,2.384185791015625e-07,0.02436918579041958,0.02436918579041958,-2.409196138381958,-2.409196138381958,-2.424764394760132,-2.4231154918670654,0.0696696862578392,0.0,1.0,0.25185954570770264,0.5318451523780823,0.07895221561193466,0.41150006651878357,9.999999974752427e-07,4.33159129897831e-06,0.3266010284423828,0.21843717992305756,0.6688196063041687,0.01175023429095745,0.035977330058813095,0.0002046823501586914,0.0001817941665649414,0.8881769776344299,0.0002084970474243164,1.0186371803283691,0.5053333044052124,0.10409720987081528,0.51583331823349,0.10409720987081528,0.5034999847412109,0.26132628321647644,0.5163333415985107,0.26132628321647644,0.5053333044052124,0.1038626879453659,0.51583331823349,0.1038626879453659,0.3219450116157532,0.002401304431259632,134.07089233398438,0.23105283081531525,0.0005629958468489349,410.3988342285156,0.3266843855381012,0.013914561830461025,8.082389831542969e-05,172.1590118408203,0.7787619829177856,0.00023125809093471617,4.713903763331473e-05,4.905872344970703,0.0002080877748085186,4.5596530981129035e-05,4.563675403594971,1.074982762336731,0.00024526516790501773,4.4290303776506335e-05,5.53767204284668,0.8859087824821472,0.11491792649030685,0.11553706973791122,0.9946411848068237,0.6305543184280396,0.6328305006027222,0.996403157711029,0.09336777776479721,0.09385666996240616,0.9947910904884338,0.4409952461719513,0.4425029158592224,0.9965928792953491,1.0831998586654663,1.0857723951339722,0.9976305961608887,0.4194279909133911,0.420828640460968,0.9966716170310974,0.4390755891799927,0.4432242810726166,0.028942566365003586,0.032796990126371384,0.004148691892623901,0.5528557896614075,0.0286567322909832,-0.1096315085887909,1.0,0.4425203800201416,sphere,5.0,8,gaussian,gaussian,60000,0.3,0.3,"[0.0, 0.0, 0.0, 0.0, 0.0, 0.0, 0.0, 0.0]","[0.0, 0.1889822, 0.1889822, 0.1889822, 0.1889822, 0.1889822, 0.1889822, 0.1889822]",1,,,True
norm__sph_d8_c5_s42,0.02442302741110325,0.024794086813926697,0.02442302741110325,56.0,8.344650268554688e-07,0.024393916130065918,0.024393916130065918,-2.4367969036102295,-2.4367969036102295,-2.4682066440582275,-2.462347984313965,0.05442452058196068,0.0,1.0,0.22437025606632233,0.5609883069992065,0.06384806334972382,0.3560791015625,9.999999974752427e-07,4.742424152937019e-06,0.3225345015525818,0.22061268985271454,0.6839971542358398,0.012470829300582409,0.03866510093212128,0.0006927251815795898,0.0005865097045898438,0.8466700911521912,0.0007904767990112305,1.1411117315292358,0.4801666736602783,0.10434790700674057,0.5139999985694885,0.10434790700674057,0.4830000102519989,0.26167285442352295,0.5349999666213989,0.26167285442352295,0.4801666736602783,0.10411130636930466,0.5139999985694885,0.10411130636930466,0.32255661487579346,0.0030015218071639538,107.46435546875,0.23294460773468018,0.0006217809859663248,374.64093017578125,0.2868463099002838,0.014554315246641636,9.187332034343854e-05,158.41722106933594,0.6783628463745117,0.0006900549051351845,0.00010449530964251608,6.603692531585693,0.000599765800870955,7.760892185615376e-05,7.728052139282227,0.8545092940330505,0.0008129160269163549,9.417020919499919e-05,8.63241195678711,0.764988124370575,0.11270376294851303,0.11504366993904114,0.9796607494354248,0.6164189577102661,0.6300503015518188,0.9783646464347839,0.09203578531742096,0.09352538734674454,0.984072744846344,0.43743860721588135,0.44157877564430237,0.990624189376831,1.0682746171951294,1.0830963850021362,0.9863153696060181,0.4164446294307709,0.4200183153152466,0.9914916157722473,0.4683365821838379,0.4447878301143646,0.04283678159117699,0.032784353941679,-0.023548752069473267,0.5502750277519226,0.028266042470932007,-0.10548719018697739,1.0,0.4397156536579132,sphere,5.0,8,gaussian,gaussian,60000,0.3,0.3,"[0.0, 0.0, 0.0, 0.0, 0.0, 0.0, 0.0, 0.0]","[0.0, 0.1889822, 0.1889822, 0.1889822, 0.1889822, 0.1889822, 0.1889822, 0.1889822]",1,,,True
norm__sph_d8_c5_s50,0.02416948601603508,0.024202845990657806,0.02416948601603508,62.0,2.2848446690204582e-07,0.024717412889003754,0.024717412889003754,-2.3971149921417236,-2.3971149921417236,-2.439924478530884,-2.47945499420166,0.06882398575544357,0.0,1.0,0.25027963519096375,0.5196192860603333,0.07863364368677139,0.40866297483444214,9.999999974752427e-07,4.361376340966672e-06,0.3248637914657593,0.21651749312877655,0.6664869785308838,0.011618996039032936,0.035765744745731354,0.0003619194030761719,0.0003521442413330078,0.9729907512664795,0.00034749507904052734,0.9601449370384216,0.5,0.10295336693525314,0.49166667461395264,0.10295336693525314,0.4934999942779541,0.2571352422237396,0.49000000953674316,0.2571352422237396,0.5,0.10272606462240219,0.49166667461395264,0.10272606462240219,0.32158738374710083,0.003159714164212346,101.77737426757812,0.2292500138282776,0.0006652342854067683,344.6154479980469,0.2953360676765442,0.013744987547397614,8.615302795078605e-05,159.54153442382812,0.637936532497406,0.00040580035420134664,8.065715519478545e-05,5.0311760902404785,0.0003823757288046181,5.1287719543324783e-05,7.455502510070801,0.6748272180557251,0.0003875017282553017,5.088052057544701e-05,7.615915298461914,0.660613477230072,0.11543082445859909,0.11323695629835129,1.019374132156372,0.631014883518219,0.6206865310668945,1.0166401863098145,0.09373439848423004,0.0923876240849495,1.0145773887634277,0.44207265973091125,0.4386330246925354,1.00784170627594,1.084140419960022,1.0756645202636719,1.0078797340393066,0.420399010181427,0.41753479838371277,1.0068597793579102,0.4426875710487366,0.4455578625202179,0.029339469969272614,0.03162996098399162,0.0028702914714813232,0.548909068107605,0.027684686705470085,-0.10335120558738708,1.0,0.44200950860977173,sphere,5.0,8,gaussian,gaussian,60000,0.3,0.3,"[0.0, 0.0, 0.0, 0.0, 0.0, 0.0, 0.0, 0.0]","[0.0, 0.1889822, 0.1889822, 0.1889822, 0.1889822, 0.1889822, 0.1889822, 0.1889822]",1,,,True
