,train/loss,train/loss_step,train/loss_epoch,nfe,integ_error,test/loss,test_vec/rfm_loss,test_vec/alignment,test_vec/finite_fraction,test_vec/norm_mean,test_vec/norm_max,test_vec/norm_std,test_vec/norm_p95,test_vec/tangency_violation_abs,test_vec/tangency_violation_rel,test_sample/sinkhorn_knopp,test_sample/tangent_sinkhorn_knopp,test_sample/tangent_to_geodesic_sinkhorn_ratio,test_sample/epsilon_coverage,test_sample/epsilon_precision,test_sample/frechet_variance_pred,test_sample/frechet_variance_target,test_sample/frechet_variance_ratio,test_sample/dispersion_predicted,test_sample/dispersion_target,test_sample/dispersion_ratio,test_sample/volume_scaling_mean_pred,test_sample/volume_scaling_mean_target,test_sample/volume_scaling_variance_pred,test_sample/volume_scaling_variance_target,test_sample/volume_scaling_gap_target_minus_pred,test_sample/volume_scaling_mean_start,test_sample/volume_scaling_variance_start,test_sample/volume_scaling_gap_start_target,test_sample/finite_fraction,test_sample/geodesic_dist,manifold,curvature,dim,x0_dist,x1_dist,n_samples,std_x0,std_x1,mean_x0,mean_x1,radius_x1,weights,origin,normalize_tangent_distributions,val/rfm_loss,val/rfm_loss_epoch,val/loss,val/loss_epoch,val/loss_best
general__euc_d16_s34,0.011233462952077389,0.01112664770334959,0.011233462952077389,20.0,0.0,15.41831111907959,0.2504345774650574,0.0,1.0,0.5003857612609863,0.524027407169342,0.006975899450480938,0.5118532180786133,0.0,0.0,0.7696860432624817,0.7696860432624817,1.0,0.4959999918937683,0.49433332681655884,0.09020358324050903,0.09001237154006958,1.002124309539795,1.6725614070892334,1.6710337400436401,1.0009143352508545,1.0,1.0,0.0,0.0,0.0,1.0,0.0,0.0,1.0,1.6708621978759766,euclidean,0.0,16,gaussian,gaussian,60000,0.3,0.3,"[0.0, 0.0, 0.0]","[0.8, 0.0, 0.0]",1,,,False,,,,,
general__euc_d16_s42,0.011172688566148281,0.011391094885766506,0.011172688566148281,36.5,0.0,15.457365036010742,0.26932117342948914,0.0,1.0,0.4977741241455078,1.2862719297409058,0.14654041826725006,0.8023917078971863,0.0,0.0,0.7744393944740295,0.7744393944740295,1.0,0.49433332681655884,0.5034999847412109,0.0913340225815773,0.08987757563591003,1.016204833984375,1.6812962293624878,1.669467568397522,1.0070853233337402,1.0,1.0,0.0,0.0,0.0,1.0,0.0,0.0,1.0,1.6772308349609375,euclidean,0.0,16,gaussian,gaussian,60000,0.3,0.3,"[0.0, 0.0, 0.0]","[0.8, 0.0, 0.0]",1,,,False,0.011152449063956738,0.011152449063956738,15.455936431884766,15.455936431884766,15.455934524536133
general__euc_d16_s50,0.011166049167513847,0.010879063978791237,0.011166049167513847,36.5,0.0,15.441756248474121,0.2708667516708374,0.0,1.0,0.4985116720199585,1.3032786846160889,0.1491159200668335,0.8078886866569519,0.0,0.0,0.7772974967956543,0.7772974967956543,1.0,0.4934999942779541,0.49133333563804626,0.09199024736881256,0.09045828133821487,1.0169354677200317,1.6879013776779175,1.6748965978622437,1.007764458656311,1.0,1.0,0.0,0.0,0.0,1.0,0.0,0.0,1.0,1.6774719953536987,euclidean,0.0,16,gaussian,gaussian,60000,0.3,0.3,"[0.0, 0.0, 0.0]","[0.8, 0.0, 0.0]",1,,,False,0.011235278099775314,0.011235278099775314,15.450769424438477,15.450769424438477,15.450769424438477
general__euc_d256_s34,0.0007028394029475749,0.0007008269894868135,0.0007028394029475749,20.0,0.0,246.7699737548828,0.2458478808403015,0.0,1.0,0.4958101511001587,0.5036934018135071,0.004481982905417681,0.50285804271698,0.0,0.0,5.913273334503174,5.913273334503174,1.0,0.4976666569709778,0.5034999847412109,0.09014909714460373,0.08999090641736984,1.0017578601837158,6.787816524505615,6.781876087188721,1.0008759498596191,1.0,1.0,0.0,0.0,0.0,1.0,0.0,0.0,1.0,6.78579044342041,euclidean,0.0,256,gaussian,gaussian,60000,0.3,0.3,"[0.0, 0.0, 0.0]","[0.8, 0.0, 0.0]",1,,,False,,,,,
general__euc_d256_s42,0.0007026632083579898,0.0007063809898681939,0.0007026632083579898,20.0,0.0,246.77142333984375,0.24850547313690186,0.0,1.0,0.49847403168678284,0.5080651640892029,0.005394835025072098,0.506983757019043,0.0,0.0,5.91105318069458,5.91105318069458,1.0,0.5053333044052124,0.5011666417121887,0.08994615823030472,0.09000394493341446,0.9993579387664795,6.780140399932861,6.782246112823486,0.999689519405365,1.0,1.0,0.0,0.0,0.0,1.0,0.0,0.0,1.0,6.779046058654785,euclidean,0.0,256,gaussian,gaussian,60000,0.3,0.3,"[0.0, 0.0, 0.0]","[0.8, 0.0, 0.0]",1,,,False,,,,,
general__euc_d256_s50,0.0007026131497696042,0.0007018851465545595,0.0007026131497696042,20.0,0.0,246.7705841064453,0.2492675930261612,0.0,1.0,0.49922803044319153,0.5102304220199585,0.006237414199858904,0.5090711116790771,0.0,0.0,5.912254333496094,5.912254333496094,1.0,0.49316665530204773,0.5048333406448364,0.09002836048603058,0.09000004082918167,1.000314712524414,6.783217430114746,6.782174587249756,1.0001537799835205,1.0,1.0,0.0,0.0,0.0,1.0,0.0,0.0,1.0,6.782559871673584,euclidean,0.0,256,gaussian,gaussian,60000,0.3,0.3,"[0.0, 0.0, 0.0]","[0.8, 0.0, 0.0]",1,,,False,,,,,
general__euc_d2_s34,0.07202108949422836,0.073847696185112,0.07202108949422836,38.5,0.0,1.9532815217971802,0.2764202654361725,0.0,1.0,0.5021291375160217,1.3179608583450317,0.15559037029743195,0.8269400000572205,0.0,0.0,0.022169848904013634,0.022169848904013634,1.0,0.4884999990463257,0.5005000233650208,0.10213431715965271,0.0906623974442482,1.1265345811843872,0.5499275922775269,0.5334434509277344,1.0309014320373535,1.0,1.0,0.0,0.0,0.0,1.0,0.0,0.0,1.0,0.5427807569503784,euclidean,0.0,2,gaussian,gaussian,60000,0.3,0.3,"[0.0, 0.0, 0.0]","[0.8, 0.0, 0.0]",1,,,False,0.08168666064739227,0.08168666064739227,1.9548187255859375,1.9548187255859375,1.9548184871673584
general__euc_d2_s42,0.07189220190048218,0.07359945774078369,0.07189220190048218,53.5,0.0,1.9277253150939941,0.32890233397483826,0.0,1.0,0.5460909008979797,1.2993133068084717,0.17474393546581268,0.8663231730461121,0.0,0.0,0.0024931225925683975,0.0024931225925683975,1.0,0.4964999854564667,0.49133333563804626,0.09040195494890213,0.08840153366327286,1.022628903388977,0.533663272857666,0.527102530002594,1.0124467611312866,1.0,1.0,0.0,0.0,0.0,1.0,0.0,0.0,1.0,0.5267233848571777,euclidean,0.0,2,gaussian,gaussian,60000,0.3,0.3,"[0.0, 0.0, 0.0]","[0.8, 0.0, 0.0]",1,,,False,0.06923876702785492,0.06923876702785492,1.9262267351150513,1.9262267351150513,1.9262266159057617
general__euc_d2_s50,0.0718899667263031,0.07279431819915771,0.0718899667263031,38.0,0.0,1.9740283489227295,0.27816930413246155,0.0,1.0,0.5048813223838806,1.2887296676635742,0.15213969349861145,0.8160551190376282,0.0,0.0,0.023253250867128372,0.023253250867128372,1.0,0.47466665506362915,0.4938333332538605,0.10445857048034668,0.08753042668104172,1.1933971643447876,0.5564407110214233,0.52455073595047,1.0607948303222656,1.0,1.0,0.0,0.0,0.0,1.0,0.0,0.0,1.0,0.5433322787284851,euclidean,0.0,2,gaussian,gaussian,60000,0.3,0.3,"[0.0, 0.0, 0.0]","[0.8, 0.0, 0.0]",1,,,False,0.080520398914814,0.080520398914814,1.9597203731536865,1.9597203731536865,1.9597203731536865
general__euc_d3_s34,0.047793153673410416,0.04886705428361893,0.047793153673410416,38.0,0.0,2.8819284439086914,0.3551144599914551,0.0,1.0,0.5678328275680542,1.2824021577835083,0.18050216138362885,0.9136661887168884,0.0,0.0,0.011674361303448677,0.011674361303448677,1.0,0.4988333284854889,0.5065000057220459,0.09008810669183731,0.08987348526716232,1.0023880004882812,0.6767551302909851,0.6767981648445129,0.9999364614486694,1.0,1.0,0.0,0.0,0.0,1.0,0.0,0.0,1.0,0.6766956448554993,euclidean,0.0,3,gaussian,gaussian,60000,0.3,0.3,"[0.0, 0.0, 0.0]","[0.8, 0.0, 0.0]",1,,,False,0.04724174365401268,0.04724174365401268,2.8798508644104004,2.8798508644104004,2.8798506259918213
general__euc_d3_s42,0.047655895352363586,0.05008869990706444,0.047655895352363586,44.0,0.0,2.8890221118927,0.36809948086738586,0.0,1.0,0.5824776887893677,1.304985523223877,0.1695154458284378,0.9195378422737122,0.0,0.0,0.013673719018697739,0.013673719018697739,1.0,0.5061666369438171,0.5024999976158142,0.09101013839244843,0.08998459577560425,1.011396884918213,0.6802293658256531,0.6775373816490173,1.0039732456207275,1.0,1.0,0.0,0.0,0.0,1.0,0.0,0.0,1.0,0.6764438152313232,euclidean,0.0,3,gaussian,gaussian,60000,0.3,0.3,"[0.0, 0.0, 0.0]","[0.8, 0.0, 0.0]",1,,,False,0.04777395725250244,0.04777395725250244,2.8892922401428223,2.8892922401428223,2.889292001724243
general__euc_d3_s50,0.04790939390659332,0.04736063629388809,0.04790939390659332,37.5,0.0,2.882394552230835,0.2790660858154297,0.0,1.0,0.5043521523475647,1.274160623550415,0.15683621168136597,0.8243359923362732,0.0,0.0,0.023271342739462852,0.023271342739462852,1.0,0.49566665291786194,0.5083333253860474,0.09510380029678345,0.08966925740242004,1.0606064796447754,0.6892278790473938,0.6760624647140503,1.019473671913147,1.0,1.0,0.0,0.0,0.0,1.0,0.0,0.0,1.0,0.6788366436958313,euclidean,0.0,3,gaussian,gaussian,60000,0.3,0.3,"[0.0, 0.0, 0.0]","[0.8, 0.0, 0.0]",1,,,False,0.0561564639210701,0.0561564639210701,2.893259048461914,2.893259048461914,2.893258810043335
general__euc_d4_s34,0.03586864098906517,0.035763196647167206,0.03586864098906517,38.0,0.0,3.8507041931152344,0.40499183535575867,0.0,1.0,0.6077466607093811,1.3183826208114624,0.18841467797756195,0.9828705787658691,0.0,0.0,0.03630651533603668,0.03630651533603668,1.0,0.5116666555404663,0.5069999694824219,0.09011027961969376,0.09080377221107483,0.9923627376556396,0.799418032169342,0.8008806705474854,0.9981737732887268,1.0,1.0,0.0,0.0,0.0,1.0,0.0,0.0,1.0,0.7979918718338013,euclidean,0.0,4,gaussian,gaussian,60000,0.3,0.3,"[0.0, 0.0, 0.0]","[0.8, 0.0, 0.0]",1,,,False,0.035536717623472214,0.035536717623472214,3.8458330631256104,3.8458330631256104,3.8458330631256104
general__euc_d4_s42,0.03568429872393608,0.03469426929950714,0.03568429872393608,38.0,0.0,3.8584771156311035,0.38290318846702576,0.0,1.0,0.5917238593101501,1.3319272994995117,0.18047784268856049,0.9421123266220093,0.0,0.0,0.03760453686118126,0.03760453686118126,1.0,0.48483332991600037,0.4894999861717224,0.09236108511686325,0.09019889682531357,1.023971438407898,0.806954562664032,0.7994963526725769,1.0093286037445068,1.0,1.0,0.0,0.0,0.0,1.0,0.0,0.0,1.0,0.8046469688415527,euclidean,0.0,4,gaussian,gaussian,60000,0.3,0.3,"[0.0, 0.0, 0.0]","[0.8, 0.0, 0.0]",1,,,False,0.035931456834077835,0.035931456834077835,3.857471466064453,3.857471466064453,3.857471466064453
general__euc_d4_s50,0.03572827950119972,0.03651241958141327,0.03572827950119972,32.0,0.0,3.90500807762146,0.26618221402168274,0.0,1.0,0.494371622800827,1.2723534107208252,0.1473587304353714,0.8040174245834351,0.0,0.0,0.05002959072589874,0.05002959072589874,1.0,0.4814999997615814,0.4884999990463257,0.09777612239122391,0.08915026485919952,1.0967563390731812,0.8232667446136475,0.7937347292900085,1.0372065305709839,1.0,1.0,0.0,0.0,0.0,1.0,0.0,0.0,1.0,0.8071460127830505,euclidean,0.0,4,gaussian,gaussian,60000,0.3,0.3,"[0.0, 0.0, 0.0]","[0.8, 0.0, 0.0]",1,,,False,0.04362005740404129,0.04362005740404129,3.900343179702759,3.900343179702759,3.900343179702759
general__euc_d512_s34,0.00035158192622475326,0.0003522199112921953,0.00035158192622475326,20.0,0.0,493.5303039550781,0.25409746170043945,0.0,1.0,0.5037045478820801,0.5379087924957275,0.0194524135440588,0.5345612168312073,0.0,0.0,8.732590675354004,8.732590675354004,1.0,0.4571666717529297,0.4946666657924652,0.09008307009935379,0.08995780348777771,1.0013924837112427,9.600580215454102,9.593847274780273,1.0007017850875854,1.0,1.0,0.0,0.0,0.0,1.0,0.0,0.0,1.0,9.598264694213867,euclidean,0.0,512,gaussian,gaussian,60000,0.3,0.3,"[0.0, 0.0, 0.0]","[0.8, 0.0, 0.0]",1,,,False,,,,,
general__euc_d512_s42,0.00035166204907000065,0.0003505084023345262,0.00035166204907000065,20.0,0.0,493.5460510253906,0.25316768884658813,0.0,1.0,0.502727210521698,0.5397637486457825,0.020786382257938385,0.535788893699646,0.0,0.0,8.728673934936523,8.728673934936523,1.0,0.512333333492279,0.5019999742507935,0.08992543816566467,0.09001875668764114,0.9989632368087769,9.592105865478516,9.597147941589355,0.9994745850563049,1.0,1.0,0.0,0.0,0.0,1.0,0.0,0.0,1.0,9.594959259033203,euclidean,0.0,512,gaussian,gaussian,60000,0.3,0.3,"[0.0, 0.0, 0.0]","[0.8, 0.0, 0.0]",1,,,False,,,,,
general__euc_d512_s50,0.000351683993358165,0.0003516027354635298,0.000351683993358165,20.0,0.0,493.5627136230469,0.247752845287323,0.0,1.0,0.4971192479133606,0.541405200958252,0.024976808577775955,0.5369142889976501,0.0,0.0,8.731608390808105,8.731608390808105,1.0,0.5080000162124634,0.5108333230018616,0.08998416364192963,0.09008427709341049,0.9988886713981628,9.595280647277832,9.600579261779785,0.9994481801986694,1.0,1.0,0.0,0.0,0.0,1.0,0.0,0.0,1.0,9.598245620727539,euclidean,0.0,512,gaussian,gaussian,60000,0.3,0.3,"[0.0, 0.0, 0.0]","[0.8, 0.0, 0.0]",1,,,False,,,,,
general__euc_d64_s34,0.0028115110471844673,0.0028003156185150146,0.0028115110471844673,20.0,0.0,61.67768096923828,0.24727824330329895,0.0,1.0,0.49726971983909607,0.5000945925712585,0.001029790611937642,0.49899935722351074,0.0,0.0,2.4886960983276367,2.4886960983276367,1.0,0.4984999895095825,0.49816668033599854,0.09036485105752945,0.0895300880074501,1.0093237161636353,3.3882341384887695,3.372453451156616,1.0046792030334473,1.0,1.0,0.0,0.0,0.0,1.0,0.0,0.0,1.0,3.3824634552001953,euclidean,0.0,64,gaussian,gaussian,60000,0.3,0.3,"[0.0, 0.0, 0.0]","[0.8, 0.0, 0.0]",1,,,False,,,,,
general__euc_d64_s42,0.00281158066354692,0.002832224126905203,0.00281158066354692,20.0,0.0,61.6944694519043,0.24639643728733063,0.0,1.0,0.4963829219341278,0.49799787998199463,0.0006340574473142624,0.49742382764816284,0.0,0.0,2.4894440174102783,2.4894440174102783,1.0,0.49133333563804626,0.5019999742507935,0.08989927172660828,0.09006215631961823,0.9981914162635803,3.3793954849243164,3.382446050643921,0.9990981221199036,1.0,1.0,0.0,0.0,0.0,1.0,0.0,0.0,1.0,3.388120651245117,euclidean,0.0,64,gaussian,gaussian,60000,0.3,0.3,"[0.0, 0.0, 0.0]","[0.8, 0.0, 0.0]",1,,,False,,,,,
general__euc_d64_s50,0.0028122172225266695,0.0027842887211591005,0.0028122172225266695,20.0,0.0,61.691646575927734,0.24498414993286133,0.0,1.0,0.4949549436569214,0.4990001916885376,0.0019405450439080596,0.4980122447013855,0.0,0.0,2.488189697265625,2.488189697265625,1.0,0.49900001287460327,0.5051666498184204,0.08985371142625809,0.08998327702283859,0.9985601305961609,3.3783838748931885,3.3807601928710938,0.9992971420288086,1.0,1.0,0.0,0.0,0.0,1.0,0.0,0.0,1.0,3.3792362213134766,euclidean,0.0,64,gaussian,gaussian,60000,0.3,0.3,"[0.0, 0.0, 0.0]","[0.8, 0.0, 0.0]",1,,,False,,,,,
general__euc_d8_s34,0.017830846831202507,0.017137819901108742,0.017830846831202507,38.0,0.0,7.7279558181762695,0.4854298233985901,0.0,1.0,0.6644641757011414,1.4332199096679688,0.20925909280776978,1.0782796144485474,0.0,0.0,0.28507184982299805,0.28507184982299805,1.0,0.5043333172798157,0.5080000162124634,0.09083236753940582,0.0907701626420021,1.0006853342056274,1.1681795120239258,1.168280005455017,0.9999139904975891,1.0,1.0,0.0,0.0,0.0,1.0,0.0,0.0,1.0,1.1690458059310913,euclidean,0.0,8,gaussian,gaussian,60000,0.3,0.3,"[0.0, 0.0, 0.0]","[0.8, 0.0, 0.0]",1,,,False,0.018246600404381752,0.018246600404381752,7.723293781280518,7.723293781280518,7.723293781280518
general__euc_d8_s42,0.01780279166996479,0.01801961287856102,0.01780279166996479,38.0,0.0,7.720127582550049,0.4610665738582611,0.0,1.0,0.6487905383110046,1.4131414890289307,0.1998099535703659,1.0296406745910645,0.0,0.0,0.284690260887146,0.284690260887146,1.0,0.4898333251476288,0.484499990940094,0.09080350399017334,0.08993904292583466,1.0096116065979004,1.1687736511230469,1.162345290184021,1.0055304765701294,1.0,1.0,0.0,0.0,0.0,1.0,0.0,0.0,1.0,1.1652296781539917,euclidean,0.0,8,gaussian,gaussian,60000,0.3,0.3,"[0.0, 0.0, 0.0]","[0.8, 0.0, 0.0]",1,,,False,0.018529556691646576,0.018529556691646576,7.71907377243042,7.71907377243042,7.71907377243042
general__euc_d8_s50,0.01835305243730545,0.017913606017827988,0.01835305243730545,32.0,0.0,7.720975875854492,0.2725130319595337,0.0,1.0,0.49969151616096497,1.2612894773483276,0.15078148245811462,0.8085053563117981,0.0,0.0,0.28852415084838867,0.28852415084838867,1.0,0.4869999885559082,0.4790000021457672,0.09232403337955475,0.08906830102205276,1.0365532636642456,1.1771434545516968,1.1575077772140503,1.0169637203216553,1.0,1.0,0.0,0.0,0.0,1.0,0.0,0.0,1.0,1.1703741550445557,euclidean,0.0,8,gaussian,gaussian,60000,0.3,0.3,"[0.0, 0.0, 0.0]","[0.8, 0.0, 0.0]",1,,,False,0.02146754413843155,0.02146754413843155,7.789853572845459,7.789853572845459,7.7163777351379395
general__sph_d17_c10_s34,0.006738150492310524,0.006586532574146986,0.006738150492310524,56.0,2.359350446567987e-06,-19.59352684020996,0.13831155002117157,0.0,1.0,0.3618023693561554,0.5703878402709961,0.08596604317426682,0.5010843276977539,1.0000001111620804e-06,2.9567620458692545e-06,0.19510315358638763,0.6122692823410034,3.1381824016571045,0.5036666393280029,0.5024999976158142,0.07973950356245041,0.08007926493883133,0.9957571625709534,0.3374311625957489,0.33202284574508667,1.0162889957427979,0.005036202725023031,0.003332225838676095,0.00048406224232167006,7.23327393643558e-05,-0.001703977002762258,0.00410078652203083,0.0013732656370848417,-0.0007685606251470745,1.0,0.3366488516330719,sphere,10,17,gaussian,gaussian,60000,0.3,0.3,"[0.0, 0.0, 0.0]","[0.8, 0.0, 0.0]",1,,,False,0.006777423433959484,0.006777423433959484,-19.410959243774414,-19.410959243774414,-19.410959243774414
general__sph_d17_c10_s42,0.006750184576958418,0.006776719354093075,0.006750184576958418,56.0,2.78279185295105e-06,-19.524873733520508,0.13826118409633636,0.0,1.0,0.3619740307331085,0.57048499584198,0.0849505364894867,0.49907878041267395,1.0000001111620804e-06,2.946172116935486e-06,0.19479769468307495,0.6083089113235474,3.122772693634033,0.5036666393280029,0.5081666707992554,0.07570631057024002,0.0802503377199173,0.943376898765564,0.33059215545654297,0.33202141523361206,0.9956952929496765,0.004674443043768406,0.0032880872022360563,0.0003845514147542417,7.923592056613415e-05,-0.0013863558415323496,0.003512523602694273,0.001154470955953002,-0.00022443640045821667,1.0,0.33405983448028564,sphere,10,17,gaussian,gaussian,60000,0.3,0.3,"[0.0, 0.0, 0.0]","[0.8, 0.0, 0.0]",1,,,False,0.006658625323325396,0.006658625323325396,-19.536727905273438,-19.536727905273438,-19.536727905273438
general__sph_d17_c10_s50,0.006851459853351116,0.006873215548694134,0.006851459853351116,56.0,2.555549144744873e-06,-19.61457633972168,0.13615338504314423,0.0,1.0,0.3588595688343048,0.5634366273880005,0.08574192970991135,0.49653294682502747,1.0000001111620804e-06,2.985356786666671e-06,0.19223347306251526,0.6123206615447998,3.1852967739105225,0.5026666522026062,0.5111666321754456,0.07857197523117065,0.07891536504030228,0.9956486225128174,0.3354913294315338,0.3309352695941925,1.0137672424316406,0.005699835252016783,0.003176718484610319,0.0007089393329806626,6.115460564615205e-05,-0.0025231170002371073,0.004754947032779455,0.0017056422075256705,-0.0015782287809997797,1.0,0.3336327373981476,sphere,10,17,gaussian,gaussian,60000,0.3,0.3,"[0.0, 0.0, 0.0]","[0.8, 0.0, 0.0]",1,,,False,0.0068059624172747135,0.0068059624172747135,-19.651477813720703,-19.651477813720703,-19.651477813720703
general__sph_d17_c1_s34,0.11896383762359619,0.11999160051345825,0.11896383762359619,39.0,1.2814998626708984e-06,0.8667756915092468,0.12551531195640564,0.0,1.0,0.33192452788352966,0.6174518465995789,0.12378358095884323,0.5531795620918274,1.0000001111620804e-06,3.4647084703465225e-06,0.8368351459503174,0.7892582416534424,0.9431466460227966,0.4908333420753479,0.49183332920074463,1.446890115737915,1.4420628547668457,1.0033475160598755,1.4300858974456787,1.4288674592971802,1.0008527040481567,0.03640643134713173,0.03654836490750313,0.002302085980772972,0.002285160357132554,0.00014193356037139893,0.04603954404592514,0.0030713726300746202,-0.009491179138422012,1.0,1.429516315460205,sphere,1,17,gaussian,gaussian,60000,0.3,0.3,"[0.0, 0.0, 0.0]","[0.8, 0.0, 0.0]",1,,,False,,,,,
general__sph_d17_c1_s42,0.11872702091932297,0.11715595424175262,0.11872702091932297,38.0,1.4553467053701752e-06,0.8652855753898621,0.12392259389162064,0.0,1.0,0.3299996554851532,0.6126118302345276,0.12232277542352676,0.5496143698692322,1.0000001111620804e-06,3.4749011774692917e-06,0.95346999168396,0.7876261472702026,0.826062798500061,0.48266667127609253,0.4873333275318146,1.4376235008239746,1.4360846281051636,1.001071572303772,1.427528977394104,1.4269815683364868,1.0003834962844849,0.03603310510516167,0.03737153112888336,0.002209625206887722,0.0024173001293092966,0.0013384259073063731,0.046290040016174316,0.003089098958298564,-0.008918508887290955,1.0,1.430100917816162,sphere,1,17,gaussian,gaussian,60000,0.3,0.3,"[0.0, 0.0, 0.0]","[0.8, 0.0, 0.0]",1,,,False,,,,,
general__sph_d17_c1_s50,0.11911444365978241,0.11973992735147476,0.11911444365978241,41.0,1.137455342359317e-06,0.8752752542495728,0.12510021030902863,0.0,1.0,0.33205756545066833,0.6082484722137451,0.12161114811897278,0.5509571433067322,1.0000001111620804e-06,3.4476161090424284e-06,0.9495810270309448,0.790163516998291,0.8321179747581482,0.49416667222976685,0.49533334374427795,1.4459129571914673,1.440654993057251,1.0036498308181763,1.4295419454574585,1.4286023378372192,1.0006576776504517,0.036014288663864136,0.03658732399344444,0.002351994626224041,0.002395962830632925,0.000573035329580307,0.04662056639790535,0.0032495553605258465,-0.010033238679170609,1.0,1.4273723363876343,sphere,1,17,gaussian,gaussian,60000,0.3,0.3,"[0.0, 0.0, 0.0]","[0.8, 0.0, 0.0]",1,,,False,,,,,
general__sph_d17_c2_s34,0.07340089231729507,0.07361287623643875,0.07340089231729507,32.0,5.587935447692871e-07,-4.666598320007324,0.006346914917230606,0.0,1.0,0.07530293613672256,0.15368852019309998,0.025974197313189507,0.11978093534708023,1.0000001111620804e-06,1.5416613678098656e-05,0.8069672584533691,1.1128473281860352,1.3790489435195923,0.49900001287460327,0.5063333511352539,1.273277759552002,1.2838313579559326,0.991779625415802,1.1036128997802734,1.1040287017822266,0.9996233582496643,0.004496440291404724,0.004680096171796322,0.00014613733219448477,0.0002007418079301715,0.00018365588039159775,0.004607388284057379,0.0001776619319571182,7.27078877389431e-05,1.0,1.1042717695236206,sphere,2,17,gaussian,gaussian,60000,0.3,0.3,"[0.0, 0.0, 0.0]","[0.8, 0.0, 0.0]",1,,,False,,,,,
general__sph_d17_c2_s42,0.07332294434309006,0.07438389956951141,0.07332294434309006,32.0,5.240241875981155e-07,-4.667991638183594,0.00616065226495266,0.0,1.0,0.07432565838098526,0.1518736630678177,0.02516818977892399,0.11733468621969223,1.0000001111620804e-06,1.557593532197643e-05,0.8097292184829712,1.1103363037109375,1.371243953704834,0.4936666786670685,0.49433332681655884,1.275713324546814,1.2837541103363037,0.9937365055084229,1.104234218597412,1.1045008897781372,0.9997585415840149,0.00452719209715724,0.004922516644001007,0.00018246147374156862,0.0001808320521377027,0.00039532454684376717,0.004646272398531437,0.00021792561165057123,0.00027624424546957016,1.0,1.105664610862732,sphere,2,17,gaussian,gaussian,60000,0.3,0.3,"[0.0, 0.0, 0.0]","[0.8, 0.0, 0.0]",1,,,False,,,,,
general__sph_d17_c2_s50,0.07336713373661041,0.07213866710662842,0.07336713373661041,32.0,5.662441253662109e-07,-4.666615009307861,0.006520355120301247,0.0,1.0,0.075992651283741,0.15832921862602234,0.02725815400481224,0.12218277156352997,1.0000001111620804e-06,1.5679239368182607e-05,0.8240554332733154,1.1136672496795654,1.3514469861984253,0.5071666836738586,0.5115000009536743,1.2896790504455566,1.291783332824707,0.9983710050582886,1.1042433977127075,1.1040947437286377,1.0001345872879028,0.004641893319785595,0.004816340282559395,0.00019356761185918003,0.00021808942256029695,0.0001744469627737999,0.004834488965570927,0.00023944540589582175,-1.814868301153183e-05,1.0,1.1033672094345093,sphere,2,17,gaussian,gaussian,60000,0.3,0.3,"[0.0, 0.0, 0.0]","[0.8, 0.0, 0.0]",1,,,False,,,,,
general__sph_d17_c3_s34,0.03774302080273628,0.038045287132263184,0.03774302080273628,50.0,3.6259493185752945e-07,-7.901338577270508,0.08083245903253555,0.0,1.0,0.2772115468978882,0.5157594680786133,0.06302759051322937,0.38915276527404785,1.0000001111620804e-06,3.8022051285224734e-06,0.5338970422744751,1.1447622776031494,2.144162893295288,0.503166675567627,0.5379999876022339,0.4465925991535187,0.4495844841003418,0.993345320224762,0.7926218509674072,0.7954643368721008,0.9964267015457153,0.001027605147100985,0.0012547947699204087,1.4545359590556473e-05,4.962143793818541e-05,0.00022718962281942368,0.0007382450858131051,1.5717439964646474e-05,0.0005165496841073036,1.0,0.7943115234375,sphere,3,17,gaussian,gaussian,60000,0.3,0.3,"[0.0, 0.0, 0.0]","[0.8, 0.0, 0.0]",1,,,False,,,,,
general__sph_d17_c3_s42,0.037743669003248215,0.03810720890760422,0.037743669003248215,50.0,3.6259493185752945e-07,-7.907537937164307,0.08038252592086792,0.0,1.0,0.27618491649627686,0.5206589102745056,0.06390012800693512,0.3886955976486206,1.0000001111620804e-06,3.824150098807877e-06,0.528195321559906,1.1455024480819702,2.1687099933624268,0.5,0.5216666460037231,0.4510890245437622,0.45389771461486816,0.993812084197998,0.7956728339195251,0.797507643699646,0.9976993203163147,0.0010875789448618889,0.0013112872838974,2.482670606696047e-05,2.8412570827640593e-05,0.0002237083244835958,0.000791278260294348,3.088328230660409e-05,0.0005200090236030519,1.0,0.7972779870033264,sphere,3,17,gaussian,gaussian,60000,0.3,0.3,"[0.0, 0.0, 0.0]","[0.8, 0.0, 0.0]",1,,,False,,,,,
general__sph_d17_c3_s50,0.03765036538243294,0.03858877718448639,0.03765036538243294,50.0,3.7997961044311523e-07,-7.874597549438477,0.08158022165298462,0.0,1.0,0.2784791886806488,0.511299729347229,0.06337012350559235,0.3921882212162018,1.0000001111620804e-06,3.7840700315427966e-06,0.5416002869606018,1.142862319946289,2.1101582050323486,0.5116666555404663,0.5253333449363708,0.4529781639575958,0.4496441185474396,1.0074148178100586,0.796005129814148,0.7955606579780579,1.0005587339401245,0.0011402424424886703,0.0013340924633666873,2.4019151169341058e-05,4.769575025420636e-05,0.00019385002087801695,0.0008531911880709231,3.4594133467180654e-05,0.0004809012752957642,1.0,0.7957322597503662,sphere,3,17,gaussian,gaussian,60000,0.3,0.3,"[0.0, 0.0, 0.0]","[0.8, 0.0, 0.0]",1,,,False,,,,,
general__sph_d17_c5_s34,0.00916826818138361,0.00829371903091669,0.00916826818138361,62.0,3.8867196394676284e-07,-12.462127685546875,0.18645969033241272,0.0,1.0,0.42702242732048035,0.6616739630699158,0.06405911594629288,0.5333916544914246,1.0000001111620804e-06,2.395564933976857e-06,0.20385493338108063,0.6679009199142456,3.2763540744781494,0.4936666786670685,0.5333333015441895,0.0919220820069313,0.093890480697155,0.9790350794792175,0.37607884407043457,0.3822527527809143,0.9838486313819885,0.00028281076811254025,0.00033370766323059797,2.3233383217302617e-06,1.2890121979580726e-05,5.089686965220608e-05,4.0224364056484774e-05,2.371350973362496e-07,0.0002934832591563463,1.0,0.37925952672958374,sphere,5,17,gaussian,gaussian,60000,0.3,0.3,"[0.0, 0.0, 0.0]","[0.8, 0.0, 0.0]",1,,,False,0.009217245504260063,0.009217245504260063,-12.67029857635498,-12.67029857635498,-12.67029857635498
general__sph_d17_c5_s42,0.0090795261785388,0.008972551673650742,0.0090795261785388,61.0,5.190570959712204e-07,-12.88377571105957,0.18639548122882843,0.0,1.0,0.42699238657951355,0.6857308149337769,0.06367213279008865,0.5340045690536499,1.0000001111620804e-06,2.394851890130667e-06,0.20090022683143616,0.6668550968170166,3.3193347454071045,0.49166667461395264,0.518666684627533,0.09172488749027252,0.0956655889749527,0.9588074684143066,0.37670594453811646,0.3850634694099426,0.9782957434654236,0.0002795941545628011,0.0003211568691767752,6.025580660207197e-06,3.0404009976336965e-06,4.1562714613974094e-05,6.530278915306553e-05,1.7267213934246683e-06,0.00025585407274775207,1.0,0.3811776638031006,sphere,5,17,gaussian,gaussian,60000,0.3,0.3,"[0.0, 0.0, 0.0]","[0.8, 0.0, 0.0]",1,,,False,0.009147620759904385,0.009147620759904385,-12.048571586608887,-12.048571586608887,-12.927743911743164
general__sph_d17_c5_s50,0.009112328290939331,0.008653344586491585,0.009112328290939331,54.5,9.909272193908691e-07,-12.758254051208496,0.18588735163211823,0.0,1.0,0.42622116208076477,0.6509141325950623,0.06484049558639526,0.5353096127510071,1.0000001111620804e-06,2.4017897430894664e-06,0.20174242556095123,0.6679231524467468,3.3107717037200928,0.49799999594688416,0.5193333029747009,0.09596795588731766,0.0931750163435936,1.029975175857544,0.38342198729515076,0.37969717383384705,1.009809970855713,0.0003532147384248674,0.0003542346239555627,1.0449569344928022e-05,8.320712368004024e-06,1.0198855306953192e-06,7.31226900825277e-05,1.760291752361809e-06,0.0002811119193211198,1.0,0.38224339485168457,sphere,5,17,gaussian,gaussian,60000,0.3,0.3,"[0.0, 0.0, 0.0]","[0.8, 0.0, 0.0]",1,,,False,0.009119375608861446,0.009119375608861446,-12.729595184326172,-12.729595184326172,-12.729595184326172
general__sph_d257_c10_s34,0.0003595929010771215,0.00036051092320121825,0.0003595929010771215,66.0,1.7646700143814087e-05,-731.4793090820312,0.15423159301280975,0.0,1.0,0.37713202834129333,0.6253650784492493,0.10942301154136658,0.5241052508354187,1.0000001111620804e-06,3.155750164296478e-06,0.21152949333190918,1.0813719034194946,5.112156867980957,0.49799999594688416,0.2904999852180481,0.10125372558832169,0.07330864667892456,1.3811975717544556,0.3888741433620453,0.3239692747592926,1.2003426551818848,2.442563019244053e-19,3.1293797305301815e-41,3.566517589073237e-34,0.0,-2.442563019244053e-19,0.00018163424101658165,0.00013684251462109387,-0.00018163424101658165,1.0,0.3606851100921631,sphere,10,257,gaussian,gaussian,60000,0.3,0.3,"[0.0, 0.0, 0.0]","[0.8, 0.0, 0.0]",1,,,False,0.0003564383659977466,0.0003564383659977466,-734.8284912109375,-734.8284912109375,-734.8284301757812
general__sph_d257_c10_s42,0.000357092241756618,0.00034839625004678965,0.000357092241756618,56.0,1.3242165550764184e-05,-722.6055297851562,0.1477368175983429,0.0,1.0,0.3744578957557678,0.5800968408584595,0.08658964186906815,0.5160556435585022,1.0000001111620804e-06,2.8635654416575562e-06,0.24982792139053345,1.0886259078979492,4.3575029373168945,0.47183331847190857,0.3513333201408386,0.08404525369405746,0.0765627771615982,1.0977299213409424,0.3618077337741852,0.3297908902168274,1.097082257270813,3.5152483178535476e-05,2.9609436551183385e-42,2.845477865776047e-06,0.0,-3.5152483178535476e-05,0.00010386884241597727,2.2207181245903485e-05,-0.00010386884241597727,1.0,0.34934526681900024,sphere,10,257,gaussian,gaussian,60000,0.3,0.3,"[0.0, 0.0, 0.0]","[0.8, 0.0, 0.0]",1,,,False,0.0003821352729573846,0.0003821352729573846,-725.3255004882812,-725.3255004882812,-725.325439453125
general__sph_d257_c10_s50,0.00035833389847539365,0.0003583398356568068,0.00035833389847539365,74.0,2.337867954338435e-05,-734.7070922851562,0.15537698566913605,0.0,1.0,0.37893998622894287,0.6330287456512451,0.10839590430259705,0.5256562232971191,1.0000001111620804e-06,3.1133015454543056e-06,0.2079317271709442,1.0660558938980103,5.126951694488525,0.4970000088214874,0.30383333563804626,0.10450692474842072,0.07405132800340652,1.4112768173217773,0.39007657766342163,0.32441195845603943,1.20241117477417,8.602818660383377e-17,3.0758501291929735e-42,4.4397641478467045e-29,0.0,-8.602818660383377e-17,5.569210088651744e-07,1.6389267720740008e-09,-5.569210088651744e-07,1.0,0.362250417470932,sphere,10,257,gaussian,gaussian,60000,0.3,0.3,"[0.0, 0.0, 0.0]","[0.8, 0.0, 0.0]",1,,,False,0.00036219455068930984,0.00036219455068930984,-735.6196899414062,-735.6196899414062,-735.6196899414062
general__sph_d257_c1_s34,0.009460048750042915,0.009488014504313469,0.009460048750042915,26.0,1.0368725043008453e-06,-348.0281982421875,0.021227702498435974,0.0,1.0,0.123881034553051,0.42733654379844666,0.07653923332691193,0.2766755521297455,1.0000001111620804e-06,1.1463557711977046e-05,1.4915941953659058,1.6420894861221313,1.1008955240249634,0.45100000500679016,0.43666666746139526,2.25577449798584,2.259781837463379,0.9982266426086426,1.5644335746765137,1.5639764070510864,1.0002923011779785,5.151227456607001e-19,1.2718010278663045e-17,1.5723761411484318e-33,9.294919712177947e-31,1.2202886033737485e-17,1.1362582966537027e-12,7.69850614533924e-21,-1.1362456114882846e-12,1.0,1.564059853553772,sphere,1,257,gaussian,gaussian,60000,0.3,0.3,"[0.0, 0.0, 0.0]","[0.8, 0.0, 0.0]",1,,,False,0.00945579819381237,0.00945579819381237,-348.1151123046875,-348.1151123046875,-348.1150817871094
general__sph_d257_c1_s42,0.00947047583758831,0.00943733099848032,0.00947047583758831,26.0,9.62366698331607e-07,-348.22198486328125,0.022607317194342613,0.0,1.0,0.1272307187318802,0.44318482279777527,0.07996497303247452,0.2898855209350586,1.0000001111620804e-06,1.1303346582280938e-05,1.4920719861984253,1.6426682472229004,1.10093092918396,0.44333332777023315,0.43950000405311584,2.243746042251587,2.274707078933716,0.9863889813423157,1.5637956857681274,1.5647003650665283,0.9994218945503235,2.764230191613621e-18,1.598302043557924e-15,3.565312275736812e-32,1.5237735852862217e-26,1.5955377515345596e-15,7.86226349324716e-14,2.4856492786203878e-23,-7.702433119484778e-14,1.0,1.5649323463439941,sphere,1,257,gaussian,gaussian,60000,0.3,0.3,"[0.0, 0.0, 0.0]","[0.8, 0.0, 0.0]",1,,,False,0.0094658387824893,0.0094658387824893,-348.369140625,-348.369140625,-348.369140625
general__sph_d257_c1_s50,0.009469705633819103,0.00947209820151329,0.009469705633819103,26.0,6.842116704319778e-07,-348.3288269042969,0.022040674462914467,0.0,1.0,0.12628047168254852,0.4418107867240906,0.0779581367969513,0.2784711718559265,1.0000001111620804e-06,1.1275705219304655e-05,1.4930994510650635,1.6379598379135132,1.0970197916030884,0.4423333406448364,0.43183332681655884,2.2361321449279785,2.257436513900757,0.9905625581741333,1.563327670097351,1.5637726783752441,0.9997153878211975,3.5813267693961064e-17,2.968482219317614e-17,6.379126851742934e-30,2.421244707609041e-30,-6.128445500784923e-18,9.523905969421875e-12,5.225585306808807e-19,-9.523876479122784e-12,1.0,1.563692331314087,sphere,1,257,gaussian,gaussian,60000,0.3,0.3,"[0.0, 0.0, 0.0]","[0.8, 0.0, 0.0]",1,,,False,0.009455373510718346,0.009455373510718346,-348.3297424316406,-348.3297424316406,-348.3297424316406
general__sph_d257_c2_s34,0.001037757145240903,0.0010825962526723742,0.001037757145240903,59.5,1.4101465239946265e-05,-439.95391845703125,0.2416321039199829,0.0,1.0,0.47577202320098877,1.4007858037948608,0.12297996133565903,0.7156572937965393,1.0000001111620804e-06,2.194390162912896e-06,0.2957054674625397,0.366379976272583,1.23900306224823,0.48750001192092896,0.5644999742507935,0.12995591759681702,0.16927973926067352,0.7676992416381836,0.4800321161746979,0.5322649478912354,0.9018668532371521,1.039365660204794e-08,5.0511744092984756e-11,1.1563700148662813e-15,1.3447178758035502e-20,-1.0343145007141175e-08,0.10217259079217911,0.058700837194919586,-0.10217259079217911,1.0,0.5070215463638306,sphere,2,257,gaussian,gaussian,60000,0.3,0.3,"[0.0, 0.0, 0.0]","[0.8, 0.0, 0.0]",1,,,False,,,,,
general__sph_d257_c2_s42,0.0010325696785002947,0.0010200761025771499,0.0010325696785002947,57.0,3.640477734734304e-05,-432.5757141113281,0.24443712830543518,0.0,1.0,0.48037296533584595,1.3926823139190674,0.1161205843091011,0.6908119916915894,1.0000001111620804e-06,2.1586058664979646e-06,0.30059733986854553,0.36581718921661377,1.2169673442840576,0.4883333444595337,0.5198333263397217,0.12994404137134552,0.16809716820716858,0.7730292677879333,0.48135632276535034,0.5290783047676086,0.9098016619682312,1.3878338478434671e-08,5.3664322985369495e-11,2.4519230013177315e-15,1.5084749993852578e-20,-1.382467385013797e-08,0.1037323847413063,0.059139374643564224,-0.1037323847413063,1.0,0.5064476132392883,sphere,2,257,gaussian,gaussian,60000,0.3,0.3,"[0.0, 0.0, 0.0]","[0.8, 0.0, 0.0]",1,,,False,,,,,
general__sph_d257_c2_s50,0.001037131529301405,0.0010260255075991154,0.001037131529301405,60.5,2.6434659957885742e-05,-434.24017333984375,0.24011161923408508,0.0,1.0,0.47547248005867004,1.4656398296356201,0.11796393990516663,0.6933508515357971,1.0000001111620804e-06,2.1870582713745534e-06,0.3048936724662781,0.37343525886535645,1.2248048782348633,0.4881666600704193,0.5385000109672546,0.1327267289161682,0.17175768315792084,0.7727556824684143,0.48633405566215515,0.5355900526046753,0.9080342054367065,1.180437791958866e-08,5.194902841232363e-11,1.665675573578123e-15,1.4847048658842955e-20,-1.17524283638204e-08,0.10338656604290009,0.06007402017712593,-0.10338656604290009,1.0,0.5122703909873962,sphere,2,257,gaussian,gaussian,60000,0.3,0.3,"[0.0, 0.0, 0.0]","[0.8, 0.0, 0.0]",1,,,False,,,,,
general__sph_d257_c3_s34,0.002316846279427409,0.0023131005000323057,0.002316846279427409,50.0,1.4503797274301178e-06,-496.91461181640625,0.10078790038824081,0.0,1.0,0.2994433343410492,0.8599740266799927,0.1051093116402626,0.5252856016159058,1.0000001111620804e-06,3.6752221603819635e-06,0.6507232785224915,1.9144232273101807,2.94199275970459,0.4481666684150696,0.5544999837875366,0.4223351776599884,0.4686671197414398,0.9011409282684326,0.7896236181259155,0.8060731887817383,0.97959303855896,6.51957268627865e-34,5.184406885317426e-24,0.0,1.5974802493302915e-43,5.184406885317426e-24,7.0602807454578365e-12,2.9532480443159826e-19,-7.0602807454578365e-12,1.0,0.7986613512039185,sphere,3,257,gaussian,gaussian,60000,0.3,0.3,"[0.0, 0.0, 0.0]","[0.8, 0.0, 0.0]",1,,,False,0.0023038145154714584,0.0023038145154714584,-484.5787048339844,-484.5787048339844,-497.60369873046875
general__sph_d257_c3_s42,0.0024105857592076063,0.0024440507404506207,0.0024105857592076063,44.0,1.6627212971798144e-05,-501.5954895019531,0.1004309356212616,0.0,1.0,0.2928450107574463,0.8967989683151245,0.12080810219049454,0.5535396933555603,1.0000001111620804e-06,3.844345428660745e-06,0.6917129158973694,1.9448018074035645,2.8115735054016113,0.4261666536331177,0.5885000228881836,0.4192764461040497,0.4770316481590271,0.878928005695343,0.7902459502220154,0.8096755146980286,0.976003110408783,1.299606234768765e-40,3.520427473624463e-24,0.0,7.006492321624085e-44,3.520427473624463e-24,1.0044687748234082e-08,6.052465386513495e-13,-1.0044687748234082e-08,1.0,0.8014571666717529,sphere,3,257,gaussian,gaussian,60000,0.3,0.3,"[0.0, 0.0, 0.0]","[0.8, 0.0, 0.0]",1,,,False,,,,,
general__sph_d257_c3_s50,0.002326853107661009,0.0023125670850276947,0.002326853107661009,50.0,1.6267100590994232e-06,-495.84857177734375,0.10625257343053818,0.0,1.0,0.3085537552833557,0.8342145085334778,0.10486052185297012,0.5261561870574951,1.0000001111620804e-06,3.594915369831142e-06,0.6283133029937744,1.893129587173462,3.0130345821380615,0.4736666679382324,0.5568333268165588,0.42369911074638367,0.4680944085121155,0.9051573276519775,0.7887304425239563,0.8053030371665955,0.9794206023216248,2.0506193133484496e-29,1.3035931081009087e-26,0.0,0.0,1.3015425319705207e-26,1.3626923118617335e-16,1.0220500954749878e-28,-1.3626923118617335e-16,1.0,0.7975268363952637,sphere,3,257,gaussian,gaussian,60000,0.3,0.3,"[0.0, 0.0, 0.0]","[0.8, 0.0, 0.0]",1,,,False,0.0023814088199287653,0.0023814088199287653,-496.14599609375,-496.14599609375,-496.14599609375
general__sph_d257_c5_s34,0.0015175313455983996,0.0015248206909745932,0.0015175313455983996,44.5,3.0274193250079406e-06,-573.296142578125,0.06430961936712265,0.0,1.0,0.23546582460403442,0.6738153100013733,0.09398651123046875,0.40763211250305176,1.0000001111620804e-06,5.343814791558543e-06,0.5815956592559814,1.7515395879745483,3.011610269546509,0.4059999883174896,0.4255000054836273,0.3401333689689636,0.3979867398738861,0.8546349406242371,0.6626994609832764,0.6756696701049805,0.9808038473129272,2.6819642568606025e-22,5.476051018397157e-28,4.310996634602797e-40,0.0,-2.68195870327983e-22,0.00019593560136854649,0.0001689617201918736,-0.00019593560136854649,1.0,0.6704511642456055,sphere,5,257,gaussian,gaussian,60000,0.3,0.3,"[0.0, 0.0, 0.0]","[0.8, 0.0, 0.0]",1,,,False,0.0015249379212036729,0.0015249379212036729,-557.8438110351562,-557.8438110351562,-573.7503051757812
general__sph_d257_c5_s42,0.0015222827205434442,0.00149098364636302,0.0015222827205434442,44.5,1.7508864402770996e-06,-574.1044311523438,0.06527537852525711,0.0,1.0,0.23667162656784058,0.6673381328582764,0.0961446538567543,0.4127732217311859,1.0000001111620804e-06,5.442344900075113e-06,0.5777426958084106,1.7530173063278198,3.034252166748047,0.4008333384990692,0.3790000081062317,0.350057452917099,0.3940582573413849,0.8883393406867981,0.6667233109474182,0.6739288568496704,0.9893081784248352,6.030808410001614e-19,2.7951608691524992e-27,1.6980451197879732e-33,0.0,-6.030808410001614e-19,0.00020623349701054394,9.456658153794706e-05,-0.00020623349701054394,1.0,0.6708276271820068,sphere,5,257,gaussian,gaussian,60000,0.3,0.3,"[0.0, 0.0, 0.0]","[0.8, 0.0, 0.0]",1,,,False,0.0016022638883441687,0.0016022638883441687,-573.56298828125,-573.56298828125,-573.56298828125
general__sph_d257_c5_s50,0.0015237584011629224,0.0014987082686275244,0.0015237584011629224,48.5,1.8278757352163666e-06,-574.2860717773438,0.06679335236549377,0.0,1.0,0.23977406322956085,0.6817042231559753,0.09625379741191864,0.40530461072921753,1.0000001111620804e-06,5.271478130453033e-06,0.5840094089508057,1.7490143775939941,2.9948394298553467,0.4104999899864197,0.3930000066757202,0.35499390959739685,0.40100958943367004,0.8852503299713135,0.6684334874153137,0.676474928855896,0.9881126880645752,6.695399790146439e-11,2.172634636915441e-27,2.517825618920354e-17,0.0,-6.695399790146439e-11,0.0002704485668800771,0.00020525039872154593,-0.0002704485668800771,1.0,0.6728626489639282,sphere,5,257,gaussian,gaussian,60000,0.3,0.3,"[0.0, 0.0, 0.0]","[0.8, 0.0, 0.0]",1,,,False,0.001599002629518509,0.001599002629518509,-574.365478515625,-574.365478515625,-574.3654174804688
general__sph_d3_c10_s34,0.08618270605802536,0.08370727300643921,0.08618270605802536,43.0,8.51849733862764e-07,0.1976187378168106,0.035891417413949966,0.0,1.0,0.18295621871948242,0.287637859582901,0.04910699278116226,0.25278717279434204,1.0000001111620804e-06,6.395137006620644e-06,0.20036211609840393,0.021006934344768524,0.1048448383808136,0.4988333284854889,0.5094999670982361,0.18058475852012634,0.17675268650054932,1.021680474281311,0.4573499858379364,0.4555237889289856,1.0040088891983032,0.6077443957328796,0.6078261733055115,0.059061288833618164,0.06141846626996994,8.177757263183594e-05,0.7452504634857178,0.04577026888728142,-0.1374242901802063,1.0,0.45833927392959595,sphere,10,3,gaussian,gaussian,60000,0.3,0.3,"[0.0, 0.0, 0.0]","[0.8, 0.0, 0.0]",1,,,False,,,,,
general__sph_d3_c10_s42,0.08561336249113083,0.08831684291362762,0.08561336249113083,44.0,9.735425692269928e-07,0.23090502619743347,0.035822801291942596,0.0,1.0,0.18267805874347687,0.28632843494415283,0.04946139454841614,0.2547754645347595,1.0000001111620804e-06,6.4459331952093635e-06,0.20088991522789001,0.01984746754169464,0.09879773110151291,0.5021666884422302,0.5008333325386047,0.17699839174747467,0.17962497472763062,0.9853774309158325,0.4548993706703186,0.4574127197265625,0.9945052862167358,0.6087629199028015,0.6104351282119751,0.05872680991888046,0.06257205456495285,0.001672208309173584,0.7462949156761169,0.04572993144392967,-0.13585978746414185,1.0,0.4521012008190155,sphere,10,3,gaussian,gaussian,60000,0.3,0.3,"[0.0, 0.0, 0.0]","[0.8, 0.0, 0.0]",1,,,False,,,,,
general__sph_d3_c10_s50,0.08603896200656891,0.07951563596725464,0.08603896200656891,43.0,9.387731552124023e-07,0.20910026133060455,0.03531758114695549,0.0,1.0,0.18143263459205627,0.28578826785087585,0.0489044152200222,0.2537620961666107,1.0000001111620804e-06,6.424886578315636e-06,0.20225462317466736,0.01904252916574478,0.09415126591920853,0.5018333196640015,0.5074999928474426,0.18122045695781708,0.17859391868114471,1.0147068500518799,0.45792001485824585,0.4567892551422119,1.0024752616882324,0.6112709045410156,0.6089481711387634,0.05983351543545723,0.061112575232982635,-0.0023227334022521973,0.7455052137374878,0.046368297189474106,-0.13655704259872437,1.0,0.4520929455757141,sphere,10,3,gaussian,gaussian,60000,0.3,0.3,"[0.0, 0.0, 0.0]","[0.8, 0.0, 0.0]",1,,,False,,,,,
general__sph_d3_c1_s34,0.09725476056337357,0.10064902156591415,0.09725476056337357,56.0,8.692343840266403e-07,2.551426649093628,0.29432207345962524,0.0,1.0,0.515917956829071,1.229145884513855,0.16757450997829437,0.8303779363632202,1.0000001111620804e-06,2.226573769803508e-06,0.20210528373718262,0.0028843991458415985,0.014271765016019344,0.8506666421890259,0.8498333096504211,0.18497644364833832,0.1811453402042389,1.0211492776870728,0.5348188281059265,0.52908855676651,1.0108304023742676,0.9318572878837585,0.9321554899215698,0.0028488002717494965,0.0029693651013076305,0.0002982616424560547,0.9700390100479126,0.0008797916816547513,-0.037883460521698,1.0,0.5344758033752441,sphere,1,3,gaussian,gaussian,60000,0.3,0.3,"[0.0, 0.0, 0.0]","[0.8, 0.0, 0.0]",1,,,False,0.09585333615541458,0.09585333615541458,2.532552480697632,2.532552480697632,2.5325520038604736
general__sph_d3_c1_s42,0.0975104495882988,0.09497394412755966,0.0975104495882988,56.0,8.443991532658401e-07,2.5249412059783936,0.2966545820236206,0.0,1.0,0.5187324285507202,1.223313808441162,0.16568970680236816,0.8367570042610168,1.0000001111620804e-06,2.2332437765726354e-06,0.19768862426280975,0.002640011254698038,0.013354392722249031,0.8560000061988831,0.8525000214576721,0.1804049015045166,0.18125887215137482,0.9952886700630188,0.5282686948776245,0.5298088788986206,0.9970929622650146,0.9301896095275879,0.9319270849227905,0.0029044535476714373,0.0028948020190000534,0.0017374753952026367,0.970296323299408,0.0008425140404142439,-0.03836923837661743,1.0,0.5264943838119507,sphere,1,3,gaussian,gaussian,60000,0.3,0.3,"[0.0, 0.0, 0.0]","[0.8, 0.0, 0.0]",1,,,False,0.0964825302362442,0.0964825302362442,2.527207374572754,2.527207374572754,2.527207136154175
general__sph_d3_c1_s50,0.09744355827569962,0.10535620152950287,0.09744355827569962,56.0,8.84135545220488e-07,2.5126781463623047,0.29415658116340637,0.0,1.0,0.5162855982780457,1.1885852813720703,0.16596072912216187,0.837256908416748,1.0000001111620804e-06,2.2388765046343906e-06,0.2041817158460617,0.003116691019386053,0.015264298766851425,0.8481666445732117,0.8529999852180481,0.1815214902162552,0.18160508573055267,0.9995396137237549,0.5293635725975037,0.5298590660095215,0.9990648627281189,0.9327296614646912,0.9311209917068481,0.0027473100926727057,0.003110182238742709,-0.0016086697578430176,0.970125675201416,0.000864623230881989,-0.039004623889923096,1.0,0.5271603465080261,sphere,1,3,gaussian,gaussian,60000,0.3,0.3,"[0.0, 0.0, 0.0]","[0.8, 0.0, 0.0]",1,,,False,,,,,
general__sph_d3_c2_s34,0.10103900730609894,0.1017284244298935,0.10103900730609894,56.0,1.157323481493222e-06,1.837604284286499,0.26140034198760986,0.0,1.0,0.4830203056335449,1.0640747547149658,0.1674097627401352,0.8242144584655762,1.0000001111620804e-06,2.363455450904439e-06,0.20481649041175842,0.005830325651913881,0.02846609428524971,0.7261666655540466,0.721833348274231,0.1839316338300705,0.18054817616939545,1.018739938735962,0.5282139778137207,0.5235806107521057,1.0088493824005127,0.8719684481620789,0.8713698983192444,0.009548602625727654,0.01013366598635912,-0.0005985498428344727,0.9411612749099731,0.0032703718170523643,-0.06979143619537354,1.0,0.5276967883110046,sphere,2,3,gaussian,gaussian,60000,0.3,0.3,"[0.0, 0.0, 0.0]","[0.8, 0.0, 0.0]",1,,,False,,,,,
general__sph_d3_c2_s42,0.09939951449632645,0.10700814425945282,0.09939951449632645,56.0,8.493661880493164e-07,1.8233966827392578,0.2676907479763031,0.0,1.0,0.49308064579963684,1.0619574785232544,0.15644007921218872,0.7943638563156128,1.0000001111620804e-06,2.3452962523151655e-06,0.20197848975658417,0.005497181788086891,0.02721666544675827,0.721666693687439,0.7303333282470703,0.18004585802555084,0.1817263662815094,0.9907525777816772,0.523278534412384,0.5257848501205444,0.9952331781387329,0.8674241304397583,0.8710257411003113,0.009980140253901482,0.010034219361841679,0.003601551055908203,0.9416430592536926,0.0031446146313101053,-0.07061737775802612,1.0,0.5220242738723755,sphere,2,3,gaussian,gaussian,60000,0.3,0.3,"[0.0, 0.0, 0.0]","[0.8, 0.0, 0.0]",1,,,False,0.09905755519866943,0.09905755519866943,1.8361736536026,1.8361736536026,1.8361736536026
general__sph_d3_c2_s50,0.09966719150543213,0.10117214918136597,0.09966719150543213,56.0,6.457169661189255e-07,1.8260691165924072,0.26765885949134827,0.0,1.0,0.4930958151817322,1.0678369998931885,0.15643088519573212,0.7892906665802002,1.0000001111620804e-06,2.354663820369751e-06,0.20483210682868958,0.005604802630841732,0.02736290916800499,0.718666672706604,0.7229999899864197,0.18127189576625824,0.1819533258676529,0.9962548613548279,0.5243591666221619,0.5257980823516846,0.9972633719444275,0.8715686202049255,0.8696117401123047,0.009420303627848625,0.010619609616696835,-0.0019568800926208496,0.9413217902183533,0.003225569147616625,-0.07171005010604858,1.0,0.5228859186172485,sphere,2,3,gaussian,gaussian,60000,0.3,0.3,"[0.0, 0.0, 0.0]","[0.8, 0.0, 0.0]",1,,,False,0.09819966554641724,0.09819966554641724,1.8224973678588867,1.8224973678588867,1.8224972486495972
general__sph_d3_c3_s34,0.10312480479478836,0.10420888662338257,0.10312480479478836,57.0,3.5141904390911805e-06,1.4317020177841187,0.2243553251028061,0.0,1.0,0.4487869441509247,0.8957156538963318,0.15127962827682495,0.7505157589912415,1.0000001111620804e-06,2.589219775472884e-06,0.20199528336524963,0.009693045169115067,0.04798649251461029,0.6299999952316284,0.6211666464805603,0.18580399453639984,0.17996086180210114,1.0324690341949463,0.5246395468711853,0.5176222324371338,1.0135568380355835,0.8177531957626343,0.8173213005065918,0.018565673381090164,0.01940961182117462,-0.0004318356513977051,0.9133246541023254,0.006844448857009411,-0.09600329399108887,1.0,0.5221232175827026,sphere,3,3,gaussian,gaussian,60000,0.3,0.3,"[0.0, 0.0, 0.0]","[0.8, 0.0, 0.0]",1,,,False,,,,,
general__sph_d3_c3_s42,0.10157890617847443,0.10823976993560791,0.10157890617847443,58.5,5.086263172415784e-06,1.4138957262039185,0.2359188199043274,0.0,1.0,0.46283969283103943,0.9713667035102844,0.1470811814069748,0.7514054179191589,1.0000001111620804e-06,2.487739948264789e-06,0.20261359214782715,0.009800802916288376,0.04837189242243767,0.6225000023841858,0.6331666707992554,0.17895355820655823,0.18187206983566284,0.9839528799057007,0.5156213641166687,0.5207148194313049,0.9902183413505554,0.8102058172225952,0.8170006275177002,0.018960343673825264,0.0193813294172287,0.006794809829443693,0.9140012264251709,0.006606960203498602,-0.0970005989074707,1.0,0.5156217217445374,sphere,3,3,gaussian,gaussian,60000,0.3,0.3,"[0.0, 0.0, 0.0]","[0.8, 0.0, 0.0]",1,,,False,0.10194633156061172,0.10194633156061172,1.429237961769104,1.429237961769104,1.429237961769104
general__sph_d3_c3_s50,0.1026988998055458,0.11095340549945831,0.1026988998055458,57.0,3.5042564832110656e-06,1.4056562185287476,0.22685320675373077,0.0,1.0,0.4522654116153717,0.9149506092071533,0.14917555451393127,0.751380443572998,1.0000001111620804e-06,2.5101639948843513e-06,0.20256036520004272,0.010058664716780186,0.04965761676430702,0.6146666407585144,0.625499963760376,0.18548718094825745,0.18194375932216644,1.0194753408432007,0.5228180289268494,0.5206515192985535,1.0041611194610596,0.818498969078064,0.8152083158493042,0.018243391066789627,0.020224332809448242,-0.0032905933912843466,0.9135478734970093,0.006773064844310284,-0.0983394980430603,1.0,0.5193617939949036,sphere,3,3,gaussian,gaussian,60000,0.3,0.3,"[0.0, 0.0, 0.0]","[0.8, 0.0, 0.0]",1,,,False,,,,,
general__sph_d3_c5_s34,0.10371296107769012,0.09878532588481903,0.10371296107769012,54.0,4.383424766274402e-06,0.899198055267334,0.15153519809246063,0.0,1.0,0.3726802468299866,0.7851404547691345,0.11223315447568893,0.5685008764266968,1.0000001111620804e-06,3.0333981158037204e-06,0.2033815234899521,0.01676289737224579,0.08242093771696091,0.5131666660308838,0.5203333497047424,0.18639717996120453,0.1789674013853073,1.0415147542953491,0.5100003480911255,0.5036576986312866,1.012593150138855,0.7251402139663696,0.7284367084503174,0.03830345347523689,0.0383111797273159,0.003296435112133622,0.8606132864952087,0.0164943877607584,-0.13217663764953613,1.0,0.5066666603088379,sphere,5,3,gaussian,gaussian,60000,0.3,0.3,"[0.0, 0.0, 0.0]","[0.8, 0.0, 0.0]",1,,,False,,,,,
general__sph_d3_c5_s42,0.10431177914142609,0.10438284277915955,0.10431177914142609,57.0,4.3561062739172485e-06,0.9391739368438721,0.1503635197877884,0.0,1.0,0.3713294267654419,0.7856903672218323,0.11155156791210175,0.5676111578941345,1.0000001111620804e-06,3.0418998449022183e-06,0.20242305099964142,0.014509985223412514,0.07168149203062057,0.49816668033599854,0.5066666603088379,0.1820383369922638,0.18169791996479034,1.00187349319458,0.5056188106536865,0.5073615312576294,0.9965651035308838,0.7216206789016724,0.7284858226776123,0.03837025538086891,0.03875429928302765,0.006865144241601229,0.8616028428077698,0.016037803143262863,-0.13311702013015747,1.0,0.502414882183075,sphere,5,3,gaussian,gaussian,60000,0.3,0.3,"[0.0, 0.0, 0.0]","[0.8, 0.0, 0.0]",1,,,False,,,,,
general__sph_d3_c5_s50,0.10409995168447495,0.09817111492156982,0.10409995168447495,57.5,3.752609018192743e-06,0.9150724411010742,0.1513020545244217,0.0,1.0,0.37165844440460205,0.7960309982299805,0.11456160247325897,0.5738765001296997,1.0000001111620804e-06,3.037968099306454e-06,0.20335514843463898,0.01507465448230505,0.07412970066070557,0.5094999670982361,0.5171666741371155,0.18660010397434235,0.18145234882831573,1.028369665145874,0.510381817817688,0.5070949792861938,1.006481647491455,0.7275776267051697,0.7265992164611816,0.03887118399143219,0.03931381553411484,-0.0009784102439880371,0.86093670129776,0.016417834907770157,-0.13433748483657837,1.0,0.5062713623046875,sphere,5,3,gaussian,gaussian,60000,0.3,0.3,"[0.0, 0.0, 0.0]","[0.8, 0.0, 0.0]",1,,,False,,,,,
general__sph_d4_c10_s34,0.06937476992607117,0.07127095758914948,0.06937476992607117,20.0,1.087784767150879e-06,-0.475504070520401,0.001460182829760015,0.0,1.0,0.03654515743255615,0.06069272756576538,0.011145668104290962,0.053168315440416336,1.0000001111620804e-06,3.112809281446971e-05,0.2629924416542053,0.10694433748722076,0.40664413571357727,0.476500004529953,0.4729999899864197,0.26925745606422424,0.2637633979320526,1.020829439163208,0.4953298270702362,0.4951600730419159,1.000342845916748,0.4240005314350128,0.43238842487335205,0.06221802905201912,0.061840251088142395,0.008387893438339233,0.45887133479118347,0.07123070955276489,-0.02648290991783142,1.0,0.49349087476730347,sphere,10,4,gaussian,gaussian,60000,0.3,0.3,"[0.0, 0.0, 0.0]","[0.8, 0.0, 0.0]",1,,,False,,,,,
general__sph_d4_c10_s42,0.06926870346069336,0.0686371922492981,0.06926870346069336,20.0,1.1026859283447266e-06,-0.472354531288147,0.0014906494179740548,0.0,1.0,0.03656989708542824,0.06196587160229683,0.01236881036311388,0.0560271255671978,1.0000001111620804e-06,3.220577127649449e-05,0.2655733823776245,0.11361819505691528,0.4278222322463989,0.46683332324028015,0.47333332896232605,0.2654327154159546,0.2707820534706116,0.9802448749542236,0.495113730430603,0.49575772881507874,0.9987010359764099,0.4293351173400879,0.4280449151992798,0.06593640893697739,0.0638342797756195,-0.0012902021408081055,0.4623101055622101,0.07510769367218018,-0.0342651903629303,1.0,0.4994829595088959,sphere,10,4,gaussian,gaussian,60000,0.3,0.3,"[0.0, 0.0, 0.0]","[0.8, 0.0, 0.0]",1,,,False,,,,,
general__sph_d4_c10_s50,0.06947411596775055,0.06882934272289276,0.06947411596775055,32.0,1.9247333682415046e-07,-0.47848644852638245,0.0015136041911318898,0.0,1.0,0.03705083578824997,0.06642473489046097,0.011853238567709923,0.05445452407002449,1.0000001111620804e-06,3.127072341158055e-05,0.262137770652771,0.11206956207752228,0.42752161622047424,0.4805000126361847,0.48133334517478943,0.26508691906929016,0.26470309495925903,1.0014500617980957,0.49485403299331665,0.49504244327545166,0.9996193647384644,0.42499372363090515,0.42949390411376953,0.06459002941846848,0.06187174469232559,0.00450018048286438,0.4591861665248871,0.07336615771055222,-0.029692262411117554,1.0,0.49039867520332336,sphere,10,4,gaussian,gaussian,60000,0.3,0.3,"[0.0, 0.0, 0.0]","[0.8, 0.0, 0.0]",1,,,False,,,,,
general__sph_d4_c1_s34,0.10986733436584473,0.11338154226541519,0.10986733436584473,56.0,7.549921861027542e-07,2.9756431579589844,0.304679274559021,0.0,1.0,0.5267143845558167,1.1757773160934448,0.16481144726276398,0.8578749299049377,1.0000001111620804e-06,2.1061109691800084e-06,0.2781747579574585,0.012333912774920464,0.04433871805667877,0.49783334136009216,0.5015000104904175,0.2702638506889343,0.272501140832901,0.9917898178100586,0.6677297949790955,0.6692309379577637,0.9977568984031677,0.8483913540840149,0.8480278253555298,0.00935082882642746,0.010244941338896751,-0.0003635287284851074,0.9151031374931335,0.0039823479019105434,-0.06707525253295898,1.0,0.6633324027061462,sphere,1,4,gaussian,gaussian,60000,0.3,0.3,"[0.0, 0.0, 0.0]","[0.8, 0.0, 0.0]",1,,,False,,,,,
general__sph_d4_c1_s42,0.10963471978902817,0.10615493357181549,0.10963471978902817,56.0,7.599592208862305e-07,2.973259687423706,0.30009347200393677,0.0,1.0,0.5229474902153015,1.2077504396438599,0.16263248026371002,0.8450457453727722,1.0000001111620804e-06,2.1113244201842463e-06,0.2935218811035156,0.011956144124269485,0.040733400732278824,0.5108333230018616,0.5176666378974915,0.27394357323646545,0.27012208104133606,1.0141472816467285,0.6705686450004578,0.6673908233642578,1.0047615766525269,0.8460018634796143,0.8477903604507446,0.010233219712972641,0.009787598624825478,0.001788496971130371,0.9140183925628662,0.004526115022599697,-0.06622803211212158,1.0,0.6699082851409912,sphere,1,4,gaussian,gaussian,60000,0.3,0.3,"[0.0, 0.0, 0.0]","[0.8, 0.0, 0.0]",1,,,False,,,,,
general__sph_d4_c1_s50,0.10973652452230453,0.10329476743936539,0.10973652452230453,56.0,7.202227720881638e-07,2.9890127182006836,0.3047949969768524,0.0,1.0,0.5272706151008606,1.2004759311676025,0.16323885321617126,0.8518313765525818,1.0000001111620804e-06,2.0920149381709052e-06,0.2826387286186218,0.012075108475983143,0.04272276908159256,0.5094999670982361,0.5011666417121887,0.27426931262016296,0.2678096890449524,1.0241202116012573,0.6713207364082336,0.6637552380561829,1.0113980770111084,0.8433588743209839,0.8482765555381775,0.010133200325071812,0.009908980689942837,0.004917621612548828,0.9140364527702332,0.00434115482494235,-0.06575995683670044,1.0,0.6637679934501648,sphere,1,4,gaussian,gaussian,60000,0.3,0.3,"[0.0, 0.0, 0.0]","[0.8, 0.0, 0.0]",1,,,False,,,,,
general__sph_d4_c2_s34,0.11278709024190903,0.11534866690635681,0.11278709024190903,56.0,5.01672445807344e-07,1.937084436416626,0.2364692986011505,0.0,1.0,0.45943713188171387,0.9542809128761292,0.1591542661190033,0.7810862064361572,1.0000001111620804e-06,2.447569386276882e-06,0.27442508935928345,0.02850511483848095,0.10387211292982101,0.49783334136009216,0.500166654586792,0.2707067131996155,0.27214398980140686,0.9947186708450317,0.6549172401428223,0.6563326716423035,0.9978434443473816,0.7341728806495667,0.7326543927192688,0.024899408221244812,0.027151573449373245,-0.0015184283256530762,0.839425265789032,0.012793251313269138,-0.10677087306976318,1.0,0.6500102281570435,sphere,2,4,gaussian,gaussian,60000,0.3,0.3,"[0.0, 0.0, 0.0]","[0.8, 0.0, 0.0]",1,,,False,,,,,
general__sph_d4_c2_s42,0.11174289882183075,0.10749545693397522,0.11174289882183075,56.0,4.867712846134964e-07,1.9349232912063599,0.2372121512889862,0.0,1.0,0.4618417024612427,0.9641246795654297,0.15418173372745514,0.7702859044075012,1.0000001111620804e-06,2.418531494186027e-06,0.2926907539367676,0.02686544880270958,0.09178782999515533,0.5074999928474426,0.5131666660308838,0.2741751968860626,0.27106982469558716,1.01145601272583,0.6584314703941345,0.6562100648880005,1.0033851861953735,0.7295728325843811,0.7308955192565918,0.026923244819045067,0.026730189099907875,0.0013226866722106934,0.8378776907920837,0.014366401359438896,-0.10698216408491135,1.0,0.6592639684677124,sphere,2,4,gaussian,gaussian,60000,0.3,0.3,"[0.0, 0.0, 0.0]","[0.8, 0.0, 0.0]",1,,,False,,,,,
general__sph_d4_c2_s50,0.1110915094614029,0.1059819906949997,0.1110915094614029,56.0,1.4106432217886322e-06,1.9513585567474365,0.2431257665157318,0.0,1.0,0.47159725427627563,0.9663003087043762,0.14359864592552185,0.7526925206184387,1.0000001111620804e-06,2.3372572286461946e-06,0.2861833870410919,0.027327319607138634,0.09548883885145187,0.5094999670982361,0.5073333382606506,0.2706940174102783,0.2682916522026062,1.0089542865753174,0.6549359560012817,0.6521522998809814,1.0042684078216553,0.7249546051025391,0.7327547073364258,0.026653366163372993,0.026592284440994263,0.007800102233886719,0.837752103805542,0.013817166909575462,-0.10499739646911621,1.0,0.6496564149856567,sphere,2,4,gaussian,gaussian,60000,0.3,0.3,"[0.0, 0.0, 0.0]","[0.8, 0.0, 0.0]",1,,,False,0.10946665704250336,0.10946665704250336,1.9593584537506104,1.9593584537506104,1.9593584537506104
general__sph_d4_c3_s34,0.11287859082221985,0.11646892130374908,0.11287859082221985,56.0,1.0604659337332123e-06,1.335057020187378,0.17297589778900146,0.0,1.0,0.3963835835456848,0.7306877970695496,0.12580068409442902,0.6399593353271484,1.0000001111620804e-06,2.811588728945935e-06,0.27674826979637146,0.044697996228933334,0.1615113914012909,0.48616665601730347,0.4906666576862335,0.2739246189594269,0.2718614935874939,1.0075888633728027,0.6426434516906738,0.6416265368461609,1.0015848875045776,0.643417239189148,0.6450361609458923,0.03969526290893555,0.041723303496837616,0.0016189217567443848,0.7718639373779297,0.023300178349018097,-0.12682777643203735,1.0,0.6364619135856628,sphere,3,4,gaussian,gaussian,60000,0.3,0.3,"[0.0, 0.0, 0.0]","[0.8, 0.0, 0.0]",1,,,False,,,,,
general__sph_d4_c3_s42,0.11209838837385178,0.10801256448030472,0.11209838837385178,56.0,1.2814998626708984e-06,1.3286205530166626,0.1730281114578247,0.0,1.0,0.39589622616767883,0.739891529083252,0.12731729447841644,0.6380739808082581,1.0000001111620804e-06,2.8196529910928803e-06,0.2846049666404724,0.04478302597999573,0.1573515236377716,0.5019999742507935,0.5016666650772095,0.2759757936000824,0.27174288034439087,1.015576958656311,0.645046055316925,0.6426993012428284,1.0036513805389404,0.6409056782722473,0.6418264508247375,0.042081937193870544,0.04187288135290146,0.0009207725524902344,0.7703152894973755,0.025875750929117203,-0.12848877906799316,1.0,0.6468760967254639,sphere,3,4,gaussian,gaussian,60000,0.3,0.3,"[0.0, 0.0, 0.0]","[0.8, 0.0, 0.0]",1,,,False,,,,,
general__sph_d4_c3_s50,0.1122235432267189,0.10624140501022339,0.1122235432267189,56.0,2.6573736704449402e-06,1.3352527618408203,0.17467965185642242,0.0,1.0,0.3981589078903198,0.7530187964439392,0.1267899125814438,0.6419813632965088,1.0000001111620804e-06,2.7908472475246526e-06,0.2816193103790283,0.04430761560797691,0.15733161568641663,0.5088333487510681,0.5084999799728394,0.2724994421005249,0.26861587166786194,1.0144577026367188,0.6414539217948914,0.6384430527687073,1.004715919494629,0.6372267007827759,0.6449241042137146,0.04178690165281296,0.04106585308909416,0.007697403430938721,0.7699308395385742,0.024952813982963562,-0.12500673532485962,1.0,0.6358096599578857,sphere,3,4,gaussian,gaussian,60000,0.3,0.3,"[0.0, 0.0, 0.0]","[0.8, 0.0, 0.0]",1,,,False,,,,,
general__sph_d4_c5_s34,0.1048869788646698,0.10970872640609741,0.1048869788646698,44.0,9.189049592350784e-07,0.5718808174133301,0.0765620619058609,0.0,1.0,0.2675955593585968,0.43783244490623474,0.07031229883432388,0.38808515667915344,1.0000001111620804e-06,4.08633559345617e-06,0.28143298625946045,0.07358833402395248,0.2614772915840149,0.4948333203792572,0.4911666810512543,0.2762652039527893,0.27163252234458923,1.0170549154281616,0.6079844832420349,0.605586051940918,1.0039604902267456,0.5216665863990784,0.5290111899375916,0.05607246235013008,0.05853559821844101,0.007344603072851896,0.6573599576950073,0.04335412010550499,-0.12834876775741577,1.0,0.6022951602935791,sphere,5,4,gaussian,gaussian,60000,0.3,0.3,"[0.0, 0.0, 0.0]","[0.8, 0.0, 0.0]",1,,,False,,,,,
general__sph_d4_c5_s42,0.10440586507320404,0.10559919476509094,0.10440586507320404,44.0,9.735425692269928e-07,0.5560206770896912,0.0774538666009903,0.0,1.0,0.2688559889793396,0.44948041439056396,0.07175077497959137,0.39108723402023315,1.0000001111620804e-06,4.071343482792145e-06,0.2830430865287781,0.07418948411941528,0.2621137499809265,0.500333309173584,0.5119999647140503,0.2713813781738281,0.2726813554763794,0.9952326416969299,0.6049267053604126,0.6078729033470154,0.9951532483100891,0.524884819984436,0.5241273641586304,0.05987808108329773,0.05989833176136017,-0.0007574558258056641,0.6567085981369019,0.04722415655851364,-0.13258123397827148,1.0,0.6115574240684509,sphere,5,4,gaussian,gaussian,60000,0.3,0.3,"[0.0, 0.0, 0.0]","[0.8, 0.0, 0.0]",1,,,False,0.10589821636676788,0.10589821636676788,0.55106520652771,0.55106520652771,0.5510650873184204
general__sph_d4_c5_s50,0.10468001663684845,0.10342521965503693,0.10468001663684845,44.0,9.139378676081833e-07,0.5532146692276001,0.07739952951669693,0.0,1.0,0.26895466446876526,0.4544183015823364,0.07105027139186859,0.3905303478240967,1.0000001111620804e-06,4.048730716021964e-06,0.2805907428264618,0.07187996059656143,0.25617367029190063,0.5053333044052124,0.5108333230018616,0.27058538794517517,0.2690291404724121,1.0057846307754517,0.6040970087051392,0.6038590669631958,1.0003939867019653,0.5189104080200195,0.5282763838768005,0.057868484407663345,0.05794311687350273,0.009365975856781006,0.6556004881858826,0.04576028883457184,-0.12732410430908203,1.0,0.5993639826774597,sphere,5,4,gaussian,gaussian,60000,0.3,0.3,"[0.0, 0.0, 0.0]","[0.8, 0.0, 0.0]",1,,,False,,,,,
general__sph_d513_c10_s34,0.00017277480219490826,0.00016526399122085422,0.00017277480219490826,64.5,1.3669331565324683e-05,-1628.4652099609375,0.1564905196428299,0.0,1.0,0.3816811442375183,0.5927019119262695,0.10383379459381104,0.5263435244560242,1.0000001111620804e-06,3.067260877287481e-06,0.24244467914104462,1.1343498229980469,4.678798675537109,0.4896666705608368,0.2668333351612091,0.138954296708107,0.07339182496070862,1.89332115650177,0.42432618141174316,0.32320043444633484,1.312888503074646,1.258002924921231e-12,0.0,9.471272135901152e-21,0.0,-1.258002924921231e-12,1.1869087934712752e-09,7.851772651382236e-15,-1.1869087934712752e-09,1.0,0.38463687896728516,sphere,10,513,gaussian,gaussian,60000,0.3,0.3,"[0.0, 0.0, 0.0]","[0.8, 0.0, 0.0]",1,,,False,0.00017694910638965666,0.00017694910638965666,-1617.2513427734375,-1617.2513427734375,-1617.251220703125
general__sph_d513_c10_s42,0.0001733664539642632,0.00017087043670471758,0.0001733664539642632,68.0,2.0522624254226685e-05,-1675.5562744140625,0.15690279006958008,0.0,1.0,0.37989160418510437,0.6087868809700012,0.11196347326040268,0.5291536450386047,1.0000001111620804e-06,3.1866113658907125e-06,0.2280033826828003,1.1183242797851562,4.904858589172363,0.4945000112056732,0.2628333270549774,0.10997399687767029,0.07622679322957993,1.4427210092544556,0.4000166952610016,0.3281014561653137,1.2191859483718872,1.7680825920381342e-38,0.0,0.0,0.0,-1.7680825920381342e-38,0.0001648879115236923,0.00016106283874250948,-0.0001648879115236923,1.0,0.3701291084289551,sphere,10,513,gaussian,gaussian,60000,0.3,0.3,"[0.0, 0.0, 0.0]","[0.8, 0.0, 0.0]",1,,,False,0.0001707277842797339,0.0001707277842797339,-1674.843017578125,-1674.843017578125,-1674.843017578125
general__sph_d513_c10_s50,0.00017161527648568153,0.00018479760910850018,0.00017161527648568153,79.0,4.6759843826293945e-05,-1674.0081787109375,0.15853585302829742,0.0,1.0,0.3829214572906494,0.6036354303359985,0.10901682823896408,0.5250630974769592,1.0000001111620804e-06,3.1401293654198525e-06,0.2135133594274521,0.9957000613212585,4.663408279418945,0.4925000071525574,0.3453333377838135,0.07638874650001526,0.07276730984449387,1.0497673749923706,0.3472318649291992,0.32142940163612366,1.0802741050720215,5.404664886521437e-31,0.0,0.0,0.0,-5.404664886521437e-31,5.6781161106300715e-08,1.9339188236933147e-11,-5.6781161106300715e-08,1.0,0.336215615272522,sphere,10,513,gaussian,gaussian,60000,0.3,0.3,"[0.0, 0.0, 0.0]","[0.8, 0.0, 0.0]",1,,,False,0.0001692400110187009,0.0001692400110187009,-1677.501708984375,-1677.501708984375,-1677.50146484375
general__sph_d513_c1_s34,0.000914059579372406,0.0008973088697530329,0.000914059579372406,59.0,9.26610009628348e-05,-869.6384887695312,0.29423192143440247,0.0,1.0,0.5223375558853149,1.5937085151672363,0.14582698047161102,0.8012467622756958,1.0000001111620804e-06,2.0153458990535e-06,0.4254925847053528,0.32094791531562805,0.7542972564697266,0.4934999942779541,0.5375000238418579,0.2625047266483307,0.29683244228363037,0.8843531608581543,0.6900940537452698,0.7246576547622681,0.9523036479949951,1.852370923316471e-09,1.541619262801497e-11,1.1637748298307376e-16,4.6220990665291375e-21,-1.8369546994634334e-09,0.028704870492219925,0.01705353520810604,-0.028704870492219925,1.0,0.7076764106750488,sphere,1,513,gaussian,gaussian,60000,0.3,0.3,"[0.0, 0.0, 0.0]","[0.8, 0.0, 0.0]",1,,,False,,,,,
general__sph_d513_c1_s42,0.0009143053903244436,0.0008995731477625668,0.0009143053903244436,57.0,7.891406858107075e-05,-869.612060546875,0.2919168174266815,0.0,1.0,0.521093487739563,1.4848883152008057,0.14217625558376312,0.8040316700935364,1.0000001111620804e-06,2.0171298729110276e-06,0.4050033390522003,0.3202575445175171,0.7907528281211853,0.4925000071525574,0.5293333530426025,0.26162225008010864,0.29718828201293945,0.8803248405456543,0.6888412237167358,0.7239428758621216,0.9515132904052734,1.7885011249774152e-09,1.5997625099628543e-11,1.0920243894044999e-16,4.772766703152047e-21,-1.7725034773263815e-09,0.029373275116086006,0.017816249281167984,-0.029373275116086006,1.0,0.7059583067893982,sphere,1,513,gaussian,gaussian,60000,0.3,0.3,"[0.0, 0.0, 0.0]","[0.8, 0.0, 0.0]",1,,,False,,,,,
general__sph_d513_c1_s50,0.0009170417906716466,0.0009300445090048015,0.0009170417906716466,56.0,8.715937292436138e-05,-868.3663330078125,0.29443204402923584,0.0,1.0,0.5233855843544006,1.4905253648757935,0.14227129518985748,0.8016015887260437,1.0000001111620804e-06,2.0082432001800044e-06,0.3958033323287964,0.3222461938858032,0.8141573667526245,0.49300000071525574,0.5451666712760925,0.25948017835617065,0.3016774356365204,0.8601245880126953,0.6871761679649353,0.7303322553634644,0.9409089088439941,1.542216354621928e-09,1.519172808384095e-11,8.828512574412755e-17,4.6559262299385815e-21,-1.5270246178644697e-09,0.027287255972623825,0.01580236293375492,-0.027287255972623825,1.0,0.7090247273445129,sphere,1,513,gaussian,gaussian,60000,0.3,0.3,"[0.0, 0.0, 0.0]","[0.8, 0.0, 0.0]",1,,,False,,,,,
general__sph_d513_c2_s34,0.000184047210495919,0.00017971933993976563,0.000184047210495919,59.5,2.5043884306796826e-05,-1026.2716064453125,0.2588156759738922,0.0,1.0,0.5019009709358215,1.3993059396743774,0.08231115341186523,0.6185576915740967,1.0000001111620804e-06,2.027207756327698e-06,0.15718883275985718,0.7897387146949768,5.024139881134033,0.49916666746139526,0.5253333449363708,0.03641398996114731,0.05957813188433647,0.611197292804718,0.24894607067108154,0.30467888712882996,0.8170768022537231,0.0,0.0,0.0,0.0,0.0,0.0,0.0,0.0,1.0,0.2773761451244354,sphere,2,513,gaussian,gaussian,60000,0.3,0.3,"[0.0, 0.0, 0.0]","[0.8, 0.0, 0.0]",1,,,False,0.0001876789756352082,0.0001876789756352082,-1028.74365234375,-1028.74365234375,-1028.74365234375
general__sph_d513_c2_s42,0.0001808512897696346,0.00017581121937837452,0.0001808512897696346,60.0,4.889567571808584e-05,-1028.8460693359375,0.2550429403781891,0.0,1.0,0.4993540048599243,1.2537600994110107,0.07455556094646454,0.6139224767684937,1.0000001111620804e-06,2.0335387489467394e-06,0.15591959655284882,0.7988345623016357,5.123374938964844,0.49916666746139526,0.5193333029747009,0.038454651832580566,0.06122244894504547,0.6281136274337769,0.25385212898254395,0.30758097767829895,0.8253180384635925,0.0,0.0,0.0,0.0,0.0,0.0,0.0,0.0,1.0,0.28118419647216797,sphere,2,513,gaussian,gaussian,60000,0.3,0.3,"[0.0, 0.0, 0.0]","[0.8, 0.0, 0.0]",1,,,False,0.0001775353157427162,0.0001775353157427162,-1033.3218994140625,-1033.3218994140625,-1033.32177734375
general__sph_d513_c2_s50,0.00018190463015343994,0.00018328664009459317,0.00018190463015343994,59.5,3.7762027204735205e-05,-1026.1529541015625,0.2591078579425812,0.0,1.0,0.5030209422111511,1.2722015380859375,0.07559382915496826,0.6070427894592285,1.0000001111620804e-06,2.018022769334493e-06,0.15614166855812073,0.7917195558547974,5.070520877838135,0.49916666746139526,0.5358332991600037,0.03720148280262947,0.061189983040094376,0.6079668998718262,0.2502685487270355,0.30794280767440796,0.8127111196517944,0.0,0.0,0.0,0.0,0.0,0.0,0.0,0.0,1.0,0.27978286147117615,sphere,2,513,gaussian,gaussian,60000,0.3,0.3,"[0.0, 0.0, 0.0]","[0.8, 0.0, 0.0]",1,,,False,0.0001828034146456048,0.0001828034146456048,-1027.679443359375,-1027.679443359375,-1027.6793212890625
general__sph_d513_c3_s34,0.0007678766851313412,0.0007810895913280547,0.0007678766851313412,49.0,2.6541451006778516e-05,-1187.79638671875,0.17640948295593262,0.0,1.0,0.39800286293029785,1.1774431467056274,0.13383406400680542,0.6752328872680664,1.0000001111620804e-06,2.702320671232883e-06,0.5019041895866394,0.8344420790672302,1.6625523567199707,0.3853333294391632,0.6201666593551636,0.20904295146465302,0.26573389768600464,0.7866626977920532,0.6053264737129211,0.6499879956245422,0.9312887191772461,9.857746618990859e-09,9.884613506234053e-31,1.1699237702201236e-14,0.0,-9.857746618990859e-09,0.01982947252690792,0.013071078807115555,-0.01982947252690792,1.0,0.6294457912445068,sphere,3,513,gaussian,gaussian,60000,0.3,0.3,"[0.0, 0.0, 0.0]","[0.8, 0.0, 0.0]",1,,,False,,,,,
general__sph_d513_c3_s42,0.0007709056371822953,0.0007627290324307978,0.0007709056371822953,48.5,2.390146255493164e-05,-1188.67578125,0.17745493352413177,0.0,1.0,0.39792123436927795,1.2748945951461792,0.1378052532672882,0.6657978296279907,1.0000001111620804e-06,2.709145974222338e-06,0.5044435262680054,0.839405357837677,1.664022445678711,0.3891666531562805,0.6365000009536743,0.20978258550167084,0.26953139901161194,0.7783233523368835,0.6063355803489685,0.6532585620880127,0.928170919418335,1.769824642394724e-08,1.1119592573185351e-30,4.244884947561013e-14,0.0,-1.769824642394724e-08,0.01711791753768921,0.011326877400279045,-0.01711791753768921,1.0,0.6318947076797485,sphere,3,513,gaussian,gaussian,60000,0.3,0.3,"[0.0, 0.0, 0.0]","[0.8, 0.0, 0.0]",1,,,False,,,,,
general__sph_d513_c3_s50,0.0007679158006794751,0.0007381081813946366,0.0007679158006794751,45.5,3.098447996308096e-05,-1187.4810791015625,0.17593465745449066,0.0,1.0,0.3976322114467621,1.1686152219772339,0.13314568996429443,0.6849240660667419,1.0000001111620804e-06,2.7043790851166705e-06,0.5036174058914185,0.8326297402381897,1.6532981395721436,0.3788333237171173,0.6006666421890259,0.2108861356973648,0.26250219345092773,0.8033689856529236,0.6078380942344666,0.6462675929069519,0.9405363202095032,4.926297592078299e-08,9.629195510919022e-31,3.9818292434969094e-13,0.0,-4.926297592078299e-08,0.019336048513650894,0.012136375531554222,-0.019336048513650894,1.0,0.6292063593864441,sphere,3,513,gaussian,gaussian,60000,0.3,0.3,"[0.0, 0.0, 0.0]","[0.8, 0.0, 0.0]",1,,,False,0.0007588465814478695,0.0007588465814478695,-1185.2738037109375,-1185.2738037109375,-1185.2738037109375
general__sph_d513_c5_s34,0.00030685379169881344,0.0002801612135954201,0.00030685379169881344,55.0,3.4367043554084376e-05,-1318.4361572265625,0.1889539659023285,0.0,1.0,0.4235040545463562,1.123653769493103,0.09759528934955597,0.6049111485481262,1.0000001111620804e-06,2.4458304324070923e-06,0.27200689911842346,1.1267683506011963,4.142425537109375,0.43166667222976685,0.4584999978542328,0.061419762670993805,0.10232123732566833,0.6002640724182129,0.33589670062065125,0.3965647518634796,0.8470160961151123,0.0,0.0,0.0,0.0,0.0,7.006492321624085e-45,0.0,-7.006492321624085e-45,1.0,0.37027880549430847,sphere,5,513,gaussian,gaussian,60000,0.3,0.3,"[0.0, 0.0, 0.0]","[0.8, 0.0, 0.0]",1,,,False,,,,,
general__sph_d513_c5_s42,0.0003083533956669271,0.00030464300652965903,0.0003083533956669271,52.5,3.598133844207041e-05,-1322.7144775390625,0.1905374825000763,0.0,1.0,0.4233304560184479,1.2623435258865356,0.10605259239673615,0.6111060380935669,1.0000001111620804e-06,2.4566006686654873e-06,0.2744891047477722,1.1367831230163574,4.141450881958008,0.4339999854564667,0.5130000114440918,0.06141657382249832,0.10534696280956268,0.5829933285713196,0.33587220311164856,0.40166592597961426,0.8361979126930237,0.0,0.0,0.0,0.0,0.0,6.412856141934061e-26,0.0,-6.412856141934061e-26,1.0,0.3731689453125,sphere,5,513,gaussian,gaussian,60000,0.3,0.3,"[0.0, 0.0, 0.0]","[0.8, 0.0, 0.0]",1,,,False,,,,,
general__sph_d513_c5_s50,0.00025870295939967036,0.00026290889945812523,0.00025870295939967036,68.0,2.572933772171382e-05,-1465.4326171875,0.20717358589172363,0.0,1.0,0.4433158040046692,0.868270993232727,0.10303278267383575,0.6158879399299622,1.0000001111620804e-06,2.401316123723518e-06,0.2389959692955017,1.2954851388931274,5.420531272888184,0.4988333284854889,0.2939999997615814,0.1871606409549713,0.10104066878557205,1.852329969406128,0.5271522998809814,0.393586128950119,1.3393568992614746,0.0,0.0,0.0,0.0,0.0,4.049612432052289e-41,0.0,-4.049612432052289e-41,1.0,0.47196483612060547,sphere,5,513,gaussian,gaussian,60000,0.3,0.3,"[0.0, 0.0, 0.0]","[0.8, 0.0, 0.0]",1,,,False,0.0002572562370914966,0.0002572562370914966,-1453.424560546875,-1453.424560546875,-1453.42431640625
general__sph_d5_c10_s34,0.03987354412674904,0.041009802371263504,0.03987354412674904,55.0,6.494422564173874e-07,-2.9651501178741455,0.04689189791679382,0.0,1.0,0.1968877613544464,0.39783182740211487,0.09008368849754333,0.34832799434661865,1.0000001111620804e-06,6.658661277469946e-06,0.19413277506828308,0.2959655225276947,1.5245521068572998,0.48483332991600037,0.45516666769981384,0.10322174429893494,0.09703843295574188,1.0637201070785522,0.3756147027015686,0.36621370911598206,1.0256707668304443,0.12756235897541046,0.12007885426282883,0.03370905667543411,0.030763346701860428,-0.0074835047125816345,0.2502996027469635,0.05508242920041084,-0.13022074103355408,1.0,0.3686082363128662,sphere,10,5,gaussian,gaussian,60000,0.3,0.3,"[0.0, 0.0, 0.0]","[0.8, 0.0, 0.0]",1,,,False,0.03933880105614662,0.03933880105614662,-2.951575517654419,-2.951575517654419,-2.95157527923584
general__sph_d5_c10_s42,0.04115944355726242,0.04188776761293411,0.04115944355726242,55.5,7.872779974604782e-07,-2.7207064628601074,0.04208003729581833,0.0,1.0,0.1818852722644806,0.4093591570854187,0.09477829933166504,0.3422935903072357,1.0000001111620804e-06,8.445687853964046e-06,0.20512650907039642,0.34833529591560364,1.698148488998413,0.4858333468437195,0.3919999897480011,0.10210330039262772,0.10078680515289307,1.0130621194839478,0.3783637285232544,0.3718278110027313,1.017577886581421,0.12274985015392303,0.12341601401567459,0.029572220519185066,0.032385844737291336,0.0006661713123321533,0.25337377190589905,0.0543840117752552,-0.12995776534080505,1.0,0.37732088565826416,sphere,10,5,gaussian,gaussian,60000,0.3,0.3,"[0.0, 0.0, 0.0]","[0.8, 0.0, 0.0]",1,,,False,,,,,
general__sph_d5_c1_s34,0.11373263597488403,0.11159992218017578,0.11373263597488403,56.0,9.735425692269928e-07,3.138580322265625,0.34686344861984253,0.0,1.0,0.565841019153595,1.2154864072799683,0.16294392943382263,0.8929370045661926,1.0000001111620804e-06,1.911390427267179e-06,0.34831947088241577,0.035945065319538116,0.1031956896185875,0.5,0.4973333477973938,0.33584997057914734,0.3302057385444641,1.0170930624008179,0.7530856728553772,0.7470497488975525,1.0080797672271729,0.7470297813415527,0.745058536529541,0.0191995520144701,0.018765415996313095,-0.001971304416656494,0.8389188647270203,0.010420083068311214,-0.09386039525270462,1.0,0.7491706013679504,sphere,1,5,gaussian,gaussian,60000,0.3,0.3,"[0.0, 0.0, 0.0]","[0.8, 0.0, 0.0]",1,,,False,,,,,
general__sph_d5_c1_s42,0.11450328677892685,0.11320147663354874,0.11450328677892685,56.0,9.189049592350784e-07,3.129041910171509,0.3277595043182373,0.0,1.0,0.5441538691520691,1.1928941011428833,0.17759697139263153,0.9068238139152527,1.0000001111620804e-06,2.0200491235300433e-06,0.35314881801605225,0.03687678650021553,0.10442280024290085,0.5013333559036255,0.5141666531562805,0.33137232065200806,0.3385484218597412,0.978803277015686,0.7476161122322083,0.7558552026748657,0.9890996217727661,0.7505646347999573,0.7449301481246948,0.01764563098549843,0.019429435953497887,-0.005634486675262451,0.8412199020385742,0.010110526345670223,-0.0962897539138794,1.0,0.748755693435669,sphere,1,5,gaussian,gaussian,60000,0.3,0.3,"[0.0, 0.0, 0.0]","[0.8, 0.0, 0.0]",1,,,False,,,,,
general__sph_d5_c1_s50,0.11269872635602951,0.11083098500967026,0.11269872635602951,56.0,1.0132789611816406e-06,3.1361680030822754,0.34276917576789856,0.0,1.0,0.5635169148445129,1.2034544944763184,0.1584935337305069,0.8841302990913391,1.0000001111620804e-06,1.914842869155109e-06,0.3436531722545624,0.03621731698513031,0.10538916289806366,0.5023333430290222,0.5021666884422302,0.33182722330093384,0.3375227153301239,0.983125627040863,0.7493453621864319,0.7548282146453857,0.9927362203598022,0.7424936294555664,0.7438388466835022,0.018474549055099487,0.019618386402726173,0.001345217227935791,0.839057445526123,0.009775044396519661,-0.09521859884262085,1.0,0.7536547780036926,sphere,1,5,gaussian,gaussian,60000,0.3,0.3,"[0.0, 0.0, 0.0]","[0.8, 0.0, 0.0]",1,,,False,0.11342278122901917,0.11342278122901917,3.134434938430786,3.134434938430786,3.134434461593628
general__sph_d5_c2_s34,0.11200577765703201,0.11591043323278427,0.11200577765703201,62.0,6.755192885066208e-07,1.6133784055709839,0.2778310179710388,0.0,1.0,0.505295991897583,0.9553273916244507,0.1497020721435547,0.8046190738677979,1.0000001111620804e-06,2.1499886315723415e-06,0.34208938479423523,0.0792536586523056,0.23167526721954346,0.5026666522026062,0.49399998784065247,0.31384989619255066,0.3010944724082947,1.0423635244369507,0.7108123898506165,0.698215901851654,1.0180410146713257,0.5697413682937622,0.5664559602737427,0.04207949712872505,0.039984043687582016,-0.0032854080200195312,0.7104933261871338,0.02744785137474537,-0.1440373659133911,1.0,0.7037007808685303,sphere,2,5,gaussian,gaussian,60000,0.3,0.3,"[0.0, 0.0, 0.0]","[0.8, 0.0, 0.0]",1,,,False,,,,,
general__sph_d5_c2_s42,0.11159100383520126,0.10946672409772873,0.11159100383520126,62.0,8.816520562504593e-07,1.6015020608901978,0.26892948150634766,0.0,1.0,0.49822187423706055,0.92409348487854,0.14368748664855957,0.7800210118293762,1.0000001111620804e-06,2.173642769776052e-06,0.34486129879951477,0.08006445318460464,0.23216421902179718,0.49816668033599854,0.5118333101272583,0.3067740201950073,0.30951327085494995,0.9911498427391052,0.7028282284736633,0.7067638635635376,0.9944315552711487,0.5732090473175049,0.5669165849685669,0.03957260772585869,0.04119282588362694,-0.006292462814599276,0.7141450047492981,0.026685992255806923,-0.1472284197807312,1.0,0.7029298543930054,sphere,2,5,gaussian,gaussian,60000,0.3,0.3,"[0.0, 0.0, 0.0]","[0.8, 0.0, 0.0]",1,,,False,,,,,
general__sph_d5_c2_s50,0.1102338433265686,0.10445703566074371,0.1102338433265686,56.0,2.5158126391033875e-06,1.588653326034546,0.2868068516254425,0.0,1.0,0.5186198949813843,0.9425774812698364,0.13335512578487396,0.7808616757392883,1.0000001111620804e-06,2.0636266526707914e-06,0.33387866616249084,0.0786982998251915,0.2357092946767807,0.5008333325386047,0.5018333196640015,0.2984865605831146,0.30839231610298157,0.9678794145584106,0.6956821084022522,0.7056266069412231,0.9859069585800171,0.5595779418945312,0.5654212832450867,0.03892361372709274,0.04167155548930168,0.00584334135055542,0.7101253271102905,0.02581043913960457,-0.14470404386520386,1.0,0.7026525735855103,sphere,2,5,gaussian,gaussian,60000,0.3,0.3,"[0.0, 0.0, 0.0]","[0.8, 0.0, 0.0]",1,,,False,0.11146653443574905,0.11146653443574905,1.6080495119094849,1.6080495119094849,1.6080495119094849
general__sph_d5_c3_s34,0.10604538768529892,0.11152868717908859,0.10604538768529892,61.0,3.529091600285028e-06,0.6265426874160767,0.21611544489860535,0.0,1.0,0.4496614634990692,0.8223857283592224,0.11775128543376923,0.6679324507713318,1.0000001111620804e-06,2.384053459536517e-06,0.33104515075683594,0.11774703115224838,0.35568270087242126,0.48616665601730347,0.4833333194255829,0.28236889839172363,0.2685198485851288,1.0515755414962769,0.6604857444763184,0.6472184062004089,1.0204989910125732,0.4448321461677551,0.43931713700294495,0.054671965539455414,0.05061335116624832,-0.005515008699148893,0.6072273850440979,0.04181722179055214,-0.16791024804115295,1.0,0.6528633832931519,sphere,3,5,gaussian,gaussian,60000,0.3,0.3,"[0.0, 0.0, 0.0]","[0.8, 0.0, 0.0]",1,,,False,,,,,
general__sph_d5_c3_s42,0.10555002093315125,0.1092032939195633,0.10555002093315125,60.0,4.954636096954346e-06,0.6414579749107361,0.2140895575284958,0.0,1.0,0.44815683364868164,0.838265061378479,0.11494798958301544,0.6638303399085999,1.0000001111620804e-06,2.383510263825883e-06,0.3323439359664917,0.11849677562713623,0.35654863715171814,0.4945000112056732,0.5019999742507935,0.2761628329753876,0.2767792046070099,0.9977730512619019,0.6540291905403137,0.6553549766540527,0.997977077960968,0.4460839033126831,0.44050487875938416,0.051305800676345825,0.052041035145521164,-0.00557902455329895,0.6115703582763672,0.04077901318669319,-0.17106546461582184,1.0,0.6538865566253662,sphere,3,5,gaussian,gaussian,60000,0.3,0.3,"[0.0, 0.0, 0.0]","[0.8, 0.0, 0.0]",1,,,False,,,,,
general__sph_d5_c3_s50,0.10509520024061203,0.10367883741855621,0.10509520024061203,59.0,8.138517841871362e-06,0.6091588735580444,0.21657733619213104,0.0,1.0,0.4508841037750244,0.8874883055686951,0.11510682851076126,0.6619258522987366,1.0000001111620804e-06,2.3683971903665224e-06,0.3195345997810364,0.11571989208459854,0.3621513545513153,0.49149999022483826,0.4946666657924652,0.27034589648246765,0.2755984961986542,0.9809410572052002,0.6484094858169556,0.6541550755500793,0.991216778755188,0.4372979998588562,0.4390328824520111,0.04923472926020622,0.052605487406253815,0.001734882709570229,0.6060222387313843,0.03938198462128639,-0.16698935627937317,1.0,0.653529942035675,sphere,3,5,gaussian,gaussian,60000,0.3,0.3,"[0.0, 0.0, 0.0]","[0.8, 0.0, 0.0]",1,,,False,0.10671006143093109,0.10671006143093109,0.6398946046829224,0.6398946046829224,0.6398945450782776
general__sph_d5_c5_s34,0.08557219803333282,0.08327613770961761,0.08557219803333282,46.5,2.888341668949579e-06,-0.7949777245521545,0.12595346570014954,0.0,1.0,0.3410899341106415,0.6651045083999634,0.09782420843839645,0.5164681077003479,1.0000001111620804e-06,3.2036427910497878e-06,0.296836793422699,0.19030410051345825,0.6411068439483643,0.4791666567325592,0.4586666524410248,0.21537500619888306,0.20202897489070892,1.066059947013855,0.5606421828269958,0.5472413301467896,1.0244879722595215,0.2898561656475067,0.2794205844402313,0.057072997093200684,0.05138905718922615,-0.01043558120727539,0.45495182275772095,0.057360414415597916,-0.17553122341632843,1.0,0.553229570388794,sphere,5,5,gaussian,gaussian,60000,0.3,0.3,"[0.0, 0.0, 0.0]","[0.8, 0.0, 0.0]",1,,,False,,,,,
general__sph_d5_c5_s42,0.08485294133424759,0.08839652687311172,0.08485294133424759,44.0,5.0490102694311645e-06,-0.7751438617706299,0.12906087934970856,0.0,1.0,0.3465075194835663,0.6909590363502502,0.0946730226278305,0.5184201002120972,1.0000001111620804e-06,3.109821136604296e-06,0.2973054051399231,0.18982139229774475,0.6384727358818054,0.48516666889190674,0.4751666784286499,0.21181723475456238,0.2091040462255478,1.0129753351211548,0.5568615794181824,0.5543295741081238,1.0045677423477173,0.2852170467376709,0.28173527121543884,0.050462983548641205,0.0529334731400013,-0.0034817755222320557,0.45951372385025024,0.05629204213619232,-0.177778422832489,1.0,0.5564664602279663,sphere,5,5,gaussian,gaussian,60000,0.3,0.3,"[0.0, 0.0, 0.0]","[0.8, 0.0, 0.0]",1,,,False,,,,,
general__sph_d5_c5_s50,0.08458873629570007,0.08200620859861374,0.08458873629570007,44.0,4.71125031253905e-06,-0.8150131702423096,0.129634827375412,0.0,1.0,0.3464679419994354,0.6918827891349792,0.0977872833609581,0.5204271078109741,1.0000001111620804e-06,3.1290103379433276e-06,0.292571485042572,0.18532012403011322,0.6334183216094971,0.4846666753292084,0.47566667199134827,0.20647674798965454,0.2080370932817459,0.9924996495246887,0.5505632758140564,0.5531554222106934,0.9953138828277588,0.2779754400253296,0.28077685832977295,0.04793930426239967,0.05327312648296356,0.0028014183044433594,0.45181265473365784,0.054002705961465836,-0.1710357815027237,1.0,0.554318368434906,sphere,5,5,gaussian,gaussian,60000,0.3,0.3,"[0.0, 0.0, 0.0]","[0.8, 0.0, 0.0]",1,,,False,0.08576247096061707,0.08576247096061707,-0.7700794339179993,-0.7700794339179993,-0.7700793743133545
general__sph_d65_c10_s34,0.0027420087717473507,0.0027153673581779003,0.0027420087717473507,50.5,1.1890505447809119e-05,-122.22943878173828,0.06358342617750168,0.0,1.0,0.22512559592723846,0.5861725211143494,0.11344074457883835,0.4273427426815033,1.0000001111620804e-06,6.633089014940197e-06,0.31237268447875977,1.287161111831665,4.120594501495361,0.4738333225250244,0.40166667103767395,0.2058328241109848,0.2038084715604782,1.0099326372146606,0.4786638617515564,0.4750271141529083,1.0076558589935303,3.8149493775563315e-05,8.38919267387439e-10,3.6211557130627625e-07,6.2319162662946505e-16,-3.8148653402458876e-05,0.06110336259007454,0.037127017974853516,-0.06110336259007454,1.0,0.47773227095603943,sphere,10,65,gaussian,gaussian,60000,0.3,0.3,"[0.0, 0.0, 0.0]","[0.8, 0.0, 0.0]",1,,,False,0.002735454821959138,0.002735454821959138,-121.07869720458984,-121.07869720458984,-122.40306091308594
general__sph_d65_c10_s42,0.002742904471233487,0.0027955439873039722,0.002742904471233487,50.0,1.2696410522039514e-05,-121.53864288330078,0.06408829987049103,0.0,1.0,0.22627407312393188,0.5659663677215576,0.11338603496551514,0.42714470624923706,1.0000001111620804e-06,6.740825938322814e-06,0.310802698135376,1.2874977588653564,4.142492294311523,0.4738333225250244,0.39516666531562805,0.20743075013160706,0.2060009390115738,1.0069408416748047,0.4793607294559479,0.47593969106674194,1.0071879625320435,0.00010693758667912334,5.261957536362161e-10,2.8476115403464064e-06,3.465807621956177e-16,-0.00010693706281017512,0.060583602637052536,0.035660285502672195,-0.060583602637052536,1.0,0.4778599441051483,sphere,10,65,gaussian,gaussian,60000,0.3,0.3,"[0.0, 0.0, 0.0]","[0.8, 0.0, 0.0]",1,,,False,0.002750130370259285,0.002750130370259285,-119.53714752197266,-119.53714752197266,-121.01761627197266
general__sph_d65_c10_s50,0.0027403233107179403,0.0027476500254124403,0.0027403233107179403,51.5,2.7062991648563184e-05,-121.46405029296875,0.06409470736980438,0.0,1.0,0.22559937834739685,0.5791600942611694,0.11476405709981918,0.4295068681240082,1.0000001111620804e-06,6.62301545162336e-06,0.3114469647407532,1.288278579711914,4.136430263519287,0.46950000524520874,0.3723333477973938,0.21016845107078552,0.20384541153907776,1.031018853187561,0.48099347949028015,0.4750485122203827,1.0125144720077515,0.00045039376709610224,4.3337908262053304e-10,4.141132740187459e-05,2.373081121647742e-16,-0.0004503933305386454,0.05880282446742058,0.034972019493579865,-0.05880282446742058,1.0,0.47828587889671326,sphere,10,65,gaussian,gaussian,60000,0.3,0.3,"[0.0, 0.0, 0.0]","[0.8, 0.0, 0.0]",1,,,False,0.002760017290711403,0.002760017290711403,-120.86499786376953,-120.86499786376953,-121.8143310546875
general__sph_d65_c1_s34,0.014900664798915386,0.014404828660190105,0.014900664798915386,57.5,1.0579824447631836e-06,-41.977413177490234,0.2693006098270416,0.0,1.0,0.4991154670715332,1.0362743139266968,0.14192388951778412,0.7754305005073547,1.0000001111620804e-06,2.1467476472025737e-06,0.6463695764541626,2.0293779373168945,3.139655828475952,0.4976666569709778,0.5193333029747009,0.6051691174507141,0.6200659275054932,0.9759753942489624,1.0203191041946411,1.0307936668395996,0.9898383617401123,2.1418339802068255e-17,4.542405092936563e-17,5.3122122558292645e-31,4.398410218968957e-30,2.4005711127297373e-17,2.730073712092683e-17,3.826967244243267e-30,1.8123313808438798e-17,1.0,1.0254758596420288,sphere,1,65,gaussian,gaussian,60000,0.3,0.3,"[0.0, 0.0, 0.0]","[0.8, 0.0, 0.0]",1,,,False,,,,,
general__sph_d65_c1_s42,0.01486079953610897,0.015637783333659172,0.01486079953610897,56.0,1.1622905731201172e-06,-42.10991287231445,0.2703699469566345,0.0,1.0,0.49738365411758423,1.084952712059021,0.15120019018650055,0.7941688895225525,1.0000001111620804e-06,2.175560894102091e-06,0.6845104694366455,2.0303008556365967,2.966062545776367,0.492166668176651,0.5131666660308838,0.6085996031761169,0.6188271641731262,0.9834726452827454,1.0226930379867554,1.0297431945800781,0.9931535124778748,2.3856898026376633e-17,4.0784072603989045e-16,8.568621249415043e-31,4.56064833062764e-28,3.8398383132223627e-16,4.538702797950898e-19,2.9148490053275445e-34,4.0738682225928055e-16,1.0,1.0256071090698242,sphere,1,65,gaussian,gaussian,60000,0.3,0.3,"[0.0, 0.0, 0.0]","[0.8, 0.0, 0.0]",1,,,False,,,,,
general__sph_d65_c1_s50,0.014829495921730995,0.015055850148200989,0.014829495921730995,49.0,1.8527110796640045e-06,-41.92855453491211,0.2693025469779968,0.0,1.0,0.5019158124923706,1.0224626064300537,0.13164494931697845,0.7617956399917603,1.0000001111620804e-06,2.1114444734848803e-06,0.7021865248680115,2.0286331176757812,2.8890230655670166,0.49300000071525574,0.5149999856948853,0.6124014258384705,0.6165599822998047,0.9932553172111511,1.0266170501708984,1.0285773277282715,0.9980942606925964,5.482793974995843e-17,1.1211529260182892e-16,1.4693595125843527e-29,6.998808353044448e-29,5.728735285187049e-17,7.733903808076844e-18,2.5617952757526795e-31,1.0438139210247453e-16,1.0,1.0288774967193604,sphere,1,65,gaussian,gaussian,60000,0.3,0.3,"[0.0, 0.0, 0.0]","[0.8, 0.0, 0.0]",1,,,False,0.014690091833472252,0.014690091833472252,-41.818904876708984,-41.818904876708984,-41.81890106201172
general__sph_d65_c2_s34,0.0018659033812582493,0.001910596969537437,0.0018659033812582493,50.5,2.872571349143982e-05,-64.43016815185547,0.2470131665468216,0.0,1.0,0.49440303444862366,0.9523046612739563,0.05006322264671326,0.5712080001831055,1.0000001111620804e-06,2.0387888071127236e-06,0.1724209040403366,0.848471462726593,4.920931816101074,0.4964999854564667,0.49183332920074463,0.0690826028585434,0.07116445153951645,0.9707459211349487,0.3295047879219055,0.3339080810546875,0.9868128299713135,3.0952546891527396e-15,5.6087472572646745e-19,4.1356513668325663e-26,1.0339974325844202e-33,-3.0946937415834205e-15,5.767550647381601e-22,5.076539998648088e-40,5.6029797404436485e-19,1.0,0.33180347084999084,sphere,2,65,gaussian,gaussian,60000,0.3,0.3,"[0.0, 0.0, 0.0]","[0.8, 0.0, 0.0]",1,,,False,0.0018376822117716074,0.0018376822117716074,-64.42984771728516,-64.42984771728516,-64.42984771728516
general__sph_d65_c2_s42,0.0018663858063519,0.0018876802641898394,0.0018663858063519,52.5,2.6623407393344678e-05,-64.52758026123047,0.24644581973552704,0.0,1.0,0.4939234256744385,0.9149864912033081,0.04951566457748413,0.5707201957702637,1.0000001111620804e-06,2.0407626379892463e-06,0.17154791951179504,0.8431994915008545,4.915241241455078,0.49533334374427795,0.5055000185966492,0.06663049012422562,0.07198342680931091,0.9256365299224854,0.32373833656311035,0.3356107771396637,0.9646244049072266,1.539290477850161e-13,4.2666929191894164e-20,1.4110487540320315e-22,3.6173768760568275e-36,-1.5392900712743462e-13,8.14399508866347e-20,3.656362263866078e-35,-3.8773021694740535e-20,1.0,0.33000534772872925,sphere,2,65,gaussian,gaussian,60000,0.3,0.3,"[0.0, 0.0, 0.0]","[0.8, 0.0, 0.0]",1,,,False,0.0018990276148542762,0.0018990276148542762,-64.2461166381836,-64.2461166381836,-64.2461166381836
general__sph_d65_c2_s50,0.0018493608804419637,0.0018327756552025676,0.0018493608804419637,60.5,4.595642167259939e-05,-64.18109130859375,0.24772901833057404,0.0,1.0,0.49467676877975464,1.0041518211364746,0.054304249584674835,0.5718257427215576,1.0000001111620804e-06,2.0400887024152325e-06,0.17063617706298828,0.8330269455909729,4.881889343261719,0.49816668033599854,0.49966666102409363,0.0654943510890007,0.07166305184364319,0.9139207601547241,0.31941044330596924,0.3328762948513031,0.9595469832420349,1.4998471689338204e-14,8.81010114697952e-19,1.1495238709606928e-24,3.338727584623757e-33,-1.499759077507306e-14,7.292885516177052e-17,1.5217211843372114e-29,-7.204784825239744e-17,1.0,0.32669687271118164,sphere,2,65,gaussian,gaussian,60000,0.3,0.3,"[0.0, 0.0, 0.0]","[0.8, 0.0, 0.0]",1,,,False,0.0019019690807908773,0.0019019690807908773,-64.34517669677734,-64.34517669677734,-64.34516906738281
general__sph_d65_c3_s34,0.008240701630711555,0.008277351967990398,0.008240701630711555,46.0,3.265837904109503e-06,-76.4247817993164,0.1273501068353653,0.0,1.0,0.34465494751930237,0.6971939206123352,0.09238626807928085,0.5117312073707581,1.0000001111620804e-06,3.1269557894120226e-06,0.4690370559692383,1.6208971738815308,3.4557971954345703,0.5040000081062317,0.47433334589004517,0.38113659620285034,0.37325260043144226,1.0211224555969238,0.7497950792312622,0.7456954717636108,1.005497694015503,1.2898999202093364e-08,2.4168118617495793e-09,3.1317307145999063e-13,1.3881475789266802e-14,-1.048218756238839e-08,2.8993096634621907e-07,7.660729689495938e-11,-2.875141547065141e-07,1.0,0.7485748529434204,sphere,3,65,gaussian,gaussian,60000,0.3,0.3,"[0.0, 0.0, 0.0]","[0.8, 0.0, 0.0]",1,,,False,0.008147128857672215,0.008147128857672215,-76.69146728515625,-76.69146728515625,-76.69145965576172
general__sph_d65_c3_s42,0.008246696554124355,0.00821243692189455,0.008246696554124355,44.0,3.200024366378784e-06,-76.56037139892578,0.12810684740543365,0.0,1.0,0.345558226108551,0.6972673535346985,0.09318481385707855,0.510095477104187,1.0000001111620804e-06,3.122611587969004e-06,0.4524631202220917,1.6215441226959229,3.583814859390259,0.5011666417121887,0.48516666889190674,0.37800928950309753,0.37527310848236084,1.0072910785675049,0.7476499080657959,0.7470308542251587,1.000828742980957,4.721896473824927e-08,3.0598963363104303e-09,8.389270181319297e-12,1.760317423511043e-14,-4.415906573740358e-08,1.252979132004839e-06,4.317745716519994e-09,-1.2499192507675616e-06,1.0,0.7468814253807068,sphere,3,65,gaussian,gaussian,60000,0.3,0.3,"[0.0, 0.0, 0.0]","[0.8, 0.0, 0.0]",1,,,False,0.008317513391375542,0.008317513391375542,-75.8213119506836,-75.8213119506836,-75.82130432128906
general__sph_d65_c3_s50,0.008231204934418201,0.00793099869042635,0.008231204934418201,44.5,3.334134817123413e-06,-76.0692367553711,0.13116662204265594,0.0,1.0,0.34888094663619995,0.7398693561553955,0.09699446707963943,0.5257089138031006,1.0000001111620804e-06,3.0988583148428006e-06,0.46326732635498047,1.626615047454834,3.5111799240112305,0.500333309173584,0.484333336353302,0.3777760863304138,0.3754824101924896,1.0061086416244507,0.7469841241836548,0.7469452023506165,1.0000520944595337,7.986387799974182e-07,4.300239275778495e-09,1.2323889686527423e-09,3.358915589787327e-14,-7.943384616737603e-07,2.3381011487799697e-05,8.56956944517151e-07,-2.3376711396849714e-05,1.0,0.7477631568908691,sphere,3,65,gaussian,gaussian,60000,0.3,0.3,"[0.0, 0.0, 0.0]","[0.8, 0.0, 0.0]",1,,,False,0.00834325235337019,0.00834325235337019,-76.40642547607422,-76.40642547607422,-76.40642547607422
general__sph_d65_c5_s34,0.0045325253158807755,0.0044815498404204845,0.0045325253158807755,50.0,2.0263096303096972e-05,-94.0085220336914,0.12744295597076416,0.0,1.0,0.3407227098941803,0.6866514682769775,0.10643907636404037,0.5223870277404785,1.0000001111620804e-06,3.3028020425263094e-06,0.3092188239097595,1.0096626281738281,3.2652041912078857,0.4959999918937683,0.45483332872390747,0.22981327772140503,0.2261110097169876,1.0163737535476685,0.5760098695755005,0.5723762512207031,1.0063482522964478,6.614128551518661e-07,2.845514757154888e-07,1.1820903630943569e-11,8.570722799007557e-13,-3.768613794363773e-07,0.08625639975070953,0.04757137969136238,-0.08625611662864685,1.0,0.574783205986023,sphere,5,65,gaussian,gaussian,60000,0.3,0.3,"[0.0, 0.0, 0.0]","[0.8, 0.0, 0.0]",1,,,False,0.0045929220505058765,0.0045929220505058765,-93.73397064208984,-93.73397064208984,-93.73397064208984
general__sph_d65_c5_s42,0.004551898222416639,0.004535677842795849,0.004551898222416639,50.0,1.9765147953876294e-05,-93.70378112792969,0.12752820551395416,0.0,1.0,0.34121906757354736,0.7208873629570007,0.10509715974330902,0.5184922814369202,1.0000001111620804e-06,3.2783677852421533e-06,0.30895736813545227,1.0136163234710693,3.28076434135437,0.4951666593551636,0.437333345413208,0.2329782098531723,0.22517989575862885,1.0346314907073975,0.580052375793457,0.571324348449707,1.0152767896652222,1.33409628233494e-06,3.028096671187086e-07,9.881234719344434e-11,1.2383317028047403e-12,-1.0312866152162314e-06,0.08533520251512527,0.048485107719898224,-0.0853348970413208,1.0,0.5752583146095276,sphere,5,65,gaussian,gaussian,60000,0.3,0.3,"[0.0, 0.0, 0.0]","[0.8, 0.0, 0.0]",1,,,False,,,,,
general__sph_d65_c5_s50,0.004543089307844639,0.0046813287772238255,0.004543089307844639,53.0,1.6282001524814405e-05,-93.75492858886719,0.12565091252326965,0.0,1.0,0.3382027745246887,0.7218017578125,0.10605412721633911,0.5206252932548523,1.0000001111620804e-06,3.3286958114331355e-06,0.30666112899780273,1.0178050994873047,3.3189895153045654,0.4938333332538605,0.4391666650772095,0.23554760217666626,0.22421397268772125,1.0505483150482178,0.5820877552032471,0.5715752243995667,1.0183922052383423,9.093610628951865e-07,3.2312632924913487e-07,5.044862097514091e-11,2.0933005762807655e-12,-5.862347052243422e-07,0.07800623774528503,0.04295027628540993,-0.07800591737031937,1.0,0.5770533084869385,sphere,5,65,gaussian,gaussian,60000,0.3,0.3,"[0.0, 0.0, 0.0]","[0.8, 0.0, 0.0]",1,,,False,0.004451220855116844,0.004451220855116844,-94.06832122802734,-94.06832122802734,-94.06832122802734
general__sph_d9_c10_s34,0.010862983763217926,0.010299238376319408,0.010862983763217926,62.0,2.3469328880310059e-07,-7.2514142990112305,0.01564635895192623,0.0,1.0,0.09722553193569183,0.3543670177459717,0.07863546162843704,0.2644394040107727,1.0000001111620804e-06,2.4458187908749096e-05,0.15669703483581543,1.0170127153396606,6.490312576293945,0.4898333251476288,0.45516666769981384,0.05741467326879501,0.055828023701906204,1.028420329093933,0.2877543270587921,0.28207927942276,1.0201185941696167,0.005420946050435305,0.005906176287680864,0.0006898947758600116,0.0012129365932196379,0.0004852302372455597,0.008462540805339813,0.0010765295010060072,-0.002556364517658949,1.0,0.28394487500190735,sphere,10,9,gaussian,gaussian,60000,0.3,0.3,"[0.0, 0.0, 0.0]","[0.8, 0.0, 0.0]",1,,,False,,,,,
general__sph_d9_c10_s42,0.010880826972424984,0.011801525950431824,0.010880826972424984,62.0,2.918144161867531e-07,-7.2662272453308105,0.01592533104121685,0.0,1.0,0.09838368743658066,0.35289180278778076,0.07893779128789902,0.2651955485343933,1.0000001111620804e-06,2.4090328224701807e-05,0.15495724976062775,1.0205292701721191,6.58587646484375,0.48766666650772095,0.4568333327770233,0.05882340669631958,0.05569927394390106,1.0560892820358276,0.29030516743659973,0.2816142141819,1.030861258506775,0.006046304013580084,0.005954420659691095,0.0007876307354308665,0.0014805418904870749,-9.18833538889885e-05,0.008921434171497822,0.0011756338644772768,-0.002967013278976083,1.0,0.28456273674964905,sphere,10,9,gaussian,gaussian,60000,0.3,0.3,"[0.0, 0.0, 0.0]","[0.8, 0.0, 0.0]",1,,,False,,,,,
general__sph_d9_c1_s34,0.12323690205812454,0.12409056723117828,0.12323690205812454,62.0,5.01672445807344e-07,3.0517799854278564,0.34337496757507324,0.0,1.0,0.5601202249526978,1.0929142236709595,0.17200548946857452,0.8985443711280823,1.0000001111620804e-06,1.9406238607189152e-06,0.5956288576126099,0.28241318464279175,0.474142849445343,0.5044999718666077,0.5164999961853027,0.6494265794754028,0.6552813053131104,0.9910653233528137,1.0446138381958008,1.049580454826355,0.9952679872512817,0.357489675283432,0.35430729389190674,0.028351575136184692,0.02917102724313736,-0.0031823813915252686,0.4587363600730896,0.02965399995446205,-0.10442906618118286,1.0,1.0440175533294678,sphere,1,9,gaussian,gaussian,60000,0.3,0.3,"[0.0, 0.0, 0.0]","[0.8, 0.0, 0.0]",1,,,False,,,,,
general__sph_d9_c1_s42,0.1230914518237114,0.1171012744307518,0.1230914518237114,60.5,6.407499313354492e-07,3.101456642150879,0.34936466813087463,0.0,1.0,0.5647282600402832,1.0936024188995361,0.1740768849849701,0.90944504737854,1.0000001111620804e-06,1.9286017050035298e-06,0.5942955017089844,0.2849266231060028,0.4794359505176544,0.5034999847412109,0.512666642665863,0.6612959504127502,0.6571025848388672,1.006381630897522,1.052250862121582,1.0510876178741455,1.0011067390441895,0.3519427180290222,0.3537597954273224,0.029075656086206436,0.02923925593495369,0.001817077281884849,0.4574323296546936,0.030346494168043137,-0.10367253422737122,1.0,1.0538371801376343,sphere,1,9,gaussian,gaussian,60000,0.3,0.3,"[0.0, 0.0, 0.0]","[0.8, 0.0, 0.0]",1,,,False,,,,,
general__sph_d9_c2_s34,0.10797282308340073,0.10873144119977951,0.10797282308340073,55.0,1.0281801223754883e-06,-0.08406755328178406,0.19397123157978058,0.0,1.0,0.4280681908130646,0.7424179911613464,0.10350725054740906,0.63837730884552,1.0000001111620804e-06,2.4673258849361446e-06,0.5525959134101868,0.45952656865119934,0.8315779566764832,0.49933332204818726,0.5080000162124634,0.5459913611412048,0.5470532774925232,0.9980588555335999,0.9121621251106262,0.9137282967567444,0.9982859492301941,0.15248341858386993,0.1480122208595276,0.020596470683813095,0.018817774951457977,-0.004471197724342346,0.2335088700056076,0.027652498334646225,-0.08549665659666061,1.0,0.9099022746086121,sphere,2,9,gaussian,gaussian,60000,0.3,0.3,"[0.0, 0.0, 0.0]","[0.8, 0.0, 0.0]",1,,,False,,,,,
general__sph_d9_c2_s42,0.1078810915350914,0.10906047374010086,0.1078810915350914,56.0,1.3882914799978607e-06,-0.054058872163295746,0.1988401710987091,0.0,1.0,0.43351203203201294,0.7450920939445496,0.10426361113786697,0.6428846716880798,1.0000001111620804e-06,2.4398602818109794e-06,0.5261995792388916,0.4617471992969513,0.8775134086608887,0.5076666474342346,0.5209999680519104,0.5476256608963013,0.5494690537452698,0.9966451525688171,0.9133986234664917,0.9151406288146973,0.9980964064598083,0.14957976341247559,0.14769503474235535,0.020957516506314278,0.018950102850794792,-0.001884728786535561,0.2330312430858612,0.02806556411087513,-0.08533621579408646,1.0,0.9166262745857239,sphere,2,9,gaussian,gaussian,60000,0.3,0.3,"[0.0, 0.0, 0.0]","[0.8, 0.0, 0.0]",1,,,False,,,,,
general__sph_d9_c3_s34,0.08406935632228851,0.08464664965867996,0.08406935632228851,50.0,2.6946265734295594e-06,-2.152789354324341,0.11728295683860779,0.0,1.0,0.32485219836235046,0.6198225617408752,0.10832114517688751,0.5070270299911499,1.0000001111620804e-06,3.4667582440306433e-06,0.48805034160614014,0.5861291885375977,1.2009605169296265,0.5018333196640015,0.4873333275318146,0.4135018587112427,0.4076864421367645,1.014264464378357,0.7770386338233948,0.7736711502075195,1.0043526887893677,0.07287020981311798,0.07026216387748718,0.010002746246755123,0.009675568901002407,-0.0026080459356307983,0.12940093874931335,0.018291262909770012,-0.05913877487182617,1.0,0.7724364995956421,sphere,3,9,gaussian,gaussian,60000,0.3,0.3,"[0.0, 0.0, 0.0]","[0.8, 0.0, 0.0]",1,,,False,,,,,
general__sph_d9_c3_s42,0.0838337242603302,0.08501248806715012,0.0838337242603302,50.0,1.976887460841681e-06,-2.111226797103882,0.12109322100877762,0.0,1.0,0.3310471773147583,0.6165682077407837,0.10711324214935303,0.5118969082832336,1.0000001111620804e-06,3.394125315026031e-06,0.45836469531059265,0.5898905992507935,1.2869459390640259,0.5021666884422302,0.5040000081062317,0.4107963740825653,0.41016438603401184,1.0015407800674438,0.7752578258514404,0.774848461151123,1.000528335571289,0.07451770454645157,0.07021353393793106,0.012014428153634071,0.009724644012749195,-0.004304170608520508,0.12941128015518188,0.018571365624666214,-0.059197742491960526,1.0,0.7769612669944763,sphere,3,9,gaussian,gaussian,60000,0.3,0.3,"[0.0, 0.0, 0.0]","[0.8, 0.0, 0.0]",1,,,False,,,,,
general__sph_d9_c5_s34,0.04202863574028015,0.0427582748234272,0.04202863574028015,54.5,5.600352892543015e-07,-5.167269229888916,0.06881637871265411,0.0,1.0,0.239663228392601,0.4750422239303589,0.10657279193401337,0.42917847633361816,1.0000001111620804e-06,5.192178832658101e-06,0.31417059898376465,0.7921460866928101,2.521388292312622,0.4961666762828827,0.4726666808128357,0.1958518922328949,0.1897696554660797,1.032050609588623,0.5408788919448853,0.5332593321800232,1.0142886638641357,0.02310122363269329,0.020952390506863594,0.0031096988823264837,0.0028160009533166885,-0.0021488331258296967,0.04820723459124565,0.007174843922257423,-0.027254844084382057,1.0,0.5351017713546753,sphere,5,9,gaussian,gaussian,60000,0.3,0.3,"[0.0, 0.0, 0.0]","[0.8, 0.0, 0.0]",1,,,False,0.04272687807679176,0.04272687807679176,-5.124592304229736,-5.124592304229736,-5.124591827392578
general__sph_d9_c5_s42,0.042819179594516754,0.04216764494776726,0.042819179594516754,55.5,4.0481486962562485e-07,-5.064265251159668,0.066157266497612,0.0,1.0,0.2300209105014801,0.5095179677009583,0.11496776342391968,0.4380795955657959,1.0000001111620804e-06,5.718278316635406e-06,0.3143461048603058,0.7956539988517761,2.531140089035034,0.5065000057220459,0.468666672706604,0.19616973400115967,0.19069522619247437,1.0287081003189087,0.5415396094322205,0.5335566997528076,1.0149617195129395,0.025272155180573463,0.021024007350206375,0.004339254926890135,0.002773617161437869,-0.004248147830367088,0.048499513417482376,0.007325463462620974,-0.027475502341985703,1.0,0.538219153881073,sphere,5,9,gaussian,gaussian,60000,0.3,0.3,"[0.0, 0.0, 0.0]","[0.8, 0.0, 0.0]",1,,,False,,,,,
general__poi_d16_c10_s34,5.986110687255859,5.523453712463379,5.986110687255859,67.0,0.0,-6.317934989929199,68.59455871582031,0.0,1.0,3.801758050918579,131.7187957763672,7.341805458068848,15.078468322753906,1.0000001111620804e-06,1.6419467101513874e-06,1.7543258666992188,2.080263614654541,1.1857908964157104,0.09000000357627869,0.140666663646698,1.9559019804000854,1.4353482723236084,1.362667202949524,2.4949111938476562,2.131164312362671,1.1706799268722534,7.639529006222536e+22,2.4135168705447187e+22,inf,inf,-5.22601258603778e+22,4.644514444961152e+20,inf,2.3670716979476095e+22,1.0,2.5344414710998535,poincare,10,16,gaussian,gaussian,60000,0.3,0.3,"[0.0, 0.0, 0.0]","[0.8, 0.0, 0.0]",1,,,False,,,,,
general__poi_d16_c10_s42,5.854305267333984,6.108761310577393,5.854305267333984,62.0,0.0,-6.254266738891602,71.38191223144531,0.0,1.0,3.8031845092773438,138.55282592773438,7.476669788360596,15.274429321289062,1.0000001111620804e-06,1.7789532194001367e-06,1.7352837324142456,2.0571670532226562,1.1854932308197021,0.24416667222976685,0.07599999755620956,1.9802675247192383,1.4330003261566162,1.381903052330017,2.513701915740967,2.1282551288604736,1.1811093091964722,8.410533553069334e+22,2.8391401367884918e+22,inf,inf,-5.57139319110086e+22,2.485764101311331e+20,inf,2.8142825186452203e+22,1.0,2.5379350185394287,poincare,10,16,gaussian,gaussian,60000,0.3,0.3,"[0.0, 0.0, 0.0]","[0.8, 0.0, 0.0]",1,,,False,,,,,
general__poi_d16_c10_s50,5.965662956237793,7.486912727355957,5.965662956237793,58.0,0.0,-6.2714385986328125,63.04105758666992,0.0,1.0,3.668009042739868,142.2674102783203,7.008513450622559,14.48052978515625,1.0000001111620804e-06,1.6077382269941154e-06,1.7446556091308594,2.0800576210021973,1.192245364189148,0.1185000017285347,0.07266666740179062,1.9698610305786133,1.4432625770568848,1.364866852760315,2.5038113594055176,2.1366283893585205,1.171851634979248,8.560564669615703e+22,2.3442087240793005e+22,inf,inf,-6.216355945536403e+22,3.678752337399917e+20,inf,2.307421295703106e+22,1.0,2.5401151180267334,poincare,10,16,gaussian,gaussian,60000,0.3,0.3,"[0.0, 0.0, 0.0]","[0.8, 0.0, 0.0]",1,,,False,,,,,
general__poi_d16_c1_s34,0.21463708579540253,0.21455655992031097,0.21463708579540253,20.0,0.0,5.004798412322998,0.5806936621665955,0.0,1.0,0.7490020990371704,1.6472320556640625,0.14023369550704956,0.9867399334907532,1.0000001111620804e-06,1.3843714441463817e-06,1.2238572835922241,0.269015908241272,0.2198098748922348,0.429666668176651,0.3644999861717224,1.636362910270691,1.4402564764022827,1.1361607313156128,1.9536628723144531,1.8179091215133667,1.0746756792068481,332.35833740234375,240.9981689453125,3329419.25,1393122.875,-91.36016845703125,73.18950653076172,52121.70703125,167.80865478515625,1.0,1.8889976739883423,poincare,1,16,gaussian,gaussian,60000,0.3,0.3,"[0.0, 0.0, 0.0]","[0.8, 0.0, 0.0]",1,,,False,,,,,
general__poi_d16_c1_s42,0.21530532836914062,0.21612489223480225,0.21530532836914062,20.0,0.0,5.001429557800293,0.5742045640945435,0.0,1.0,0.7450858354568481,1.548518180847168,0.13786107301712036,0.9805605411529541,1.0000001111620804e-06,1.3901983493269654e-06,1.1238188743591309,0.2677108645439148,0.23821531236171722,0.4300000071525574,0.37433332204818726,1.6272051334381104,1.438092827796936,1.1315021514892578,1.9471352100372314,1.815854549407959,1.0722969770431519,363.82318115234375,258.70941162109375,10754434.0,6250015.5,-105.11373901367188,72.46158599853516,43228.37890625,186.24783325195312,1.0,1.887217402458191,poincare,1,16,gaussian,gaussian,60000,0.3,0.3,"[0.0, 0.0, 0.0]","[0.8, 0.0, 0.0]",1,,,False,,,,,
general__poi_d16_c1_s50,0.2128199338912964,0.21015165746212006,0.2128199338912964,32.0,0.0,5.250845432281494,0.5961969494819641,0.0,1.0,0.7465296983718872,2.2349648475646973,0.19675174355506897,1.1027659177780151,1.0000001111620804e-06,1.436845877833548e-06,1.2165590524673462,0.2708356976509094,0.22262437641620636,0.4416666626930237,0.3801666796207428,1.6524150371551514,1.4473613500595093,1.1416741609573364,1.9604130983352661,1.8225066661834717,1.0756685733795166,7896.740234375,227.7935791015625,77912850432.0,1156254.0,-7668.94580078125,72.77762603759766,45794.25,155.01596069335938,1.0,1.8919874429702759,poincare,1,16,gaussian,gaussian,60000,0.3,0.3,"[0.0, 0.0, 0.0]","[0.8, 0.0, 0.0]",1,,,False,0.21403837203979492,0.21403837203979492,5.230503559112549,5.230503559112549,5.230503559112549
general__poi_d16_c2_s34,0.26301145553588867,0.26622581481933594,0.26301145553588867,26.0,0.0,2.7810752391815186,1.0722852945327759,0.0,1.0,0.9727548956871033,4.019397735595703,0.3547919988632202,1.6176279783248901,1.0000001111620804e-06,1.173448481495143e-06,1.3504924774169922,0.5022596120834351,0.3719084858894348,0.34066665172576904,0.25316667556762695,1.805516004562378,1.4402844905853271,1.2535828351974487,2.1758921146392822,1.9089949131011963,1.1398102045059204,1484004.125,397428.75,1322003684392960.0,49577918988288.0,-1086575.375,18213.958984375,104564056064.0,379214.75,1.0,2.061210870742798,poincare,2,16,gaussian,gaussian,60000,0.3,0.3,"[0.0, 0.0, 0.0]","[0.8, 0.0, 0.0]",1,,,False,,,,,
general__poi_d16_c2_s42,0.26329517364501953,0.2660285234451294,0.26329517364501953,26.0,0.0,2.7950901985168457,1.0585343837738037,0.0,1.0,0.9663594365119934,3.672316789627075,0.3525440990924835,1.6099542379379272,1.0000001111620804e-06,1.1815359357569832e-06,1.21915602684021,0.500104546546936,0.41020551323890686,0.336166650056839,0.2523333430290222,1.7981956005096436,1.4381176233291626,1.2503814697265625,2.1705989837646484,1.906651258468628,1.1384352445602417,3508753.5,992043.1875,3.292353566395597e+16,3131547360165888.0,-2516710.0,16440.853515625,72430305280.0,975602.375,1.0,2.0591845512390137,poincare,2,16,gaussian,gaussian,60000,0.3,0.3,"[0.0, 0.0, 0.0]","[0.8, 0.0, 0.0]",1,,,False,,,,,
general__poi_d16_c2_s50,0.1576216071844101,0.16340261697769165,0.1576216071844101,43.5,0.0,3.1932504177093506,1.1087830066680908,0.0,1.0,0.9788546562194824,4.324268341064453,0.3875983953475952,1.6511244773864746,1.0000001111620804e-06,1.349214585388836e-06,1.336167573928833,0.5023440718650818,0.3759588897228241,0.36399999260902405,0.3006666600704193,1.7164533138275146,1.4473750591278076,1.1859078407287598,2.112135171890259,1.9138344526290894,1.103614330291748,307559008.0,317807.4375,2.918282068962134e+20,47708928737280.0,-307241216.0,17121.54296875,67541168128.0,300685.90625,1.0,2.0349810123443604,poincare,2,16,gaussian,gaussian,60000,0.3,0.3,"[0.0, 0.0, 0.0]","[0.8, 0.0, 0.0]",1,,,False,0.172657310962677,0.172657310962677,4.5500922203063965,4.5500922203063965,3.1743929386138916
general__poi_d16_c3_s34,0.3440317213535309,0.3521602153778076,0.3440317213535309,35.5,0.0,0.7375107407569885,1.8607453107833862,0.0,1.0,1.1928465366363525,8.403773307800293,0.6611465215682983,2.4262001514434814,1.0000001111620804e-06,1.1156979553561541e-06,1.438993215560913,0.6988897919654846,0.4856797158718109,0.2475000023841858,0.1811666637659073,1.9293303489685059,1.4403014183044434,1.3395323753356934,2.3323757648468018,1.969796061515808,1.1840696334838867,8586753024.0,681777472.0,1.1003357639898107e+23,2.8942648647305763e+20,-7904975360.0,6853632.0,5.368748204202394e+16,674923840.0,1.0,2.193913459777832,poincare,3,16,gaussian,gaussian,60000,0.3,0.3,"[0.0, 0.0, 0.0]","[0.8, 0.0, 0.0]",1,,,False,,,,,
general__poi_d16_c3_s42,0.342939168214798,0.34804585576057434,0.342939168214798,35.5,0.0,0.7895610332489014,1.8192760944366455,0.0,1.0,1.1791787147521973,7.523865222930908,0.6533753871917725,2.40380597114563,1.0000001111620804e-06,1.131804538090364e-06,1.319300889968872,0.6958698630332947,0.5274534821510315,0.2619999945163727,0.17350000143051147,1.9210330247879028,1.4381325244903564,1.3357830047607422,2.3267695903778076,1.9672828912734985,1.1827325820922852,42669207552.0,5121306112.0,8.446445905016332e+24,1.3613393583782764e+23,-37547900928.0,5285789.5,3.940241652056064e+16,5116020224.0,1.0,2.191155433654785,poincare,3,16,gaussian,gaussian,60000,0.3,0.3,"[0.0, 0.0, 0.0]","[0.8, 0.0, 0.0]",1,,,False,,,,,
general__poi_d16_c3_s50,0.34133845567703247,0.34749987721443176,0.34133845567703247,32.0,0.0,0.9807648658752441,1.733408808708191,0.0,1.0,1.1574523448944092,7.933295726776123,0.6265490055084229,2.326418161392212,1.0000001111620804e-06,1.1714882930391468e-06,1.4670854806900024,0.6942572593688965,0.4732220768928528,0.26616665720939636,0.18299999833106995,1.9050315618515015,1.447383165359497,1.316190242767334,2.3173346519470215,1.974721074104309,1.1734997034072876,6416004608.0,514589408.0,3.4591094895519975e+22,3.021931534776764e+20,-5901414912.0,5594319.0,3.1409379303489536e+16,508995072.0,1.0,2.186368227005005,poincare,3,16,gaussian,gaussian,60000,0.3,0.3,"[0.0, 0.0, 0.0]","[0.8, 0.0, 0.0]",1,,,False,,,,,
general__poi_d16_c5_s34,0.6944897770881653,0.6624885201454163,0.6944897770881653,44.0,0.0,-2.1570169925689697,5.455132961273193,0.0,1.0,1.6656179428100586,27.487234115600586,1.6339725255966187,4.62670373916626,1.0000001111620804e-06,1.4521046978188679e-06,1.563578486442566,1.086969256401062,0.6951804757118225,0.14116667211055756,0.1120000034570694,2.0270121097564697,1.440321445465088,1.4073331356048584,2.483241319656372,2.045550584793091,1.2139720916748047,2.358549293092045e+16,463728390701056.0,inf,1.967929488791839e+32,-2.312176531197133e+16,447502319616.0,4.505286674349757e+26,463280841687040.0,1.0,2.363534927368164,poincare,5,16,gaussian,gaussian,60000,0.3,0.3,"[0.0, 0.0, 0.0]","[0.8, 0.0, 0.0]",1,,,False,,,,,
general__poi_d16_c5_s42,0.697827160358429,0.7119494676589966,0.697827160358429,41.0,0.0,-2.533928394317627,5.335264205932617,0.0,1.0,1.6709896326065063,22.930387496948242,1.5878932476043701,4.596893787384033,1.0000001111620804e-06,1.2033004850309226e-06,1.508793592453003,1.0914841890335083,0.723415195941925,0.20499999821186066,0.09350000321865082,2.0580146312713623,1.4381500482559204,1.4310152530670166,2.499861478805542,2.0428717136383057,1.223699688911438,2.156031471296656e+19,1.858243155669811e+16,inf,inf,-2.1541732966457147e+19,309416493056.0,3.825383222108837e+26,1.85821223190528e+16,1.0,2.372292995452881,poincare,5,16,gaussian,gaussian,60000,0.3,0.3,"[0.0, 0.0, 0.0]","[0.8, 0.0, 0.0]",1,,,False,,,,,
general__poi_d16_c5_s50,0.7034000754356384,0.7825014591217041,0.7034000754356384,38.0,0.0,-2.8113150596618652,5.172883033752441,0.0,1.0,1.680590033531189,22.906539916992188,1.529266595840454,4.520123481750488,1.0000001111620804e-06,1.1093105740656029e-06,1.6157952547073364,1.1060431003570557,0.684519350528717,0.15516667068004608,0.10700000077486038,2.0837600231170654,1.4473934173583984,1.4396638870239258,2.511373996734619,2.050520420074463,1.2247495651245117,2.2452276203691704e+18,316720652746752.0,inf,1.90939523488741e+32,-2.2449108235814175e+18,297354395648.0,2.519325518171768e+26,316423293370368.0,1.0,2.3825409412384033,poincare,5,16,gaussian,gaussian,60000,0.3,0.3,"[0.0, 0.0, 0.0]","[0.8, 0.0, 0.0]",1,,,False,,,,,
general__poi_d256_c10_s34,6.595994472503662,7.1820173263549805,6.595994472503662,123.0,0.0,-70.27337646484375,1309.2471923828125,0.0,1.0,13.725603103637695,270.6409912109375,33.43366622924805,77.24956512451172,1.0000001111620804e-06,1.175073703052476e-05,3.684368371963501,3.872692823410034,1.0511143207550049,0.0,0.0,3.789172410964966,2.7925572395324707,1.3568825721740723,3.6734166145324707,3.122617721557617,1.1763900518417358,inf,inf,,,,inf,,,1.0,3.687100887298584,poincare,10,256,gaussian,gaussian,60000,0.3,0.3,"[0.0, 0.0, 0.0]","[0.8, 0.0, 0.0]",1,,,False,,,,,
general__poi_d256_c10_s42,6.624762535095215,6.750080108642578,6.624762535095215,127.5,0.0,-70.06897735595703,1252.813720703125,0.0,1.0,13.40227222442627,270.243408203125,32.685569763183594,75.83110809326172,1.0000001111620804e-06,1.2793737369065639e-05,3.6865272521972656,3.876818895339966,1.051618218421936,0.0,0.0,3.7953479290008545,2.7931458950042725,1.3588075637817383,3.6766350269317627,3.1229729652404785,1.1772868633270264,inf,inf,,,,inf,,,1.0,3.6889452934265137,poincare,10,256,gaussian,gaussian,60000,0.3,0.3,"[0.0, 0.0, 0.0]","[0.8, 0.0, 0.0]",1,,,False,,,,,
general__poi_d256_c10_s50,6.643052577972412,6.705137252807617,6.643052577972412,125.0,0.0,-70.02263641357422,1231.6461181640625,0.0,1.0,13.2954740524292,269.82763671875,32.459930419921875,74.65306854248047,1.0000001111620804e-06,1.2644380149140488e-05,3.6857030391693115,3.8739616870880127,1.051077961921692,0.0,0.0,3.7939293384552,2.7926747798919678,1.3585288524627686,3.6759071350097656,3.1226963996887207,1.1771581172943115,inf,inf,,,,inf,,,1.0,3.688288450241089,poincare,10,256,gaussian,gaussian,60000,0.3,0.3,"[0.0, 0.0, 0.0]","[0.8, 0.0, 0.0]",1,,,False,,,,,
general__poi_d256_c1_s34,7.074703216552734,7.187638282775879,7.074703216552734,32.0,0.0,342.72625732421875,225.1512451171875,0.0,1.0,7.706040382385254,122.4139404296875,12.859312057495117,35.6883430480957,1.0000001111620804e-06,2.017710357904434e-06,8.34565544128418,2.8941810131073,0.3467889428138733,0.27266666293144226,0.29116666316986084,23.633573532104492,23.041038513183594,1.0257165431976318,9.015246391296387,8.896224021911621,1.0133789777755737,inf,inf,,,,inf,,,1.0,9.060884475708008,poincare,1,256,gaussian,gaussian,60000,0.3,0.3,"[0.0, 0.0, 0.0]","[0.8, 0.0, 0.0]",1,,,False,,,,,
general__poi_d256_c1_s42,7.245687961578369,7.415731430053711,7.245687961578369,32.0,0.0,351.9668884277344,226.12940979003906,0.0,1.0,7.623125076293945,117.50987243652344,12.944548606872559,35.736549377441406,1.0000001111620804e-06,2.8839542665082263e-06,8.296525955200195,2.8916592597961426,0.3485385775566101,0.3605000078678131,0.27033331990242004,23.573415756225586,23.044307708740234,1.0229604244232178,9.002912521362305,8.896559715270996,1.011954426765442,inf,inf,,,,inf,,,1.0,9.053528785705566,poincare,1,256,gaussian,gaussian,60000,0.3,0.3,"[0.0, 0.0, 0.0]","[0.8, 0.0, 0.0]",1,,,False,,,,,
general__poi_d256_c1_s50,7.2020649909973145,5.781346321105957,7.2020649909973145,38.0,0.0,381.8360900878906,226.33518981933594,0.0,1.0,7.553989410400391,128.608642578125,12.995994567871094,35.47172927856445,1.0000001111620804e-06,4.15333215642022e-06,8.299783706665039,2.8897180557250977,0.3481678366661072,0.31200000643730164,0.2784999907016754,23.631664276123047,23.042898178100586,1.0255508422851562,9.01430606842041,8.896454811096191,1.013247013092041,inf,inf,,,,inf,,,1.0,9.05785083770752,poincare,1,256,gaussian,gaussian,60000,0.3,0.3,"[0.0, 0.0, 0.0]","[0.8, 0.0, 0.0]",1,,,False,,,,,
general__poi_d256_c2_s34,44.904354095458984,40.08011245727539,44.904354095458984,76.5,0.0,53.89371871948242,2725.2744140625,0.0,1.0,20.631879806518555,397.0639953613281,47.892822265625,114.46629333496094,1.0000001111620804e-06,4.09597487305291e-06,8.224336624145508,3.799394130706787,0.46196967363357544,0.00016666666488163173,0.0004999999655410647,19.012569427490234,17.88718032836914,1.0629159212112427,8.22812271118164,7.966525554656982,1.0328370332717896,inf,inf,,,,inf,,,1.0,8.25605297088623,poincare,2,256,gaussian,gaussian,60000,0.3,0.3,"[0.0, 0.0, 0.0]","[0.8, 0.0, 0.0]",1,,,False,,,,,
general__poi_d256_c2_s42,45.01641845703125,42.83367919921875,45.01641845703125,77.0,0.0,48.66257858276367,2685.285400390625,0.0,1.0,20.624603271484375,397.01275634765625,47.432621002197266,114.4557113647461,1.0000001111620804e-06,2.7567655251914402e-06,8.213491439819336,3.7997443675994873,0.46262234449386597,0.0004999999655410647,0.0006666666595265269,19.001834869384766,17.889284133911133,1.0621908903121948,8.225614547729492,7.967010974884033,1.0324592590332031,inf,inf,,,,inf,,,1.0,8.254642486572266,poincare,2,256,gaussian,gaussian,60000,0.3,0.3,"[0.0, 0.0, 0.0]","[0.8, 0.0, 0.0]",1,,,False,,,,,
general__poi_d256_c2_s50,45.25676727294922,33.9422721862793,45.25676727294922,75.5,0.0,58.94880676269531,2645.400390625,0.0,1.0,20.003698348999023,400.3835754394531,47.31928253173828,111.17597198486328,1.0000001111620804e-06,6.194381057866849e-06,8.228866577148438,3.798872470855713,0.4616519808769226,0.0,0.0,19.015052795410156,17.886005401611328,1.063124656677246,8.228686332702637,7.96622896194458,1.032946228981018,inf,inf,,,,inf,,,1.0,8.255727767944336,poincare,2,256,gaussian,gaussian,60000,0.3,0.3,"[0.0, 0.0, 0.0]","[0.8, 0.0, 0.0]",1,,,False,,,,,
general__poi_d256_c3_s34,27.999370574951172,27.187280654907227,27.999370574951172,74.5,0.0,-24.25766944885254,2408.3759765625,0.0,1.0,19.161426544189453,372.478759765625,45.1237907409668,106.04476165771484,1.0000001111620804e-06,5.341632459021639e-06,6.729596138000488,3.8198323249816895,0.567616879940033,0.0,0.0,12.680591583251953,11.514588356018066,1.1012630462646484,6.719732284545898,6.384789943695068,1.0524593591690063,inf,inf,,,,inf,,,1.0,6.740812301635742,poincare,3,256,gaussian,gaussian,60000,0.3,0.3,"[0.0, 0.0, 0.0]","[0.8, 0.0, 0.0]",1,,,False,,,,,
general__poi_d256_c3_s42,28.360763549804688,27.896751403808594,28.360763549804688,66.0,0.0,-23.7749080657959,2348.08544921875,0.0,1.0,18.754314422607422,375.2326965332031,44.5713005065918,104.66866302490234,1.0000001111620804e-06,5.964482625131495e-06,6.7316460609436035,3.8221402168273926,0.5677869319915771,0.0,0.0,12.691275596618652,11.516263008117676,1.1020307540893555,6.722788333892822,6.385262489318848,1.052860140800476,inf,inf,,,,inf,,,1.0,6.742365837097168,poincare,3,256,gaussian,gaussian,60000,0.3,0.3,"[0.0, 0.0, 0.0]","[0.8, 0.0, 0.0]",1,,,False,,,,,
general__poi_d256_c3_s50,28.362422943115234,32.23176193237305,28.362422943115234,71.5,0.0,-23.60250473022461,2368.1357421875,0.0,1.0,18.736034393310547,374.408203125,44.87766647338867,102.99600219726562,1.0000001111620804e-06,5.9727685766119976e-06,6.73056173324585,3.820013999938965,0.567562460899353,0.0,0.0,12.687810897827148,11.5149507522583,1.1018553972244263,6.721769332885742,6.384871006011963,1.052765130996704,inf,inf,,,,inf,,,1.0,6.7416510581970215,poincare,3,256,gaussian,gaussian,60000,0.3,0.3,"[0.0, 0.0, 0.0]","[0.8, 0.0, 0.0]",1,,,False,,,,,
general__poi_d256_c5_s34,15.110615730285645,14.044358253479004,15.110615730285645,115.5,0.0,-57.73348617553711,2001.230224609375,0.0,1.0,17.267967224121094,333.2585144042969,41.22446060180664,96.53687286376953,1.0000001111620804e-06,7.037624072836479e-06,5.214799880981445,3.8463497161865234,0.737583339214325,0.0,0.0,7.603907585144043,6.468533992767334,1.1755225658416748,5.204411506652832,4.775991916656494,1.0897027254104614,inf,inf,,,,inf,,,1.0,5.220603942871094,poincare,5,256,gaussian,gaussian,60000,0.3,0.3,"[0.0, 0.0, 0.0]","[0.8, 0.0, 0.0]",1,,,False,,,,,
general__poi_d256_c5_s42,15.395051956176758,15.927684783935547,15.395051956176758,117.0,0.0,-57.58124542236328,1952.865478515625,0.0,1.0,16.863866806030273,335.0687561035156,40.743099212646484,94.50086212158203,1.0000001111620804e-06,8.15431667433586e-06,5.2158966064453125,3.848393440246582,0.7378200888633728,0.0,0.0,7.608554840087891,6.469635486602783,1.176040768623352,5.206103801727295,4.776429653167725,1.0899572372436523,inf,inf,,,,inf,,,1.0,5.221475124359131,poincare,5,256,gaussian,gaussian,60000,0.3,0.3,"[0.0, 0.0, 0.0]","[0.8, 0.0, 0.0]",1,,,False,,,,,
general__poi_d256_c5_s50,15.319530487060547,12.345782279968262,15.319530487060547,117.0,0.0,-57.77050018310547,1901.4283447265625,0.0,1.0,16.604562759399414,335.41845703125,40.294742584228516,92.84973907470703,1.0000001111620804e-06,9.476341801928356e-06,5.212672710418701,3.8436789512634277,0.7373719811439514,0.0,0.0,7.596446514129639,6.468764305114746,1.1743272542953491,5.201636791229248,4.7760725021362305,1.0891033411026,inf,inf,,,,inf,,,1.0,5.218806266784668,poincare,5,256,gaussian,gaussian,60000,0.3,0.3,"[0.0, 0.0, 0.0]","[0.8, 0.0, 0.0]",1,,,False,,,,,
general__poi_d2_c10_s34,0.2888941764831543,0.34182828664779663,0.2888941764831543,56.0,0.0,-0.5438439249992371,1.042639970779419,0.0,1.0,0.7809649109840393,12.782088279724121,0.6407303214073181,1.7385787963867188,1.0000001111620804e-06,1.8078017092193477e-06,0.21912087500095367,0.021095898002386093,0.09627516567707062,0.4894999861717224,0.5324999690055847,0.1760646551847458,0.1813260018825531,0.9709840416908264,0.539673924446106,0.5630179047584534,0.958537757396698,2.253159523010254,2.212714910507202,3.3521265983581543,1.8416528701782227,-0.04044461250305176,1.3530077934265137,0.17337481677532196,0.8597071170806885,1.0,0.5503441691398621,poincare,10,2,gaussian,gaussian,60000,0.3,0.3,"[0.0, 0.0, 0.0]","[0.8, 0.0, 0.0]",1,,,False,0.3141295909881592,0.3141295909881592,-0.5552861094474792,-0.5552861094474792,-0.5552859902381897
general__poi_d2_c10_s42,0.2977607846260071,0.3566063344478607,0.2977607846260071,56.0,0.0,-0.6025343537330627,1.0626481771469116,0.0,1.0,0.7782623171806335,14.636781692504883,0.6564143300056458,1.724671721458435,1.0000001111620804e-06,1.8206662844022503e-06,0.22021476924419403,0.023427151143550873,0.10638321191072464,0.4816666543483734,0.5088333487510681,0.17971672117710114,0.17681331932544708,1.016420602798462,0.5452367067337036,0.5558626055717468,0.9808839559555054,2.246767044067383,2.2111563682556152,3.2193686962127686,1.6469119787216187,-0.03561067581176758,1.3599202632904053,0.17735223472118378,0.85123610496521,1.0,0.5514100193977356,poincare,10,2,gaussian,gaussian,60000,0.3,0.3,"[0.0, 0.0, 0.0]","[0.8, 0.0, 0.0]",1,,,False,0.2847905457019806,0.2847905457019806,-0.5938515067100525,-0.5938515067100525,-0.5938515067100525
general__poi_d2_c10_s50,0.29198122024536133,0.31541553139686584,0.29198122024536133,56.0,0.0,-0.6178544759750366,1.0575363636016846,0.0,1.0,0.7865349650382996,12.693230628967285,0.64984130859375,1.7827154397964478,1.0000001111620804e-06,1.829462576097285e-06,0.21642006933689117,0.019907845184206963,0.09198705852031708,0.4726666808128357,0.5066666603088379,0.17869533598423004,0.17506715655326843,1.0207245349884033,0.5448887944221497,0.5529927015304565,0.9853453636169434,2.270852565765381,2.196815013885498,3.7455224990844727,1.6588351726531982,-0.07403755187988281,1.3599426746368408,0.18669553101062775,0.8368723392486572,1.0,0.5475326180458069,poincare,10,2,gaussian,gaussian,60000,0.3,0.3,"[0.0, 0.0, 0.0]","[0.8, 0.0, 0.0]",1,,,False,0.2899516224861145,0.2899516224861145,-0.571399450302124,-0.571399450302124,-0.571399450302124
general__poi_d2_c1_s34,0.1433713585138321,0.15137094259262085,0.1433713585138321,38.0,0.0,0.534121572971344,0.3083336651325226,0.0,1.0,0.5340878367424011,1.6330729722976685,0.1517857313156128,0.8305753469467163,1.0000001111620804e-06,2.0007828425150365e-06,0.21341726183891296,0.007488947361707687,0.03509063646197319,0.4925000071525574,0.5109999775886536,0.18997693061828613,0.18132977187633514,1.0476875305175781,0.5347455143928528,0.5373098850250244,0.9952273964881897,1.077593207359314,1.075481653213501,0.00887646060436964,0.004014527890831232,-0.0021115541458129883,1.0300261974334717,0.000889146642293781,0.0454554557800293,1.0,0.5371692180633545,poincare,1,2,gaussian,gaussian,60000,0.3,0.3,"[0.0, 0.0, 0.0]","[0.8, 0.0, 0.0]",1,,,False,0.152746319770813,0.152746319770813,0.5157536864280701,0.5157536864280701,0.5157536864280701
general__poi_d2_c1_s42,0.14366088807582855,0.14486461877822876,0.14366088807582855,38.0,0.0,0.5014868378639221,0.2879129648208618,0.0,1.0,0.5184116363525391,1.5979703664779663,0.1380360722541809,0.7906202077865601,1.0000001111620804e-06,2.0437878447410185e-06,0.21459922194480896,0.007385371718555689,0.03441471606492996,0.4724999964237213,0.492166668176651,0.19398939609527588,0.17680953443050385,1.0971659421920776,0.5422753095626831,0.5308424830436707,1.021537184715271,1.0796959400177002,1.0761674642562866,0.009410382248461246,0.003916396293789148,-0.0035284757614135742,1.0305233001708984,0.000925112864933908,0.045644164085388184,1.0,0.5348731279373169,poincare,1,2,gaussian,gaussian,60000,0.3,0.3,"[0.0, 0.0, 0.0]","[0.8, 0.0, 0.0]",1,,,False,0.15647435188293457,0.15647435188293457,0.46818262338638306,0.46818262338638306,0.46818262338638306
general__poi_d2_c1_s50,0.14284180104732513,0.14476461708545685,0.14284180104732513,38.0,0.0,0.477274090051651,0.3142717182636261,0.0,1.0,0.540890634059906,1.5847892761230469,0.14712117612361908,0.8322538137435913,1.0000001111620804e-06,1.96493692783406e-06,0.21531185507774353,0.007321096491068602,0.03400229290127754,0.47316667437553406,0.4833333194255829,0.19622740149497986,0.1750667244195938,1.1208720207214355,0.5451154112815857,0.5282396674156189,1.031947135925293,1.081231713294983,1.0755665302276611,0.009758880361914635,0.0038203976582735777,-0.00566518260166049,1.0304381847381592,0.000954442482907325,0.04512834548950195,1.0,0.5385940074920654,poincare,1,2,gaussian,gaussian,60000,0.3,0.3,"[0.0, 0.0, 0.0]","[0.8, 0.0, 0.0]",1,,,False,0.14872534573078156,0.14872534573078156,0.49696215987205505,0.49696215987205505,0.4969620704650879
general__poi_d2_c2_s34,0.14565052092075348,0.1547352820634842,0.14565052092075348,38.0,0.0,0.34758731722831726,0.37187659740448,0.0,1.0,0.5881832838058472,2.090320348739624,0.1608436405658722,0.9057022929191589,1.0000001111620804e-06,1.813394760574738e-06,0.2180437445640564,0.008290098048746586,0.03802034258842468,0.4846666753292084,0.4975000023841858,0.19231949746608734,0.1813286542892456,1.0606127977371216,0.5491551756858826,0.5408952236175537,1.0152709484100342,1.176063060760498,1.15919029712677,0.03992698714137077,0.018909743055701256,-0.016872763633728027,1.0611108541488647,0.003816283540800214,0.09807945042848587,1.0,0.5442336201667786,poincare,2,2,gaussian,gaussian,60000,0.3,0.3,"[0.0, 0.0, 0.0]","[0.8, 0.0, 0.0]",1,,,False,0.15197685360908508,0.15197685360908508,0.328918993473053,0.328918993473053,0.3289189636707306
general__poi_d2_c2_s42,0.14598359167575836,0.14716388285160065,0.14598359167575836,44.0,0.0,0.3171049952507019,0.37569570541381836,0.0,1.0,0.5924420952796936,2.172715425491333,0.15684571862220764,0.8956692814826965,1.0000001111620804e-06,1.7940836869456689e-06,0.2167578935623169,0.009338531643152237,0.04308277368545532,0.4886666536331177,0.4880000054836273,0.200797438621521,0.17680953443050385,1.1356709003448486,0.5616702437400818,0.5343176126480103,1.0511916875839233,1.1848596334457397,1.160469889640808,0.045038167387247086,0.018317358568310738,-0.02438974566757679,1.062144160270691,0.003967650234699249,0.09832572191953659,1.0,0.5452077388763428,poincare,2,2,gaussian,gaussian,60000,0.3,0.3,"[0.0, 0.0, 0.0]","[0.8, 0.0, 0.0]",1,,,False,0.14671622216701508,0.14671622216701508,0.29426515102386475,0.29426515102386475,0.29426515102386475
general__poi_d2_c2_s50,0.1444016993045807,0.14086604118347168,0.1444016993045807,43.0,0.0,0.23941417038440704,0.3796432614326477,0.0,1.0,0.5968964099884033,1.9114869832992554,0.15263482928276062,0.890931248664856,1.0000001111620804e-06,1.7798595308704535e-06,0.21665683388710022,0.005742417648434639,0.026504669338464737,0.47600001096725464,0.48649999499320984,0.18933020532131195,0.1750662475824356,1.0814775228500366,0.5494795441627502,0.5316701531410217,1.0334970951080322,1.1770249605178833,1.15912663936615,0.03355099633336067,0.017861124128103256,-0.0178983211517334,1.0619876384735107,0.004102735314518213,0.09713900089263916,1.0,0.5406949520111084,poincare,2,2,gaussian,gaussian,60000,0.3,0.3,"[0.0, 0.0, 0.0]","[0.8, 0.0, 0.0]",1,,,False,0.1438872516155243,0.1438872516155243,0.2709288001060486,0.2709288001060486,0.2709287703037262
general__poi_d2_c3_s34,0.15059930086135864,0.16115719079971313,0.15059930086135864,44.5,0.0,0.2157672494649887,0.4049079120159149,0.0,1.0,0.6099842190742493,2.64499568939209,0.18091236054897308,0.9549189209938049,1.0000001111620804e-06,1.7631292621445027e-06,0.2185508757829666,0.008969660848379135,0.04104151949286461,0.5009999871253967,0.5131666660308838,0.18699444830417633,0.18132783472537994,1.0312505960464478,0.5462220311164856,0.5442416071891785,1.0036388635635376,1.2754106521606445,1.2517402172088623,0.09619084745645523,0.05017092823982239,-0.023670434951782227,1.0932936668395996,0.009221735410392284,0.1584465503692627,1.0,0.5439443588256836,poincare,3,2,gaussian,gaussian,60000,0.3,0.3,"[0.0, 0.0, 0.0]","[0.8, 0.0, 0.0]",1,,,False,0.15659166872501373,0.15659166872501373,0.19776460528373718,0.19776460528373718,0.19776460528373718
general__poi_d2_c3_s42,0.15092803537845612,0.15153272449970245,0.15092803537845612,44.0,0.0,0.18917177617549896,0.4145774245262146,0.0,1.0,0.6183803081512451,2.7724931240081787,0.17892034351825714,0.9549375176429749,1.0000001111620804e-06,1.734060560920625e-06,0.2170419543981552,0.011386706493794918,0.05246315523982048,0.4793333411216736,0.47966668009757996,0.19895772635936737,0.17680975794792175,1.1252644062042236,0.5641933679580688,0.5375661253929138,1.0495330095291138,1.2958515882492065,1.2534958124160767,0.1182713508605957,0.04822517931461334,-0.04235577583312988,1.094903588294983,0.009578038938343525,0.15859222412109375,1.0,0.5480303168296814,poincare,3,2,gaussian,gaussian,60000,0.3,0.3,"[0.0, 0.0, 0.0]","[0.8, 0.0, 0.0]",1,,,False,0.15075834095478058,0.15075834095478058,0.17247940599918365,0.17247940599918365,0.17247940599918365
general__poi_d2_c3_s50,0.1499614268541336,0.14998631179332733,0.1499614268541336,48.5,0.0,0.13385038077831268,0.41859814524650574,0.0,1.0,0.6236834526062012,2.394070863723755,0.17178255319595337,0.9416042566299438,1.0000001111620804e-06,1.7097344198191422e-06,0.21667207777500153,0.008426533080637455,0.038890719413757324,0.4883333444595337,0.4858333468437195,0.1884218007326126,0.1750659942626953,1.0762900114059448,0.5510863661766052,0.5348794460296631,1.0303001403808594,1.2872505187988281,1.2512542009353638,0.09611698240041733,0.047041479498147964,-0.035996317863464355,1.094691514968872,0.009926768951117992,0.1565626859664917,1.0,0.5428756475448608,poincare,3,2,gaussian,gaussian,60000,0.3,0.3,"[0.0, 0.0, 0.0]","[0.8, 0.0, 0.0]",1,,,False,0.14928530156612396,0.14928530156612396,0.17579716444015503,0.17579716444015503,0.17579713463783264
general__poi_d2_c5_s34,0.16851183772087097,0.1829390525817871,0.16851183772087097,44.0,0.0,-0.01732589676976204,0.4833967387676239,0.0,1.0,0.6448546648025513,4.2913689613342285,0.2586229145526886,1.0974838733673096,1.0000001111620804e-06,1.7417860362911597e-06,0.21863822638988495,0.013647917658090591,0.06242237985134125,0.4946666657924652,0.512666642665863,0.18895664811134338,0.18132692575454712,1.0420771837234497,0.5521048903465271,0.5503391623497009,1.0032083988189697,1.510904312133789,1.4661405086517334,0.410055547952652,0.19465503096580505,-0.044763922691345215,1.161120891571045,0.029626045376062393,0.3050194978713989,1.0,0.5496578812599182,poincare,5,2,gaussian,gaussian,60000,0.3,0.3,"[0.0, 0.0, 0.0]","[0.8, 0.0, 0.0]",1,,,False,0.17801447212696075,0.17801447212696075,-0.03505120798945427,-0.03505120798945427,-0.03505120426416397
general__poi_d2_c5_s42,0.16998544335365295,0.17152869701385498,0.16998544335365295,44.0,0.0,-0.05637262016534805,0.4770336151123047,0.0,1.0,0.6402043104171753,4.511908054351807,0.25748032331466675,1.0842785835266113,1.0000001111620804e-06,1.7539747432238073e-06,0.21736440062522888,0.014579065144062042,0.06707199662923813,0.4856666624546051,0.499833345413208,0.190792515873909,0.1768106073141098,1.0790784358978271,0.5552209615707397,0.5434964895248413,1.0215723514556885,1.5124390125274658,1.4683667421340942,0.42300158739089966,0.1838712990283966,-0.04407215490937233,1.1640123128890991,0.030686059966683388,0.3043544292449951,1.0,0.5474918484687805,poincare,5,2,gaussian,gaussian,60000,0.3,0.3,"[0.0, 0.0, 0.0]","[0.8, 0.0, 0.0]",1,,,False,0.1705470234155655,0.1705470234155655,-0.06986202299594879,-0.06986202299594879,-0.06986202299594879
general__poi_d2_c5_s50,0.16777077317237854,0.18312972784042358,0.16777077317237854,45.0,0.0,-0.06690732389688492,0.5112701058387756,0.0,1.0,0.6667215824127197,3.8958723545074463,0.2571909427642822,1.1190576553344727,1.0000001111620804e-06,1.6695706790414988e-06,0.21671488881111145,0.012869543395936489,0.059384677559137344,0.4896666705608368,0.4933333396911621,0.18521659076213837,0.17506608366966248,1.057981014251709,0.5494108200073242,0.5407434701919556,1.0160285234451294,1.535330057144165,1.4637964963912964,0.4294891655445099,0.17998042702674866,-0.07153356075286865,1.1637436151504517,0.031949035823345184,0.3000528812408447,1.0,0.5440518856048584,poincare,5,2,gaussian,gaussian,60000,0.3,0.3,"[0.0, 0.0, 0.0]","[0.8, 0.0, 0.0]",1,,,False,0.1679357886314392,0.1679357886314392,-0.012467294000089169,-0.012467294000089169,-0.01246729027479887
general__poi_d3_c10_s34,0.3174886405467987,0.2272472083568573,0.3174886405467987,87.5,0.00013404215860646218,-0.517640233039856,1.694394588470459,0.0,1.0,0.9892368316650391,15.02343463897705,0.839174747467041,2.351503849029541,1.0000001111620804e-06,1.5299827964554424e-06,0.30523353815078735,0.04674852639436722,0.153156578540802,0.4753333330154419,0.628166675567627,0.22356893122196198,0.2696443200111389,0.8291253447532654,0.644031822681427,0.7433426976203918,0.8663995862007141,10.403326988220215,9.34613037109375,1181.6495361328125,247.6959228515625,-1.0571966171264648,2.841672897338867,10.431675910949707,6.504457473754883,1.0,0.6960238218307495,poincare,10,3,gaussian,gaussian,60000,0.3,0.3,"[0.0, 0.0, 0.0]","[0.8, 0.0, 0.0]",1,,,False,0.32094642519950867,0.32094642519950867,-0.5997872948646545,-0.5997872948646545,-0.5997872352600098
general__poi_d3_c10_s42,0.3342655599117279,0.25929781794548035,0.3342655599117279,79.0,2.3655593395233154e-05,-0.8145052790641785,1.8262789249420166,0.0,1.0,0.9995322227478027,17.240650177001953,0.9042774438858032,2.386392831802368,1.0000001111620804e-06,1.5401262771774782e-06,0.2999820411205292,0.04598480090498924,0.15329185128211975,0.47616666555404663,0.5921666622161865,0.24832682311534882,0.2699790298938751,0.9198004007339478,0.6821151375770569,0.7444695830345154,0.9162431359291077,11.700252532958984,9.357016563415527,2456.47705078125,252.73878479003906,-2.343235969543457,2.8027467727661133,8.997272491455078,6.554269313812256,1.0,0.7142560482025146,poincare,10,3,gaussian,gaussian,60000,0.3,0.3,"[0.0, 0.0, 0.0]","[0.8, 0.0, 0.0]",1,,,False,0.32499420642852783,0.32499420642852783,-0.8037675023078918,-0.8037675023078918,-0.8037675023078918
general__poi_d3_c10_s50,0.3323259949684143,0.35308170318603516,0.3323259949684143,77.0,8.593002712586895e-05,-0.5738770961761475,1.6959158182144165,0.0,1.0,0.9951779246330261,13.82040786743164,0.8360998630523682,2.395063638687134,1.0000001111620804e-06,1.5238301784847863e-06,0.30228620767593384,0.04866722971200943,0.1609971821308136,0.47333332896232605,0.6358333230018616,0.2241261601448059,0.2690434753894806,0.8330481052398682,0.6419806480407715,0.742524266242981,0.8645921349525452,10.647102355957031,9.740445137023926,1475.7513427734375,381.4096374511719,-0.9066572189331055,2.8304455280303955,8.109471321105957,6.909999847412109,1.0,0.6912190914154053,poincare,10,3,gaussian,gaussian,60000,0.3,0.3,"[0.0, 0.0, 0.0]","[0.8, 0.0, 0.0]",1,,,False,0.3352516293525696,0.3352516293525696,-0.6048563122749329,-0.6048563122749329,-0.6048563122749329
general__poi_d3_c1_s34,0.1421433985233307,0.1379512995481491,0.1421433985233307,38.0,0.0,0.7084125280380249,0.3074919581413269,0.0,1.0,0.5349044799804688,1.5399062633514404,0.14594927430152893,0.825729489326477,1.0000001111620804e-06,1.988031272048829e-06,0.2978881001472473,0.006770523265004158,0.022728411480784416,0.47733333706855774,0.5083333253860474,0.2854389250278473,0.2696281373500824,1.0586392879486084,0.6952844858169556,0.6864073276519775,1.0129330158233643,1.2096861600875854,1.1966015100479126,0.06270348280668259,0.023610085248947144,-0.013084650970995426,1.096307396888733,0.007205902598798275,0.10029410570859909,1.0,0.6913627982139587,poincare,1,3,gaussian,gaussian,60000,0.3,0.3,"[0.0, 0.0, 0.0]","[0.8, 0.0, 0.0]",1,,,False,0.16671128571033478,0.16671128571033478,0.7125276923179626,0.7125276923179626,0.7125276923179626
general__poi_d3_c1_s42,0.1419324427843094,0.1316266804933548,0.1419324427843094,32.0,0.0,0.722119927406311,0.3084336221218109,0.0,1.0,0.53569096326828,1.6097002029418945,0.14634543657302856,0.8300328254699707,1.0000001111620804e-06,1.9829819848382613e-06,0.29790347814559937,0.00752705242484808,0.025266749784350395,0.4833333194255829,0.5048333406448364,0.2936722934246063,0.26996177434921265,1.0878291130065918,0.7063055634498596,0.6871939897537231,1.0278109312057495,1.2185909748077393,1.1989474296569824,0.07204005122184753,0.022806555032730103,-0.019643545150756836,1.095639705657959,0.006931218318641186,0.10330771654844284,1.0,0.6941588521003723,poincare,1,3,gaussian,gaussian,60000,0.3,0.3,"[0.0, 0.0, 0.0]","[0.8, 0.0, 0.0]",1,,,False,0.17298761010169983,0.17298761010169983,0.6931167840957642,0.6931167840957642,0.6931167840957642
general__poi_d3_c1_s50,0.1419982761144638,0.14011158049106598,0.1419982761144638,38.0,0.0,0.7483167052268982,0.3210439085960388,0.0,1.0,0.5458455681800842,1.6080608367919922,0.151702418923378,0.845176100730896,1.0000001111620804e-06,1.9522083221090725e-06,0.30283963680267334,0.007904053665697575,0.02609979920089245,0.4871666729450226,0.5145000219345093,0.2865518629550934,0.2690174877643585,1.0651793479919434,0.6957725286483765,0.685647189617157,1.0147675275802612,1.2118558883666992,1.199485182762146,0.06548166275024414,0.02449558675289154,-0.012370705604553223,1.0970615148544312,0.006995391100645065,0.10242366790771484,1.0,0.6877467632293701,poincare,1,3,gaussian,gaussian,60000,0.3,0.3,"[0.0, 0.0, 0.0]","[0.8, 0.0, 0.0]",1,,,False,0.16458748281002045,0.16458748281002045,0.7641332149505615,0.7641332149505615,0.7641332149505615
general__poi_d3_c2_s34,0.14404284954071045,0.13852451741695404,0.14404284954071045,44.0,0.0,0.5529186725616455,0.43615034222602844,0.0,1.0,0.6378558278083801,2.032654285430908,0.1709623783826828,0.9755513668060303,1.0000001111620804e-06,1.6698612625987153e-06,0.29640740156173706,0.011804002337157726,0.03982357308268547,0.4886666536331177,0.5286666750907898,0.2743920683860779,0.26962995529174805,1.017661690711975,0.687863826751709,0.6950656771659851,0.9896385669708252,1.5200797319412231,1.4528470039367676,0.5176036953926086,0.15047264099121094,-0.06723272800445557,1.2053295373916626,0.0372963547706604,0.24751748144626617,1.0,0.691541850566864,poincare,2,3,gaussian,gaussian,60000,0.3,0.3,"[0.0, 0.0, 0.0]","[0.8, 0.0, 0.0]",1,,,False,0.14609584212303162,0.14609584212303162,0.539757251739502,0.539757251739502,0.539757251739502
general__poi_d3_c2_s42,0.1443423181772232,0.1361304223537445,0.1443423181772232,44.0,0.0,0.5575487613677979,0.44542765617370605,0.0,1.0,0.643276572227478,2.2454724311828613,0.1775868684053421,0.9923042058944702,1.0000001111620804e-06,1.6629669516987633e-06,0.298040509223938,0.012668533250689507,0.042506080120801926,0.48649999499320984,0.5220000147819519,0.28236767649650574,0.269963800907135,1.045946478843689,0.6990313529968262,0.6958987712860107,1.004501461982727,1.5372052192687988,1.4578242301940918,0.5558678507804871,0.14541508257389069,-0.07938098907470703,1.2036956548690796,0.03560779243707657,0.2541285753250122,1.0,0.6949670314788818,poincare,2,3,gaussian,gaussian,60000,0.3,0.3,"[0.0, 0.0, 0.0]","[0.8, 0.0, 0.0]",1,,,False,0.14871221780776978,0.14871221780776978,0.5216107964515686,0.5216107964515686,0.5216107964515686
general__poi_d3_c2_s50,0.14368025958538055,0.15674597024917603,0.14368025958538055,44.0,0.0,0.5257380604743958,0.45650702714920044,0.0,1.0,0.6508040428161621,2.070737838745117,0.18131664395332336,1.0099509954452515,1.0000001111620804e-06,1.647316253183817e-06,0.30004721879959106,0.011228930205106735,0.03742387518286705,0.49016666412353516,0.5253333449363708,0.2809838652610779,0.26902103424072266,1.0444680452346802,0.6979617476463318,0.6942873001098633,1.005292534828186,1.5286574363708496,1.4602376222610474,0.5164211988449097,0.15963199734687805,-0.0684196949005127,1.2068032026290894,0.03582771122455597,0.253434419631958,1.0,0.691601574420929,poincare,2,3,gaussian,gaussian,60000,0.3,0.3,"[0.0, 0.0, 0.0]","[0.8, 0.0, 0.0]",1,,,False,0.1476392149925232,0.1476392149925232,0.5361508131027222,0.5361508131027222,0.5361507534980774
general__poi_d3_c3_s34,0.14928553998470306,0.141708642244339,0.14928553998470306,56.0,0.0,0.3177092373371124,0.5145797729492188,0.0,1.0,0.6882774829864502,2.6623640060424805,0.20187170803546906,1.0678198337554932,1.0000001111620804e-06,1.5642795005987864e-06,0.30157411098480225,0.014385462738573551,0.04770125448703766,0.48766666650772095,0.5130000114440918,0.2776626646518707,0.2696320712566376,1.0297834873199463,0.7034803628921509,0.7029294967651367,1.0007836818695068,1.9334235191345215,1.7865338325500488,2.0834052562713623,0.5496381521224976,-0.14688968658447266,1.3289692401885986,0.10967404395341873,0.4575645625591278,1.0,0.7028984427452087,poincare,3,3,gaussian,gaussian,60000,0.3,0.3,"[0.0, 0.0, 0.0]","[0.8, 0.0, 0.0]",1,,,False,0.14839671552181244,0.14839671552181244,0.2894198000431061,0.2894198000431061,0.2894197702407837
general__poi_d3_c3_s42,0.1494823843240738,0.13949277997016907,0.1494823843240738,55.0,0.0,0.3200344145298004,0.5249351859092712,0.0,1.0,0.6954928636550903,2.930636167526245,0.20278680324554443,1.0736451148986816,1.0000001111620804e-06,1.543398298053944e-06,0.3023228347301483,0.01503230631351471,0.049722690135240555,0.49266666173934937,0.5181666612625122,0.27893608808517456,0.2699660658836365,1.033226490020752,0.706955075263977,0.7038069367408752,1.0044729709625244,1.9539114236831665,1.7943476438522339,2.244248390197754,0.5322780609130859,-0.15956377983093262,1.3259750604629517,0.10381795465946198,0.4683726131916046,1.0,0.7027747631072998,poincare,3,3,gaussian,gaussian,60000,0.3,0.3,"[0.0, 0.0, 0.0]","[0.8, 0.0, 0.0]",1,,,False,0.1500546634197235,0.1500546634197235,0.29195964336395264,0.29195964336395264,0.29195964336395264
general__poi_d3_c3_s50,0.15017370879650116,0.1515851616859436,0.15017370879650116,55.0,0.0,0.3047923743724823,0.53276526927948,0.0,1.0,0.7001614570617676,2.6401543617248535,0.2060481309890747,1.0889065265655518,1.0000001111620804e-06,1.5392283785331529e-06,0.30417400598526,0.014283151365816593,0.046957168728113174,0.49533334374427795,0.5183333158493042,0.2804481089115143,0.2690245509147644,1.0424628257751465,0.7089669704437256,0.7021373510360718,1.009726881980896,1.9425504207611084,1.8009812831878662,2.0893101692199707,0.5999941825866699,-0.1415691375732422,1.331059217453003,0.10395602136850357,0.4699220657348633,1.0,0.7006479501724243,poincare,3,3,gaussian,gaussian,60000,0.3,0.3,"[0.0, 0.0, 0.0]","[0.8, 0.0, 0.0]",1,,,False,0.1493431180715561,0.1493431180715561,0.297603577375412,0.297603577375412,0.297603577375412
general__poi_d3_c5_s34,0.16939124464988708,0.15386401116847992,0.16939124464988708,62.0,0.0,-0.02913365513086319,0.678038477897644,0.0,1.0,0.7627211809158325,4.433985233306885,0.30953919887542725,1.3201664686203003,1.0000001111620804e-06,1.487154349888442e-06,0.30556902289390564,0.020466845482587814,0.06697945296764374,0.4964999854564667,0.5401666760444641,0.2658108174800873,0.26963621377944946,0.9858127236366272,0.698793888092041,0.7167294025421143,0.9749758839607239,3.221344470977783,2.784991502761841,22.471099853515625,4.2110090255737305,-0.43635299801826477,1.6292786598205566,0.5364404916763306,1.1557128429412842,1.0,0.7075942158699036,poincare,5,3,gaussian,gaussian,60000,0.3,0.3,"[0.0, 0.0, 0.0]","[0.8, 0.0, 0.0]",1,,,False,0.16884243488311768,0.16884243488311768,-0.07846538722515106,-0.07846538722515106,-0.07846537977457047
general__poi_d3_c5_s42,0.1702173948287964,0.15545865893363953,0.1702173948287964,58.0,0.0,-0.04142645373940468,0.7038872241973877,0.0,1.0,0.7732746601104736,5.004024505615234,0.32493677735328674,1.3428294658660889,1.0000001111620804e-06,1.4725536630066927e-06,0.3073804974555969,0.02166714146733284,0.07048964500427246,0.49283334612846375,0.5324999690055847,0.2742789685726166,0.26997050642967224,1.0159590244293213,0.7112260460853577,0.7176891565322876,0.9909946918487549,3.3536646366119385,2.7984910011291504,31.883056640625,4.118542671203613,-0.5551738739013672,1.621862769126892,0.49741968512535095,1.1766279935836792,1.0,0.7123609185218811,poincare,5,3,gaussian,gaussian,60000,0.3,0.3,"[0.0, 0.0, 0.0]","[0.8, 0.0, 0.0]",1,,,False,0.17117738723754883,0.17117738723754883,-0.07742760330438614,-0.07742760330438614,-0.07742760330438614
general__poi_d3_c5_s50,0.16822488605976105,0.16236543655395508,0.16822488605976105,50.5,0.0,-0.07934874296188354,0.6892717480659485,0.0,1.0,0.7672386169433594,4.292476177215576,0.31669652462005615,1.3430508375167847,1.0000001111620804e-06,1.4891205637468374e-06,0.3020436763763428,0.020248018205165863,0.06703672558069229,0.49050000309944153,0.5361666679382324,0.266930490732193,0.26903119683265686,0.9921916723251343,0.6994120478630066,0.7159203290939331,0.9769411087036133,3.1906018257141113,2.8275487422943115,21.52947235107422,4.961681365966797,-0.3630531132221222,1.6318612098693848,0.4900366961956024,1.1956876516342163,1.0,0.7031430602073669,poincare,5,3,gaussian,gaussian,60000,0.3,0.3,"[0.0, 0.0, 0.0]","[0.8, 0.0, 0.0]",1,,,False,0.1728120744228363,0.1728120744228363,-0.07498399168252945,-0.07498399168252945,-0.07498397678136826
general__poi_d4_c10_s34,0.5837635397911072,0.6370009183883667,0.5837635397911072,30.0,0.0,0.2917722463607788,0.6588544249534607,0.0,1.0,0.6234132051467896,8.621343612670898,0.5159680247306824,1.453781247138977,1.0000001111620804e-06,2.448643044772325e-06,0.4180607199668884,0.14366230368614197,0.3436398208141327,0.48899999260902405,0.5139999985694885,0.4464184641838074,0.47373273968696594,0.9423424601554871,1.0237534046173096,1.0584670305252075,0.9672038555145264,26.10222053527832,51.2598762512207,11148.9404296875,82335.453125,25.157655715942383,9.343026161193848,655.9009399414062,41.91685104370117,1.0,1.0472649335861206,poincare,10,4,gaussian,gaussian,60000,0.3,0.3,"[0.0, 0.0, 0.0]","[0.8, 0.0, 0.0]",1,,,False,,,,,
general__poi_d4_c10_s42,0.590584933757782,0.4946475028991699,0.590584933757782,34.0,0.0,0.31273651123046875,0.6925795078277588,0.0,1.0,0.6236743330955505,10.29092025756836,0.5406495928764343,1.4322383403778076,1.0000001111620804e-06,2.4545984160795342e-06,0.4757205843925476,0.13891397416591644,0.2920074760913849,0.47333332896232605,0.5069999694824219,0.4515359699726105,0.4695782959461212,0.9615775346755981,1.027002215385437,1.0568268299102783,0.9717791080474854,29.487455368041992,45.905067443847656,13125.9384765625,49090.16015625,16.417612075805664,10.463861465454102,1018.1888427734375,35.44120788574219,1.0,1.0512135028839111,poincare,10,4,gaussian,gaussian,60000,0.3,0.3,"[0.0, 0.0, 0.0]","[0.8, 0.0, 0.0]",1,,,False,,,,,
general__poi_d4_c1_s34,0.14697520434856415,0.1426464021205902,0.14697520434856415,44.0,0.0,0.9538560509681702,0.41705209016799927,0.0,1.0,0.6220834255218506,1.618001937866211,0.17315033078193665,0.9319402575492859,1.0000001111620804e-06,1.7520479786981014e-06,0.3780486285686493,0.004994933493435383,0.013212409801781178,0.5164999961853027,0.5141666531562805,0.3778817653656006,0.3841206729412079,0.9837579727172852,0.8359702825546265,0.841924250125885,0.992928147315979,1.3738073110580444,1.376272439956665,0.09413885325193405,0.08766315877437592,0.0024651288986206055,1.2020723819732666,0.02436763420701027,0.17420005798339844,1.0,0.8365762829780579,poincare,1,4,gaussian,gaussian,60000,0.3,0.3,"[0.0, 0.0, 0.0]","[0.8, 0.0, 0.0]",1,,,False,0.14771519601345062,0.14771519601345062,0.9483911991119385,0.9483911991119385,0.9483911395072937
general__poi_d4_c1_s42,0.18429721891880035,0.19196686148643494,0.18429721891880035,32.0,0.0,1.0783451795578003,0.27465930581092834,0.0,1.0,0.5046443343162537,1.5493106842041016,0.14101818203926086,0.7921159863471985,1.0000001111620804e-06,2.109358092639013e-06,0.3989987373352051,0.01018601655960083,0.02552894502878189,0.4658333361148834,0.4741666615009308,0.4263137876987457,0.3813728392124176,1.1178399324417114,0.8801783919334412,0.8403618931770325,1.0473802089691162,1.4330263137817383,1.3696070909500122,0.34139183163642883,0.07948409765958786,-0.06341922283172607,1.2073365449905396,0.028132516890764236,0.16227054595947266,1.0,0.8624640107154846,poincare,1,4,gaussian,gaussian,60000,0.3,0.3,"[0.0, 0.0, 0.0]","[0.8, 0.0, 0.0]",1,,,False,0.1856091171503067,0.1856091171503067,1.0827265977859497,1.0827265977859497,1.0827265977859497
general__poi_d4_c2_s34,0.19895143806934357,0.1981572061777115,0.19895143806934357,38.0,0.0,0.9652304649353027,0.29746565222740173,0.0,1.0,0.5213866233825684,2.0333480834960938,0.159732386469841,0.8252790570259094,1.0000001111620804e-06,2.077300678138272e-06,0.3827681839466095,0.021337933838367462,0.05574636161327362,0.4805000126361847,0.4898333251476288,0.4302450716495514,0.4014466106891632,1.0717366933822632,0.9062301516532898,0.8783965706825256,1.031686782836914,2.067681074142456,1.935410499572754,3.631033420562744,0.8179948925971985,-0.13227057456970215,1.4580247402191162,0.1624501794576645,0.4773857295513153,1.0,0.8907368183135986,poincare,2,4,gaussian,gaussian,60000,0.3,0.3,"[0.0, 0.0, 0.0]","[0.8, 0.0, 0.0]",1,,,False,0.19858171045780182,0.19858171045780182,0.9957500100135803,0.9957500100135803,0.9957500100135803
general__poi_d4_c2_s42,0.15312013030052185,0.14629197120666504,0.15312013030052185,54.5,0.0,0.8333403468132019,0.40892472863197327,0.0,1.0,0.6132463216781616,2.0553412437438965,0.18076194822788239,0.9331413507461548,1.0000001111620804e-06,1.8033238120551687e-06,0.40836986899375916,0.015017294324934483,0.03677375614643097,0.48383334279060364,0.49300000071525574,0.4007469117641449,0.39843228459358215,1.0058093070983887,0.876255214214325,0.8767290115356445,0.9994595646858215,1.944677710533142,1.9121090173721313,1.0564475059509277,0.7305718660354614,-0.03256869316101074,1.4732518196105957,0.1921064704656601,0.43885716795921326,1.0,0.8784897327423096,poincare,2,4,gaussian,gaussian,60000,0.3,0.3,"[0.0, 0.0, 0.0]","[0.8, 0.0, 0.0]",1,,,False,0.1678108125925064,0.1678108125925064,0.839349627494812,0.839349627494812,0.8393495082855225
general__poi_d4_c3_s34,0.16450735926628113,0.16250616312026978,0.16450735926628113,67.0,0.0,0.7719141244888306,0.5086658596992493,0.0,1.0,0.6807419657707214,2.716679334640503,0.21245230734348297,1.0623022317886353,1.0000001111620804e-06,1.6203084669541568e-06,0.3918362259864807,0.02470739744603634,0.06305541843175888,0.5116666555404663,0.5145000219345093,0.3967110514640808,0.4159066677093506,0.9538464546203613,0.8900251984596252,0.9107013940811157,0.9772964119911194,2.675510883331299,2.7772955894470215,4.485586166381836,4.603699684143066,0.10178470611572266,1.7846171855926514,0.630617082118988,0.9926784038543701,1.0,0.897580087184906,poincare,3,4,gaussian,gaussian,60000,0.3,0.3,"[0.0, 0.0, 0.0]","[0.8, 0.0, 0.0]",1,,,False,0.16239085793495178,0.16239085793495178,0.7798230648040771,0.7798230648040771,0.7798230051994324
general__poi_d4_c3_s42,0.16391295194625854,0.1604120284318924,0.16391295194625854,57.0,0.0,0.750863254070282,0.4926711916923523,0.0,1.0,0.6682688593864441,2.758561134338379,0.21391919255256653,1.0446566343307495,1.0000001111620804e-06,1.6585975117777707e-06,0.4165242910385132,0.025231771171092987,0.06057694926857948,0.4803333282470703,0.4970000088214874,0.410567045211792,0.41267162561416626,0.9949001669883728,0.9030848145484924,0.9089831709861755,0.9935109615325928,2.7792415618896484,2.718439817428589,5.737422466278076,4.025214195251465,-0.06080174073576927,1.817239761352539,0.7667768001556396,0.9012000560760498,1.0,0.9081941843032837,poincare,3,4,gaussian,gaussian,60000,0.3,0.3,"[0.0, 0.0, 0.0]","[0.8, 0.0, 0.0]",1,,,False,0.1663965880870819,0.1663965880870819,0.7464922666549683,0.7464922666549683,0.7464922070503235
general__poi_d4_c5_s34,0.1983029544353485,0.19970759749412537,0.1983029544353485,50.5,0.0,0.9078284502029419,0.49231377243995667,0.0,1.0,0.6383803486824036,4.620517730712891,0.2905309796333313,1.1597222089767456,1.0000001111620804e-06,1.8414164060231997e-06,0.40772444009780884,0.060951873660087585,0.14949281513690948,0.47350001335144043,0.5753333568572998,0.41321277618408203,0.43850260972976685,0.9423268437385559,0.9136145710945129,0.9648348093032837,0.946912944316864,9.392006874084473,6.029381275177002,1873.7139892578125,95.15364837646484,-3.3626255989074707,2.7472176551818848,5.748995304107666,3.282163619995117,1.0,0.9374324679374695,poincare,5,4,gaussian,gaussian,60000,0.3,0.3,"[0.0, 0.0, 0.0]","[0.8, 0.0, 0.0]",1,,,False,0.2324432134628296,0.2324432134628296,0.9666620492935181,0.9666620492935181,0.9666620492935181
general__poi_d4_c5_s42,0.2749044895172119,0.25920137763023376,0.2749044895172119,32.0,0.0,0.6345368027687073,0.34738194942474365,0.0,1.0,0.5448460578918457,3.2257025241851807,0.22379019856452942,0.9254241585731506,1.0000001111620804e-06,2.1090254449518397e-06,0.4381951093673706,0.058131132274866104,0.1326603889465332,0.49033331871032715,0.5163333415985107,0.4335291385650635,0.4349195957183838,0.9968029260635376,0.956418514251709,0.9631076455116272,0.9930546283721924,5.022742748260498,5.76826286315918,47.01676940917969,77.29639434814453,0.7455201148986816,2.855393171310425,7.461996078491211,2.912869691848755,1.0,0.9648749828338623,poincare,5,4,gaussian,gaussian,60000,0.3,0.3,"[0.0, 0.0, 0.0]","[0.8, 0.0, 0.0]",1,,,False,,,,,
general__poi_d512_c10_s34,3.259552240371704,3.198392152786255,3.259552240371704,108.0,0.0,-138.92495727539062,1292.0596923828125,0.0,1.0,13.644705772399902,273.0102844238281,33.21453094482422,76.80667877197266,1.0000001111620804e-06,8.902290574042127e-06,3.6967811584472656,3.905785083770752,1.0565366744995117,0.0,0.0,3.8267173767089844,2.791005849838257,1.371088981628418,3.693244695663452,3.122070074081421,1.1829473972320557,inf,inf,,,,inf,,,1.0,3.6979689598083496,poincare,10,512,gaussian,gaussian,60000,0.3,0.3,"[0.0, 0.0, 0.0]","[0.8, 0.0, 0.0]",1,,,False,,,,,
general__poi_d512_c10_s42,3.3102450370788574,3.699355125427246,3.3102450370788574,112.5,0.0,-139.3240203857422,1267.328369140625,0.0,1.0,13.355178833007812,273.5335693359375,32.93367004394531,75.7431640625,1.0000001111620804e-06,1.3106659935147036e-05,3.696197986602783,3.9038519859313965,1.056180477142334,0.0,0.0,3.8248050212860107,2.7914681434631348,1.3701767921447754,3.6922414302825928,3.1223349571228027,1.1825257539749146,inf,inf,,,,inf,,,1.0,3.69726824760437,poincare,10,512,gaussian,gaussian,60000,0.3,0.3,"[0.0, 0.0, 0.0]","[0.8, 0.0, 0.0]",1,,,False,,,,,
general__poi_d512_c10_s50,3.2438220977783203,3.4207115173339844,3.2438220977783203,102.0,0.0,-140.23533630371094,1266.74609375,0.0,1.0,13.204022407531738,275.5697021484375,33.006553649902344,74.4332046508789,1.0000001111620804e-06,9.93886624200968e-06,3.6908371448516846,3.8935651779174805,1.0549273490905762,0.0,0.0,3.8093197345733643,2.7929270267486572,1.3639166355133057,3.6842005252838135,3.123206615447998,1.1796211004257202,inf,inf,,,,inf,,,1.0,3.692457437515259,poincare,10,512,gaussian,gaussian,60000,0.3,0.3,"[0.0, 0.0, 0.0]","[0.8, 0.0, 0.0]",1,,,False,,,,,
general__poi_d512_c1_s34,49.46035385131836,41.870689392089844,49.46035385131836,48.0,0.0,777.1509399414062,3125.680908203125,0.0,1.0,22.254234313964844,431.60980224609375,51.216678619384766,123.75934600830078,1.0000001111620804e-06,2.678389137145132e-06,11.68105697631836,3.862663507461548,0.3306775689125061,0.00016666666488163173,0.00016666666488163173,38.31148910522461,37.11299514770508,1.0322930812835693,11.684553146362305,11.48948860168457,1.0169777870178223,inf,inf,,,,inf,,,1.0,11.70370864868164,poincare,1,512,gaussian,gaussian,60000,0.3,0.3,"[0.0, 0.0, 0.0]","[0.8, 0.0, 0.0]",1,,,False,,,,,
general__poi_d512_c1_s42,49.50587463378906,48.600257873535156,49.50587463378906,46.0,0.0,770.88134765625,3118.28173828125,0.0,1.0,22.143823623657227,432.323486328125,51.15845489501953,122.65907287597656,1.0000001111620804e-06,2.6006161988334497e-06,11.684086799621582,3.8621177673339844,0.3305450975894928,0.0,0.0,38.30886459350586,37.1158332824707,1.032143473625183,11.684115409851074,11.48996639251709,1.0168973207473755,inf,inf,,,,inf,,,1.0,11.703228950500488,poincare,1,512,gaussian,gaussian,60000,0.3,0.3,"[0.0, 0.0, 0.0]","[0.8, 0.0, 0.0]",1,,,False,,,,,
general__poi_d512_c1_s50,50.18692398071289,50.630088806152344,50.18692398071289,45.0,0.0,954.4614868164062,3170.533935546875,0.0,1.0,21.59611701965332,440.4529724121094,51.962791442871094,121.29776000976562,1.0000001111620804e-06,3.7548459204117535e-06,11.66718864440918,3.8575267791748047,0.330630362033844,0.0,0.0,38.21595764160156,37.12461471557617,1.0293967723846436,11.668926239013672,11.491374969482422,1.0154507160186768,inf,inf,,,,inf,,,1.0,11.69488525390625,poincare,1,512,gaussian,gaussian,60000,0.3,0.3,"[0.0, 0.0, 0.0]","[0.8, 0.0, 0.0]",1,,,False,,,,,
general__poi_d512_c2_s34,22.531003952026367,18.80270767211914,22.531003952026367,65.0,0.0,83.4029769897461,2803.491455078125,0.0,1.0,20.67711067199707,401.3932189941406,48.66770935058594,115.8320541381836,1.0000001111620804e-06,3.5873306387657067e-06,8.265534400939941,3.8733959197998047,0.4686201512813568,0.0,0.0,19.15284538269043,17.884031295776367,1.0709468126296997,8.261252403259277,7.966554164886475,1.0369919538497925,inf,inf,,,,inf,,,1.0,8.273663520812988,poincare,2,512,gaussian,gaussian,60000,0.3,0.3,"[0.0, 0.0, 0.0]","[0.8, 0.0, 0.0]",1,,,False,,,,,
general__poi_d512_c2_s42,22.745912551879883,20.987192153930664,22.745912551879883,66.0,0.0,81.85513305664062,2753.7255859375,0.0,1.0,20.429624557495117,401.794677734375,48.212738037109375,113.53011322021484,1.0000001111620804e-06,3.449798668953008e-06,8.264850616455078,3.8723204135894775,0.46852871775627136,0.0,0.0,19.14670753479004,17.885780334472656,1.0704988241195679,8.25981330871582,7.966968536376953,1.0367573499679565,inf,inf,,,,inf,,,1.0,8.272665023803711,poincare,2,512,gaussian,gaussian,60000,0.3,0.3,"[0.0, 0.0, 0.0]","[0.8, 0.0, 0.0]",1,,,False,,,,,
general__poi_d512_c2_s50,22.762073516845703,20.413877487182617,22.762073516845703,63.0,0.0,83.97012329101562,2671.877685546875,0.0,1.0,20.13603401184082,400.8436279296875,47.5721549987793,110.94374084472656,1.0000001111620804e-06,3.2629054658173118e-06,8.264625549316406,3.8720967769622803,0.46851444244384766,0.0,0.0,19.14948844909668,17.891199111938477,1.070330023765564,8.260457038879395,7.968243598937988,1.0366722345352173,inf,inf,,,,inf,,,1.0,8.272883415222168,poincare,2,512,gaussian,gaussian,60000,0.3,0.3,"[0.0, 0.0, 0.0]","[0.8, 0.0, 0.0]",1,,,False,,,,,
general__poi_d512_c3_s34,13.90291976928711,12.744089126586914,13.90291976928711,58.0,0.0,-53.818092346191406,2458.1865234375,0.0,1.0,19.114879608154297,377.0763854980469,45.72169876098633,105.8697280883789,1.0000001111620804e-06,4.453509973245673e-06,6.749794960021973,3.8822989463806152,0.5751728415489197,0.0,0.0,12.771442413330078,11.510995864868164,1.1094993352890015,6.745988845825195,6.384403228759766,1.056635856628418,inf,inf,,,,inf,,,1.0,6.754983901977539,poincare,3,512,gaussian,gaussian,60000,0.3,0.3,"[0.0, 0.0, 0.0]","[0.8, 0.0, 0.0]",1,,,False,,,,,
general__poi_d512_c3_s42,14.05992603302002,15.505879402160645,14.05992603302002,62.5,0.0,-52.90742111206055,2287.82958984375,0.0,1.0,18.310585021972656,379.6586608886719,44.05583953857422,102.2532730102539,1.0000001111620804e-06,5.580244760494679e-06,6.7507781982421875,3.882450580596924,0.5751115679740906,0.0,0.0,12.777280807495117,11.512314796447754,1.1098793745040894,6.747631072998047,6.384791851043701,1.0568286180496216,inf,inf,,,,inf,,,1.0,6.755697727203369,poincare,3,512,gaussian,gaussian,60000,0.3,0.3,"[0.0, 0.0, 0.0]","[0.8, 0.0, 0.0]",1,,,False,,,,,
general__poi_d512_c3_s50,14.079910278320312,11.962661743164062,14.079910278320312,60.0,0.0,-53.521728515625,2325.428955078125,0.0,1.0,18.59929847717285,377.0284118652344,44.442413330078125,102.18191528320312,1.0000001111620804e-06,4.017548235424329e-06,6.749082088470459,3.8807642459869385,0.5750062465667725,0.0,0.0,12.768588066101074,11.516416549682617,1.1087292432785034,6.745172500610352,6.385971546173096,1.056248426437378,inf,inf,,,,inf,,,1.0,6.754269599914551,poincare,3,512,gaussian,gaussian,60000,0.3,0.3,"[0.0, 0.0, 0.0]","[0.8, 0.0, 0.0]",1,,,False,,,,,
general__poi_d512_c5_s34,7.585622310638428,6.885563850402832,7.585622310638428,119.0,0.0,-114.70735168457031,2008.4403076171875,0.0,1.0,17.108346939086914,337.76995849609375,41.3895378112793,95.65240478515625,1.0000001111620804e-06,5.775459158030571e-06,5.22926664352417,3.8936500549316406,0.7445881366729736,0.0,0.0,7.6606245040893555,6.465880870819092,1.1847766637802124,5.225558757781982,4.775534152984619,1.0942354202270508,inf,inf,,,,inf,,,1.0,5.232083797454834,poincare,5,512,gaussian,gaussian,60000,0.3,0.3,"[0.0, 0.0, 0.0]","[0.8, 0.0, 0.0]",1,,,False,,,,,
general__poi_d512_c5_s42,7.69096565246582,8.743803024291992,7.69096565246582,118.5,0.0,-114.99010467529297,1936.2908935546875,0.0,1.0,16.631662368774414,339.5736389160156,40.63779067993164,93.78418731689453,1.0000001111620804e-06,7.638499482709449e-06,5.2293195724487305,3.8928439617156982,0.7444264888763428,0.0,0.0,7.660464763641357,6.46674108505249,1.1845943927764893,5.22551965713501,4.775875091552734,1.094149112701416,inf,inf,,,,inf,,,1.0,5.231935977935791,poincare,5,512,gaussian,gaussian,60000,0.3,0.3,"[0.0, 0.0, 0.0]","[0.8, 0.0, 0.0]",1,,,False,,,,,
general__poi_d512_c5_s50,7.6122355461120605,6.848416328430176,7.6122355461120605,119.5,0.0,-114.51588439941406,1914.22802734375,0.0,1.0,16.687599182128906,337.39495849609375,40.400264739990234,92.2558364868164,1.0000001111620804e-06,5.247390618023928e-06,5.229039669036865,3.8924241065979004,0.7443859577178955,0.0,0.0,7.66069221496582,6.469507694244385,1.1841228008270264,5.225586891174316,4.776954650878906,1.0939159393310547,inf,inf,,,,inf,,,1.0,5.231871604919434,poincare,5,512,gaussian,gaussian,60000,0.3,0.3,"[0.0, 0.0, 0.0]","[0.8, 0.0, 0.0]",1,,,False,,,,,
general__poi_d64_c10_s34,26.479480743408203,26.36178207397461,26.479480743408203,122.5,0.0,-19.62957763671875,1337.2545166015625,0.0,1.0,14.398879051208496,262.43756103515625,33.580421447753906,80.26151275634766,1.0000001111620804e-06,1.2221382348798215e-05,3.5826406478881836,3.7047581672668457,1.0340858697891235,0.0,0.0,3.6269264221191406,2.798776626586914,1.295897126197815,3.5835182666778564,3.123853921890259,1.1471465826034546,inf,inf,,,,inf,,,1.0,3.638624429702759,poincare,10,64,gaussian,gaussian,60000,0.3,0.3,"[0.0, 0.0, 0.0]","[0.8, 0.0, 0.0]",1,,,False,,,,,
general__poi_d64_c10_s42,26.70315170288086,26.552656173706055,26.70315170288086,123.5,0.0,-20.645227432250977,1346.4588623046875,0.0,1.0,14.248784065246582,274.6838073730469,33.7322998046875,80.56378173828125,1.0000001111620804e-06,6.719547855027486e-06,3.4973723888397217,3.683136463165283,1.0531153678894043,0.0,0.0,3.583117723464966,2.798642158508301,1.2803057432174683,3.557976245880127,3.123744487762451,1.139009952545166,inf,inf,,,,inf,,,1.0,3.625197172164917,poincare,10,64,gaussian,gaussian,60000,0.3,0.3,"[0.0, 0.0, 0.0]","[0.8, 0.0, 0.0]",1,,,False,,,,,
general__poi_d64_c10_s50,26.597183227539062,20.906557083129883,26.597183227539062,123.0,0.0,-19.2110538482666,1228.7740478515625,0.0,1.0,13.911117553710938,257.8580627441406,32.13302993774414,76.737060546875,1.0000001111620804e-06,6.228066922631115e-06,3.610198497772217,3.718078136444092,1.0298819541931152,0.0,0.0,3.6517786979675293,2.7983078956604004,1.3049952983856201,3.597459077835083,3.123507499694824,1.151736855506897,inf,inf,,,,inf,,,1.0,3.6461451053619385,poincare,10,64,gaussian,gaussian,60000,0.3,0.3,"[0.0, 0.0, 0.0]","[0.8, 0.0, 0.0]",1,,,False,,,,,
general__poi_d64_c1_s34,0.3889281451702118,0.39497122168540955,0.3889281451702118,32.0,0.0,44.58545684814453,3.024125337600708,0.0,1.0,1.4960068464279175,6.78585147857666,0.8860039710998535,3.228317975997925,1.0000001111620804e-06,1.0881974503718084e-06,3.4155020713806152,1.1380681991577148,0.3332067131996155,0.25316667556762695,0.2163333296775818,6.453989505767822,5.730425834655762,1.1262669563293457,4.374468803405762,4.087059020996094,1.0703219175338745,inf,inf,,,,7.007406788838893e+32,inf,inf,1.0,4.264676094055176,poincare,1,64,gaussian,gaussian,60000,0.3,0.3,"[0.0, 0.0, 0.0]","[0.8, 0.0, 0.0]",1,,,False,,,,,
general__poi_d64_c1_s42,0.388725608587265,0.3791467547416687,0.388725608587265,35.0,0.0,44.783084869384766,2.8990819454193115,0.0,1.0,1.4818730354309082,6.536074161529541,0.837520182132721,3.1141550540924072,1.0000001111620804e-06,1.0588345276119071e-06,3.507505178451538,1.1358857154846191,0.3238443434238434,0.24416667222976685,0.2303333282470703,6.38274621963501,5.764585971832275,1.1072341203689575,4.34702205657959,4.100929260253906,1.0600090026855469,inf,inf,,,,2.070661606433864e+33,inf,inf,1.0,4.260876655578613,poincare,1,64,gaussian,gaussian,60000,0.3,0.3,"[0.0, 0.0, 0.0]","[0.8, 0.0, 0.0]",1,,,False,,,,,
general__poi_d64_c1_s50,0.3901260197162628,0.38002151250839233,0.3901260197162628,32.0,0.0,44.43745422363281,2.972318649291992,0.0,1.0,1.4865734577178955,6.832115650177002,0.8724866509437561,3.2008965015411377,1.0000001111620804e-06,1.060318254531012e-06,3.56270694732666,1.1381874084472656,0.31947261095046997,0.22699999809265137,0.22466666996479034,6.415093898773193,5.7593865394592285,1.1138502359390259,4.358685493469238,4.098299503326416,1.0635350942611694,inf,inf,,,,3.993647566042569e+32,inf,inf,1.0,4.261514186859131,poincare,1,64,gaussian,gaussian,60000,0.3,0.3,"[0.0, 0.0, 0.0]","[0.8, 0.0, 0.0]",1,,,False,,,,,
general__poi_d64_c2_s34,1.1245704889297485,1.0483402013778687,1.1245704889297485,38.0,0.0,25.759899139404297,16.250560760498047,0.0,1.0,2.684903383255005,29.776752471923828,3.002849817276001,8.958526611328125,1.0000001111620804e-06,3.106501480942825e-06,3.6506519317626953,1.7871716022491455,0.48954862356185913,0.2381666600704193,0.15449999272823334,6.49177885055542,5.730522155761719,1.1328424215316772,4.576970100402832,4.275820255279541,1.070430874824524,inf,inf,,,,inf,,,1.0,4.523237705230713,poincare,2,64,gaussian,gaussian,60000,0.3,0.3,"[0.0, 0.0, 0.0]","[0.8, 0.0, 0.0]",1,,,False,,,,,
general__poi_d64_c2_s42,1.1199798583984375,1.040992021560669,1.1199798583984375,38.0,0.0,22.29313087463379,15.86423397064209,0.0,1.0,2.6851918697357178,29.173538208007812,2.93623948097229,8.797167778015137,1.0000001111620804e-06,2.6463676476851106e-06,3.757835626602173,1.7886707782745361,0.4759843051433563,0.1993333399295807,0.14283333718776703,6.552927017211914,5.764705181121826,1.1367323398590088,4.599390506744385,4.289889812469482,1.0721465349197388,inf,inf,,,,inf,,,1.0,4.5410027503967285,poincare,2,64,gaussian,gaussian,60000,0.3,0.3,"[0.0, 0.0, 0.0]","[0.8, 0.0, 0.0]",1,,,False,,,,,
general__poi_d64_c2_s50,1.1254602670669556,1.0695087909698486,1.1254602670669556,36.5,0.0,18.279911041259766,16.034013748168945,0.0,1.0,2.7303104400634766,29.42707633972168,2.926184892654419,8.876860618591309,1.0000001111620804e-06,1.379254285893694e-06,3.756059169769287,1.7943326234817505,0.4777168035507202,0.2081666737794876,0.14733333885669708,6.503243446350098,5.759477138519287,1.1291378736495972,4.578773021697998,4.287175178527832,1.0680162906646729,inf,inf,,,,inf,,,1.0,4.530791282653809,poincare,2,64,gaussian,gaussian,60000,0.3,0.3,"[0.0, 0.0, 0.0]","[0.8, 0.0, 0.0]",1,,,False,,,,,
general__poi_d64_c3_s34,3.522510051727295,3.1274163722991943,3.522510051727295,50.0,0.0,7.170668601989746,72.48723602294922,0.0,1.0,4.547024250030518,89.94292449951172,7.178539752960205,19.003305435180664,1.0000001111620804e-06,3.34751462105487e-06,3.709278106689453,2.3310697078704834,0.6284430027008057,0.32633334398269653,0.14266666769981384,6.394326210021973,5.730567932128906,1.1158277988433838,4.620603561401367,4.365156650543213,1.0585194826126099,inf,inf,,,,inf,,,1.0,4.641144752502441,poincare,3,64,gaussian,gaussian,60000,0.3,0.3,"[0.0, 0.0, 0.0]","[0.8, 0.0, 0.0]",1,,,False,,,,,
general__poi_d64_c3_s42,3.4988996982574463,3.1131300926208496,3.4988996982574463,49.0,0.0,2.272219657897949,71.52108001708984,0.0,1.0,4.570135593414307,87.4058609008789,7.094376087188721,18.856828689575195,1.0000001111620804e-06,4.703892500401707e-06,3.836277961730957,2.3352670669555664,0.6087325215339661,0.2681666612625122,0.14100000262260437,6.4395976066589355,5.764762878417969,1.117061972618103,4.636342525482178,4.379255294799805,1.0587056875228882,inf,inf,,,,inf,,,1.0,4.656518936157227,poincare,3,64,gaussian,gaussian,60000,0.3,0.3,"[0.0, 0.0, 0.0]","[0.8, 0.0, 0.0]",1,,,False,,,,,
general__poi_d64_c3_s50,3.5331923961639404,3.3253014087677,3.5331923961639404,44.0,0.0,-1.2599323987960815,70.60126495361328,0.0,1.0,4.617881774902344,87.15373229980469,7.009350299835205,18.762788772583008,1.0000001111620804e-06,1.7156248759420123e-06,3.8799827098846436,2.348806858062744,0.6053652763366699,0.17599999904632568,0.13750000298023224,6.364837169647217,5.759521484375,1.1050982475280762,4.608087062835693,4.376523494720459,1.0529104471206665,inf,inf,,,,inf,,,1.0,4.6454315185546875,poincare,3,64,gaussian,gaussian,60000,0.3,0.3,"[0.0, 0.0, 0.0]","[0.8, 0.0, 0.0]",1,,,False,,,,,
general__poi_d64_c5_s34,24.195451736450195,22.040367126464844,24.195451736450195,107.5,0.0,-13.046932220458984,752.3567504882812,0.0,1.0,11.065473556518555,320.42010498046875,25.059226989746094,56.96471405029297,1.0000001111620804e-06,3.50601317222754e-06,3.740225315093994,3.207523822784424,0.8575750589370728,0.46399998664855957,0.14733333885669708,5.987632751464844,5.580386638641357,1.072978138923645,4.549350261688232,4.399403095245361,1.0340834856033325,inf,inf,,,,inf,,,1.0,4.688628673553467,poincare,5,64,gaussian,gaussian,60000,0.3,0.3,"[0.0, 0.0, 0.0]","[0.8, 0.0, 0.0]",1,,,False,,,,,
general__poi_d64_c5_s42,23.90778923034668,22.784549713134766,23.90778923034668,99.5,0.0,-15.271010398864746,730.5679321289062,0.0,1.0,11.112314224243164,287.6853332519531,24.51787567138672,56.29084777832031,1.0000001111620804e-06,4.204735887469724e-06,3.999485969543457,3.2306125164031982,0.8077570199966431,0.171833336353302,0.12566666305065155,6.002098083496094,5.60271692276001,1.0712834596633911,4.559170246124268,4.408831596374512,1.0340994596481323,inf,inf,,,,inf,,,1.0,4.7023725509643555,poincare,5,64,gaussian,gaussian,60000,0.3,0.3,"[0.0, 0.0, 0.0]","[0.8, 0.0, 0.0]",1,,,False,,,,,
general__poi_d64_c5_s50,24.053293228149414,21.620609283447266,24.053293228149414,100.5,0.0,-15.036331176757812,724.4616088867188,0.0,1.0,11.146352767944336,292.6587829589844,24.441904067993164,55.77774429321289,1.0000001111620804e-06,2.9388725124590565e-06,4.038244247436523,3.235072612762451,0.801108717918396,0.10883333534002304,0.12250000238418579,6.000954627990723,5.59169340133667,1.0731908082962036,4.560021877288818,4.403964042663574,1.0354357957839966,inf,inf,,,,inf,,,1.0,4.700284957885742,poincare,5,64,gaussian,gaussian,60000,0.3,0.3,"[0.0, 0.0, 0.0]","[0.8, 0.0, 0.0]",1,,,False,,,,,
general__poi_d8_c10_s34,1.1450872421264648,0.9191911220550537,1.1450872421264648,29.5,0.0,1.2744784355163574,1.3335447311401367,0.0,1.0,0.7657548785209656,15.309870719909668,0.8549094796180725,2.1447155475616455,1.0000001111620804e-06,2.6417553726787446e-06,0.8189223408699036,0.6105382442474365,0.745538592338562,0.4881666600704193,0.5366666316986084,0.8256651759147644,0.8751683235168457,0.9434358477592468,1.5235825777053833,1.5792529582977295,0.9647489190101624,6472891.0,17961402.0,3.87483359510528e+16,7.286886869248246e+17,11488511.0,548459.5,707293872128000.0,17412942.0,1.0,1.564141869544983,poincare,10,8,gaussian,gaussian,60000,0.3,0.3,"[0.0, 0.0, 0.0]","[0.8, 0.0, 0.0]",1,,,False,,,,,
general__poi_d8_c1_s34,0.1983499825000763,0.20243097841739655,0.1983499825000763,32.0,0.0,2.5710339546203613,0.29274439811706543,0.0,1.0,0.5179745554924011,1.736568808555603,0.15606684982776642,0.828259289264679,1.0000001111620804e-06,2.0807524379051756e-06,0.6830142140388489,0.05929867923259735,0.0868191048502922,0.492166668176651,0.5041666626930237,0.8004923462867737,0.7681376934051514,1.0421209335327148,1.2845721244812012,1.2602412700653076,1.0193065404891968,4.1070876121521,3.471966028213501,70.63316345214844,5.847395420074463,-0.6351215839385986,2.471827745437622,1.5853720903396606,1.000138282775879,1.0,1.274035930633545,poincare,1,8,gaussian,gaussian,60000,0.3,0.3,"[0.0, 0.0, 0.0]","[0.8, 0.0, 0.0]",1,,,False,0.1983109563589096,0.1983109563589096,2.5261614322662354,2.5261614322662354,2.5261614322662354
general__poi_d8_c2_s34,0.22884483635425568,0.22964027523994446,0.22884483635425568,20.0,0.0,2.189379930496216,0.29873335361480713,0.0,1.0,0.5341600775718689,1.4018135070800781,0.1156693622469902,0.7372098565101624,1.0000001111620804e-06,1.9579927084123483e-06,0.705357015132904,0.15384218096733093,0.21810540556907654,0.5015000104904175,0.4934999942779541,0.8062475323677063,0.7959977984428406,1.0128766298294067,1.341636300086975,1.3315922021865845,1.0075429677963257,13.328174591064453,14.95034122467041,687.1486206054688,950.31591796875,1.622166633605957,7.01274299621582,101.71843719482422,7.93759822845459,1.0,1.3391101360321045,poincare,2,8,gaussian,gaussian,60000,0.3,0.3,"[0.0, 0.0, 0.0]","[0.8, 0.0, 0.0]",1,,,False,,,,,
general__poi_d8_c3_s34,0.2634880542755127,0.26153838634490967,0.2634880542755127,26.0,0.0,2.036475658416748,0.3370540142059326,0.0,1.0,0.5531718134880066,2.103614330291748,0.1759762316942215,0.8680852651596069,1.0000001111620804e-06,1.9828373751806794e-06,0.7270695567131042,0.2375587373971939,0.3267345130443573,0.4950000047683716,0.4950000047683716,0.8215784430503845,0.8157368302345276,1.0071611404418945,1.393633246421814,1.387446403503418,1.004459023475647,60.26653289794922,76.84313201904297,70909.890625,141225.765625,16.576602935791016,22.86367416381836,6220.416015625,53.97945785522461,1.0,1.3945187330245972,poincare,3,8,gaussian,gaussian,60000,0.3,0.3,"[0.0, 0.0, 0.0]","[0.8, 0.0, 0.0]",1,,,False,,,,,
general__poi_d8_c5_s34,0.3694649636745453,0.3528168797492981,0.3694649636745453,26.0,0.0,1.78800630569458,0.4548139274120331,0.0,1.0,0.5960206985473633,4.164914608001709,0.31468382477760315,1.1610321998596191,1.0000001111620804e-06,2.103105771311675e-06,0.7616552114486694,0.3629382848739624,0.4765125811100006,0.4868333339691162,0.5038333535194397,0.8307051062583923,0.8419280648231506,0.9866698384284973,1.4567972421646118,1.4681090116500854,0.9922949075698853,1595.963623046875,2690.03857421875,402245152.0,1844363008.0,1094.074951171875,341.74639892578125,20581386.0,2348.292236328125,1.0,1.4694925546646118,poincare,5,8,gaussian,gaussian,60000,0.3,0.3,"[0.0, 0.0, 0.0]","[0.8, 0.0, 0.0]",1,,,False,,,,,
